timestamp_utc,J,power_W,real_power_W,Tmotor_degC,Tamb_filled,Tbatt_max_filled
2026-05-21 17:08:52,ELBOW,0.3968,0.08171186244400785,32.89,25.02,36.05
2026-05-21 17:08:52,J1,0.146,0.030219487308447937,39.86,25.02,36.05
2026-05-21 17:08:52,J2,1.8533,0.38985159509626716,38.64,25.02,36.05
2026-05-21 17:08:52,TWIST,0.2848,0.058825691787819254,33.7,25.02,36.05
2026-05-21 17:08:52,PITCH,0.0323,0.031142022789783893,38.14,25.02,36.05
2026-05-21 17:08:52,ROLL,0.0525,0.05010356581532417,35.37,25.02,36.05
2026-05-21 17:08:52,YAW,0.0937,0.09078149351669942,39.47,25.02,36.05
2026-05-21 17:08:56,YAW,0.0317,0.030718234184675834,39.52,25.02,36.05
2026-05-21 17:08:56,ROLL,0.0084,0.008017758742632611,35.41,25.02,36.05
2026-05-21 17:08:56,PITCH,0.0063,0.006075477406679765,38.2,25.02,36.05
2026-05-21 17:08:56,J1,0.0074,0.0015318401257367388,39.89,25.02,36.05
2026-05-21 17:08:56,J2,0.5831,0.12267168444793712,38.67,25.02,36.05
2026-05-21 17:08:56,ELBOW,0.0148,0.0030479486365422395,32.91,25.02,36.05
2026-05-21 17:08:56,TWIST,0.0026,0.0005370923693516701,33.73,25.02,36.05
2026-05-21 17:09:00,ROLL,0.0004,0.00038184047151277017,35.44,25.02,36.05
2026-05-21 17:09:00,YAW,0.0189,0.018318667190569744,39.58,25.02,36.05
2026-05-21 17:09:00,PITCH,0.0093,0.008969877406679764,38.24,25.02,36.05
2026-05-21 17:09:00,J1,0.0073,0.001511249728880157,39.91,25.02,36.05
2026-05-21 17:09:00,J2,1.0074,0.21195078497445974,38.69,25.02,36.05
2026-05-21 17:09:00,ELBOW,0.0408,0.008403395646365422,32.94,25.02,36.05
2026-05-21 17:09:00,TWIST,0.006,0.0012395363457760314,33.75,25.02,36.05
2026-05-21 17:09:04,ELBOW,0.0381,0.007848168848722987,32.97,25.02,36.05
2026-05-21 17:09:04,J1,0.0073,0.0015113598742632613,39.93,25.02,36.05
2026-05-21 17:09:04,J2,1.1116,0.23390806965815325,38.73,25.02,36.05
2026-05-21 17:09:04,TWIST,0.0142,0.0029337880707269158,33.77,25.02,36.05
2026-05-21 17:09:04,PITCH,0.0126,0.01215496502946955,38.29,25.02,36.05
2026-05-21 17:09:04,ROLL,0.0008,0.0007637941060903734,35.48,25.02,36.05
2026-05-21 17:09:04,YAW,0.0185,0.017934241650294693,39.63,25.02,36.05
2026-05-21 17:09:08,ROLL,0.001,0.0009548487229862476,35.51,25.02,36.05
2026-05-21 17:09:08,YAW,0.0193,0.018713188998035365,39.68,25.02,36.05
2026-05-21 17:09:08,TWIST,0.0166,0.003430023104125737,33.8,25.02,36.05
2026-05-21 17:09:08,PITCH,0.0101,0.009744694302554025,38.33,25.02,36.05
2026-05-21 17:09:08,J1,0.0029,0.0006004469941060903,39.95,25.02,36.05
2026-05-21 17:09:08,ELBOW,0.051,0.0105062084086444,32.99,25.02,36.05
2026-05-21 17:09:08,J2,1.1442,0.24079434983104125,38.76,25.02,36.05
2026-05-21 17:09:12,ELBOW,0.0424,0.00873522634184676,33.01,25.02,36.05
2026-05-21 17:09:12,J1,0.0051,0.0010560354577603146,39.97,25.02,36.05
2026-05-21 17:09:12,J2,1.128,0.23741115724950884,38.79,25.02,36.05
2026-05-21 17:09:12,TWIST,0.0189,0.003905412825147348,33.81,25.02,36.05
2026-05-21 17:09:12,PITCH,0.0141,0.013605973673870333,38.37,25.02,36.05
2026-05-21 17:09:12,ROLL,0.0011,0.0010504113948919449,35.53,25.02,36.05
2026-05-21 17:09:12,YAW,0.0183,0.017746182318271124,39.72,25.02,36.05
2026-05-21 17:09:16,YAW,0.0201,0.019495973280943026,39.78,25.02,36.05
2026-05-21 17:09:16,PITCH,0.0133,0.012836355206286839,38.42,25.02,36.05
2026-05-21 17:09:16,TWIST,0.0142,0.0029344442278978395,33.83,25.02,36.05
2026-05-21 17:09:16,ROLL,0.0011,0.0010505669941060904,35.57,25.02,36.05
2026-05-21 17:09:16,J1,0.0038,0.0007869072848722987,39.99,25.02,36.05
2026-05-21 17:09:16,ELBOW,0.0407,0.008385620102161099,33.03,25.02,36.05
2026-05-21 17:09:16,J2,1.1423,0.2404472827347741,38.82,25.02,36.05
2026-05-21 17:09:20,YAW,0.0191,0.018529401571709233,39.83,25.02,36.05
2026-05-21 17:09:20,PITCH,0.0121,0.011679899410609037,38.46,25.02,36.05
2026-05-21 17:09:20,TWIST,0.0163,0.0033686623968565816,33.85,25.02,36.05
2026-05-21 17:09:20,ROLL,0.0013,0.001241763064833006,35.61,25.02,36.05
2026-05-21 17:09:20,J1,0.0029,0.0006005782632612966,40.01,25.02,36.05
2026-05-21 17:09:20,ELBOW,0.044,0.009066551827111984,33.06,25.02,36.05
2026-05-21 17:09:20,J2,1.1379,0.23953863597642439,38.84,25.02,36.05
2026-05-21 17:09:24,ROLL,0.0006,0.000573185068762279,35.64,25.02,36.05
2026-05-21 17:09:24,ELBOW,0.0384,0.007913218514734774,33.08,25.02,36.05
2026-05-21 17:09:24,J1,0.0057,0.0011805329351669942,40.03,25.02,36.05
2026-05-21 17:09:24,J2,1.12,0.2357963944990177,38.87,25.02,36.05
2026-05-21 17:09:24,TWIST,0.0153,0.0031622316542239686,33.87,25.02,36.05
2026-05-21 17:09:24,PITCH,0.0121,0.011682038899803536,38.51,25.02,36.05
2026-05-21 17:09:24,YAW,0.0192,0.018629809037328093,39.88,25.02,36.05
2026-05-21 17:09:28,ROLL,0.0012,0.0011464974459724953,35.67,25.02,36.05
2026-05-21 17:09:28,YAW,0.0192,0.018633203929273083,39.93,25.02,36.05
2026-05-21 17:09:28,TWIST,0.0184,0.0038032286679764243,33.89,25.02,36.05
2026-05-21 17:09:28,PITCH,0.0128,0.012359669941060905,38.55,25.02,36.05
2026-05-21 17:09:28,J2,1.0948,0.2305078385540275,38.89,25.02,36.05
2026-05-21 17:09:28,J1,0.0035,0.0007249150491159136,40.04,25.02,36.05
2026-05-21 17:09:28,ELBOW,0.0451,0.009294604950884088,33.1,25.02,36.05
2026-05-21 17:09:32,ROLL,0.0009,0.0008599367387033399,35.69,25.02,36.05
2026-05-21 17:09:32,PITCH,0.0105,0.010139905697445972,38.58,25.02,36.05
2026-05-21 17:09:32,TWIST,0.0183,0.0037826998821218075,33.9,25.02,36.05
2026-05-21 17:09:32,YAW,0.0189,0.018344733595284875,39.97,25.02,36.05
2026-05-21 17:09:32,J1,0.0073,0.0015120758192534382,40.06,25.02,36.05
2026-05-21 17:09:32,ELBOW,0.0429,0.008841870365422397,33.12,25.02,36.05
2026-05-21 17:09:32,J2,1.1299,0.23791547333595284,38.91,25.02,36.05
2026-05-21 17:09:36,ELBOW,0.0448,0.009234158396856582,33.14,25.02,36.05
2026-05-21 17:09:36,J1,0.0023,0.00047644215324165026,40.08,25.02,36.05
2026-05-21 17:09:36,J2,1.1201,0.235869205611002,38.93,25.02,36.05
2026-05-21 17:09:36,TWIST,0.0166,0.003431557218074657,33.92,25.02,36.05
2026-05-21 17:09:36,PITCH,0.0119,0.011493997249508841,38.63,25.02,36.05
2026-05-21 17:09:36,ROLL,0.0009,0.000860064047151277,35.73,25.02,36.05
2026-05-21 17:09:36,YAW,0.0188,0.0182516605108055,40.03,25.02,36.05
2026-05-21 17:09:40,ROLL,0.0009,0.0008601595284872298,35.76,25.02,36.05
2026-05-21 17:09:40,YAW,0.0196,0.01903179253438114,40.08,25.02,36.05
2026-05-21 17:09:40,PITCH,0.0118,0.01139907819253438,38.67,25.02,36.05
2026-05-21 17:09:40,ELBOW,0.0412,0.008492762404715129,33.16,25.02,36.05
2026-05-21 17:09:40,J2,1.1178,0.23541070038506876,38.96,25.02,36.05
2026-05-21 17:09:40,J1,0.0088,0.0018229754970530455,40.09,25.02,36.05
2026-05-21 17:09:40,TWIST,0.0199,0.004113887512770138,33.93,25.02,36.05
2026-05-21 17:09:44,ELBOW,0.0419,0.008638024974459724,33.19,25.02,36.05
2026-05-21 17:09:44,J1,0.0069,0.0014294826247544207,40.11,25.02,36.05
2026-05-21 17:09:44,J2,1.1284,0.2376604600078586,38.98,25.02,36.05
2026-05-21 17:09:44,TWIST,0.0154,0.0031838486444007857,33.95,25.02,36.05
2026-05-21 17:09:44,PITCH,0.0133,0.012849994891944988,38.71,25.02,36.05
2026-05-21 17:09:44,ROLL,0.0012,0.0011470066797642437,35.79,25.02,36.05
2026-05-21 17:09:44,YAW,0.0185,0.017966952848722986,40.13,25.02,36.05
2026-05-21 17:09:48,PITCH,0.0117,0.011305785854616897,38.75,25.02,36.05
2026-05-21 17:09:48,YAW,0.0184,0.017873087622789788,40.18,25.02,36.05
2026-05-21 17:09:48,ROLL,0.0009,0.0008603504911591356,35.82,25.02,36.05
2026-05-21 17:09:48,TWIST,0.019,0.003928271277013752,33.96,25.02,36.05
2026-05-21 17:09:48,J1,0.003,0.0006215368172888016,40.12,25.02,36.05
2026-05-21 17:09:48,ELBOW,0.0457,0.009422129713163065,33.21,25.02,36.05
2026-05-21 17:09:48,J2,1.1279,0.23757252416502947,39.0,25.02,36.05
2026-05-21 17:09:52,ELBOW,0.0452,0.00931973915913556,33.23,25.02,36.05
2026-05-21 17:09:52,J1,0.0099,0.0020512208722986247,40.14,25.02,36.05
2026-05-21 17:09:52,J2,1.1578,0.24387935594499013,39.01,25.02,36.05
2026-05-21 17:09:52,TWIST,0.0162,0.003349617666011788,33.98,25.02,36.05
2026-05-21 17:09:52,PITCH,0.013,0.012563823182711199,38.79,25.02,36.05
2026-05-21 17:09:52,ROLL,0.0007,0.0006692357563850688,35.85,25.02,36.05
2026-05-21 17:09:52,YAW,0.0206,0.02001372966601179,40.23,25.02,36.05
2026-05-21 17:09:56,ROLL,0.0005,0.00047807858546168965,35.88,25.02,36.05
2026-05-21 17:09:56,YAW,0.0208,0.02021097996070727,40.27,25.02,36.05
2026-05-21 17:09:56,PITCH,0.0126,0.012179026326129667,38.83,25.02,36.05
2026-05-21 17:09:56,TWIST,0.0175,0.0036186836935166995,34.0,25.02,36.05
2026-05-21 17:09:56,J2,1.1258,0.237156206302554,39.03,25.02,36.05
2026-05-21 17:09:56,J1,0.0053,0.001098168330058939,40.15,25.02,36.05
2026-05-21 17:09:56,ELBOW,0.0448,0.009237953634577602,33.25,25.02,36.05
2026-05-21 17:10:00,ELBOW,0.0498,0.010269358774066798,33.26,25.02,36.05
2026-05-21 17:10:00,J1,0.0042,0.0008703099724950884,40.17,25.02,36.05
2026-05-21 17:10:00,J2,1.1339,0.23887125020039293,39.04,25.02,36.05
2026-05-21 17:10:00,TWIST,0.0172,0.00355678157956778,34.01,25.02,36.05
2026-05-21 17:10:00,PITCH,0.012,0.01160077013752456,38.87,25.02,36.05
2026-05-21 17:10:00,ROLL,0.0011,0.001051889587426326,35.91,25.02,36.05
2026-05-21 17:10:00,YAW,0.0206,0.020020286051080548,40.32,25.02,36.05
2026-05-21 17:10:04,PITCH,0.0114,0.0110223442043222,38.91,25.02,36.05
2026-05-21 17:10:04,TWIST,0.0176,0.003639768518664047,34.03,25.02,36.05
2026-05-21 17:10:04,ROLL,0.0007,0.0006694585461689587,35.94,25.02,36.05
2026-05-21 17:10:04,J1,0.0048,0.0009947123929273083,40.19,25.02,36.05
2026-05-21 17:10:04,ELBOW,0.0423,0.008723745901768174,33.29,25.02,36.05
2026-05-21 17:10:04,J2,1.1278,0.2376035745697446,39.06,25.02,36.05
2026-05-21 17:10:04,YAW,0.0178,0.017302229469548135,40.37,25.02,36.05
2026-05-21 17:10:08,ROLL,0.0005,0.00047823772102161113,35.97,25.02,36.05
2026-05-21 17:10:08,YAW,0.0188,0.018277588998035367,40.42,25.02,36.05
2026-05-21 17:10:08,PITCH,0.0131,0.012667880157170923,38.95,25.02,36.05
2026-05-21 17:10:08,J1,0.0037,0.0007667853831041258,40.2,25.02,36.05
2026-05-21 17:10:08,J2,1.1419,0.2405917343497053,39.08,25.02,36.05
2026-05-21 17:10:08,TWIST,0.0199,0.004115573343811395,34.04,25.02,36.05
2026-05-21 17:10:08,ELBOW,0.0366,0.007548769414538311,33.31,25.02,36.05
2026-05-21 17:10:12,ELBOW,0.0419,0.008642542601178782,33.33,25.02,36.05
2026-05-21 17:10:12,J1,0.0077,0.0015958006444007859,40.21,25.02,36.05
2026-05-21 17:10:12,J2,1.1197,0.23592294580746564,39.09,25.02,36.05
2026-05-21 17:10:12,TWIST,0.0217,0.004488003379174853,34.05,25.02,36.05
2026-05-21 17:10:12,PITCH,0.013,0.012573017681728882,38.99,25.02,36.05
2026-05-21 17:10:12,ROLL,0.0007,0.0006696070726915521,36.0,25.02,36.05
2026-05-21 17:10:12,YAW,0.0222,0.02158625068762279,40.46,25.02,36.05
2026-05-21 17:10:16,YAW,0.0202,0.01964511512770137,40.51,25.02,36.05
2026-05-21 17:10:16,ROLL,0.0005,0.0004783261296660118,36.02,25.02,36.05
2026-05-21 17:10:16,PITCH,0.0113,0.010930452259332023,39.03,25.02,36.05
2026-05-21 17:10:16,TWIST,0.0154,0.003185271858546169,34.07,25.02,36.05
2026-05-21 17:10:16,J2,1.1769,0.2479932234341847,39.11,25.02,36.05
2026-05-21 17:10:16,J1,0.0045,0.0009326786640471513,40.23,25.02,36.05
2026-05-21 17:10:16,ELBOW,0.0463,0.009550825854616899,33.35,25.02,36.05
2026-05-21 17:10:20,ELBOW,0.0401,0.00827249922200393,33.37,25.02,36.05
2026-05-21 17:10:20,J1,0.0073,0.0015130671277013754,40.24,25.02,36.05
2026-05-21 17:10:20,J2,1.1423,0.24071120116306488,39.12,25.02,36.05
2026-05-21 17:10:20,TWIST,0.0205,0.004240292495088409,34.08,25.02,36.05
2026-05-21 17:10:20,PITCH,0.0121,0.011706001178781926,39.07,25.02,36.05
2026-05-21 17:10:20,ROLL,0.0012,0.0011481100196463654,36.05,25.02,36.05
2026-05-21 17:10:20,YAW,0.0182,0.017703915913555995,40.57,25.02,36.05
2026-05-21 17:10:24,ROLL,0.0006,0.0005741186640471512,36.08,25.02,36.05
2026-05-21 17:10:24,PITCH,0.0126,0.012191502554027508,39.11,25.02,36.05
2026-05-21 17:10:24,TWIST,0.0154,0.003185627662082515,34.1,25.02,36.05
2026-05-21 17:10:24,YAW,0.0201,0.019554970137524563,40.61,25.02,36.05
2026-05-21 17:10:24,J1,0.0015,0.000310926836935167,40.26,25.02,36.05
2026-05-21 17:10:24,ELBOW,0.0427,0.008809528440078585,33.39,25.02,36.05
2026-05-21 17:10:24,J2,1.136,0.2394011310019646,39.14,25.02,36.05
2026-05-21 17:10:28,ELBOW,0.0468,0.009655768644400785,33.4,25.02,36.05
2026-05-21 17:10:28,J1,0.0139,0.0028813602200392923,40.27,25.02,36.05
2026-05-21 17:10:28,J2,1.1446,0.24122231371316308,39.15,25.02,36.05
2026-05-21 17:10:28,TWIST,0.018,0.00372359952848723,34.11,25.02,36.05
2026-05-21 17:10:28,PITCH,0.0119,0.011515880157170923,39.15,25.02,36.05
2026-05-21 17:10:28,ROLL,0.0008,0.0007655764243614932,36.11,25.02,36.05
2026-05-21 17:10:28,YAW,0.0203,0.019753136345776027,40.66,25.02,36.05
2026-05-21 17:10:32,ROLL,0.0011,0.0010527842829076621,36.14,25.02,36.05
2026-05-21 17:10:32,PITCH,0.0121,0.011711135952848723,39.19,25.02,36.05
2026-05-21 17:10:32,TWIST,0.0158,0.003268736282907662,34.13,25.02,36.05
2026-05-21 17:10:32,YAW,0.0175,0.017031660117878194,40.71,25.02,36.05
2026-05-21 17:10:32,J1,0.0059,0.001223067913555992,40.28,25.02,36.05
2026-05-21 17:10:32,ELBOW,0.049,0.010110804400785855,33.43,25.02,36.05
2026-05-21 17:10:32,J2,1.1484,0.24204084513948923,39.17,25.02,36.05
2026-05-21 17:10:36,ROLL,0.0009,0.0008614326129666011,36.16,25.02,36.05
2026-05-21 17:10:36,PITCH,0.0117,0.01132564597249509,39.23,25.02,36.05
2026-05-21 17:10:36,TWIST,0.0193,0.003992972070726916,34.14,25.02,36.05
2026-05-21 17:10:36,YAW,0.0218,0.021220436935166995,40.76,25.02,36.05
2026-05-21 17:10:36,J1,0.0093,0.0019280270333988212,40.3,25.02,36.05
2026-05-21 17:10:36,ELBOW,0.0465,0.009595305147347742,33.44,25.02,36.05
2026-05-21 17:10:36,J2,1.1423,0.24076398484872302,39.18,25.02,36.05
2026-05-21 17:10:40,ELBOW,0.0479,0.009884933846758348,33.46,25.02,36.05
2026-05-21 17:10:40,J1,0.0036,0.0007463602043222005,40.31,25.02,36.05
2026-05-21 17:10:40,J2,1.1381,0.23989627552062867,39.2,25.02,36.05
2026-05-21 17:10:40,TWIST,0.0171,0.003538078019646365,34.16,25.02,36.05
2026-05-21 17:10:40,PITCH,0.0118,0.01142369823182711,39.26,25.02,36.05
2026-05-21 17:10:40,ROLL,0.0006,0.0005743732809430256,36.2,25.02,36.05
2026-05-21 17:10:40,YAW,0.0216,0.02103033713163065,40.82,25.02,36.05
2026-05-21 17:10:44,PITCH,0.0104,0.010069447544204323,39.29,24.9,35.94
2026-05-21 17:10:44,ROLL,0.0008,0.000765887622789784,36.22,24.9,35.94
2026-05-21 17:10:44,TWIST,0.018,0.0037244312770137525,34.17,24.9,35.94
2026-05-21 17:10:44,YAW,0.019,0.0185015952848723,40.86,24.9,35.94
2026-05-21 17:10:44,J1,0.0085,0.0017623676227897839,40.33,24.9,35.94
2026-05-21 17:10:44,J2,1.1608,0.2446900720157171,39.21,24.9,35.94
2026-05-21 17:10:44,ELBOW,0.0418,0.008626744770137525,33.48,24.9,35.94
2026-05-21 17:10:48,ELBOW,0.0523,0.010794555599214146,33.5,24.9,35.94
2026-05-21 17:10:48,J1,0.0067,0.0013892109076620827,40.34,24.9,35.94
2026-05-21 17:10:48,J2,1.122,0.23651989249508845,39.22,24.9,35.94
2026-05-21 17:10:48,TWIST,0.015,0.0031038082514734775,34.18,24.9,35.94
2026-05-21 17:10:48,PITCH,0.013,0.01258864833005894,39.33,24.9,35.94
2026-05-21 17:10:48,ROLL,0.001,0.0009574656188605109,36.25,24.9,35.94
2026-05-21 17:10:48,YAW,0.0188,0.018310165815324166,40.91,24.9,35.94
2026-05-21 17:10:52,YAW,0.0198,0.019287611787819257,40.96,24.9,35.94
2026-05-21 17:10:52,ROLL,0.0005,0.0004787681728880157,36.27,24.9,35.94
2026-05-21 17:10:52,PITCH,0.0108,0.010459789390962673,39.37,24.9,35.94
2026-05-21 17:10:52,ELBOW,0.0467,0.0096394525108055,33.52,24.9,35.94
2026-05-21 17:10:52,J2,1.1361,0.23950095083693523,39.23,24.9,35.94
2026-05-21 17:10:52,J1,0.0033,0.0006842631041257368,40.35,24.9,35.94
2026-05-21 17:10:52,TWIST,0.0188,0.003890395913555992,34.2,24.9,35.94
2026-05-21 17:10:56,YAW,0.0196,0.01909625304518664,41.01,24.9,35.94
2026-05-21 17:10:56,ROLL,0.001,0.0009576424361493125,36.3,24.9,35.94
2026-05-21 17:10:56,PITCH,0.0119,0.011526821611001964,39.41,24.9,35.94
2026-05-21 17:10:56,ELBOW,0.0414,0.008545786373280942,33.53,24.9,35.94
2026-05-21 17:10:56,J2,1.1181,0.23572359724950886,39.25,24.9,35.94
2026-05-21 17:10:56,J1,0.0078,0.0016174668447937132,40.37,24.9,35.94
2026-05-21 17:10:56,TWIST,0.0133,0.0027523506011787814,34.21,24.9,35.94
2026-05-21 17:11:00,ELBOW,0.0471,0.009723105618860512,33.55,24.9,35.94
2026-05-21 17:11:00,J1,0.0051,0.0010576129508840866,40.38,24.9,35.94
2026-05-21 17:11:00,J2,1.1303,0.23830436891159137,39.26,24.9,35.94
2026-05-21 17:11:00,TWIST,0.0152,0.0031456606051080555,34.22,24.9,35.94
2026-05-21 17:11:00,PITCH,0.0124,0.01201289587426326,39.45,24.9,35.94
2026-05-21 17:11:00,ROLL,0.0007,0.0006704239685658153,36.33,24.9,35.94
2026-05-21 17:11:00,YAW,0.024,0.02338741060903733,41.06,24.9,35.94
2026-05-21 17:11:04,PITCH,0.012,0.01162665618860511,39.48,24.9,35.94
2026-05-21 17:11:04,ROLL,0.0011,0.001053640078585462,36.36,24.9,35.94
2026-05-21 17:11:04,YAW,0.0186,0.018127874263261297,41.1,24.9,35.94
2026-05-21 17:11:04,TWIST,0.0152,0.003145777666011788,34.23,24.9,35.94
2026-05-21 17:11:04,J1,0.0018,0.00037328873870333987,40.39,24.9,35.94
2026-05-21 17:11:04,ELBOW,0.0465,0.009599960628683693,33.57,24.9,35.94
2026-05-21 17:11:04,J2,1.1362,0.23955703302161102,39.27,24.9,35.94
2026-05-21 17:11:08,ELBOW,0.042,0.008671579096267193,33.59,24.9,35.94
2026-05-21 17:11:08,J1,0.004,0.0008295607072691552,40.4,24.9,35.94
2026-05-21 17:11:08,J2,1.1566,0.24387599506483304,39.29,24.9,35.94
2026-05-21 17:11:08,TWIST,0.0175,0.0036220530451866405,34.25,24.9,35.94
2026-05-21 17:11:08,PITCH,0.0137,0.01327570373280943,39.52,24.9,35.94
2026-05-21 17:11:08,ROLL,0.001,0.0009579253438113949,36.38,24.9,35.94
2026-05-21 17:11:08,YAW,0.0189,0.018423601178781925,41.15,24.9,35.94
2026-05-21 17:11:12,ROLL,0.0007,0.0006706220039292731,36.41,24.9,35.94
2026-05-21 17:11:12,PITCH,0.0114,0.01104895166994106,39.57,24.9,35.94
2026-05-21 17:11:12,TWIST,0.018,0.003725678899803536,34.26,24.9,35.94
2026-05-21 17:11:12,YAW,0.0203,0.019792619646365417,41.21,24.9,35.94
2026-05-21 17:11:12,J1,0.0052,0.0010785073791748526,40.42,24.9,35.94
2026-05-21 17:11:12,ELBOW,0.0501,0.010344726742632612,33.61,24.9,35.94
2026-05-21 17:11:12,J2,1.1426,0.24093281131630653,39.3,24.9,35.94
2026-05-21 17:11:16,ROLL,0.0006,0.0005748825147347741,36.44,24.9,35.94
2026-05-21 17:11:16,PITCH,0.0101,0.009790055009823183,39.6,24.9,35.94
2026-05-21 17:11:16,TWIST,0.0162,0.003353235772102161,34.27,24.9,35.94
2026-05-21 17:11:16,YAW,0.0189,0.018429616502946958,41.24,24.9,35.94
2026-05-21 17:11:16,J1,0.0039,0.000808909956777996,40.43,24.9,35.94
2026-05-21 17:11:16,ELBOW,0.043,0.008879038742632612,33.62,24.9,35.94
2026-05-21 17:11:16,J2,1.1198,0.236133744,39.31,24.9,35.94
2026-05-21 17:11:20,ELBOW,0.0431,0.008900351528487229,33.64,24.9,35.94
2026-05-21 17:11:20,J1,0.004,0.0008296814145383104,40.44,24.9,35.94
2026-05-21 17:11:20,J2,1.1278,0.23782940045579565,39.32,24.9,35.94
2026-05-21 17:11:20,TWIST,0.019,0.003933100039292731,34.29,24.9,35.94
2026-05-21 17:11:20,PITCH,0.0106,0.010276210609037328,39.64,24.9,35.94
2026-05-21 17:11:20,ROLL,0.0005,0.00047912180746561894,36.47,24.9,35.94
2026-05-21 17:11:20,YAW,0.0208,0.020286007072691552,41.29,24.9,35.94
2026-05-21 17:11:24,ROLL,0.0008,0.0007666514734774068,36.49,24.9,35.94
2026-05-21 17:11:24,YAW,0.0208,0.020289684872298628,41.34,24.9,35.94
2026-05-21 17:11:24,PITCH,0.0114,0.011053386247544206,39.68,24.9,35.94
2026-05-21 17:11:24,J1,0.0074,0.0015350222711198428,40.46,24.9,35.94
2026-05-21 17:11:24,J2,1.1299,0.23828965004322203,39.34,24.9,35.94
2026-05-21 17:11:24,ELBOW,0.0443,0.009148839481335953,33.66,24.9,35.94
2026-05-21 17:11:24,TWIST,0.0167,0.0034571165422396855,34.3,24.9,35.94
2026-05-21 17:11:28,ELBOW,0.045,0.009294096660117877,33.68,24.9,35.94
2026-05-21 17:11:28,J1,0.0053,0.0010994478271119845,40.47,24.9,35.94
2026-05-21 17:11:28,J2,1.1688,0.24650244589390968,39.35,24.9,35.94
2026-05-21 17:11:28,TWIST,0.0175,0.0036228616895874264,34.31,24.9,35.94
2026-05-21 17:11:28,PITCH,0.012,0.011637265225933204,39.73,24.9,35.94
2026-05-21 17:11:28,ROLL,0.0011,0.0010542624754420432,36.52,24.9,35.94
2026-05-21 17:11:28,YAW,0.0176,0.017170684479371316,41.38,24.9,35.94
2026-05-21 17:11:32,YAW,0.0189,0.018441647151277017,41.42,24.9,35.94
2026-05-21 17:11:32,ROLL,0.0012,0.0011502318271119842,36.55,24.9,35.94
2026-05-21 17:11:32,PITCH,0.0131,0.012705404322200393,39.76,24.9,35.94
2026-05-21 17:11:32,J1,0.0025,0.000518626326129666,40.48,24.9,35.94
2026-05-21 17:11:32,J2,1.1226,0.23676741161493126,39.36,24.9,35.94
2026-05-21 17:11:32,ELBOW,0.0419,0.008654482043222002,33.7,24.9,35.94
2026-05-21 17:11:32,TWIST,0.0166,0.0034367987740667977,34.33,24.9,35.94
2026-05-21 17:11:36,ROLL,0.0003,0.00028757917485265226,36.57,24.9,35.94
2026-05-21 17:11:36,YAW,0.0202,0.01971369194499018,41.47,24.9,35.94
2026-05-21 17:11:36,PITCH,0.0124,0.01202780510805501,39.79,24.9,35.94
2026-05-21 17:11:36,J1,0.0041,0.0008505781060903733,40.49,24.9,35.94
2026-05-21 17:11:36,J2,1.1238,0.2370378130609037,39.38,24.9,35.94
2026-05-21 17:11:36,ELBOW,0.0401,0.008282999277013751,33.71,24.9,35.94
2026-05-21 17:11:36,TWIST,0.017,0.003519744125736739,34.34,24.9,35.94
2026-05-21 17:11:40,ELBOW,0.0424,0.008758737100196465,33.73,24.9,35.94
2026-05-21 17:11:40,J1,0.0047,0.0009750884086444009,40.5,24.9,35.94
2026-05-21 17:11:40,J2,1.1444,0.241391686978389,39.39,24.9,35.94
2026-05-21 17:11:40,TWIST,0.0206,0.004265260353634578,34.35,24.9,35.94
2026-05-21 17:11:40,PITCH,0.0116,0.011253458546168958,39.83,24.9,35.94
2026-05-21 17:11:40,ROLL,0.0005,0.000479351669941061,36.6,24.9,35.94
2026-05-21 17:11:40,YAW,0.0191,0.01864287583497053,41.51,24.9,35.94
2026-05-21 17:11:44,ROLL,0.0008,0.000767019253438114,36.62,24.93,35.84
2026-05-21 17:11:44,YAW,0.0184,0.017962882514734775,41.56,24.93,35.84
2026-05-21 17:11:44,PITCH,0.0124,0.012031313163064833,39.87,24.93,35.84
2026-05-21 17:11:44,J1,0.0044,0.0009129151119842829,40.52,24.93,35.84
2026-05-21 17:11:44,J2,1.1387,0.24019813862475442,39.4,24.93,35.84
2026-05-21 17:11:44,ELBOW,0.0445,0.009193227897838899,33.75,24.93,35.84
2026-05-21 17:11:44,TWIST,0.0158,0.003271534962671906,34.36,24.93,35.84
2026-05-21 17:11:48,ELBOW,0.0438,0.009049289964636543,33.77,24.93,35.84
2026-05-21 17:11:48,J1,0.0069,0.001431668935166994,40.53,24.93,35.84
2026-05-21 17:11:48,J2,1.1523,0.24307580600392928,39.41,24.93,35.84
2026-05-21 17:11:48,TWIST,0.0189,0.00391370951669941,34.38,24.93,35.84
2026-05-21 17:11:48,PITCH,0.0128,0.012421230648330058,39.91,24.93,35.84
2026-05-21 17:11:48,ROLL,0.0007,0.0006712161100196464,36.65,24.93,35.84
2026-05-21 17:11:48,YAW,0.0198,0.01933312455795678,41.61,24.93,35.84
2026-05-21 17:11:52,YAW,0.0197,0.019237572495088406,41.64,24.93,35.84
2026-05-21 17:11:52,ROLL,0.0004,0.0003835944990176818,36.68,24.93,35.84
2026-05-21 17:11:52,PITCH,0.0135,0.0131019489194499,39.94,24.93,35.84
2026-05-21 17:11:52,TWIST,0.0204,0.004224478491159135,34.39,24.93,35.84
2026-05-21 17:11:52,J1,0.0015,0.0003112436935166994,40.54,24.93,35.84
2026-05-21 17:11:52,ELBOW,0.0405,0.00836780605108055,33.78,24.93,35.84
2026-05-21 17:11:52,J2,1.1394,0.24036334698624756,39.42,24.93,35.84
2026-05-21 17:11:56,ELBOW,0.0419,0.008658031607072693,33.81,24.93,35.84
2026-05-21 17:11:56,J1,0.0008,0.00016600267190569748,40.55,24.93,35.84
2026-05-21 17:11:56,J2,1.1341,0.23925401394106094,39.43,24.93,35.84
2026-05-21 17:11:56,TWIST,0.0172,0.0035619476620825145,34.4,24.93,35.84
2026-05-21 17:11:56,PITCH,0.011,0.010677218074656188,39.98,24.93,35.84
2026-05-21 17:11:56,ROLL,0.0009,0.0008631512770137524,36.7,24.93,35.84
2026-05-21 17:11:56,YAW,0.0199,0.019436396463654228,41.69,24.93,35.84
2026-05-21 17:12:00,PITCH,0.0126,0.012232050294695483,40.02,24.93,35.84
2026-05-21 17:12:00,ROLL,0.0016,0.0015346609037328097,36.73,24.93,35.84
2026-05-21 17:12:00,TWIST,0.0191,0.003955565721021611,34.41,24.93,35.84
2026-05-21 17:12:00,YAW,0.0194,0.018951475049115915,41.74,24.93,35.84
2026-05-21 17:12:00,J1,0.004,0.0008300435363457761,40.56,24.93,35.84
2026-05-21 17:12:00,ELBOW,0.0476,0.00983622110805501,33.82,24.93,35.84
2026-05-21 17:12:00,J2,1.1463,0.24184542813359533,39.45,24.93,35.84
2026-05-21 17:12:04,YAW,0.0197,0.0192473257367387,41.78,24.93,35.84
2026-05-21 17:12:04,ROLL,0.0003,0.00028778074656188605,36.76,24.93,35.84
2026-05-21 17:12:04,PITCH,0.0116,0.01126289351669941,40.06,24.93,35.84
2026-05-21 17:12:04,J1,0.0035,0.0007263409037328094,40.58,24.93,35.84
2026-05-21 17:12:04,J2,1.1138,0.2349971827426326,39.46,24.93,35.84
2026-05-21 17:12:04,TWIST,0.0171,0.0035415020510805506,34.42,24.93,35.84
2026-05-21 17:12:04,ELBOW,0.0431,0.00890699011394892,33.84,24.93,35.84
2026-05-21 17:12:08,ELBOW,0.0428,0.008845322121807466,33.85,24.93,35.84
2026-05-21 17:12:08,J1,0.0055,0.0011414343418467583,40.59,24.93,35.84
2026-05-21 17:12:08,J2,1.164,0.24559768833005896,39.47,24.93,35.84
2026-05-21 17:12:08,TWIST,0.0229,0.004742889634577603,34.43,24.93,35.84
2026-05-21 17:12:08,PITCH,0.0114,0.011069915127701377,40.09,24.93,35.84
2026-05-21 17:12:08,ROLL,0.0004,0.00038373595284872295,36.78,24.93,35.84
2026-05-21 17:12:08,YAW,0.0198,0.019347828683693516,41.82,24.93,35.84
2026-05-21 17:12:12,YAW,0.0188,0.018373324950884087,41.86,24.93,35.84
2026-05-21 17:12:12,ROLL,0.0006,0.000575646365422397,36.8,24.93,35.84
2026-05-21 17:12:12,PITCH,0.0118,0.011459585068762278,40.12,24.93,35.84
2026-05-21 17:12:12,J2,1.1442,0.24142880760707275,39.48,24.93,35.84
2026-05-21 17:12:12,J1,0.0029,0.0006018690766208251,40.6,24.93,35.84
2026-05-21 17:12:12,ELBOW,0.0452,0.009342017697445972,33.87,24.93,35.84
2026-05-21 17:12:12,TWIST,0.0184,0.00381116416502947,34.45,24.93,35.84
2026-05-21 17:12:16,ELBOW,0.0468,0.009673429438113949,33.89,24.93,35.84
2026-05-21 17:12:16,J1,0.0028,0.000581136094302554,40.61,24.93,35.84
2026-05-21 17:12:16,J2,1.1525,0.2431978781925344,39.5,24.93,35.84
2026-05-21 17:12:16,TWIST,0.0158,0.0032727517799607075,34.46,24.93,35.84
2026-05-21 17:12:16,PITCH,0.0114,0.011073140275049116,40.17,24.93,35.84
2026-05-21 17:12:16,ROLL,0.0009,0.0008635650294695481,36.83,24.93,35.84
2026-05-21 17:12:16,YAW,0.0193,0.018864707269155206,41.9,24.93,35.84
2026-05-21 17:12:20,ROLL,0.001,0.0009596227897838901,36.86,24.93,35.84
2026-05-21 17:12:20,PITCH,0.0114,0.011074349705304519,40.2,24.93,35.84
2026-05-21 17:12:20,YAW,0.02,0.0195524557956778,41.95,24.93,35.84
2026-05-21 17:12:20,TWIST,0.0168,0.0034801467347740666,34.48,24.93,35.84
2026-05-21 17:12:20,J1,0.008,0.0016604491944990176,40.62,24.93,35.84
2026-05-21 17:12:20,ELBOW,0.0469,0.009694460353634577,33.9,24.93,35.84
2026-05-21 17:12:20,J2,1.1325,0.23898624636542243,39.51,24.93,35.84
2026-05-21 17:12:24,ELBOW,0.0467,0.009654198333988213,33.93,24.93,35.84
2026-05-21 17:12:24,J1,0.0075,0.0015567277013752454,40.63,24.93,35.84
2026-05-21 17:12:24,J2,1.1324,0.23897386486444008,39.52,24.93,35.84
2026-05-21 17:12:24,TWIST,0.0198,0.004101753996070727,34.49,24.93,35.84
2026-05-21 17:12:24,PITCH,0.0099,0.009618948919449904,40.25,24.93,35.84
2026-05-21 17:12:24,ROLL,0.0013,0.0012476475442043222,36.89,24.93,35.84
2026-05-21 17:12:24,YAW,0.0185,0.018089292730844794,42.0,24.93,35.84
2026-05-21 17:12:28,ROLL,0.0006,0.0005758797642436149,36.91,24.93,35.84
2026-05-21 17:12:28,PITCH,0.0126,0.01224363536345776,40.28,24.93,35.84
2026-05-21 17:12:28,TWIST,0.0166,0.0034389721021611005,34.5,24.93,35.84
2026-05-21 17:12:28,YAW,0.0196,0.01916695166994106,42.03,24.93,35.84
2026-05-21 17:12:28,J1,0.0031,0.0006434708369351669,40.64,24.93,35.84
2026-05-21 17:12:28,ELBOW,0.0471,0.009737252275049117,33.94,24.93,35.84
2026-05-21 17:12:28,J2,1.1364,0.23982674904518667,39.53,24.93,35.84
2026-05-21 17:12:32,ROLL,0.0006,0.0005759434184675835,36.94,24.93,35.84
2026-05-21 17:12:32,PITCH,0.0117,0.011370331237721024,40.31,24.93,35.84
2026-05-21 17:12:32,TWIST,0.0166,0.003439099944990177,34.51,24.93,35.84
2026-05-21 17:12:32,YAW,0.0171,0.016725211001964637,42.08,24.93,35.84
2026-05-21 17:12:32,J1,0.004,0.000830345304518664,40.66,24.93,35.84
2026-05-21 17:12:32,ELBOW,0.0415,0.008580171473477408,33.96,24.93,35.84
2026-05-21 17:12:32,J2,1.1301,0.23850589541846762,39.54,24.93,35.84
2026-05-21 17:12:36,ELBOW,0.0448,0.009262795190569745,33.97,24.93,35.84
2026-05-21 17:12:36,J1,0.0079,0.0016399915756385073,40.67,24.93,35.84
2026-05-21 17:12:36,J2,1.1341,0.23935882349705306,39.55,24.93,35.84
2026-05-21 17:12:36,TWIST,0.0159,0.0032942001100196468,34.52,24.93,35.84
2026-05-21 17:12:36,PITCH,0.0123,0.011955165029469549,40.35,24.93,35.84
2026-05-21 17:12:36,ROLL,0.0007,0.0006719834970530452,36.96,24.93,35.84
2026-05-21 17:12:36,YAW,0.0202,0.019760124165029466,42.12,24.93,35.84
2026-05-21 17:12:40,YAW,0.0193,0.01888245265225933,42.16,24.93,35.84
2026-05-21 17:12:40,ROLL,0.0006,0.0005760495088408644,36.99,24.93,35.84
2026-05-21 17:12:40,PITCH,0.0114,0.011082009430255403,40.39,24.93,35.84
2026-05-21 17:12:40,TWIST,0.0218,0.004516912031434185,34.54,24.93,35.84
2026-05-21 17:12:40,J1,0.0074,0.0015362504675834972,40.68,24.93,35.84
2026-05-21 17:12:40,ELBOW,0.044,0.009098065854616897,33.99,24.93,35.84
2026-05-21 17:12:40,J2,1.1402,0.24066382846365422,39.57,24.93,35.84
2026-05-21 17:12:44,ELBOW,0.0358,0.0074030686365422396,34.01,24.96,35.75
2026-05-21 17:12:44,J1,0.0097,0.0020138068998035363,40.69,24.96,35.75
2026-05-21 17:12:44,J2,1.1364,0.23987050825933204,39.58,24.96,35.75
2026-05-21 17:12:44,TWIST,0.0202,0.004185551119842829,34.55,24.96,35.75
2026-05-21 17:12:44,PITCH,0.0141,0.013708191748526524,40.42,24.96,35.75
2026-05-21 17:12:44,ROLL,0.0007,0.0006721072691552063,37.01,24.96,35.75
2026-05-21 17:12:44,YAW,0.0201,0.019667988212180746,42.2,24.96,35.75
2026-05-21 17:12:48,YAW,0.0201,0.019670831434184678,42.24,24.96,35.75
2026-05-21 17:12:48,ROLL,0.0009,0.0008642015717092337,37.03,24.96,35.75
2026-05-21 17:12:48,PITCH,0.0122,0.011862714341846757,40.46,24.96,35.75
2026-05-21 17:12:48,TWIST,0.0164,0.0033982965186640478,34.56,24.96,35.75
2026-05-21 17:12:48,J2,1.1281,0.2381272380510806,39.59,24.96,35.75
2026-05-21 17:12:48,J1,0.0047,0.0009757975638506876,40.7,24.96,35.75
2026-05-21 17:12:48,ELBOW,0.0435,0.008995683772102163,34.02,24.96,35.75
2026-05-21 17:12:52,ELBOW,0.0437,0.009037716337917487,34.04,24.96,35.75
2026-05-21 17:12:52,J1,0.001,0.000207624047151277,40.71,24.96,35.75
2026-05-21 17:12:52,J2,1.1341,0.23940249414538317,39.6,24.96,35.75
2026-05-21 17:12:52,TWIST,0.0158,0.003274090278978389,34.57,24.96,35.75
2026-05-21 17:12:52,PITCH,0.0118,0.011475442043222003,40.5,24.96,35.75
2026-05-21 17:12:52,ROLL,0.0008,0.0007682640471512771,37.06,24.96,35.75
2026-05-21 17:12:52,YAW,0.0193,0.018891325343811396,42.29,24.96,35.75
2026-05-21 17:12:56,ROLL,0.0008,0.0007683489194499019,37.09,24.96,35.75
2026-05-21 17:12:56,PITCH,0.0125,0.012157514734774067,40.53,24.96,35.75
2026-05-21 17:12:56,TWIST,0.0168,0.0034814405658153236,34.58,24.96,35.75
2026-05-21 17:12:56,YAW,0.0208,0.020362505304518663,42.33,24.96,35.75
2026-05-21 17:12:56,J1,0.0031,0.0006436579332023575,40.72,24.96,35.75
2026-05-21 17:12:56,ELBOW,0.0437,0.00903838943811395,34.06,24.96,35.75
2026-05-21 17:12:56,J2,1.1646,0.24584985137917492,39.61,24.96,35.75
2026-05-21 17:13:00,ELBOW,0.0444,0.009183511072691553,34.07,24.96,35.75
2026-05-21 17:13:00,J1,0.0014,0.00029069478978389007,40.73,24.96,35.75
2026-05-21 17:13:00,J2,1.1255,0.2376044155599214,39.62,24.96,35.75
2026-05-21 17:13:00,TWIST,0.0141,0.0029221405108055013,34.6,24.96,35.75
2026-05-21 17:13:00,PITCH,0.0142,0.013812945383104128,40.57,24.96,35.75
2026-05-21 17:13:00,ROLL,0.0016,0.0015368110019646367,37.11,24.96,35.75
2026-05-21 17:13:00,YAW,0.0216,0.02114873398821218,42.37,24.96,35.75
2026-05-21 17:13:04,ROLL,0.0005,0.0004802888015717093,37.13,24.96,35.75
2026-05-21 17:13:04,PITCH,0.013,0.01264703339882122,40.6,24.96,35.75
2026-05-21 17:13:04,TWIST,0.0162,0.0033573529273084484,34.6,24.96,35.75
2026-05-21 17:13:04,YAW,0.0199,0.0194870652259332,42.41,24.96,35.75
2026-05-21 17:13:04,J1,0.0079,0.0016404087701375248,40.74,24.96,35.75
2026-05-21 17:13:04,ELBOW,0.0491,0.010156395772102162,34.09,24.96,35.75
2026-05-21 17:13:04,J2,1.1686,0.24671226062082516,39.63,24.96,35.75
2026-05-21 17:13:08,ROLL,0.0007,0.0006724785854616896,37.16,24.96,35.75
2026-05-21 17:13:08,PITCH,0.0122,0.011870480157170923,40.64,24.96,35.75
2026-05-21 17:13:08,TWIST,0.0171,0.0035441359214145388,34.62,24.96,35.75
2026-05-21 17:13:08,YAW,0.0193,0.01890224557956778,42.45,24.96,35.75
2026-05-21 17:13:08,J1,0.0023,0.0004776047151277014,40.75,24.96,35.75
2026-05-21 17:13:08,ELBOW,0.0425,0.008791832220039295,34.11,24.96,35.75
2026-05-21 17:13:08,J2,1.1461,0.2419797632220039,39.65,24.96,35.75
2026-05-21 17:13:12,ELBOW,0.044,0.009102809901768172,34.13,24.96,35.75
2026-05-21 17:13:12,J1,0.003,0.0006229853045186641,40.76,24.96,35.75
2026-05-21 17:13:12,J2,1.1261,0.23776577169351673,39.66,24.96,35.75
2026-05-21 17:13:12,TWIST,0.0183,0.0037929881493123773,34.63,24.96,35.75
2026-05-21 17:13:12,PITCH,0.0116,0.011288326915520628,40.68,24.96,35.75
2026-05-21 17:13:12,ROLL,0.0006,0.0005764738703339882,37.19,24.96,35.75
2026-05-21 17:13:12,YAW,0.0194,0.01900292888015717,42.49,24.96,35.75
2026-05-21 17:13:16,PITCH,0.0119,0.01158152888015717,40.71,24.96,35.75
2026-05-21 17:13:16,ROLL,0.0006,0.0005765163064833006,37.21,24.96,35.75
2026-05-21 17:13:16,TWIST,0.0157,0.003254214569744597,34.64,24.96,35.75
2026-05-21 17:13:16,YAW,0.0219,0.021454857760314337,42.53,24.96,35.75
2026-05-21 17:13:16,J1,0.0011,0.00022844454223968564,40.78,24.96,35.75
2026-05-21 17:13:16,J2,1.1428,0.2413006259174853,39.67,24.96,35.75
2026-05-21 17:13:16,ELBOW,0.0421,0.008710058247544204,34.14,24.96,35.75
2026-05-21 17:13:20,ELBOW,0.0425,0.008793468762278978,34.16,24.96,35.75
2026-05-21 17:13:20,J1,0.0005,0.00010383842829076619,40.78,24.96,35.75
2026-05-21 17:13:20,J2,1.1524,0.24333652759135566,39.68,24.96,35.75
2026-05-21 17:13:20,TWIST,0.0185,0.00383472652259332,34.65,24.96,35.75
2026-05-21 17:13:20,PITCH,0.0125,0.012167239685658155,40.75,24.96,35.75
2026-05-21 17:13:20,ROLL,0.0003,0.0002882899803536346,37.24,24.96,35.75
2026-05-21 17:13:20,YAW,0.02,0.019596306483300588,42.57,24.96,35.75
2026-05-21 17:13:24,YAW,0.0191,0.018716499017681732,42.6,24.96,35.75
2026-05-21 17:13:24,ROLL,0.0008,0.0007688298624754421,37.26,24.96,35.75
2026-05-21 17:13:24,PITCH,0.0128,0.012460611394891945,40.78,24.96,35.75
2026-05-21 17:13:24,ELBOW,0.0443,0.00916658036935167,34.18,24.96,35.75
2026-05-21 17:13:24,J2,1.1604,0.24503471471905702,39.69,24.96,35.75
2026-05-21 17:13:24,J1,0.0028,0.0005815163222003931,40.79,24.96,35.75
2026-05-21 17:13:24,TWIST,0.0194,0.00402143019253438,34.66,24.96,35.75
2026-05-21 17:13:28,YAW,0.0197,0.019307935166994104,42.65,24.96,35.75
2026-05-21 17:13:28,ROLL,0.0003,0.0002883324165029469,37.28,24.96,35.75
2026-05-21 17:13:28,PITCH,0.0133,0.012948765029469548,40.81,24.96,35.75
2026-05-21 17:13:28,ELBOW,0.0454,0.009394542616895875,34.19,24.96,35.75
2026-05-21 17:13:28,J2,1.1128,0.23499187803536348,39.7,24.96,35.75
2026-05-21 17:13:28,J1,0.0085,0.001765445658153242,40.81,24.96,35.75
2026-05-21 17:13:28,TWIST,0.0154,0.003192506530451867,34.68,24.96,35.75
2026-05-21 17:13:32,ELBOW,0.0484,0.010016072864440078,34.21,24.96,35.75
2026-05-21 17:13:32,J1,0.0021,0.0004361689273084479,40.81,24.96,35.75
2026-05-21 17:13:32,J2,1.1463,0.24207495838113952,39.71,24.96,35.75
2026-05-21 17:13:32,TWIST,0.0202,0.00418772906876228,34.69,24.96,35.75
2026-05-21 17:13:32,PITCH,0.0118,0.011490047151277013,40.85,24.96,35.75
2026-05-21 17:13:32,ROLL,0.0008,0.0007689713163064834,37.31,24.96,35.75
2026-05-21 17:13:32,YAW,0.0189,0.018526530058939096,42.69,24.96,35.75
2026-05-21 17:13:36,PITCH,0.0116,0.01129694145383104,40.89,24.96,35.75
2026-05-21 17:13:36,ROLL,0.0003,0.0002883854616895874,37.33,24.96,35.75
2026-05-21 17:13:36,YAW,0.0202,0.01980298467583497,42.72,24.96,35.75
2026-05-21 17:13:36,TWIST,0.0151,0.00313054742632613,34.7,24.96,35.75
2026-05-21 17:13:36,J1,0.0066,0.0013709162121807465,40.83,24.96,35.75
2026-05-21 17:13:36,ELBOW,0.0503,0.010409653186640472,34.22,24.96,35.75
2026-05-21 17:13:36,J2,1.1388,0.24050865345383107,39.73,24.96,35.75
2026-05-21 17:13:40,ELBOW,0.0409,0.008464940416502947,34.24,24.96,35.75
2026-05-21 17:13:40,J1,0.0082,0.0017032595363457759,40.83,24.96,35.75
2026-05-21 17:13:40,J2,1.1159,0.23568088619253438,39.74,24.96,35.75
2026-05-21 17:13:40,TWIST,0.0139,0.002881869249508841,34.71,24.96,35.75
2026-05-21 17:13:40,PITCH,0.0122,0.011882560314341848,40.92,24.96,35.75
2026-05-21 17:13:40,ROLL,0.001,0.0009613555992141455,37.35,24.96,35.75
2026-05-21 17:13:40,YAW,0.0202,0.019805842043222,42.76,24.96,35.75
2026-05-21 17:13:44,ROLL,0.0005,0.0004807131630648331,37.37,24.94,35.68
2026-05-21 17:13:44,PITCH,0.0131,0.012760995677799605,40.96,24.94,35.68
2026-05-21 17:13:44,TWIST,0.0154,0.003192980935166995,34.72,24.94,35.68
2026-05-21 17:13:44,YAW,0.0203,0.019906762278978387,42.8,24.94,35.68
2026-05-21 17:13:44,J1,0.0094,0.001952587944990177,40.84,24.94,35.68
2026-05-21 17:13:44,ELBOW,0.0486,0.010059333029469548,34.26,24.94,35.68
2026-05-21 17:13:44,J2,1.1378,0.24031498388998035,39.75,24.94,35.68
2026-05-21 17:13:48,ROLL,0.0012,0.0011538388998035363,37.4,24.94,35.68
2026-05-21 17:13:48,PITCH,0.0131,0.012762385461689589,40.99,24.94,35.68
2026-05-21 17:13:48,TWIST,0.0186,0.0038566007387033398,34.73,24.94,35.68
2026-05-21 17:13:48,YAW,0.0192,0.018830786640471515,42.84,24.94,35.68
2026-05-21 17:13:48,J1,0.0029,0.000602437909626719,40.86,24.94,35.68
2026-05-21 17:13:48,ELBOW,0.0398,0.008238503041257367,34.28,24.94,35.68
2026-05-21 17:13:48,J2,1.1484,0.24256265644007857,39.76,24.94,35.68
2026-05-21 17:13:52,ELBOW,0.0446,0.009232434829076623,34.29,24.94,35.68
2026-05-21 17:13:52,J1,0.006,0.00124642326129666,40.86,24.94,35.68
2026-05-21 17:13:52,J2,1.1719,0.2475353027426326,39.77,24.94,35.68
2026-05-21 17:13:52,TWIST,0.0195,0.004043360628683695,34.74,24.94,35.68
2026-05-21 17:13:52,PITCH,0.0117,0.01140012141453831,41.03,24.94,35.68
2026-05-21 17:13:52,ROLL,0.0007,0.0006731222003929274,37.42,24.94,35.68
2026-05-21 17:13:52,YAW,0.0206,0.020206778781925346,42.88,24.94,35.68
2026-05-21 17:13:56,ROLL,0.0006,0.0005770043222003929,37.44,24.94,35.68
2026-05-21 17:13:56,YAW,0.0189,0.018541234184675834,42.91,24.94,35.68
2026-05-21 17:13:56,TWIST,0.0163,0.0033800858467583498,34.76,24.94,35.68
2026-05-21 17:13:56,PITCH,0.0128,0.012473285658153243,41.06,24.94,35.68
2026-05-21 17:13:56,J2,1.1383,0.24044688842436152,39.78,24.94,35.68
2026-05-21 17:13:56,J1,0.009,0.00186970278978389,40.87,24.94,35.68
2026-05-21 17:13:56,ELBOW,0.0464,0.00960575899410609,34.31,24.94,35.68
2026-05-21 17:14:00,ELBOW,0.0484,0.010020173076620826,34.32,24.94,35.68
2026-05-21 17:14:00,J1,0.0018,0.00037395413752455795,40.88,24.94,35.68
2026-05-21 17:14:00,J2,1.1505,0.24303279536345782,39.79,24.94,35.68
2026-05-21 17:14:00,TWIST,0.0181,0.003753486255402751,34.77,24.94,35.68
2026-05-21 17:14:00,PITCH,0.0141,0.013741599607072693,41.09,24.94,35.68
2026-05-21 17:14:00,ROLL,0.0012,0.001154135952848723,37.47,24.94,35.68
2026-05-21 17:14:00,YAW,0.0197,0.01932883497053045,42.95,24.94,35.68
2026-05-21 17:14:04,ROLL,0.0004,0.000384740275049116,37.49,24.94,35.68
2026-05-21 17:14:04,PITCH,0.0126,0.012281509626719058,41.13,24.94,35.68
2026-05-21 17:14:04,TWIST,0.0158,0.003276645595284872,34.78,24.94,35.68
2026-05-21 17:14:04,YAW,0.021,0.020607312377210217,42.99,24.94,35.68
2026-05-21 17:14:04,J1,0.0132,0.0027424299253438113,40.89,24.94,35.68
2026-05-21 17:14:04,ELBOW,0.046,0.00952401351669941,34.34,24.94,35.68
2026-05-21 17:14:04,J2,1.1425,0.24135166601178787,39.8,24.94,35.68
2026-05-21 17:14:08,ROLL,0.0006,0.0005771740667976424,37.52,24.94,35.68
2026-05-21 17:14:08,PITCH,0.011,0.010723119842829075,41.16,24.94,35.68
2026-05-21 17:14:08,TWIST,0.0208,0.004313718946954813,34.79,24.94,35.68
2026-05-21 17:14:08,YAW,0.0197,0.019334408251473475,43.03,24.94,35.68
2026-05-21 17:14:08,J1,0.0046,0.0009557299803536344,40.9,24.94,35.68
2026-05-21 17:14:08,ELBOW,0.0454,0.009400486538310413,34.36,24.94,35.68
2026-05-21 17:14:08,J2,1.1471,0.24233224438506878,39.81,24.94,35.68
2026-05-21 17:14:12,ELBOW,0.0434,0.008986702428290767,34.37,24.94,35.68
2026-05-21 17:14:12,J1,0.0038,0.0007895447387033398,40.91,24.94,35.68
2026-05-21 17:14:12,J2,1.1875,0.25087614931237723,39.82,24.94,35.68
2026-05-21 17:14:12,TWIST,0.0171,0.0035465064047151278,34.8,24.94,35.68
2026-05-21 17:14:12,PITCH,0.0133,0.012967108055009821,41.2,24.94,35.68
2026-05-21 17:14:12,ROLL,0.0006,0.0005772165029469549,37.54,24.94,35.68
2026-05-21 17:14:12,YAW,0.0212,0.02080882043222004,43.06,24.94,35.68
2026-05-21 17:14:16,ROLL,0.0006,0.0005772589390962672,37.56,24.94,35.68
2026-05-21 17:14:16,YAW,0.0192,0.018848440078585462,43.1,24.94,35.68
2026-05-21 17:14:16,PITCH,0.0106,0.010335812180746562,41.23,24.94,35.68
2026-05-21 17:14:16,TWIST,0.0181,0.003754043834970531,34.81,24.94,35.68
2026-05-21 17:14:16,J2,1.1379,0.2404062120707269,39.83,24.94,35.68
2026-05-21 17:14:16,J1,0.0073,0.0015168120707269156,40.92,24.94,35.68
2026-05-21 17:14:16,ELBOW,0.0432,0.008945954451866404,34.39,24.94,35.68
2026-05-21 17:14:20,ELBOW,0.0449,0.00929868590962672,34.41,24.94,35.68
2026-05-21 17:14:20,J1,0.0069,0.0014337511355599216,40.93,24.94,35.68
2026-05-21 17:14:20,J2,1.1565,0.24435368133595287,39.85,24.94,35.68
2026-05-21 17:14:20,TWIST,0.0169,0.0035052871041257364,34.82,24.94,35.68
2026-05-21 17:14:20,PITCH,0.013,0.012677834970530452,41.27,24.94,35.68
2026-05-21 17:14:20,ROLL,0.0004,0.00038488172888015724,37.59,24.94,35.68
2026-05-21 17:14:20,YAW,0.0209,0.020520268762278977,43.14,24.94,35.68
2026-05-21 17:14:24,ROLL,0.0005,0.00048113752455795683,37.61,24.94,35.68
2026-05-21 17:14:24,PITCH,0.0117,0.011411706483300591,41.31,24.94,35.68
2026-05-21 17:14:24,TWIST,0.0157,0.00325663280157171,34.84,24.94,35.68
2026-05-21 17:14:24,YAW,0.0199,0.019541252652259332,43.18,24.94,35.68
2026-05-21 17:14:24,J1,0.0029,0.0006026129351669942,40.94,24.94,35.68
2026-05-21 17:14:24,ELBOW,0.0446,0.00923690008644401,34.42,24.94,35.68
2026-05-21 17:14:24,J2,1.1485,0.24267222852652262,39.86,24.94,35.68
2026-05-21 17:14:28,ROLL,0.0009,0.000866143025540275,37.64,24.94,35.68
2026-05-21 17:14:28,PITCH,0.0083,0.008096364636542239,41.34,24.94,35.68
2026-05-21 17:14:28,TWIST,0.0135,0.0028002893516699415,34.84,24.94,35.68
2026-05-21 17:14:28,YAW,0.0138,0.013552684479371316,43.21,24.94,35.68
2026-05-21 17:14:28,J1,0.0056,0.001163708605108055,40.95,24.94,35.68
2026-05-21 17:14:28,ELBOW,0.0293,0.006068639025540275,34.44,24.94,35.68
2026-05-21 17:14:28,J2,0.7821,0.16525978896660118,39.87,24.94,35.68
2026-05-21 17:16:00,ELBOW,0.0602,0.012081546278978388,26.09,24.94,35.68
2026-05-21 17:16:00,J1,0.0064,0.0012811869548133598,30.85,24.94,35.68
2026-05-21 17:16:00,J2,0.0041,0.0008387436856581534,31.13,24.94,35.68
2026-05-21 17:16:00,TWIST,0.0013,0.00026110742632612973,26.3,24.94,35.68
2026-05-21 17:16:00,PITCH,0.0009,0.0008467603143418467,31.55,24.94,35.68
2026-05-21 17:16:00,ROLL,0.0033,0.003070478192534381,28.61,24.94,35.68
2026-05-21 17:16:00,YAW,0.0006,0.000567562278978389,32.99,24.94,35.68
2026-05-21 17:16:04,ROLL,0.0022,0.0021213618860510806,38.17,24.94,35.68
2026-05-21 17:16:04,YAW,0.0008,0.0007879544204322201,44.02,24.94,35.68
2026-05-21 17:16:04,PITCH,0.0007,0.0006846825147347742,42.09,24.94,35.68
2026-05-21 17:16:04,ELBOW,0.0458,0.009498830019646366,34.8,24.94,35.68
2026-05-21 17:16:04,J2,0.0014,0.0002974301925343812,41.36,24.94,35.68
2026-05-21 17:16:04,J1,0.0059,0.0012268958428290767,41.14,24.94,35.68
2026-05-21 17:16:04,TWIST,0.0005,0.00010380298624754421,35.07,24.94,35.68
2026-05-21 17:16:12,ELBOW,0.3598,0.07463289694302555,34.84,24.94,35.68
2026-05-21 17:16:12,J1,0.002,0.000415927072691552,41.16,24.94,35.68
2026-05-21 17:16:12,J2,1.0628,0.22557919559921416,41.1,24.94,35.68
2026-05-21 17:16:12,TWIST,0.011,0.0022839198428290766,35.1,24.94,35.68
2026-05-21 17:16:12,PITCH,0.0189,0.018491106483300587,42.16,24.94,35.68
2026-05-21 17:16:12,ROLL,0.0006,0.0005786381139489194,38.21,24.94,35.68
2026-05-21 17:16:12,YAW,0.0066,0.006502024361493123,44.08,24.94,35.68
2026-05-21 17:16:16,ROLL,0.0006,0.0005786805500982319,38.23,24.94,35.68
2026-05-21 17:16:16,PITCH,0.0839,0.08209375992141456,42.19,24.94,35.68
2026-05-21 17:16:16,TWIST,0.0511,0.010609845815324166,35.1,24.94,35.68
2026-05-21 17:16:16,YAW,0.0196,0.01931112141453831,44.11,24.94,35.68
2026-05-21 17:16:16,J1,0.0005,0.000103981768172888,41.16,24.94,35.68
2026-05-21 17:16:16,ELBOW,0.4694,0.09737071292730845,34.85,24.94,35.68
2026-05-21 17:16:16,J2,1.2117,0.2571178836777996,41.03,24.94,35.68
2026-05-21 17:16:20,ROLL,0.001,0.0009645383104125738,38.25,24.94,35.68
2026-05-21 17:16:20,PITCH,0.0673,0.06585827269155207,42.22,24.94,35.68
2026-05-21 17:16:20,TWIST,0.0559,0.011606895889980354,35.11,24.94,35.68
2026-05-21 17:16:20,YAW,0.017,0.016751846758349707,44.15,24.94,35.68
2026-05-21 17:16:20,J1,0.0002,4.159421611001966e-05,41.17,24.94,35.68
2026-05-21 17:16:20,ELBOW,0.2725,0.05653065500982319,34.87,24.94,35.68
2026-05-21 17:16:20,J2,0.8444,0.1791262714341847,40.95,24.94,35.68
2026-05-21 17:16:24,ELBOW,0.2517,0.05221759299017682,34.88,24.94,35.68
2026-05-21 17:16:24,J1,0.0017,0.00035356366208251467,41.18,24.94,35.68
2026-05-21 17:16:24,J2,1.0876,0.23066709683300587,40.89,24.94,35.68
2026-05-21 17:16:24,TWIST,0.0485,0.010070757249508842,35.12,24.94,35.68
2026-05-21 17:16:24,PITCH,0.0523,0.05118515717092338,42.25,24.94,35.68
2026-05-21 17:16:24,ROLL,0.0003,0.0002893827111984283,38.27,24.94,35.68
2026-05-21 17:16:24,YAW,0.0135,0.01330436935166994,44.18,24.94,35.68
2026-05-21 17:16:28,ROLL,0.0012,0.0011576581532416503,38.3,24.94,35.68
2026-05-21 17:16:28,YAW,0.0109,0.010743588212180749,44.22,24.94,35.68
2026-05-21 17:16:28,PITCH,0.0455,0.0445365442043222,42.29,24.94,35.68
2026-05-21 17:16:28,ELBOW,0.2355,0.048860374066797635,34.9,24.94,35.68
2026-05-21 17:16:28,J2,1.1564,0.24522313964636547,40.85,24.94,35.68
2026-05-21 17:16:28,J1,0.0036,0.0007487502082514734,41.19,24.94,35.68
2026-05-21 17:16:28,TWIST,0.0503,0.010444904691552062,35.13,24.94,35.68
2026-05-21 17:16:32,ELBOW,0.2332,0.04838497741453831,34.91,24.94,35.68
2026-05-21 17:16:32,J1,0.0017,0.00035358931237721016,41.2,24.94,35.68
2026-05-21 17:16:32,J2,1.1567,0.24525112413359532,40.81,24.94,35.68
2026-05-21 17:16:32,TWIST,0.046,0.009552354577603141,35.14,24.94,35.68
2026-05-21 17:16:32,PITCH,0.0457,0.04473877367387033,42.33,24.94,35.68
2026-05-21 17:16:32,ROLL,0.0007,0.0006753500982318271,38.32,24.94,35.68
2026-05-21 17:16:32,YAW,0.0127,0.01251910609037328,44.25,24.94,35.68
2026-05-21 17:16:36,YAW,0.0115,0.011337825147347741,44.29,24.94,35.68
2026-05-21 17:16:36,ROLL,0.0005,0.00048242829076620833,38.34,24.94,35.68
2026-05-21 17:16:36,PITCH,0.0446,0.04366664204322201,42.36,24.94,35.68
2026-05-21 17:16:36,TWIST,0.0611,0.01268848935166994,35.15,24.94,35.68
2026-05-21 17:16:36,J1,0.0012,0.0002495924557956778,41.2,24.94,35.68
2026-05-21 17:16:36,ELBOW,0.2372,0.049216735182711205,34.92,24.94,35.68
2026-05-21 17:16:36,J2,3.9996,0.8479906344990177,40.8,24.94,35.68
2026-05-21 17:16:40,ELBOW,0.4039,0.08380850409430254,34.93,24.94,35.68
2026-05-21 17:16:40,J1,0.0511,0.010628864251473477,41.21,24.94,35.68
2026-05-21 17:16:40,J2,3.5772,0.7584338678192536,40.8,24.94,35.68
2026-05-21 17:16:40,TWIST,0.2165,0.04496169917485265,35.16,24.94,35.68
2026-05-21 17:16:40,PITCH,0.0388,0.03799213673870334,42.39,24.94,35.68
2026-05-21 17:16:40,ROLL,0.0142,0.01370196777996071,38.36,24.94,35.68
2026-05-21 17:16:40,YAW,0.0494,0.048708594106090373,44.32,24.94,35.68
2026-05-21 17:16:44,PITCH,0.0173,0.01694162829076621,42.42,24.96,35.5
2026-05-21 17:16:44,YAW,0.1064,0.10492586876227898,44.36,24.96,35.5
2026-05-21 17:16:44,ROLL,0.0416,0.04014538939096267,38.39,24.96,35.5
2026-05-21 17:16:44,TWIST,0.4618,0.09590800304911593,35.17,24.96,35.5
2026-05-21 17:16:44,J1,0.163,0.03389928612966602,41.17,24.96,35.5
2026-05-21 17:16:44,ELBOW,0.5675,0.11776394302554027,34.95,24.96,35.5
2026-05-21 17:16:44,J2,2.3246,0.49285904314341855,40.8,24.96,35.5
2026-05-21 17:16:48,ELBOW,0.0489,0.010148166082514735,34.97,24.96,35.5
2026-05-21 17:16:48,J1,0.1771,0.03683702267976425,41.21,24.96,35.5
2026-05-21 17:16:48,J2,6.1115,1.2958473999214146,40.82,24.96,35.5
2026-05-21 17:16:48,TWIST,0.0487,0.010114911544204323,35.19,24.96,35.5
2026-05-21 17:16:48,PITCH,0.178,0.17433788605108055,42.46,24.96,35.5
2026-05-21 17:16:48,ROLL,0.0398,0.038411144204322206,38.41,24.96,35.5
2026-05-21 17:16:48,YAW,0.0535,0.05276634577603143,44.4,24.96,35.5
2026-05-21 17:16:52,TWIST,0.7417,0.1540556072298625,35.2,24.96,35.5
2026-05-21 17:16:52,YAW,0.0819,0.08078558074656189,44.43,24.96,35.5
2026-05-21 17:16:52,ROLL,0.0301,0.029051763064833005,38.43,24.96,35.5
2026-05-21 17:16:52,PITCH,0.0179,0.01753363025540275,42.49,24.96,35.5
2026-05-21 17:16:52,ELBOW,0.5965,0.12380021163064835,34.99,24.96,35.5
2026-05-21 17:16:52,J2,2.167,0.45951162624754427,40.84,24.96,35.5
2026-05-21 17:16:52,J1,0.1926,0.04006394819646365,41.23,24.96,35.5
2026-05-21 17:16:56,ROLL,0.0053,0.0051158015717092335,38.45,24.96,35.5
2026-05-21 17:16:56,YAW,0.014,0.013811481335952851,44.47,24.96,35.5
2026-05-21 17:16:56,PITCH,0.0572,0.05603329980353635,42.51,24.96,35.5
2026-05-21 17:16:56,ELBOW,0.1637,0.03397627269155207,35.0,24.96,35.5
2026-05-21 17:16:56,J2,3.8072,0.8073741297917486,40.86,24.96,35.5
2026-05-21 17:16:56,J1,0.0152,0.0031619631277013754,41.24,24.96,35.5
2026-05-21 17:16:56,TWIST,0.1913,0.03973564836149312,35.21,24.96,35.5
2026-05-21 17:17:00,PITCH,0.0589,0.057706956777996074,42.55,24.96,35.5
2026-05-21 17:17:00,YAW,0.0139,0.013714302554027504,44.5,24.96,35.5
2026-05-21 17:17:00,TWIST,0.1433,0.029766489964636548,35.22,24.96,35.5
2026-05-21 17:17:00,ROLL,0.0045,0.004343923379174853,38.47,24.96,35.5
2026-05-21 17:17:00,J1,0.009,0.0018722829076620825,41.25,24.96,35.5
2026-05-21 17:17:00,ELBOW,0.1122,0.023289069642436145,35.02,24.96,35.5
2026-05-21 17:17:00,J2,4.1061,0.8708236240785854,40.88,24.96,35.5
2026-05-21 17:17:04,YAW,0.0136,0.013420234184675835,44.54,24.96,35.5
2026-05-21 17:17:04,ROLL,0.004,0.0038616895874263265,38.5,24.96,35.5
2026-05-21 17:17:04,PITCH,0.0647,0.0633963394891945,42.58,24.96,35.5
2026-05-21 17:17:04,ELBOW,0.1179,0.024473112188605105,35.03,24.96,35.5
2026-05-21 17:17:04,J2,4.1179,0.873484741108055,40.93,24.96,35.5
2026-05-21 17:17:04,J1,0.0032,0.0006657247308447938,41.26,24.96,35.5
2026-05-21 17:17:04,TWIST,0.1465,0.03043232699410609,35.23,24.96,35.5
2026-05-21 17:17:08,ELBOW,0.0788,0.016358136895874266,35.05,24.96,35.5
2026-05-21 17:17:08,J1,0.0031,0.0006449442200392927,41.27,24.96,35.5
2026-05-21 17:17:08,J2,3.1924,0.6772177983497052,40.95,24.96,35.5
2026-05-21 17:17:08,TWIST,0.0994,0.02064904744990177,35.24,24.96,35.5
2026-05-21 17:17:08,PITCH,0.0435,0.0426265815324165,42.6,24.96,35.5
2026-05-21 17:17:08,ROLL,0.0038,0.0036688738703339876,38.52,24.96,35.5
2026-05-21 17:17:08,YAW,0.0108,0.010658390569744597,44.57,24.96,35.5
2026-05-21 17:17:12,YAW,0.0002,0.00019739882121807469,44.6,24.96,35.5
2026-05-21 17:17:12,ROLL,0.0994,0.09597704675834971,38.54,24.96,35.5
2026-05-21 17:17:12,PITCH,0.0107,0.010486294302554027,42.63,24.96,35.5
2026-05-21 17:17:12,J1,4.786,0.9956384440078585,41.25,24.96,35.5
2026-05-21 17:17:12,J2,0.0452,0.00958882212966601,40.96,24.96,35.5
2026-05-21 17:17:12,ELBOW,1.1243,0.23340273622003932,35.06,24.96,35.5
2026-05-21 17:17:12,TWIST,0.0231,0.004798900196463654,35.25,24.96,35.5
2026-05-21 17:17:16,ROLL,0.2615,0.25252268958742635,38.57,24.96,35.5
2026-05-21 17:17:16,ELBOW,1.0183,0.21142868872298626,35.1,24.96,35.5
2026-05-21 17:17:16,J1,2.3934,0.4979746597721023,41.29,24.96,35.5
2026-05-21 17:17:16,J2,54.3045,11.529052325893911,41.17,24.96,35.5
2026-05-21 17:17:16,TWIST,1.0807,0.22450958624754422,35.25,24.96,35.5
2026-05-21 17:17:16,PITCH,0.3233,0.3168886243614932,42.67,24.96,35.5
2026-05-21 17:17:16,YAW,0.1641,0.16198314223968566,44.63,24.96,35.5
2026-05-21 17:17:20,ROLL,0.0254,0.02453071119842829,38.6,24.96,35.5
2026-05-21 17:17:20,YAW,0.074,0.07305588212180746,44.67,24.96,35.5
2026-05-21 17:17:20,PITCH,0.0431,0.04225137878192534,42.71,24.96,35.5
2026-05-21 17:17:20,TWIST,2.0478,0.4254666988762279,35.28,24.96,35.5
2026-05-21 17:17:20,J2,1.4353,0.3051507580667977,41.56,24.96,35.5
2026-05-21 17:17:20,J1,1.7807,0.37053561260510803,41.32,24.96,35.5
2026-05-21 17:17:20,ELBOW,0.8126,0.16873190393713167,35.12,24.96,35.5
2026-05-21 17:17:24,ELBOW,0.0829,0.017215004227897835,35.14,24.96,35.5
2026-05-21 17:17:24,J1,7.7395,1.610584780196464,41.34,24.96,35.5
2026-05-21 17:17:24,J2,7.4525,1.5847195123772102,41.61,24.96,35.5
2026-05-21 17:17:24,TWIST,4.5362,0.9425806519135561,35.31,24.96,35.5
2026-05-21 17:17:24,PITCH,0.5538,0.5429546593320235,42.74,24.96,35.5
2026-05-21 17:17:24,ROLL,0.4365,0.42160754616895874,38.63,24.96,35.5
2026-05-21 17:17:24,YAW,0.1799,0.17763022043222002,44.71,24.96,35.5
2026-05-21 17:17:28,YAW,0.0469,0.046314901768172885,44.75,24.96,35.5
2026-05-21 17:17:28,ROLL,0.0313,0.03023432416502947,38.65,24.96,35.5
2026-05-21 17:17:28,PITCH,0.0358,0.03510270884086444,42.77,24.96,35.5
2026-05-21 17:17:28,TWIST,1.1001,0.22861608198035369,35.34,24.96,35.5
2026-05-21 17:17:28,J2,1.1067,0.2353060756620825,41.58,24.96,35.5
2026-05-21 17:17:28,J1,3.2109,0.6682345925658154,41.36,24.96,35.5
2026-05-21 17:17:28,ELBOW,0.1287,0.026727809163064834,35.16,24.96,35.5
2026-05-21 17:17:32,ELBOW,0.7459,0.15491073944204325,35.17,24.96,35.5
2026-05-21 17:17:32,J1,0.8142,0.16945290360707269,41.37,24.96,35.5
2026-05-21 17:17:32,J2,80.7105,17.160631625304514,41.58,24.96,35.5
2026-05-21 17:17:32,TWIST,1.239,0.2574909760314343,35.35,24.96,35.5
2026-05-21 17:17:32,PITCH,0.1434,0.1406221532416503,42.8,24.96,35.5
2026-05-21 17:17:32,ROLL,0.1517,0.14655114106090375,38.68,24.96,35.5
2026-05-21 17:17:32,YAW,0.0759,0.07496116620825147,44.78,24.96,35.5
2026-05-21 17:17:36,ROLL,0.0116,0.011207514341846758,38.71,24.96,35.5
2026-05-21 17:17:36,PITCH,0.1478,0.1449473728880157,42.82,24.96,35.5
2026-05-21 17:17:36,TWIST,2.1365,0.4440437798821218,35.37,24.96,35.5
2026-05-21 17:17:36,YAW,0.0402,0.039708438506876234,44.82,24.96,35.5
2026-05-21 17:17:36,J1,1.483,0.30864487355599224,41.37,24.96,35.5
2026-05-21 17:17:36,ELBOW,0.7291,0.15143289541846758,35.19,24.96,35.5
2026-05-21 17:17:36,J2,3.7856,0.8060879631591357,41.99,24.96,35.5
2026-05-21 17:17:40,ELBOW,0.6993,0.1452542545697446,35.21,24.96,35.5
2026-05-21 17:17:40,J1,1.6807,0.34982862459724956,41.4,24.96,35.5
2026-05-21 17:17:40,J2,0.4542,0.09674670591748526,42.08,24.96,35.5
2026-05-21 17:17:40,TWIST,1.1036,0.22939442609037325,35.4,24.96,35.5
2026-05-21 17:17:40,PITCH,0.159,0.1559536974459725,42.86,24.96,35.5
2026-05-21 17:17:40,ROLL,0.0173,0.016715878585461693,38.73,24.96,35.5
2026-05-21 17:17:40,YAW,0.1276,0.12605325736738704,44.85,24.96,35.5
2026-05-21 17:17:44,ROLL,0.0939,0.09073949941060905,38.76,24.95,35.44
2026-05-21 17:17:44,PITCH,0.1305,0.12801819253438113,42.9,24.95,35.44
2026-05-21 17:17:44,TWIST,1.8258,0.3795391255638507,35.42,24.95,35.44
2026-05-21 17:17:44,YAW,0.3221,0.31824112809430255,44.89,24.95,35.44
2026-05-21 17:17:44,J1,3.8282,0.7968480279135559,41.41,24.95,35.44
2026-05-21 17:17:44,ELBOW,0.8691,0.18054413620432222,35.24,24.95,35.44
2026-05-21 17:17:44,J2,0.3526,0.07508914181532417,42.02,24.95,35.44
2026-05-21 17:17:48,ROLL,0.0241,0.023291395284872302,38.79,24.95,35.44
2026-05-21 17:17:48,PITCH,0.2732,0.26803335324165034,42.93,24.95,35.44
2026-05-21 17:17:48,TWIST,1.2608,0.26210887619646367,35.44,24.95,35.44
2026-05-21 17:17:48,YAW,0.1798,0.17767136581532417,44.93,24.95,35.44
2026-05-21 17:17:48,J1,5.5079,1.1465227326365424,41.42,24.95,35.44
2026-05-21 17:17:48,ELBOW,1.4041,0.29169418899803534,35.25,24.95,35.44
2026-05-21 17:17:48,J2,0.1637,0.03484616612966601,41.9,24.95,35.44
2026-05-21 17:17:52,ELBOW,0.799,0.16600024,35.27,24.95,35.44
2026-05-21 17:17:52,J1,3.1859,0.6631759425383106,41.42,24.95,35.44
2026-05-21 17:17:52,J2,0.1071,0.022788052055009826,41.78,24.95,35.44
2026-05-21 17:17:52,TWIST,0.5696,0.11841905666011789,35.45,24.95,35.44
2026-05-21 17:17:52,PITCH,0.1184,0.11617342868369351,42.96,24.95,35.44
2026-05-21 17:17:52,ROLL,0.1116,0.1078634829076621,38.81,24.95,35.44
2026-05-21 17:17:52,YAW,0.1311,0.1295664648330059,44.97,24.95,35.44
2026-05-21 17:17:56,PITCH,0.1368,0.1342370829076621,42.98,24.95,35.44
2026-05-21 17:17:56,TWIST,0.7726,0.16062247748526523,35.45,24.95,35.44
2026-05-21 17:17:56,ROLL,0.0996,0.09627582554027506,38.84,24.95,35.44
2026-05-21 17:17:56,J1,3.1741,0.6609112267190571,41.5,24.95,35.44
2026-05-21 17:17:56,ELBOW,0.5346,0.11108084746561887,35.3,24.95,35.44
2026-05-21 17:17:56,J2,0.1982,0.04215493604715127,41.67,24.95,35.44
2026-05-21 17:17:56,YAW,0.1155,0.11416119842829077,45.0,24.95,35.44
2026-05-21 17:18:00,YAW,0.1634,0.16152908605108054,45.04,24.95,35.44
2026-05-21 17:18:00,PITCH,0.1616,0.15859531944990174,43.02,24.95,35.44
2026-05-21 17:18:00,TWIST,0.3683,0.076571899913556,35.46,24.95,35.44
2026-05-21 17:18:00,ROLL,0.1333,0.12886050766208254,38.86,24.95,35.44
2026-05-21 17:18:00,J1,3.9528,0.8229925298546169,41.48,24.95,35.44
2026-05-21 17:18:00,J2,3.7407,0.7952884001257368,41.56,24.95,35.44
2026-05-21 17:18:00,ELBOW,0.782,0.1624924099017682,35.31,24.95,35.44
2026-05-21 17:18:04,ELBOW,1.0162,0.21117266882514732,35.33,24.95,35.44
2026-05-21 17:18:04,J1,3.4422,0.7168648625540275,41.55,24.95,35.44
2026-05-21 17:18:04,J2,0.4163,0.08848467132416504,41.49,24.95,35.44
2026-05-21 17:18:04,TWIST,0.7265,0.15104394593320236,35.46,24.95,35.44
2026-05-21 17:18:04,PITCH,0.0328,0.03219361886051081,43.05,24.95,35.44
2026-05-21 17:18:04,ROLL,0.1012,0.09784389783889978,38.9,24.95,35.44
2026-05-21 17:18:04,YAW,0.0768,0.0759315111984283,45.08,24.95,35.44
2026-05-21 17:18:08,YAW,0.1783,0.1763089249508841,45.12,24.95,35.44
2026-05-21 17:18:08,ROLL,0.3073,0.2971307245579568,38.92,24.95,35.44
2026-05-21 17:18:08,PITCH,0.1186,0.11641999685658153,43.08,24.95,35.44
2026-05-21 17:18:08,TWIST,0.2037,0.042352087402750496,35.47,24.95,35.44
2026-05-21 17:18:08,J2,1.9864,0.42210274124950886,41.42,24.95,35.44
2026-05-21 17:18:08,J1,5.7515,1.1976643369744595,41.52,24.95,35.44
2026-05-21 17:18:08,ELBOW,1.323,0.2749479913555992,35.35,24.95,35.44
2026-05-21 17:18:12,ELBOW,0.8799,0.18286901196070732,35.36,24.95,35.44
2026-05-21 17:18:12,J1,3.1063,0.6469813845500982,41.58,24.95,35.44
2026-05-21 17:18:12,J2,0.6608,0.14039722901375248,41.38,24.95,35.44
2026-05-21 17:18:12,TWIST,1.1757,0.24444452213752457,35.47,24.95,35.44
2026-05-21 17:18:12,PITCH,0.0919,0.09022052298624754,43.11,24.95,35.44
2026-05-21 17:18:12,ROLL,0.0316,0.030557634577603143,38.95,24.95,35.44
2026-05-21 17:18:12,YAW,0.0859,0.08494683064833006,45.14,24.95,35.44
2026-05-21 17:18:16,ROLL,0.0781,0.07552929783889982,38.97,24.95,35.44
2026-05-21 17:18:16,PITCH,0.2266,0.22247490058939096,43.13,24.95,35.44
2026-05-21 17:18:16,TWIST,2.5419,0.5285162426404717,35.48,24.95,35.44
2026-05-21 17:18:16,YAW,0.1573,0.15557124518664048,45.17,24.95,35.44
2026-05-21 17:18:16,J1,2.6702,0.5561905942632613,41.6,24.95,35.44
2026-05-21 17:18:16,ELBOW,0.4509,0.09371718205108055,35.38,24.95,35.44
2026-05-21 17:18:16,J2,0.132,0.028039351827111984,41.32,24.95,35.44
2026-05-21 17:18:20,ELBOW,0.0019,0.0003949195913555992,35.39,24.95,35.44
2026-05-21 17:18:20,J1,2.574,0.5362108253045187,41.63,24.95,35.44
2026-05-21 17:18:20,J2,0.0169,0.003589105791748526,41.26,24.95,35.44
2026-05-21 17:18:20,TWIST,2.9025,0.6035598777996071,35.51,24.95,35.44
2026-05-21 17:18:20,PITCH,0.0015,0.001472852652259332,43.16,24.95,35.44
2026-05-21 17:18:20,ROLL,0.0203,0.01963325068762279,38.99,24.95,35.44
2026-05-21 17:18:20,YAW,0.1147,0.1134556514734774,45.21,24.95,35.44
2026-05-21 17:18:24,ROLL,0.0482,0.04662199449901768,39.02,24.95,35.44
2026-05-21 17:18:24,PITCH,0.2065,0.20278462278978387,43.19,24.95,35.44
2026-05-21 17:18:24,TWIST,2.8472,0.592148237956778,35.55,24.95,35.44
2026-05-21 17:18:24,YAW,0.0961,0.09506763300589392,45.24,24.95,35.44
2026-05-21 17:18:24,J1,1.8509,0.385562033540275,41.62,24.95,35.44
2026-05-21 17:18:24,ELBOW,0.2047,0.042548966129666015,35.4,24.95,35.44
2026-05-21 17:18:24,J2,0.3412,0.07245119899410611,41.22,24.95,35.44
2026-05-21 17:18:28,ROLL,0.0543,0.052526128880157175,39.04,24.95,35.44
2026-05-21 17:18:28,PITCH,0.1117,0.10970607819253439,43.23,24.95,35.44
2026-05-21 17:18:28,TWIST,1.2003,0.24967013474263264,35.59,24.95,35.44
2026-05-21 17:18:28,YAW,0.0444,0.043929307662082515,45.28,24.95,35.44
2026-05-21 17:18:28,J1,3.6971,0.7702286824361492,41.65,24.95,35.44
2026-05-21 17:18:28,ELBOW,0.1505,0.03128410679764243,35.41,24.95,35.44
2026-05-21 17:18:28,J2,0.383,0.0813153093909627,41.18,24.95,35.44
2026-05-21 17:18:32,ELBOW,0.1394,0.028978921147347743,35.43,24.95,35.44
2026-05-21 17:18:32,J1,3.0023,0.6254561234734773,41.64,24.95,35.44
2026-05-21 17:18:32,J2,1.5482,0.3286768375324165,41.16,24.95,35.44
2026-05-21 17:18:32,TWIST,2.0346,0.4232255801964638,35.6,24.95,35.44
2026-05-21 17:18:32,PITCH,0.0197,0.019350431434184676,43.26,24.95,35.44
2026-05-21 17:18:32,ROLL,0.0035,0.0033859096267190567,39.06,24.95,35.44
2026-05-21 17:18:32,YAW,0.0288,0.02849774145383104,45.31,24.95,35.44
2026-05-21 17:18:36,PITCH,0.0473,0.046464025933202355,43.28,24.95,35.44
2026-05-21 17:18:36,ROLL,0.0539,0.05214491434184676,39.07,24.95,35.44
2026-05-21 17:18:36,TWIST,2.2483,0.4677128330687623,35.62,24.95,35.44
2026-05-21 17:18:36,YAW,0.0638,0.06313943811394893,45.35,24.95,35.44
2026-05-21 17:18:36,J1,2.1856,0.4553825129115913,41.68,24.95,35.44
2026-05-21 17:18:36,J2,0.2512,0.0533229790805501,41.13,24.95,35.44
2026-05-21 17:18:36,ELBOW,0.3523,0.07323997230648331,35.44,24.95,35.44
2026-05-21 17:18:40,ELBOW,0.7881,0.16384490616895872,35.45,24.95,35.44
2026-05-21 17:18:40,J1,2.9686,0.6185027359685659,41.67,24.95,35.44
2026-05-21 17:18:40,J2,0.1112,0.023603045469548136,41.11,24.95,35.44
2026-05-21 17:18:40,TWIST,1.1174,0.23246082260117876,35.63,24.95,35.44
2026-05-21 17:18:40,PITCH,0.1543,0.15159474813359528,43.32,24.95,35.44
2026-05-21 17:18:40,ROLL,0.0988,0.09559336738703342,39.1,24.95,35.44
2026-05-21 17:18:40,YAW,0.1478,0.14628541296660116,45.38,24.95,35.44
2026-05-21 17:18:44,YAW,0.098,0.09700613752455794,45.41,24.99,35.39
2026-05-21 17:18:44,ROLL,0.0203,0.019642583104125734,39.12,24.99,35.39
2026-05-21 17:18:44,PITCH,0.1065,0.10464409626719058,43.35,24.99,35.39
2026-05-21 17:18:44,ELBOW,0.4485,0.09324944133595288,35.47,24.99,35.39
2026-05-21 17:18:44,J2,0.1502,0.031878778499017685,41.09,24.99,35.39
2026-05-21 17:18:44,J1,2.587,0.5390750956385069,41.71,24.99,35.39
2026-05-21 17:18:44,TWIST,1.5578,0.32409242448722986,35.64,24.99,35.39
2026-05-21 17:18:48,YAW,0.0491,0.048609,45.45,24.99,35.39
2026-05-21 17:18:48,ROLL,0.0273,0.026417818467583495,39.14,24.99,35.39
2026-05-21 17:18:48,PITCH,0.0851,0.08362905736738702,43.39,24.99,35.39
2026-05-21 17:18:48,ELBOW,0.8649,0.17983816422789786,35.49,24.99,35.39
2026-05-21 17:18:48,J2,0.1195,0.025362022632612963,41.08,24.99,35.39
2026-05-21 17:18:48,J1,3.531,0.7356778146954814,41.67,24.99,35.39
2026-05-21 17:18:48,TWIST,2.3503,0.4890042491473477,35.66,24.99,35.39
2026-05-21 17:18:52,ELBOW,0.3408,0.07086497445972495,35.5,24.99,35.39
2026-05-21 17:18:52,J1,2.355,0.4907490577603144,41.72,24.99,35.39
2026-05-21 17:18:52,J2,0.2415,0.05125091174852652,41.06,24.99,35.39
2026-05-21 17:18:52,TWIST,3.0183,0.6280583005579568,35.69,24.99,35.39
2026-05-21 17:18:52,PITCH,0.02,0.019656424361493126,43.42,24.99,35.39
2026-05-21 17:18:52,ROLL,0.0227,0.021968872691552066,39.17,24.99,35.39
2026-05-21 17:18:52,YAW,0.1862,0.18435775402750496,45.48,24.99,35.39
2026-05-21 17:18:56,PITCH,0.0677,0.06654417878192534,43.45,24.99,35.39
2026-05-21 17:18:56,ROLL,0.0564,0.05458544911591355,39.18,24.99,35.39
2026-05-21 17:18:56,YAW,0.1324,0.13110877485265224,45.52,24.99,35.39
2026-05-21 17:18:56,TWIST,2.2451,0.46722004209037327,35.72,24.99,35.39
2026-05-21 17:18:56,J1,2.2977,0.47882587360314344,41.73,24.99,35.39
2026-05-21 17:18:56,ELBOW,0.4562,0.0948644328172888,35.51,24.99,35.39
2026-05-21 17:18:56,J2,3.0219,0.6413514325815324,41.08,24.99,35.39
2026-05-21 17:19:00,ELBOW,0.1575,0.03275373713163065,35.53,24.99,35.39
2026-05-21 17:19:00,J1,2.6419,0.5505748666090374,41.74,24.99,35.39
2026-05-21 17:19:00,J2,0.6003,0.12741361603143417,41.1,24.99,35.39
2026-05-21 17:19:00,TWIST,2.5735,0.5356018759921415,35.74,24.99,35.39
2026-05-21 17:19:00,PITCH,0.0121,0.011894704125736741,43.48,24.99,35.39
2026-05-21 17:19:00,ROLL,0.2592,0.25088828605108054,39.21,24.99,35.39
2026-05-21 17:19:00,YAW,0.0049,0.004852732809430256,45.55,24.99,35.39
2026-05-21 17:19:04,ROLL,0.0515,0.04985220235756385,39.23,24.99,35.39
2026-05-21 17:19:04,PITCH,0.1148,0.1128603536345776,43.5,24.99,35.39
2026-05-21 17:19:04,TWIST,2.9255,0.6088833379174853,35.75,24.99,35.39
2026-05-21 17:19:04,YAW,0.0887,0.08785377760314342,45.58,24.99,35.39
2026-05-21 17:19:04,J1,2.669,0.5562024009430256,41.73,24.99,35.39
2026-05-21 17:19:04,ELBOW,0.2263,0.047063144172888025,35.54,24.99,35.39
2026-05-21 17:19:04,J2,0.5171,0.10975442420432222,41.1,24.99,35.39
2026-05-21 17:19:08,ROLL,0.2086,0.20194775009823185,39.26,24.99,35.39
2026-05-21 17:19:08,PITCH,0.1549,0.15230474027504912,43.54,24.99,35.39
2026-05-21 17:19:08,TWIST,3.294,0.6856044881728881,35.76,24.99,35.39
2026-05-21 17:19:08,YAW,0.0603,0.0597332510805501,45.62,24.99,35.39
2026-05-21 17:19:08,J1,2.538,0.5289411394891944,41.75,24.99,35.39
2026-05-21 17:19:08,ELBOW,0.5045,0.10492759497053045,35.56,24.99,35.39
2026-05-21 17:19:08,J2,0.3477,0.07379929084479372,41.1,24.99,35.39
2026-05-21 17:19:12,ELBOW,0.4453,0.0926184106719057,35.57,24.99,35.39
2026-05-21 17:19:12,J1,6.0227,1.2552736155913555,41.77,24.99,35.39
2026-05-21 17:19:12,J2,3.9545,0.8393117814538312,41.09,24.99,35.39
2026-05-21 17:19:12,TWIST,0.6868,0.14296461183497053,35.79,24.99,35.39
2026-05-21 17:19:12,PITCH,0.1064,0.10462861768172887,43.57,24.99,35.39
2026-05-21 17:19:12,ROLL,0.0368,0.035629051473477405,39.28,24.99,35.39
2026-05-21 17:19:12,YAW,0.4701,0.46574811159135554,45.66,24.99,35.39
2026-05-21 17:19:16,PITCH,0.0405,0.03983147151277014,43.61,24.99,35.39
2026-05-21 17:19:16,YAW,0.0264,0.026159339882121806,45.7,24.99,35.39
2026-05-21 17:19:16,TWIST,0.3243,0.06750644091159136,35.79,24.99,35.39
2026-05-21 17:19:16,ROLL,0.1378,0.133429926129666,39.31,24.99,35.39
2026-05-21 17:19:16,J1,4.2975,0.8957982554027506,41.8,24.99,35.39
2026-05-21 17:19:16,J2,3.4215,0.7263447901768173,41.15,24.99,35.39
2026-05-21 17:19:16,ELBOW,1.7465,0.3632967049115914,35.6,24.99,35.39
2026-05-21 17:19:20,ELBOW,1.6485,0.34293671009823185,35.62,24.99,35.39
2026-05-21 17:19:20,J1,4.8685,1.0148945879764244,41.82,24.99,35.39
2026-05-21 17:19:20,J2,1.8938,0.4020609580196464,41.17,24.99,35.39
2026-05-21 17:19:20,TWIST,0.4528,0.09425506150098233,35.79,24.99,35.39
2026-05-21 17:19:20,PITCH,0.1063,0.10456035559921414,43.65,24.99,35.39
2026-05-21 17:19:20,ROLL,0.1486,0.14390844400785857,39.35,24.99,35.39
2026-05-21 17:19:20,YAW,0.1328,0.13160819174852653,45.74,24.99,35.39
2026-05-21 17:19:24,YAW,0.2202,0.2182549721021611,45.78,24.99,35.39
2026-05-21 17:19:24,ROLL,0.1362,0.13191919921414536,39.39,24.99,35.39
2026-05-21 17:19:24,PITCH,0.1976,0.19438715599214146,43.68,24.99,35.39
2026-05-21 17:19:24,ELBOW,1.7172,0.3572812392612966,35.66,24.99,35.39
2026-05-21 17:19:24,J2,0.3259,0.06919232201178784,41.18,24.99,35.39
2026-05-21 17:19:24,J1,3.3321,0.6947149624833006,41.86,24.99,35.39
2026-05-21 17:19:24,TWIST,0.3803,0.07916049848330058,35.78,24.99,35.39
2026-05-21 17:19:28,YAW,0.1783,0.17675029626719058,45.82,24.99,35.39
2026-05-21 17:19:28,ROLL,0.1607,0.15566620667976425,39.42,24.99,35.39
2026-05-21 17:19:28,PITCH,0.0976,0.09602344361493123,43.71,24.99,35.39
2026-05-21 17:19:28,ELBOW,1.1495,0.23918308196463656,35.68,24.99,35.39
2026-05-21 17:19:28,J2,20.884,4.434396139253439,41.21,24.99,35.39
2026-05-21 17:19:28,J1,0.9418,0.19635031261296662,41.85,24.99,35.39
2026-05-21 17:19:28,TWIST,1.605,0.33408519607072695,35.78,24.99,35.39
2026-05-21 17:19:32,ELBOW,1.3241,0.2755335038113949,35.7,24.99,35.39
2026-05-21 17:19:32,J1,1.755,0.36595577210216107,41.9,24.99,35.39
2026-05-21 17:19:32,J2,3.5041,0.7442306357878192,41.28,24.99,35.39
2026-05-21 17:19:32,TWIST,1.0761,0.22400148339489195,35.79,24.99,35.39
2026-05-21 17:19:32,PITCH,0.1884,0.1853767166994106,43.74,24.99,35.39
2026-05-21 17:19:32,ROLL,0.1158,0.11218085186640472,39.44,24.99,35.39
2026-05-21 17:19:32,YAW,0.0958,0.09497412495088411,45.84,24.99,35.39
2026-05-21 17:19:36,PITCH,0.0998,0.09821261139489193,43.78,24.99,35.39
2026-05-21 17:19:36,ROLL,0.1198,0.11606854774066798,39.47,24.99,35.39
2026-05-21 17:19:36,YAW,0.1315,0.13038496267190572,45.88,24.99,35.39
2026-05-21 17:19:36,TWIST,0.5252,0.10932587963850689,35.79,24.99,35.39
2026-05-21 17:19:36,J1,4.3134,0.8994054231512769,41.89,24.99,35.39
2026-05-21 17:19:36,ELBOW,1.6132,0.33571750563457764,35.72,24.99,35.39
2026-05-21 17:19:36,J2,0.0628,0.013339934051080549,41.32,24.99,35.39
2026-05-21 17:19:40,ELBOW,0.5422,0.11284372922593322,35.74,24.99,35.39
2026-05-21 17:19:40,J1,2.575,0.536982506876228,41.92,24.99,35.39
2026-05-21 17:19:40,J2,0.4249,0.09025697417681729,41.32,24.99,35.39
2026-05-21 17:19:40,TWIST,1.3637,0.28387893736738706,35.8,24.99,35.39
2026-05-21 17:19:40,PITCH,0.0534,0.052556300982318276,43.81,24.99,35.39
2026-05-21 17:19:40,ROLL,0.004,0.003875834970530452,39.5,24.99,35.39
2026-05-21 17:19:40,YAW,0.0762,0.07556195599214144,45.91,24.99,35.39
2026-05-21 17:19:44,ROLL,0.068,0.06589400392927308,39.52,25.03,35.35
2026-05-21 17:19:44,PITCH,0.0433,0.04262047072691552,43.84,25.03,35.35
2026-05-21 17:19:44,TWIST,1.0747,0.22373488873870334,35.82,25.03,35.35
2026-05-21 17:19:44,YAW,0.0889,0.0881681905697446,45.95,25.03,35.35
2026-05-21 17:19:44,J1,2.6666,0.5561247212888015,41.94,25.03,35.35
2026-05-21 17:19:44,ELBOW,0.695,0.1446554703339882,35.76,25.03,35.35
2026-05-21 17:19:44,J2,0.0637,0.013530130294695485,41.3,25.03,35.35
2026-05-21 17:19:48,ROLL,0.0843,0.08169514656188606,39.54,25.03,35.35
2026-05-21 17:19:48,PITCH,0.1505,0.1481540923379175,43.87,25.03,35.35
2026-05-21 17:19:48,TWIST,0.5743,0.11955982748919451,35.82,25.03,35.35
2026-05-21 17:19:48,YAW,0.1701,0.16871781218074658,45.98,25.03,35.35
2026-05-21 17:19:48,J1,5.1124,1.0661625954577605,41.93,25.03,35.35
2026-05-21 17:19:48,ELBOW,0.595,0.1238508982318271,35.78,25.03,35.35
2026-05-21 17:19:48,J2,0.1437,0.03052023126129666,41.28,25.03,35.35
2026-05-21 17:19:52,ELBOW,0.2776,0.057785346891945,35.79,25.03,35.35
2026-05-21 17:19:52,J1,3.1179,0.6502912759449903,41.96,25.03,35.35
2026-05-21 17:19:52,J2,0.2163,0.0459363066719057,41.26,25.03,35.35
2026-05-21 17:19:52,TWIST,2.1698,0.45173343286444007,35.83,25.03,35.35
2026-05-21 17:19:52,PITCH,0.1139,0.11213264793713162,43.89,25.03,35.35
2026-05-21 17:19:52,ROLL,0.1007,0.09759551198428291,39.56,25.03,35.35
2026-05-21 17:19:52,YAW,0.2097,0.2080108644400786,46.0,25.03,35.35
2026-05-21 17:19:56,YAW,0.0351,0.03482223418467584,46.04,25.03,35.35
2026-05-21 17:19:56,ROLL,0.0393,0.038091196856581536,39.58,25.03,35.35
2026-05-21 17:19:56,PITCH,0.0771,0.07591456856581534,43.93,25.03,35.35
2026-05-21 17:19:56,J1,2.8422,0.5927678918664047,41.95,25.03,35.35
2026-05-21 17:19:56,J2,0.1911,0.04058303222003929,41.25,25.03,35.35
2026-05-21 17:19:56,ELBOW,0.295,0.06141188290766208,35.81,25.03,35.35
2026-05-21 17:19:56,TWIST,3.0004,0.6247033219646366,35.85,25.03,35.35
2026-05-21 17:20:00,ELBOW,0.1698,0.03534957114341847,35.82,25.03,35.35
2026-05-21 17:20:00,J1,1.9359,0.4038088104990177,41.99,25.03,35.35
2026-05-21 17:20:00,J2,0.0685,0.014545976345776035,41.23,25.03,35.35
2026-05-21 17:20:00,TWIST,2.7362,0.5697794071827113,35.89,25.03,35.35
2026-05-21 17:20:00,PITCH,0.0676,0.066567805108055,43.96,25.03,35.35
2026-05-21 17:20:00,ROLL,0.0765,0.07415239685658152,39.6,25.03,35.35
2026-05-21 17:20:00,YAW,0.1142,0.11331242593320234,46.08,25.03,35.35
2026-05-21 17:20:04,ROLL,0.0747,0.07241555952848723,39.63,25.03,35.35
2026-05-21 17:20:04,PITCH,0.1216,0.11976047151277013,44.0,25.03,35.35
2026-05-21 17:20:04,TWIST,1.4021,0.2920021723850688,35.92,25.03,35.35
2026-05-21 17:20:04,YAW,0.1358,0.13475895559921416,46.11,25.03,35.35
2026-05-21 17:20:04,J1,2.4121,0.5031028334145383,41.97,25.03,35.35
2026-05-21 17:20:04,ELBOW,1.2866,0.2678588970058939,35.83,25.03,35.35
2026-05-21 17:20:04,J2,168.4375,35.83386365422397,41.74,25.03,35.35
2026-05-21 17:20:08,ROLL,0.0723,0.07009406876227897,39.65,25.03,35.35
2026-05-21 17:20:08,PITCH,0.0299,0.029451911198428292,44.04,25.03,35.35
2026-05-21 17:20:08,TWIST,0.2545,0.053002320000000006,35.92,25.03,35.35
2026-05-21 17:20:08,YAW,0.0324,0.032156204322200385,46.15,25.03,35.35
2026-05-21 17:20:08,J1,0.8693,0.1813401471748526,42.01,25.03,35.35
2026-05-21 17:20:08,ELBOW,1.6975,0.35343083889980353,35.85,25.03,35.35
2026-05-21 17:20:08,J2,100.8921,21.561192811332027,42.99,25.03,35.35
2026-05-21 17:20:12,ELBOW,1.499,0.31212490168958745,35.87,25.03,35.35
2026-05-21 17:20:12,J1,2.1268,0.44364463025540274,42.0,25.03,35.35
2026-05-21 17:20:12,J2,1.4185,0.30374203944990186,43.54,25.03,35.35
2026-05-21 17:20:12,TWIST,0.6052,0.1260393086994106,35.92,25.03,35.35
2026-05-21 17:20:12,PITCH,0.1328,0.13082391512770136,44.07,25.03,35.35
2026-05-21 17:20:12,ROLL,0.1141,0.11062678703339882,39.67,25.03,35.35
2026-05-21 17:20:12,YAW,0.1181,0.117223878978389,46.18,25.03,35.35
2026-05-21 17:20:16,YAW,0.1739,0.1726283776031434,46.21,25.03,35.35
2026-05-21 17:20:16,ROLL,0.0734,0.07117088958742633,39.69,25.03,35.35
2026-05-21 17:20:16,PITCH,0.1562,0.15389229076620828,44.1,25.03,35.35
2026-05-21 17:20:16,J1,1.4443,0.3012443191827112,41.97,25.03,35.35
2026-05-21 17:20:16,J2,28.5486,6.119020549060903,43.81,25.03,35.35
2026-05-21 17:20:16,ELBOW,0.8574,0.17854281986640472,35.89,25.03,35.35
2026-05-21 17:20:16,TWIST,0.3136,0.06530810568172889,35.91,25.03,35.35
2026-05-21 17:20:20,ELBOW,1.1933,0.2485081712691552,35.91,25.03,35.35
2026-05-21 17:20:20,J1,7.5777,1.5807445453202356,42.01,25.03,35.35
2026-05-21 17:20:20,J2,233.0064,50.15542870255403,45.0,25.03,35.35
2026-05-21 17:20:20,TWIST,0.1887,0.039297319968565815,35.91,25.03,35.35
2026-05-21 17:20:20,PITCH,0.0896,0.0882857493123772,44.13,25.03,35.35
2026-05-21 17:20:20,ROLL,0.0241,0.023369803143418466,39.71,25.03,35.35
2026-05-21 17:20:20,YAW,0.0912,0.09054278664047152,46.24,25.03,35.35
2026-05-21 17:20:24,YAW,0.1161,0.11527566719056972,46.27,25.03,35.35
2026-05-21 17:20:24,PITCH,0.0786,0.07745821532416505,44.17,25.03,35.35
2026-05-21 17:20:24,TWIST,0.2096,0.0436498053280943,35.91,25.03,35.35
2026-05-21 17:20:24,ROLL,0.0877,0.08505211473477407,39.74,25.03,35.35
2026-05-21 17:20:24,J1,3.9322,0.8203944311198429,42.05,25.03,35.35
2026-05-21 17:20:24,ELBOW,1.1001,0.22913289123772104,35.95,25.03,35.35
2026-05-21 17:20:24,J2,0.3111,0.06730556209037328,46.42,25.03,35.35
2026-05-21 17:20:28,YAW,0.102,0.10129020825147346,46.31,25.03,35.35
2026-05-21 17:20:28,PITCH,0.0822,0.08101464047151277,44.2,25.03,35.35
2026-05-21 17:20:28,TWIST,1.1192,0.23307663226719055,35.91,25.03,35.35
2026-05-21 17:20:28,ROLL,0.0266,0.02579875992141454,39.76,25.03,35.35
2026-05-21 17:20:28,J1,3.9287,0.8197234865540275,42.07,25.03,35.35
2026-05-21 17:20:28,ELBOW,0.6232,0.1298119967937132,35.97,25.03,35.35
2026-05-21 17:20:28,J2,0.3588,0.07765294811787819,46.52,25.03,35.35
2026-05-21 17:20:32,ROLL,0.1093,0.10601541689587425,39.78,25.03,35.35
2026-05-21 17:20:32,ELBOW,0.8136,0.16947841056188606,35.98,25.03,35.35
2026-05-21 17:20:32,J1,5.9386,1.239134042027505,42.08,25.03,35.35
2026-05-21 17:20:32,J2,0.7066,0.1527946287151277,46.28,25.03,35.35
2026-05-21 17:20:32,TWIST,2.0373,0.4242892987662083,35.92,25.03,35.35
2026-05-21 17:20:32,PITCH,0.0951,0.09373534302554029,44.22,25.03,35.35
2026-05-21 17:20:32,YAW,0.4817,0.47841611198428297,46.35,25.03,35.35
2026-05-21 17:20:36,ROLL,0.0755,0.0732391532416503,39.81,25.03,35.35
2026-05-21 17:20:36,YAW,0.1542,0.15317603929273085,46.4,25.03,35.35
2026-05-21 17:20:36,TWIST,1.0652,0.2218555868290766,35.94,25.03,35.35
2026-05-21 17:20:36,PITCH,0.0543,0.0535265717092338,44.25,25.03,35.35
2026-05-21 17:20:36,J2,0.2357,0.05088952856581533,45.85,25.03,35.35
2026-05-21 17:20:36,J1,3.9702,0.828352512,42.06,25.03,35.35
2026-05-21 17:20:36,ELBOW,0.8491,0.1768863803536346,36.0,25.03,35.35
2026-05-21 17:20:40,ELBOW,1.4677,0.3057657968251474,36.01,25.03,35.35
2026-05-21 17:20:40,J1,3.8072,0.7944012266876228,42.08,25.03,35.35
2026-05-21 17:20:40,J2,0.0519,0.011186842090373282,45.38,25.03,35.35
2026-05-21 17:20:40,TWIST,0.7554,0.15733750208251474,35.95,25.03,35.35
2026-05-21 17:20:40,PITCH,0.2647,0.2609577972495088,44.28,25.03,35.35
2026-05-21 17:20:40,ROLL,0.0631,0.061214933988212185,39.83,25.03,35.35
2026-05-21 17:20:40,YAW,0.1993,0.1979976978388998,46.43,25.03,35.35
2026-05-21 17:20:44,YAW,0.1353,0.134435036935167,46.47,25.13,35.31
2026-05-21 17:20:44,ROLL,0.0309,0.029979070726915524,39.85,25.13,35.31
2026-05-21 17:20:44,PITCH,0.0476,0.046932103732809434,44.31,25.13,35.31
2026-05-21 17:20:44,TWIST,2.6852,0.5593040535638507,35.96,25.13,35.31
2026-05-21 17:20:44,J2,0.2143,0.04612055976424362,44.95,25.13,35.31
2026-05-21 17:20:44,J1,2.6776,0.5587419988998036,42.1,25.13,35.31
2026-05-21 17:20:44,ELBOW,0.441,0.09188027929273083,36.03,25.13,35.31
2026-05-21 17:20:48,ELBOW,0.6892,0.14359689166208253,36.04,25.13,35.31
2026-05-21 17:20:48,J1,3.3443,0.6979145425225934,42.12,25.13,35.31
2026-05-21 17:20:48,J2,0.7138,0.15342801445972495,44.6,25.13,35.31
2026-05-21 17:20:48,TWIST,1.0136,0.21114757620432223,35.99,25.13,35.31
2026-05-21 17:20:48,PITCH,0.0323,0.03185021139489195,44.34,25.13,35.31
2026-05-21 17:20:48,ROLL,0.0925,0.08974971512770138,39.87,25.13,35.31
2026-05-21 17:20:48,YAW,0.0659,0.06548569744597249,46.5,25.13,35.31
2026-05-21 17:20:52,ROLL,0.0133,0.012905494302554027,39.89,25.13,35.31
2026-05-21 17:20:52,PITCH,0.154,0.15186638899803537,44.36,25.13,35.31
2026-05-21 17:20:52,TWIST,0.7172,0.14940868212180747,36.0,25.13,35.31
2026-05-21 17:20:52,YAW,0.0244,0.024249189783889978,46.53,25.13,35.31
2026-05-21 17:20:52,J1,1.666,0.3476864100589391,42.13,25.13,35.31
2026-05-21 17:20:52,ELBOW,0.2188,0.04558932275049116,36.05,25.13,35.31
2026-05-21 17:20:52,J2,7.4892,1.6082116803772102,44.33,25.13,35.31
2026-05-21 17:20:56,ELBOW,0.9978,0.20791768257760315,36.07,25.13,35.31
2026-05-21 17:20:56,J1,1.1964,0.2496650340589391,42.11,25.13,35.31
2026-05-21 17:20:56,J2,7.2182,1.5488504411159136,44.12,25.13,35.31
2026-05-21 17:20:56,TWIST,0.9125,0.19010103536345777,36.01,25.13,35.31
2026-05-21 17:20:56,PITCH,0.0236,0.023276369351669938,44.4,25.13,35.31
2026-05-21 17:20:56,ROLL,0.0382,0.037069610216110015,39.91,25.13,35.31
2026-05-21 17:20:56,YAW,0.1146,0.11389979174852653,46.55,25.13,35.31
2026-05-21 17:21:00,ROLL,0.0875,0.08491694499017682,39.93,25.13,35.31
2026-05-21 17:21:00,PITCH,0.1248,0.12310183732809431,44.43,25.13,35.31
2026-05-21 17:21:00,TWIST,0.2283,0.04756347479764244,36.02,25.13,35.31
2026-05-21 17:21:00,YAW,0.41,0.40753838899803535,46.58,25.13,35.31
2026-05-21 17:21:00,J1,1.0713,0.2235348902475442,42.08,25.13,35.31
2026-05-21 17:21:00,ELBOW,1.7781,0.37052725504125733,36.08,25.13,35.31
2026-05-21 17:21:00,J2,84.9165,18.22886656644401,44.24,25.13,35.31
2026-05-21 17:21:04,ROLL,0.0916,0.08890238899803536,39.95,25.13,35.31
2026-05-21 17:21:04,PITCH,0.1767,0.17431437642436148,44.46,25.13,35.31
2026-05-21 17:21:04,TWIST,3.5692,0.7436260608880157,36.03,25.13,35.31
2026-05-21 17:21:04,YAW,0.2515,0.2500166935166994,46.61,25.13,35.31
2026-05-21 17:21:04,J1,3.186,0.6648552311198429,42.11,25.13,35.31
2026-05-21 17:21:04,ELBOW,0.2389,0.04978657225933203,36.1,25.13,35.31
2026-05-21 17:21:04,J2,0.155,0.03334518349705305,44.84,25.13,35.31
2026-05-21 17:21:08,ELBOW,0.1339,0.02790568598821218,36.11,25.13,35.31
2026-05-21 17:21:08,J1,3.3366,0.6963831625933201,42.15,25.13,35.31
2026-05-21 17:21:08,J2,0.1822,0.03920233813752456,44.88,25.13,35.31
2026-05-21 17:21:08,TWIST,2.8242,0.5884740596935166,36.06,25.13,35.31
2026-05-21 17:21:08,PITCH,0.0464,0.045778477013752455,44.49,25.13,35.31
2026-05-21 17:21:08,ROLL,0.0327,0.03173814459724951,39.96,25.13,35.31
2026-05-21 17:21:08,YAW,0.1244,0.12367950648330059,46.64,25.13,35.31
2026-05-21 17:21:12,PITCH,0.1304,0.1286671402750491,44.52,25.13,35.31
2026-05-21 17:21:12,ROLL,0.1938,0.1881200227897839,39.99,25.13,35.31
2026-05-21 17:21:12,TWIST,0.4984,0.10385465323379175,36.07,25.13,35.31
2026-05-21 17:21:12,YAW,0.1736,0.17261296974459728,46.67,25.13,35.31
2026-05-21 17:21:12,J1,4.5064,0.9405666004243615,42.16,25.13,35.31
2026-05-21 17:21:12,J2,36.4632,7.84433609606287,44.84,25.13,35.31
2026-05-21 17:21:12,ELBOW,1.144,0.23842632172888015,36.12,25.13,35.31
2026-05-21 17:21:16,ELBOW,0.8993,0.18744111666797642,36.14,25.13,35.31
2026-05-21 17:21:16,J1,5.1454,1.073937374805501,42.16,25.13,35.31
2026-05-21 17:21:16,J2,0.3245,0.06982225060903734,44.89,25.13,35.31
2026-05-21 17:21:16,TWIST,1.0945,0.22807608157170925,36.08,25.13,35.31
2026-05-21 17:21:16,PITCH,0.1443,0.1423977347740668,44.55,25.13,35.31
2026-05-21 17:21:16,ROLL,0.3245,0.3150123595284873,40.01,25.13,35.31
2026-05-21 17:21:16,YAW,0.123,0.12231371316306483,46.7,25.13,35.31
2026-05-21 17:21:20,YAW,0.1029,0.10233677917485268,46.73,25.13,35.31
2026-05-21 17:21:20,ROLL,0.0292,0.028349356385068768,40.04,25.13,35.31
2026-05-21 17:21:20,PITCH,0.0564,0.05566247858546169,44.58,25.13,35.31
2026-05-21 17:21:20,ELBOW,1.1147,0.2323626970687623,36.17,25.13,35.31
2026-05-21 17:21:20,J2,0.0365,0.007848598585461688,44.71,25.13,35.31
2026-05-21 17:21:20,J1,3.0211,0.6306261946090373,42.19,25.13,35.31
2026-05-21 17:21:20,TWIST,1.6806,0.3502227763614932,36.09,25.13,35.31
2026-05-21 17:21:24,YAW,0.0478,0.04754343889980354,46.76,25.13,35.31
2026-05-21 17:21:24,ROLL,0.0919,0.0892293029469548,40.06,25.13,35.31
2026-05-21 17:21:24,PITCH,0.06,0.059221768172888024,44.61,25.13,35.31
2026-05-21 17:21:24,ELBOW,0.5195,0.10829939952848722,36.19,25.13,35.31
2026-05-21 17:21:24,J2,0.1093,0.023481745728880156,44.46,25.13,35.31
2026-05-21 17:21:24,J1,2.7156,0.5668559445500981,42.19,25.13,35.31
2026-05-21 17:21:24,TWIST,2.6547,0.5532373937917486,36.1,25.13,35.31
2026-05-21 17:21:28,ELBOW,0.4901,0.10217419929273083,36.2,25.13,35.31
2026-05-21 17:21:28,J1,3.7162,0.7757778498388999,42.21,25.13,35.31
2026-05-21 17:21:28,J2,0.1602,0.03438736748133595,44.22,25.13,35.31
2026-05-21 17:21:28,TWIST,1.3932,0.29037397381532415,36.13,25.13,35.31
2026-05-21 17:21:28,PITCH,0.0141,0.013918611394891945,44.64,25.13,35.31
2026-05-21 17:21:28,ROLL,0.1554,0.15089492652259331,40.08,25.13,35.31
2026-05-21 17:21:28,YAW,0.1077,0.1071333583497053,46.79,25.13,35.31
2026-05-21 17:21:32,PITCH,0.1287,0.12705344911591357,44.66,25.13,35.31
2026-05-21 17:21:32,ROLL,0.1689,0.1640214777996071,40.11,25.13,35.31
2026-05-21 17:21:32,YAW,0.0881,0.08764271080550098,46.81,25.13,35.31
2026-05-21 17:21:32,TWIST,1.6142,0.33644773771316305,36.14,25.13,35.31
2026-05-21 17:21:32,J1,3.6845,0.7690769049901768,42.18,25.13,35.31
2026-05-21 17:21:32,ELBOW,0.6247,0.13023991061689588,36.21,25.13,35.31
2026-05-21 17:21:32,J2,0.1657,0.03554371126129665,44.03,25.13,35.31
2026-05-21 17:21:36,ELBOW,1.1764,0.2452695542946955,36.22,25.13,35.31
2026-05-21 17:21:36,J1,2.4857,0.5188852356777995,42.2,25.13,35.31
2026-05-21 17:21:36,J2,6.2176,1.3327094564715127,43.82,25.13,35.31
2026-05-21 17:21:36,TWIST,1.5546,0.3240492536581532,36.16,25.13,35.31
2026-05-21 17:21:36,PITCH,0.5616,0.5544547709233791,44.68,25.13,35.31
2026-05-21 17:21:36,ROLL,0.137,0.13305256974459725,40.13,25.13,35.31
2026-05-21 17:21:36,YAW,0.0945,0.09401951669941062,46.84,25.13,35.31
2026-05-21 17:21:40,ROLL,0.0479,0.046523227897838894,40.15,25.13,35.31
2026-05-21 17:21:40,PITCH,0.0387,0.03821309469548134,44.72,25.13,35.31
2026-05-21 17:21:40,TWIST,3.1515,0.6569642904518664,36.18,25.13,35.31
2026-05-21 17:21:40,YAW,0.1107,0.1101488923379175,46.87,25.13,35.31
2026-05-21 17:21:40,J1,3.8371,0.8009874634184676,42.2,25.13,35.31
2026-05-21 17:21:40,ELBOW,0.2358,0.04916414249115914,36.23,25.13,35.31
2026-05-21 17:21:40,J2,0.4154,0.08898759192141453,43.66,25.13,35.31
2026-05-21 17:21:44,ROLL,0.0402,0.039047389390962674,40.17,25.04,35.27
2026-05-21 17:21:44,PITCH,0.2002,0.19770949626719056,44.76,25.04,35.27
2026-05-21 17:21:44,TWIST,0.9551,0.19910828968172886,36.19,25.04,35.27
2026-05-21 17:21:44,YAW,0.2943,0.29287648998035365,46.91,25.04,35.27
2026-05-21 17:21:44,J1,2.2094,0.46130813535559917,42.26,25.04,35.27
2026-05-21 17:21:44,ELBOW,2.3104,0.481752443222004,36.25,25.04,35.27
2026-05-21 17:21:44,J2,3.4811,0.7452973548133595,43.5,25.04,35.27
2026-05-21 17:21:48,ELBOW,0.806,0.1680752908447937,36.27,25.04,35.27
2026-05-21 17:21:48,J1,1.2164,0.2539762903261296,42.26,25.04,35.27
2026-05-21 17:21:48,J2,4.2091,0.9008691248565815,43.41,25.04,35.27
2026-05-21 17:21:48,TWIST,1.1723,0.24439668196463651,36.2,25.04,35.27
2026-05-21 17:21:48,PITCH,0.0893,0.08819541689587426,44.78,25.04,35.27
2026-05-21 17:21:48,ROLL,0.0374,0.03632899332023576,40.18,25.04,35.27
2026-05-21 17:21:48,YAW,0.0696,0.06927073320235756,46.94,25.04,35.27
2026-05-21 17:21:52,PITCH,0.0228,0.022519591355599215,44.8,25.04,35.27
2026-05-21 17:21:52,ROLL,0.0306,0.029725886051080546,40.2,25.04,35.27
2026-05-21 17:21:52,TWIST,0.6965,0.1452036927308448,36.2,25.04,35.27
2026-05-21 17:21:52,YAW,0.0475,0.04728032416502948,46.97,25.04,35.27
2026-05-21 17:21:52,J1,1.1535,0.24084318554027503,42.26,25.04,35.27
2026-05-21 17:21:52,J2,61.1782,13.09390403988998,43.41,25.04,35.27
2026-05-21 17:21:52,ELBOW,0.9262,0.1931548794027505,36.29,25.04,35.27
2026-05-21 17:21:56,ELBOW,0.4823,0.10058894282121808,36.31,25.04,35.27
2026-05-21 17:21:56,J1,2.4122,0.5036150403772103,42.24,25.04,35.27
2026-05-21 17:21:56,J2,4.2046,0.9010393368015718,43.76,25.04,35.27
2026-05-21 17:21:56,TWIST,1.6415,0.34222636990176813,36.21,25.04,35.27
2026-05-21 17:21:56,PITCH,0.0708,0.06993676856581532,44.83,25.04,35.27
2026-05-21 17:21:56,ROLL,0.0207,0.020110151669941064,40.22,25.04,35.27
2026-05-21 17:21:56,YAW,0.0925,0.09208202357563851,47.0,25.04,35.27
2026-05-21 17:22:00,YAW,0.0824,0.08203640392927308,47.03,25.04,35.27
2026-05-21 17:22:00,ROLL,0.0393,0.03818292259332024,40.24,25.04,35.27
2026-05-21 17:22:00,PITCH,0.051,0.05038178781925344,44.85,25.04,35.27
2026-05-21 17:22:00,ELBOW,0.4462,0.09306332913163065,36.32,25.04,35.27
2026-05-21 17:22:00,J2,4.3061,0.9228237941532416,43.77,25.04,35.27
2026-05-21 17:22:00,J1,1.973,0.4119791453045187,42.28,25.04,35.27
2026-05-21 17:22:00,TWIST,1.917,0.3996784559528488,36.22,25.04,35.27
2026-05-21 17:22:04,ROLL,0.0802,0.07792320235756385,40.25,25.04,35.27
2026-05-21 17:22:04,YAW,0.2133,0.21238142711198427,47.06,25.04,35.27
2026-05-21 17:22:04,PITCH,0.1096,0.10828307740667976,44.88,25.04,35.27
2026-05-21 17:22:04,ELBOW,0.325,0.06778731237721022,36.33,25.04,35.27
2026-05-21 17:22:04,J2,0.1892,0.040536527465618866,43.7,25.04,35.27
2026-05-21 17:22:04,J1,4.4355,0.9262035074263263,42.29,25.04,35.27
2026-05-21 17:22:04,TWIST,2.8578,0.5958714000471513,36.24,25.04,35.27
2026-05-21 17:22:08,ELBOW,0.0062,0.0012932210923379177,36.34,25.04,35.27
2026-05-21 17:22:08,J1,2.289,0.4779971646365423,42.3,25.04,35.27
2026-05-21 17:22:08,J2,0.0565,0.012100466247544206,43.59,25.04,35.27
2026-05-21 17:22:08,TWIST,2.5006,0.5214312038349705,36.26,25.04,35.27
2026-05-21 17:22:08,PITCH,0.0773,0.076376652259332,44.9,25.04,35.27
2026-05-21 17:22:08,ROLL,0.0593,0.05762072652259332,40.27,25.04,35.27
2026-05-21 17:22:08,YAW,0.0139,0.013841122986247543,47.08,25.04,35.27
2026-05-21 17:22:12,ROLL,0.0341,0.03313675874263261,40.29,25.04,35.27
2026-05-21 17:22:12,YAW,0.0651,0.06482885658153242,47.1,25.04,35.27
2026-05-21 17:22:12,PITCH,0.0932,0.09209661453831043,44.93,25.04,35.27
2026-05-21 17:22:12,TWIST,1.9158,0.39953154605893915,36.29,25.04,35.27
2026-05-21 17:22:12,J2,0.082,0.017554160471512776,43.47,25.04,35.27
2026-05-21 17:22:12,J1,2.7857,0.5817618664361492,42.32,25.04,35.27
2026-05-21 17:22:12,ELBOW,0.1387,0.028931675520628686,36.35,25.04,35.27
2026-05-21 17:22:16,ELBOW,0.2313,0.048249052762278984,36.36,25.04,35.27
2026-05-21 17:22:16,J1,2.9704,0.6203119583811395,42.31,25.04,35.27
2026-05-21 17:22:16,J2,0.2607,0.05578328506090374,43.34,25.04,35.27
2026-05-21 17:22:16,TWIST,2.976,0.6207002857367387,36.32,25.04,35.27
2026-05-21 17:22:16,PITCH,0.146,0.1442818467583497,44.95,25.04,35.27
2026-05-21 17:22:16,ROLL,0.1736,0.16870850451866407,40.31,25.04,35.27
2026-05-21 17:22:16,YAW,0.0814,0.08106960235756386,47.13,25.04,35.27
2026-05-21 17:22:20,ROLL,0.0068,0.00660911905697446,40.34,25.04,35.27
2026-05-21 17:22:20,PITCH,0.1219,0.12047839214145385,44.98,25.04,35.27
2026-05-21 17:22:20,TWIST,2.7118,0.565617334475442,36.33,25.04,35.27
2026-05-21 17:22:20,YAW,0.1297,0.12918731552062868,47.16,25.04,35.27
2026-05-21 17:22:20,J1,2.5583,0.534271954231827,42.32,25.04,35.27
2026-05-21 17:22:20,ELBOW,0.6764,0.14110187712377212,36.37,25.04,35.27
2026-05-21 17:22:20,J2,0.3645,0.07796301241650297,43.23,25.04,35.27
2026-05-21 17:22:24,ROLL,0.0963,0.0936036,40.36,25.04,35.27
2026-05-21 17:22:24,PITCH,0.5067,0.5008266601178782,45.0,25.04,35.27
2026-05-21 17:22:24,TWIST,1.6146,0.33679223717092344,36.35,25.04,35.27
2026-05-21 17:22:24,YAW,0.3053,0.30412558467583495,47.19,25.04,35.27
2026-05-21 17:22:24,J1,3.0197,0.6305617701218075,42.29,25.04,35.27
2026-05-21 17:22:24,ELBOW,1.0858,0.22651400700982322,36.38,25.04,35.27
2026-05-21 17:22:24,J2,0.3087,0.06600653724165029,43.14,25.04,35.27
2026-05-21 17:22:28,ELBOW,0.5847,0.12198611033398819,36.4,25.04,35.27
2026-05-21 17:22:28,J1,2.4966,0.5213866086601179,42.32,25.04,35.27
2026-05-21 17:22:28,J2,4.4694,0.9554449752141454,43.08,25.04,35.27
2026-05-21 17:22:28,TWIST,0.0629,0.01312042098231827,36.35,25.04,35.27
2026-05-21 17:22:28,PITCH,0.1487,0.14699214106090375,45.03,25.04,35.27
2026-05-21 17:22:28,ROLL,0.0051,0.004957560707269155,40.38,25.04,35.27
2026-05-21 17:22:28,YAW,0.0403,0.040149251080550105,47.22,25.04,35.27
2026-05-21 17:22:32,PITCH,0.0107,0.010578621218074655,45.07,25.04,35.27
2026-05-21 17:22:32,ROLL,0.0263,0.02556732023575638,40.4,25.04,35.27
2026-05-21 17:22:32,YAW,0.2077,0.20694509823182713,47.25,25.04,35.27
2026-05-21 17:22:32,TWIST,0.0509,0.010617320000000001,36.35,25.04,35.27
2026-05-21 17:22:32,J1,3.1914,0.6666080953084479,42.37,25.04,35.27
2026-05-21 17:22:32,J2,2.0266,0.43318913430255407,43.05,25.04,35.27
2026-05-21 17:22:32,ELBOW,1.3653,0.28485340238899803,36.41,25.04,35.27
2026-05-21 17:22:36,ELBOW,1.3296,0.2774357465776031,36.44,25.04,35.27
2026-05-21 17:22:36,J1,0.9668,0.20193439534774066,42.36,25.04,35.27
2026-05-21 17:22:36,J2,0.2116,0.045221705304518675,43.0,25.04,35.27
2026-05-21 17:22:36,TWIST,0.3484,0.07267068202750492,36.34,25.04,35.27
2026-05-21 17:22:36,PITCH,0.001,0.0009887269155206288,45.09,25.04,35.27
2026-05-21 17:22:36,ROLL,0.0601,0.05842995206286837,40.42,25.04,35.27
2026-05-21 17:22:36,YAW,0.0083,0.008270713555992142,47.28,25.04,35.27
2026-05-21 17:22:40,YAW,0.0236,0.023518396856581532,47.3,25.04,35.27
2026-05-21 17:22:40,ROLL,0.0152,0.014778700196463653,40.44,25.04,35.27
2026-05-21 17:22:40,PITCH,0.069,0.06822947740667977,45.12,25.04,35.27
2026-05-21 17:22:40,ELBOW,0.5134,0.10713449644007857,36.46,25.04,35.27
2026-05-21 17:22:40,J2,2.0038,0.4281612760707269,42.95,25.04,35.27
2026-05-21 17:22:40,J1,0.0919,0.01919643310019646,42.38,25.04,35.27
2026-05-21 17:22:40,TWIST,0.4113,0.08579061859332024,36.34,25.04,35.27
2026-05-21 17:22:44,YAW,0.0284,0.02830380825147348,47.32,25.06,35.24
2026-05-21 17:22:44,ROLL,0.01,0.009723182711198429,40.45,25.06,35.24
2026-05-21 17:22:44,PITCH,0.0067,0.006625655009823183,45.14,25.06,35.24
2026-05-21 17:22:44,ELBOW,0.6334,0.13218055012966604,36.47,25.06,35.24
2026-05-21 17:22:44,J2,2.11,0.4508047748526523,42.92,25.06,35.24
2026-05-21 17:22:44,J1,0.1753,0.036594870318271126,42.21,25.06,35.24
2026-05-21 17:22:44,TWIST,0.4064,0.084768556762279,36.34,25.06,35.24
2026-05-21 17:22:48,ELBOW,0.5253,0.10962583742239687,36.48,25.06,35.24
2026-05-21 17:22:48,J1,0.2146,0.04479896845579568,42.21,25.06,35.24
2026-05-21 17:22:48,J2,1.9813,0.4232620438978389,42.89,25.06,35.24
2026-05-21 17:22:48,TWIST,0.3707,0.07731925137917484,36.33,25.06,35.24
2026-05-21 17:22:48,PITCH,0.0096,0.009494154813359528,45.16,25.06,35.24
2026-05-21 17:22:48,ROLL,0.006,0.005834333988212182,40.47,25.06,35.24
2026-05-21 17:22:48,YAW,0.0273,0.027209464833005896,47.34,25.06,35.24
2026-05-21 17:22:52,PITCH,0.0068,0.006725507269155205,45.18,25.06,35.24
2026-05-21 17:22:52,ROLL,0.0062,0.006029031041257368,40.48,25.06,35.24
2026-05-21 17:22:52,YAW,0.0266,0.026514608251473476,47.37,25.06,35.24
2026-05-21 17:22:52,TWIST,0.374,0.07800755332023576,36.33,25.06,35.24
2026-05-21 17:22:52,J1,0.1308,0.02732103116699411,42.37,25.06,35.24
2026-05-21 17:22:52,ELBOW,0.4493,0.09376871580353635,36.49,25.06,35.24
2026-05-21 17:22:52,J2,1.6031,0.342418380589391,42.85,25.06,35.24
2026-05-21 17:22:56,ELBOW,0.3453,0.07206662003929272,36.5,25.06,35.24
2026-05-21 17:22:56,J1,0.1393,0.029096480440078586,42.37,25.06,35.24
2026-05-21 17:22:56,J2,1.6175,0.3454568157170923,42.82,25.06,35.24
2026-05-21 17:22:56,TWIST,0.3783,0.07890443160707271,36.33,25.06,35.24
2026-05-21 17:22:56,PITCH,0.0056,0.005539247151277013,45.21,25.06,35.24
2026-05-21 17:22:56,ROLL,0.0077,0.007488212180746562,40.5,25.06,35.24
2026-05-21 17:22:56,YAW,0.0263,0.026217431434184674,47.39,25.06,35.24
2026-05-21 17:23:00,ROLL,0.006,0.005835182711198429,40.51,25.06,35.24
2026-05-21 17:23:00,PITCH,0.0074,0.007320242829076622,45.23,25.06,35.24
2026-05-21 17:23:00,TWIST,0.3571,0.07448261307662082,36.33,25.06,35.24
2026-05-21 17:23:00,YAW,0.0216,0.021533714734774067,47.41,25.06,35.24
2026-05-21 17:23:00,J1,0.0704,0.014704897508840865,42.37,25.06,35.24
2026-05-21 17:23:00,ELBOW,0.3445,0.07190230734774067,36.51,25.06,35.24
2026-05-21 17:23:00,J2,1.4389,0.30729024015717094,42.8,25.06,35.24
2026-05-21 17:23:04,ROLL,0.0083,0.00807229626719057,40.52,25.06,35.24
2026-05-21 17:23:04,PITCH,0.0073,0.007221836935166995,45.25,25.06,35.24
2026-05-21 17:23:04,TWIST,0.3577,0.07460775888408645,36.33,25.06,35.24
2026-05-21 17:23:04,YAW,0.0168,0.01674963300589391,47.43,25.06,35.24
2026-05-21 17:23:04,J1,0.0432,0.00902345983497053,42.37,25.06,35.24
2026-05-21 17:23:04,ELBOW,0.3219,0.06718534901375246,36.51,25.06,35.24
2026-05-21 17:23:04,J2,1.4986,0.3200050967072691,42.77,25.06,35.24
2026-05-21 17:23:08,ELBOW,0.1772,0.03698702214538311,36.53,25.06,35.24
2026-05-21 17:23:08,J1,0.0509,0.010631808,42.37,25.06,35.24
2026-05-21 17:23:08,J2,1.6141,0.34465607754813365,42.76,25.06,35.24
2026-05-21 17:23:08,TWIST,0.3669,0.07652948689980354,36.34,25.06,35.24
2026-05-21 17:23:08,PITCH,0.0065,0.0064313222003929285,45.29,25.06,35.24
2026-05-21 17:23:08,ROLL,0.0065,0.006322137524557957,40.54,25.06,35.24
2026-05-21 17:23:08,YAW,0.017,0.01695023575638507,47.45,25.06,35.24
2026-05-21 17:23:12,ROLL,0.0067,0.0065169017681728884,40.55,25.06,35.24
2026-05-21 17:23:12,YAW,0.0144,0.01435937445972495,47.48,25.06,35.24
2026-05-21 17:23:12,PITCH,0.0071,0.007025484872298626,45.31,25.06,35.24
2026-05-21 17:23:12,ELBOW,0.2103,0.04389761710019646,36.54,25.06,35.24
2026-05-21 17:23:12,J2,1.4148,0.3020780895559922,42.74,25.06,35.24
2026-05-21 17:23:12,TWIST,0.3511,0.07323385895481337,36.34,25.06,35.24
2026-05-21 17:23:12,J1,0.0225,0.004699718664047151,42.37,25.06,35.24
2026-05-21 17:23:16,ELBOW,0.2229,0.046529433477406686,36.55,25.06,35.24
2026-05-21 17:23:16,J1,0.0149,0.0031121457288801574,42.36,25.06,35.24
2026-05-21 17:23:16,J2,1.4299,0.30528011036542246,42.72,25.06,35.24
2026-05-21 17:23:16,TWIST,0.3582,0.0747175643222004,36.35,25.06,35.24
2026-05-21 17:23:16,PITCH,0.0061,0.006036627111984284,45.34,25.06,35.24
2026-05-21 17:23:16,ROLL,0.0072,0.0070037469548133585,40.57,25.06,35.24
2026-05-21 17:23:16,YAW,0.0137,0.013662318271119843,47.5,25.06,35.24
2026-05-21 17:23:20,YAW,0.0144,0.014361411394891943,47.52,25.06,35.24
2026-05-21 17:23:20,ROLL,0.0067,0.0065176125736738704,40.58,25.06,35.24
2026-05-21 17:23:20,PITCH,0.0061,0.0060370585461689595,45.36,25.06,35.24
2026-05-21 17:23:20,ELBOW,0.2202,0.045967515724950885,36.56,25.06,35.24
2026-05-21 17:23:20,J2,1.4454,0.3085781904282907,42.71,25.06,35.24
2026-05-21 17:23:20,J1,0.0223,0.004657775151277014,42.36,25.06,35.24
2026-05-21 17:23:20,TWIST,0.3554,0.07413350742632614,36.35,25.06,35.24
2026-05-21 17:23:24,ROLL,0.0076,0.007393381532416503,40.59,25.06,35.24
2026-05-21 17:23:24,YAW,0.0167,0.016656429076620825,47.54,25.06,35.24
2026-05-21 17:23:24,PITCH,0.006,0.005938726915520629,45.39,25.06,35.24
2026-05-21 17:23:24,ELBOW,0.2104,0.04392335201571709,36.57,25.06,35.24
2026-05-21 17:23:24,J2,1.4462,0.3087378445579568,42.7,25.06,35.24
2026-05-21 17:23:24,J1,0.0166,0.003467222758349706,42.36,25.06,35.24
2026-05-21 17:23:24,TWIST,0.3469,0.07236314917092337,36.36,25.06,35.24
2026-05-21 17:23:28,ELBOW,0.2171,0.0453237238821218,36.58,25.06,35.24
2026-05-21 17:23:28,J1,0.0299,0.006245178341846759,42.36,25.06,35.24
2026-05-21 17:23:28,J2,1.3987,0.2985866718585462,42.69,25.06,35.24
2026-05-21 17:23:28,TWIST,0.3699,0.07716093651866406,36.36,25.06,35.24
2026-05-21 17:23:28,PITCH,0.0073,0.00722622554027505,45.42,25.06,35.24
2026-05-21 17:23:28,ROLL,0.0059,0.005739807465618861,40.6,25.06,35.24
2026-05-21 17:23:28,YAW,0.0149,0.014862706090373282,47.57,25.06,35.24
2026-05-21 17:23:32,ROLL,0.0074,0.007199603929273084,40.62,25.06,35.24
2026-05-21 17:23:32,YAW,0.0148,0.01476400314341847,47.59,25.06,35.24
2026-05-21 17:23:32,PITCH,0.0063,0.006236777210216111,45.44,25.06,35.24
2026-05-21 17:23:32,ELBOW,0.2237,0.04670332128880158,36.59,25.06,35.24
2026-05-21 17:23:32,J2,1.3801,0.29460541897053044,42.68,25.06,35.24
2026-05-21 17:23:32,J1,0.0196,0.004093829280943025,42.36,25.06,35.24
2026-05-21 17:23:32,TWIST,0.3492,0.0728456172259332,36.37,25.06,35.24
2026-05-21 17:23:36,ELBOW,0.2179,0.045494095245579576,36.6,25.06,35.24
2026-05-21 17:23:36,J1,0.0114,0.0023811047858546173,42.36,25.06,35.24
2026-05-21 17:23:36,J2,1.3617,0.29066714437721025,42.67,25.06,35.24
2026-05-21 17:23:36,TWIST,0.3499,0.07299164223182711,36.37,25.06,35.24
2026-05-21 17:23:36,PITCH,0.0074,0.0073265233791748536,45.47,25.06,35.24
2026-05-21 17:23:36,ROLL,0.0056,0.00544854695481336,40.63,25.06,35.24
2026-05-21 17:23:36,YAW,0.0168,0.016760921021611003,47.62,25.06,35.24
2026-05-21 17:23:40,YAW,0.0155,0.01546558939096267,47.65,25.06,35.24
2026-05-21 17:23:40,ROLL,0.0066,0.0064219685658153235,40.65,25.06,35.24
2026-05-21 17:23:40,PITCH,0.0052,0.0051487355599214146,45.49,25.06,35.24
2026-05-21 17:23:40,TWIST,0.3679,0.07674940429076621,36.38,25.06,35.24
2026-05-21 17:23:40,J1,0.0365,0.0076237126915520625,42.36,25.06,35.24
2026-05-21 17:23:40,ELBOW,0.1957,0.04086209848330059,36.62,25.06,35.24
2026-05-21 17:23:40,J2,1.5779,0.33680483200000005,42.66,25.06,35.24
2026-05-21 17:23:44,ELBOW,0.1788,0.03733476080157171,36.63,25.09,35.22
2026-05-21 17:23:44,J1,0.0099,0.002067801524557957,42.36,25.09,35.22
2026-05-21 17:23:44,J2,1.5119,0.3227170451237721,42.66,25.09,35.22
2026-05-21 17:23:44,TWIST,0.3402,0.07097339288015718,36.39,25.09,35.22
2026-05-21 17:23:44,PITCH,0.0056,0.005545386247544204,45.52,25.09,35.22
2026-05-21 17:23:44,ROLL,0.0052,0.005059916699410609,40.66,25.09,35.22
2026-05-21 17:23:44,YAW,0.0155,0.015466685658153245,47.67,25.09,35.22
2026-05-21 17:23:48,PITCH,0.0055,0.005446944990176817,45.55,25.09,35.22
2026-05-21 17:23:48,ROLL,0.0066,0.00642243536345776,40.67,25.09,35.22
2026-05-21 17:23:48,TWIST,0.3642,0.07598313901768174,36.4,25.09,35.22
2026-05-21 17:23:48,YAW,0.016,0.015967308447937135,47.7,25.09,35.22
2026-05-21 17:23:48,J1,0.0217,0.00453245384675835,42.36,25.09,35.22
2026-05-21 17:23:48,ELBOW,0.1753,0.036605284998035365,36.64,25.09,35.22
2026-05-21 17:23:48,J2,1.453,0.31013357249508844,42.65,25.09,35.22
2026-05-21 17:23:52,YAW,0.0164,0.01636823104125737,47.73,25.09,35.22
2026-05-21 17:23:52,ROLL,0.0067,0.006520218860510806,40.69,25.09,35.22
2026-05-21 17:23:52,PITCH,0.0049,0.004853252652259331,45.58,25.09,35.22
2026-05-21 17:23:52,ELBOW,0.211,0.0440632336345776,36.66,25.09,35.22
2026-05-21 17:23:52,J2,1.3057,0.2786832723300589,42.64,25.09,35.22
2026-05-21 17:23:52,J1,0.0208,0.004342588856581533,42.24,25.09,35.22
2026-05-21 17:23:52,TWIST,0.3654,0.07623630940667975,36.41,25.09,35.22
2026-05-21 17:23:56,ELBOW,0.2251,0.047009477139489206,36.67,25.09,35.22
2026-05-21 17:23:56,J1,0.0175,0.003653092337917486,42.2,25.09,35.22
2026-05-21 17:23:56,J2,1.41,0.3009446381139489,42.64,25.09,35.22
2026-05-21 17:23:56,TWIST,0.3551,0.07409007321021613,36.42,25.09,35.22
2026-05-21 17:23:56,PITCH,0.0061,0.006042451473477407,45.61,25.09,35.22
2026-05-21 17:23:56,ROLL,0.0066,0.006423368958742633,40.71,25.09,35.22
2026-05-21 17:23:56,YAW,0.0151,0.015071817288801572,47.75,25.09,35.22
2026-05-21 17:24:00,YAW,0.0136,0.013575578781925342,47.77,25.09,35.22
2026-05-21 17:24:00,ROLL,0.0057,0.005547656581532417,40.72,25.09,35.22
2026-05-21 17:24:00,PITCH,0.0056,0.0055475646365422395,45.63,25.09,35.22
2026-05-21 17:24:00,TWIST,0.3465,0.07229838907662084,36.43,25.09,35.22
2026-05-21 17:24:00,J2,1.312,0.28001781438113954,42.63,25.09,35.22
2026-05-21 17:24:00,J1,0.0211,0.0044045856188605105,42.2,25.09,35.22
2026-05-21 17:24:00,ELBOW,0.2329,0.04864020869155206,36.68,25.09,35.22
2026-05-21 17:24:04,ELBOW,0.2206,0.04607310311984283,36.69,25.09,35.22
2026-05-21 17:24:04,J1,0.0131,0.002734600550098232,42.2,25.09,35.22
2026-05-21 17:24:04,J2,1.2752,0.27216365617288796,42.63,25.09,35.22
2026-05-21 17:24:04,TWIST,0.363,0.07574116950884087,36.43,25.09,35.22
2026-05-21 17:24:04,PITCH,0.0068,0.006737049901768172,45.66,25.09,35.22
2026-05-21 17:24:04,ROLL,0.0061,0.005937397249508841,40.74,25.09,35.22
2026-05-21 17:24:04,YAW,0.0151,0.015075021218074658,47.81,25.09,35.22
2026-05-21 17:24:08,ROLL,0.0067,0.006521640471512771,40.75,25.09,35.22
2026-05-21 17:24:08,PITCH,0.0059,0.005845798821218075,45.68,25.09,35.22
2026-05-21 17:24:08,TWIST,0.355,0.07407467662082515,36.44,25.09,35.22
2026-05-21 17:24:08,YAW,0.0135,0.013478622789783888,47.83,25.09,35.22
2026-05-21 17:24:08,J1,0.0134,0.0027973260825147343,42.21,25.09,35.22
2026-05-21 17:24:08,ELBOW,0.2304,0.04812341714734774,36.71,25.09,35.22
2026-05-21 17:24:08,J2,1.3562,0.2894408967544205,42.62,25.09,35.22
2026-05-21 17:24:12,ELBOW,0.228,0.047623887465618873,36.72,25.09,35.22
2026-05-21 17:24:12,J1,0.0235,0.004905758428290766,42.21,25.09,35.22
2026-05-21 17:24:12,J2,1.3618,0.2906360516149312,42.62,25.09,35.22
2026-05-21 17:24:12,TWIST,0.3564,0.07436954687622789,36.45,25.09,35.22
2026-05-21 17:24:12,PITCH,0.0073,0.007233711984282907,45.71,25.09,35.22
2026-05-21 17:24:12,ROLL,0.0075,0.007300874263261296,40.77,25.09,35.22
2026-05-21 17:24:12,YAW,0.0137,0.013679759528487231,47.86,25.09,35.22
2026-05-21 17:24:16,ROLL,0.0067,0.006522351277013752,40.78,25.09,35.22
2026-05-21 17:24:16,PITCH,0.0049,0.004856025147347741,45.74,25.09,35.22
2026-05-21 17:24:16,TWIST,0.3521,0.07347498285265226,36.46,25.09,35.22
2026-05-21 17:24:16,YAW,0.0144,0.014380253045186638,47.89,25.09,35.22
2026-05-21 17:24:16,J1,0.0196,0.004091611284872299,42.21,25.09,35.22
2026-05-21 17:24:16,ELBOW,0.2399,0.05011136774852653,36.73,25.09,35.22
2026-05-21 17:24:16,J2,1.3429,0.2866024039607073,42.62,25.09,35.22
2026-05-21 17:24:20,ROLL,0.0072,0.007009603143418468,40.8,25.09,35.22
2026-05-21 17:24:20,PITCH,0.0061,0.006045471512770138,45.75,25.09,35.22
2026-05-21 17:24:20,TWIST,0.3427,0.07151606335559922,36.47,25.09,35.22
2026-05-21 17:24:20,YAW,0.0147,0.014680881335952849,47.91,25.09,35.22
2026-05-21 17:24:20,J1,0.0113,0.002359024408644401,42.22,25.09,35.22
2026-05-21 17:24:20,ELBOW,0.2267,0.04735583955992142,36.74,25.09,35.22
2026-05-21 17:24:20,J2,1.4101,0.3009442622868369,42.62,25.09,35.22
2026-05-21 17:24:24,ELBOW,0.2169,0.04531203781532417,36.76,25.09,35.22
2026-05-21 17:24:24,J1,0.0149,0.003110572007858547,42.22,25.09,35.22
2026-05-21 17:24:24,J2,1.3447,0.28698656088015717,42.62,25.09,35.22
2026-05-21 17:24:24,TWIST,0.3589,0.07489951085265227,36.48,25.09,35.22
2026-05-21 17:24:24,PITCH,0.0072,0.00713640235756385,45.78,25.09,35.22
2026-05-21 17:24:24,ROLL,0.0077,0.007496925736738704,40.82,25.09,35.22
2026-05-21 17:24:24,YAW,0.0126,0.01258494931237721,47.94,25.09,35.22
2026-05-21 17:24:28,PITCH,0.006,0.005947638506876228,45.81,25.09,35.22
2026-05-21 17:24:28,ROLL,0.0071,0.006913251866404717,40.84,25.09,35.22
2026-05-21 17:24:28,YAW,0.0144,0.014384326915520631,47.97,25.09,35.22
2026-05-21 17:24:28,TWIST,0.3448,0.07195961097053045,36.49,25.09,35.22
2026-05-21 17:24:28,J1,0.0141,0.0029436678035363456,42.23,25.09,35.22
2026-05-21 17:24:28,ELBOW,0.2178,0.04550173192927308,36.77,25.09,35.22
2026-05-21 17:24:28,J2,1.3223,0.28219575790962675,42.61,25.09,35.22
2026-05-21 17:24:32,ELBOW,0.2104,0.04395900014145383,36.79,25.09,35.22
2026-05-21 17:24:32,J1,0.02,0.00417541532416503,42.23,25.09,35.22
2026-05-21 17:24:32,J2,1.3104,0.27965614547740675,42.61,25.09,35.22
2026-05-21 17:24:32,TWIST,0.3544,0.07396585618860511,36.5,25.09,35.22
2026-05-21 17:24:32,PITCH,0.0043,0.004262778388998035,45.83,25.09,35.22
2026-05-21 17:24:32,ROLL,0.0074,0.007205622789783891,40.85,25.09,35.22
2026-05-21 17:24:32,YAW,0.0118,0.011787991355599213,47.99,25.09,35.22
2026-05-21 17:24:36,ROLL,0.0076,0.007400638113948919,40.86,25.09,35.22
2026-05-21 17:24:36,PITCH,0.0053,0.0052544970530451875,45.85,25.09,35.22
2026-05-21 17:24:36,TWIST,0.3427,0.0715239811394892,36.5,25.09,35.22
2026-05-21 17:24:36,YAW,0.0141,0.01408664793713163,48.01,25.09,35.22
2026-05-21 17:24:36,J1,0.0146,0.0030480531866404715,42.23,25.09,35.22
2026-05-21 17:24:36,ELBOW,0.2041,0.04264273730451867,36.79,25.09,35.22
2026-05-21 17:24:36,J2,1.5168,0.32370454934381143,42.61,25.09,35.22
2026-05-21 17:24:40,ROLL,0.008,0.007790711198428291,40.88,25.09,35.22
2026-05-21 17:24:40,PITCH,0.0046,0.004560994891944991,45.88,25.09,35.22
2026-05-21 17:24:40,TWIST,0.359,0.07493143921414537,36.52,25.09,35.22
2026-05-21 17:24:40,YAW,0.0147,0.014687639292730845,48.04,25.09,35.22
2026-05-21 17:24:40,J1,0.0081,0.001691043206286837,42.23,25.09,35.22
2026-05-21 17:24:40,ELBOW,0.2157,0.04506965474263261,36.81,25.09,35.22
2026-05-21 17:24:40,J2,1.473,0.31435706829076626,42.61,25.09,35.22
2026-05-21 17:24:44,ELBOW,0.2272,0.04747428363064833,36.82,25.13,35.2
2026-05-21 17:24:44,J1,0.0051,0.001064769383104126,42.24,25.13,35.2
2026-05-21 17:24:44,J2,1.2239,0.26119593746168956,42.61,25.13,35.2
2026-05-21 17:24:44,TWIST,0.3376,0.07046477403536346,36.52,25.13,35.2
2026-05-21 17:24:44,PITCH,0.0063,0.006247025540275049,45.9,25.13,35.2
2026-05-21 17:24:44,ROLL,0.007,0.006817367387033398,40.9,25.13,35.2
2026-05-21 17:24:44,YAW,0.0141,0.014089141060903733,48.06,25.13,35.2
2026-05-21 17:24:48,ROLL,0.0056,0.005454289980353635,40.92,25.13,35.2
2026-05-21 17:24:48,YAW,0.0138,0.01379083614931238,48.09,25.13,35.2
2026-05-21 17:24:48,PITCH,0.0066,0.00654496974459725,45.92,25.13,35.2
2026-05-21 17:24:48,TWIST,0.349,0.07284958805500982,36.54,25.13,35.2
2026-05-21 17:24:48,J2,1.2459,0.2658910192691552,42.61,25.13,35.2
2026-05-21 17:24:48,J1,0.0071,0.0014823260039292733,42.24,25.13,35.2
2026-05-21 17:24:48,ELBOW,0.2205,0.046075991905697444,36.83,25.13,35.2
2026-05-21 17:24:52,ELBOW,0.2212,0.046225671984282915,36.85,25.13,35.2
2026-05-21 17:24:52,J1,0.0062,0.0012944722986247543,42.25,25.13,35.2
2026-05-21 17:24:52,J2,1.2481,0.2663605274499018,42.61,25.13,35.2
2026-05-21 17:24:52,TWIST,0.3756,0.07840202084086445,36.54,25.13,35.2
2026-05-21 17:24:52,PITCH,0.0064,0.0063473163064833,45.95,25.13,35.2
2026-05-21 17:24:52,ROLL,0.0073,0.0071103147347740675,40.93,25.13,35.2
2026-05-21 17:24:52,YAW,0.0134,0.013392523379174855,48.12,25.13,35.2
2026-05-21 17:24:56,ROLL,0.0062,0.0060393359528487225,40.95,25.13,35.2
2026-05-21 17:24:56,PITCH,0.006,0.005951033398821219,45.97,25.13,35.2
2026-05-21 17:24:56,TWIST,0.3418,0.07134930624754421,36.55,25.13,35.2
2026-05-21 17:24:56,YAW,0.014,0.013993178781925344,48.14,25.13,35.2
2026-05-21 17:24:56,J1,0.0095,0.001983465618860511,42.25,25.13,35.2
2026-05-21 17:24:56,ELBOW,0.227,0.04743948573673871,36.86,25.13,35.2
2026-05-21 17:24:56,J2,1.2713,0.27131170462868376,42.61,25.13,35.2
2026-05-21 17:25:00,ROLL,0.0072,0.007013931630648331,40.97,25.13,35.2
2026-05-21 17:25:00,PITCH,0.0067,0.006645794499017682,45.99,25.13,35.2
2026-05-21 17:25:00,TWIST,0.348,0.07264621013752456,36.56,25.13,35.2
2026-05-21 17:25:00,YAW,0.016,0.015993335952848724,48.16,25.13,35.2
2026-05-21 17:25:00,J1,0.0059,0.0012318365422396857,42.25,25.13,35.2
2026-05-21 17:25:00,ELBOW,0.2123,0.044369048314341845,36.87,25.13,35.2
2026-05-21 17:25:00,J2,1.3152,0.2806805269626719,42.61,25.13,35.2
2026-05-21 17:25:04,ELBOW,0.2276,0.04756838211394892,36.88,25.13,35.2
2026-05-21 17:25:04,J1,0.0081,0.0016912265304518663,42.26,25.13,35.2
2026-05-21 17:25:04,J2,1.338,0.2855463390176818,42.61,25.13,35.2
2026-05-21 17:25:04,TWIST,0.3615,0.075467166129666,36.57,25.13,35.2
2026-05-21 17:25:04,PITCH,0.0059,0.005852892730844793,46.02,25.13,35.2
2026-05-21 17:25:04,ROLL,0.0062,0.0060399937131630655,40.98,25.13,35.2
2026-05-21 17:25:04,YAW,0.0138,0.01379522829076621,48.18,25.13,35.2
2026-05-21 17:25:08,ROLL,0.0063,0.006137858546168959,41.0,25.13,35.2
2026-05-21 17:25:08,YAW,0.0126,0.012596979960707268,48.21,25.13,35.2
2026-05-21 17:25:08,PITCH,0.006,0.005952518664047152,46.04,25.13,35.2
2026-05-21 17:25:08,ELBOW,0.2234,0.046694023418467574,36.9,25.13,35.2
2026-05-21 17:25:08,J2,1.3574,0.2896865475206287,42.61,25.13,35.2
2026-05-21 17:25:08,J1,0.0052,0.001085725673870334,42.26,25.13,35.2
2026-05-21 17:25:08,TWIST,0.3479,0.07263069340667976,36.58,25.13,35.2
2026-05-21 17:25:12,ELBOW,0.233,0.04870236495088409,36.91,25.13,35.2
2026-05-21 17:25:12,J1,0.0082,0.0017121677328094302,42.27,25.13,35.2
2026-05-21 17:25:12,J2,1.3689,0.29215133724165027,42.62,25.13,35.2
2026-05-21 17:25:12,TWIST,0.3569,0.07451236194891946,36.59,25.13,35.2
2026-05-21 17:25:12,PITCH,0.0051,0.0050601819253438115,46.07,25.13,35.2
2026-05-21 17:25:12,ROLL,0.006,0.0058460039292730845,41.02,25.13,35.2
2026-05-21 17:25:12,YAW,0.0134,0.013397735952848724,48.23,25.13,35.2
2026-05-21 17:25:16,ROLL,0.007,0.006820585461689587,41.03,25.13,35.2
2026-05-21 17:25:16,PITCH,0.0055,0.005457447937131631,46.09,25.13,35.2
2026-05-21 17:25:16,TWIST,0.352,0.07349206758349705,36.6,25.13,35.2
2026-05-21 17:25:16,YAW,0.0136,0.013598664047151276,48.25,25.13,35.2
2026-05-21 17:25:16,J1,0.0187,0.003904718711198429,42.28,25.13,35.2
2026-05-21 17:25:16,ELBOW,0.2031,0.04245414063654225,36.92,25.13,35.2
2026-05-21 17:25:16,J2,1.3522,0.28857680091159144,42.61,25.13,35.2
2026-05-21 17:25:20,ROLL,0.0068,0.0066261925343811395,41.05,25.13,35.2
2026-05-21 17:25:20,PITCH,0.006,0.005954003929273085,46.11,25.13,35.2
2026-05-21 17:25:20,TWIST,0.3562,0.07436896157170925,36.6,25.13,35.2
2026-05-21 17:25:20,YAW,0.0139,0.01389961768172888,48.27,25.13,35.2
2026-05-21 17:25:20,J1,0.0071,0.0014825402593320236,42.28,25.13,35.2
2026-05-21 17:25:20,ELBOW,0.202,0.042227318192534384,36.94,25.13,35.2
2026-05-21 17:25:20,J2,1.344,0.2868371665225934,42.62,25.13,35.2
2026-05-21 17:25:24,ELBOW,0.2059,0.043044183811394895,36.95,25.13,35.2
2026-05-21 17:25:24,J1,0.0074,0.0015451828055009823,42.28,25.13,35.2
2026-05-21 17:25:24,J2,1.2792,0.2730075174223969,42.62,25.13,35.2
2026-05-21 17:25:24,TWIST,0.3519,0.07347660938310413,36.62,25.13,35.2
2026-05-21 17:25:24,PITCH,0.0056,0.005557664440078585,46.14,25.13,35.2
2026-05-21 17:25:24,ROLL,0.0058,0.005652162671905697,41.07,25.13,35.2
2026-05-21 17:25:24,YAW,0.0148,0.014800639685658154,48.29,25.13,35.2
2026-05-21 17:25:28,ROLL,0.0064,0.00623732180746562,41.09,25.13,35.2
2026-05-21 17:25:28,YAW,0.0138,0.013802060510805502,48.32,25.13,35.2
2026-05-21 17:25:28,PITCH,0.0053,0.005260307269155206,46.16,25.13,35.2
2026-05-21 17:25:28,ELBOW,0.2049,0.042836707992141454,36.96,25.13,35.2
2026-05-21 17:25:28,J2,1.3931,0.2973161136031434,42.62,25.13,35.2
2026-05-21 17:25:28,J1,0.0072,0.0015034754263261298,42.29,25.13,35.2
2026-05-21 17:25:28,TWIST,0.3669,0.07661143030255403,36.63,25.13,35.2
2026-05-21 17:25:32,ELBOW,0.2102,0.04394635294302554,36.97,25.13,35.2
2026-05-21 17:25:32,J1,0.0066,0.001378185807465619,42.29,25.13,35.2
2026-05-21 17:25:32,J2,1.324,0.28257895292730845,42.63,25.13,35.2
2026-05-21 17:25:32,TWIST,0.3424,0.07149564932023576,36.63,25.13,35.2
2026-05-21 17:25:32,PITCH,0.0059,0.005856231041257367,46.18,25.13,35.2
2026-05-21 17:25:32,ROLL,0.0083,0.008089320235756385,41.1,25.13,35.2
2026-05-21 17:25:32,YAW,0.014,0.014003080550098234,48.34,25.13,35.2
2026-05-21 17:25:36,YAW,0.0128,0.01280372180746562,48.36,25.13,35.2
2026-05-21 17:25:36,ROLL,0.0069,0.00672534459724951,41.12,25.13,35.2
2026-05-21 17:25:36,PITCH,0.0052,0.005161791748526523,46.2,25.13,35.2
2026-05-21 17:25:36,TWIST,0.3616,0.07551032078585461,36.65,25.13,35.2
2026-05-21 17:25:36,J1,0.0115,0.0024014711198428293,42.3,25.13,35.2
2026-05-21 17:25:36,ELBOW,0.1982,0.04144057496267191,36.99,25.13,35.2
2026-05-21 17:25:36,J2,1.3893,0.29651581518271125,42.63,25.13,35.2
2026-05-21 17:25:40,ELBOW,0.2047,0.04280120157170924,37.0,25.13,35.2
2026-05-21 17:25:40,J1,0.0097,0.0020255886836935168,42.3,25.13,35.2
2026-05-21 17:25:40,J2,1.3874,0.2961103015795678,42.63,25.13,35.2
2026-05-21 17:25:40,TWIST,0.3515,0.07340121060903732,36.65,25.13,35.2
2026-05-21 17:25:40,PITCH,0.0049,0.004864515913555992,46.23,25.13,35.2
2026-05-21 17:25:40,ROLL,0.0058,0.005653393320235756,41.13,25.13,35.2
2026-05-21 17:25:40,YAW,0.0122,0.012204841650294694,48.39,25.13,35.2
2026-05-21 17:25:44,PITCH,0.0057,0.005659125736738703,46.25,25.12,35.18
2026-05-21 17:25:44,YAW,0.0141,0.01410709155206287,48.42,25.12,35.18
2026-05-21 17:25:44,ROLL,0.0057,0.00555632416502947,41.15,25.12,35.18
2026-05-21 17:25:44,TWIST,0.3269,0.06826668755992141,36.66,25.12,35.18
2026-05-21 17:25:44,J1,0.0205,0.004281037956777997,42.31,25.12,35.18
2026-05-21 17:25:44,J2,1.3377,0.2855029194341847,42.63,25.12,35.18
2026-05-21 17:25:44,ELBOW,0.1982,0.04144515420039292,37.02,25.12,35.18
2026-05-21 17:25:48,ELBOW,0.2059,0.0430568695166994,37.03,25.12,35.18
2026-05-21 17:25:48,J1,0.0106,0.002213609870333988,42.31,25.12,35.18
2026-05-21 17:25:48,J2,1.3573,0.2896861123929273,42.63,25.12,35.18
2026-05-21 17:25:48,TWIST,0.3569,0.07453435091552063,36.67,25.12,35.18
2026-05-21 17:25:48,PITCH,0.006,0.0059573988212180745,46.27,25.12,35.18
2026-05-21 17:25:48,ROLL,0.0069,0.006726564636542241,41.17,25.12,35.18
2026-05-21 17:25:48,YAW,0.014,0.014008031434184675,48.44,25.12,35.18
2026-05-21 17:25:52,YAW,0.015,0.015009666011787817,48.46,25.12,35.18
2026-05-21 17:25:52,ROLL,0.0051,0.004972169351669942,41.19,25.12,35.18
2026-05-21 17:25:52,PITCH,0.006,0.005958035363457761,46.3,25.12,35.18
2026-05-21 17:25:52,ELBOW,0.1915,0.04004708196463655,37.04,25.12,35.18
2026-05-21 17:25:52,J2,1.4164,0.3023106279607073,42.64,25.12,35.18
2026-05-21 17:25:52,J1,0.0104,0.002171922106090373,42.32,25.12,35.18
2026-05-21 17:25:52,TWIST,0.3646,0.0761452129194499,36.68,25.12,35.18
2026-05-21 17:25:56,ROLL,0.006,0.005849823182711198,41.2,25.12,35.18
2026-05-21 17:25:56,YAW,0.0152,0.01521140746561886,48.49,25.12,35.18
2026-05-21 17:25:56,PITCH,0.0062,0.0061568557956778,46.31,25.12,35.18
2026-05-21 17:25:56,ELBOW,0.1837,0.03841875093123772,37.06,25.12,35.18
2026-05-21 17:25:56,J2,1.4574,0.311061500416503,42.64,25.12,35.18
2026-05-21 17:25:56,J1,0.0068,0.0014201029155206286,42.32,25.12,35.18
2026-05-21 17:25:56,TWIST,0.3554,0.07422656776424362,36.69,25.12,35.18
2026-05-21 17:26:00,ELBOW,0.1889,0.039506271371316314,37.06,25.12,35.18
2026-05-21 17:26:00,J1,0.0071,0.0014827545147347743,42.32,25.12,35.18
2026-05-21 17:26:00,J2,1.4089,0.30072070907662085,42.65,25.12,35.18
2026-05-21 17:26:00,TWIST,0.3569,0.07454259677799606,36.7,25.12,35.18
2026-05-21 17:26:00,PITCH,0.0057,0.005660939882121808,46.34,25.12,35.18
2026-05-21 17:26:00,ROLL,0.0066,0.006435272298624755,41.22,25.12,35.18
2026-05-21 17:26:00,YAW,0.0132,0.013210840078585463,48.51,25.12,35.18
2026-05-21 17:26:04,ROLL,0.0063,0.0061432055009823195,41.24,25.12,35.18
2026-05-21 17:26:04,YAW,0.0107,0.01070954381139489,48.53,25.12,35.18
2026-05-21 17:26:04,PITCH,0.0055,0.005462699410609037,46.36,25.12,35.18
2026-05-21 17:26:04,TWIST,0.3469,0.07245665541846757,36.71,25.12,35.18
2026-05-21 17:26:04,J2,1.3805,0.2946589104125737,42.65,25.12,35.18
2026-05-21 17:26:04,J1,0.0098,0.00204669284086444,42.33,25.12,35.18
2026-05-21 17:26:04,ELBOW,0.198,0.04141248188605108,37.08,25.12,35.18
2026-05-21 17:26:08,ELBOW,0.2005,0.04193691088408645,37.09,25.12,35.18
2026-05-21 17:26:08,J1,0.0087,0.001816962011787819,42.33,25.12,35.18
2026-05-21 17:26:08,J2,1.3728,0.2930153945776031,42.65,25.12,35.18
2026-05-21 17:26:08,TWIST,0.3597,0.07513294877799608,36.72,25.12,35.18
2026-05-21 17:26:08,PITCH,0.0045,0.004469799607072692,46.38,25.12,35.18
2026-05-21 17:26:08,ROLL,0.0061,0.005948398821218074,41.25,25.12,35.18
2026-05-21 17:26:08,YAW,0.0124,0.012412375638506877,48.56,25.12,35.18
2026-05-21 17:26:12,ROLL,0.0075,0.007314135559921414,41.27,25.12,35.18
2026-05-21 17:26:12,PITCH,0.0058,0.005761485265225933,46.4,25.12,35.18
2026-05-21 17:26:12,TWIST,0.3318,0.06930784418074656,36.73,25.12,35.18
2026-05-21 17:26:12,YAW,0.0129,0.012913787033398821,48.58,25.12,35.18
2026-05-21 17:26:12,J1,0.0099,0.0020676521493123777,42.34,25.12,35.18
2026-05-21 17:26:12,ELBOW,0.1937,0.04051610341846759,37.1,25.12,35.18
2026-05-21 17:26:12,J2,1.3265,0.2831431710805501,42.66,25.12,35.18
2026-05-21 17:26:16,ROLL,0.005,0.004876267190569744,41.28,25.12,35.18
2026-05-21 17:26:16,PITCH,0.0041,0.004073064047151278,46.42,25.12,35.18
2026-05-21 17:26:16,TWIST,0.3589,0.07497137546561886,36.74,25.12,35.18
2026-05-21 17:26:16,YAW,0.0133,0.013315155206286837,48.6,25.12,35.18
2026-05-21 17:26:16,J1,0.007,0.00146197626719057,42.34,25.12,35.18
2026-05-21 17:26:16,ELBOW,0.2166,0.04530941780746562,37.12,25.12,35.18
2026-05-21 17:26:16,J2,1.3633,0.2909981795206287,42.66,25.12,35.18
2026-05-21 17:26:20,ELBOW,0.2021,0.04227779531630649,37.13,25.12,35.18
2026-05-21 17:26:20,J1,0.0087,0.0018170932809430257,42.35,25.12,35.18
2026-05-21 17:26:20,J2,1.2864,0.2745837732966601,42.66,25.12,35.18
2026-05-21 17:26:20,TWIST,0.3523,0.07359540078585464,36.75,25.12,35.18
2026-05-21 17:26:20,PITCH,0.0057,0.005663157170923379,46.45,25.12,35.18
2026-05-21 17:26:20,ROLL,0.0069,0.006729736738703341,41.3,25.12,35.18
2026-05-21 17:26:20,YAW,0.0126,0.012615248722986248,48.62,25.12,35.18
2026-05-21 17:26:24,ROLL,0.007,0.006827764243614931,41.32,25.12,35.18
2026-05-21 17:26:24,YAW,0.0129,0.01291652416502947,48.64,25.12,35.18
2026-05-21 17:26:24,PITCH,0.0055,0.0054646444007858536,46.46,25.12,35.18
2026-05-21 17:26:24,ELBOW,0.1808,0.03782478082514734,37.15,25.12,35.18
2026-05-21 17:26:24,J2,1.4604,0.31173554942239684,42.67,25.12,35.18
2026-05-21 17:26:24,J1,0.0112,0.0023392465225933207,42.35,25.12,35.18
2026-05-21 17:26:24,TWIST,0.3744,0.07821496983889979,36.76,25.12,35.18
2026-05-21 17:26:28,ELBOW,0.1867,0.03906054503732809,37.16,25.12,35.18
2026-05-21 17:26:28,J1,0.0183,0.0038222997878192533,42.36,25.12,35.18
2026-05-21 17:26:28,J2,1.2948,0.27638673609430253,42.67,25.12,35.18
2026-05-21 17:26:28,TWIST,0.3555,0.07426935583497053,36.77,25.12,35.18
2026-05-21 17:26:28,PITCH,0.0062,0.006160802357563851,46.49,25.12,35.18
2026-05-21 17:26:28,ROLL,0.006,0.005852793713163065,41.34,25.12,35.18
2026-05-21 17:26:28,YAW,0.013,0.013018031434184677,48.67,25.12,35.18
2026-05-21 17:26:32,ROLL,0.0054,0.005267896267190571,41.36,25.12,35.18
2026-05-21 17:26:32,PITCH,0.006,0.005962278978388998,46.5,25.12,35.18
2026-05-21 17:26:32,TWIST,0.3612,0.07546295424754419,36.78,25.12,35.18
2026-05-21 17:26:32,YAW,0.0131,0.013119096660117877,48.69,25.12,35.18
2026-05-21 17:26:32,J1,0.0128,0.0026735211630648337,42.36,25.12,35.18
2026-05-21 17:26:32,ELBOW,0.1709,0.035756255355599224,37.17,25.12,35.18
2026-05-21 17:26:32,J2,1.2799,0.27320619673084484,42.67,25.12,35.18
2026-05-21 17:26:36,ROLL,0.0052,0.005072972888015717,41.37,25.12,35.18
2026-05-21 17:26:36,PITCH,0.0047,0.004670950491159135,46.53,25.12,35.18
2026-05-21 17:26:36,TWIST,0.3582,0.07483894415717095,36.79,25.12,35.18
2026-05-21 17:26:36,YAW,0.0119,0.011918188998035362,48.71,25.12,35.18
2026-05-21 17:26:36,J1,0.0214,0.004469793194499017,42.36,25.12,35.18
2026-05-21 17:26:36,ELBOW,0.1759,0.036803726333988214,37.18,25.12,35.18
2026-05-21 17:26:36,J2,1.2948,0.2763967078349705,42.68,25.12,35.18
2026-05-21 17:26:40,ELBOW,0.198,0.041429255481335955,37.19,25.12,35.18
2026-05-21 17:26:40,J1,0.0171,0.0035717861846758354,42.37,25.12,35.18
2026-05-21 17:26:40,J2,1.3111,0.27987621535559914,42.68,25.12,35.18
2026-05-21 17:26:40,TWIST,0.3568,0.0745491891552063,36.8,25.12,35.18
2026-05-21 17:26:40,PITCH,0.0064,0.006360895874263262,46.55,25.12,35.18
2026-05-21 17:26:40,ROLL,0.0064,0.006244111591355599,41.39,25.12,35.18
2026-05-21 17:26:40,YAW,0.0111,0.011117751277013754,48.73,25.12,35.18
2026-05-21 17:26:44,ROLL,0.006,0.005854066797642436,41.4,25.1,35.17
2026-05-21 17:26:44,YAW,0.0126,0.012621041257367389,48.75,25.1,35.17
2026-05-21 17:26:44,PITCH,0.0045,0.004472823182711198,46.57,25.1,35.17
2026-05-21 17:26:44,ELBOW,0.1921,0.04019622679764243,37.2,25.1,35.17
2026-05-21 17:26:44,J2,1.3139,0.2804739221689588,42.68,25.1,35.17
2026-05-21 17:26:44,J1,0.0172,0.003592673823182711,42.37,25.1,35.17
2026-05-21 17:26:44,TWIST,0.3468,0.07246247688801571,36.81,25.1,35.17
2026-05-21 17:26:48,ELBOW,0.1732,0.036242804369351664,37.21,25.1,35.17
2026-05-21 17:26:48,J1,0.0142,0.0029661517956778003,42.38,25.1,35.17
2026-05-21 17:26:48,J2,1.3415,0.28637593500982317,42.69,25.1,35.17
2026-05-21 17:26:48,TWIST,0.3511,0.07336094473870335,36.81,25.1,35.17
2026-05-21 17:26:48,PITCH,0.0053,0.005268554027504912,46.6,25.1,35.17
2026-05-21 17:26:48,ROLL,0.0075,0.00731811394891945,41.42,25.1,35.17
2026-05-21 17:26:48,YAW,0.0145,0.014525239685658154,48.77,25.1,35.17
2026-05-21 17:26:52,YAW,0.0126,0.012623269155206288,48.8,25.1,35.17
2026-05-21 17:26:52,ROLL,0.0071,0.006928065618860512,41.43,25.1,35.17
2026-05-21 17:26:52,PITCH,0.0056,0.005567170137524558,46.62,25.1,35.17
2026-05-21 17:26:52,TWIST,0.3564,0.0744711033713163,36.82,25.1,35.17
2026-05-21 17:26:52,J1,0.0168,0.003509250011787819,42.38,25.1,35.17
2026-05-21 17:26:52,ELBOW,0.183,0.03829631292730845,37.23,25.1,35.17
2026-05-21 17:26:52,J2,1.3378,0.285586079654224,42.69,25.1,35.17
2026-05-21 17:26:56,ELBOW,0.1828,0.038255866844793714,37.24,25.1,35.17
2026-05-21 17:26:56,J1,0.0186,0.003885381406679764,42.39,25.1,35.17
2026-05-21 17:26:56,J2,1.3644,0.291264499237721,42.69,25.1,35.17
2026-05-21 17:26:56,TWIST,0.358,0.07480818640471511,36.83,25.1,35.17
2026-05-21 17:26:56,PITCH,0.0065,0.006462353634577603,46.64,25.1,35.17
2026-05-21 17:26:56,ROLL,0.0064,0.006245469548133595,41.45,25.1,35.17
2026-05-21 17:26:56,YAW,0.0148,0.014828378781925344,48.82,25.1,35.17
2026-05-21 17:27:00,PITCH,0.0053,0.0052696785854616885,46.66,25.1,35.17
2026-05-21 17:27:00,YAW,0.0115,0.011522864440078587,48.84,25.1,35.17
2026-05-21 17:27:00,ROLL,0.0067,0.006538699803536347,41.47,25.1,35.17
2026-05-21 17:27:00,TWIST,0.372,0.07773651111984284,36.84,25.1,35.17
2026-05-21 17:27:00,J2,1.3898,0.2966974528880157,42.7,25.1,35.17
2026-05-21 17:27:00,J1,0.0137,0.0028618131866404717,42.39,25.1,35.17
2026-05-21 17:27:00,ELBOW,0.1974,0.041314354043222,37.26,25.1,35.17
2026-05-21 17:27:04,ELBOW,0.1933,0.0404577431669941,37.27,25.1,35.17
2026-05-21 17:27:04,J1,0.0146,0.0030499256581532413,42.4,25.1,35.17
2026-05-21 17:27:04,J2,1.3779,0.2941570156385069,42.7,25.1,35.17
2026-05-21 17:27:04,TWIST,0.3557,0.07433305390962673,36.85,25.1,35.17
2026-05-21 17:27:04,PITCH,0.0047,0.004673443614931238,46.68,25.1,35.17
2026-05-21 17:27:04,ROLL,0.0072,0.007027171709233792,41.49,25.1,35.17
2026-05-21 17:27:04,YAW,0.0128,0.01282590176817289,48.85,25.1,35.17
2026-05-21 17:27:08,YAW,0.0125,0.012526178781925345,48.87,25.1,35.17
2026-05-21 17:27:08,ROLL,0.0058,0.00566098231827112,41.5,25.1,35.17
2026-05-21 17:27:08,PITCH,0.0053,0.005270428290766208,46.7,25.1,35.17
2026-05-21 17:27:08,ELBOW,0.1839,0.03849173686444008,37.28,25.1,35.17
2026-05-21 17:27:08,J2,1.3519,0.2886168919607073,42.71,25.1,35.17
2026-05-21 17:27:08,J1,0.0146,0.0030499256581532413,42.4,25.1,35.17
2026-05-21 17:27:08,TWIST,0.3638,0.07602856788998036,36.86,25.1,35.17
2026-05-21 17:27:12,ROLL,0.0062,0.006051833398821217,41.52,25.1,35.17
2026-05-21 17:27:12,YAW,0.0131,0.01312882514734774,48.9,25.1,35.17
2026-05-21 17:27:12,PITCH,0.0047,0.004674274656188606,46.73,25.1,35.17
2026-05-21 17:27:12,ELBOW,0.1879,0.03933041585854618,37.29,25.1,35.17
2026-05-21 17:27:12,J2,1.3644,0.29128551475049114,42.71,25.1,35.17
2026-05-21 17:27:12,J1,0.0104,0.0021726282436149305,42.41,25.1,35.17
2026-05-21 17:27:12,TWIST,0.3477,0.07266659490766209,36.87,25.1,35.17
2026-05-21 17:27:16,ELBOW,0.184,0.03851691882121808,37.31,25.1,35.17
2026-05-21 17:27:16,J1,0.0139,0.0029038012102161094,42.41,25.1,35.17
2026-05-21 17:27:16,J2,1.3315,0.28427195394891946,42.72,25.1,35.17
2026-05-21 17:27:16,TWIST,0.3409,0.0712480732102161,36.88,25.1,35.17
2026-05-21 17:27:16,PITCH,0.0053,0.005271365422396856,46.75,25.1,35.17
2026-05-21 17:27:16,ROLL,0.0074,0.007223417681728879,41.53,25.1,35.17
2026-05-21 17:27:16,YAW,0.0135,0.013530660117878193,48.92,25.1,35.17
2026-05-21 17:27:20,ROLL,0.0057,0.0055643870333988215,41.55,25.1,35.17
2026-05-21 17:27:20,YAW,0.0122,0.012228139096267191,48.93,25.1,35.17
2026-05-21 17:27:20,PITCH,0.0068,0.006763742239685657,46.77,25.1,35.17
2026-05-21 17:27:20,ELBOW,0.1923,0.040255847764243624,37.32,25.1,35.17
2026-05-21 17:27:20,J2,1.4003,0.2989605836385069,42.72,25.1,35.17
2026-05-21 17:27:20,J1,0.0146,0.00305014594891945,42.42,25.1,35.17
2026-05-21 17:27:20,TWIST,0.3575,0.07472022514734773,36.89,25.1,35.17
2026-05-21 17:27:24,ELBOW,0.1868,0.0391059230805501,37.33,25.1,35.17
2026-05-21 17:27:24,J1,0.0209,0.004366304817288801,42.42,25.1,35.17
2026-05-21 17:27:24,J2,1.3294,0.2838338473555992,42.73,25.1,35.17
2026-05-21 17:27:24,TWIST,0.3454,0.07219389296660117,36.9,25.1,35.17
2026-05-21 17:27:24,PITCH,0.0047,0.004675271905697447,46.79,25.1,35.17
2026-05-21 17:27:24,ROLL,0.0068,0.006638456581532416,41.56,25.1,35.17
2026-05-21 17:27:24,YAW,0.0132,0.013231379174852651,48.95,25.1,35.17
2026-05-21 17:27:28,YAW,0.0104,0.010425826326129666,48.98,25.1,35.17
2026-05-21 17:27:28,ROLL,0.0064,0.006248411787819253,41.58,25.1,35.17
2026-05-21 17:27:28,PITCH,0.0051,0.005073528094302554,46.81,25.1,35.17
2026-05-21 17:27:28,TWIST,0.3436,0.07182031157563849,36.91,25.1,35.17
2026-05-21 17:27:28,J1,0.0116,0.0024234036306483298,42.42,25.1,35.17
2026-05-21 17:27:28,ELBOW,0.1998,0.041828966098231835,37.34,25.1,35.17
2026-05-21 17:27:28,J2,1.3317,0.2843249093752456,42.73,25.1,35.17
2026-05-21 17:27:32,ELBOW,0.1927,0.04034551949705305,37.36,25.1,35.17
2026-05-21 17:27:32,J1,0.026,0.005431962907662083,42.43,25.1,35.17
2026-05-21 17:27:32,J2,1.334,0.28482624502946957,42.74,25.1,35.17
2026-05-21 17:27:32,TWIST,0.3742,0.07821929801178783,36.92,25.1,35.17
2026-05-21 17:27:32,PITCH,0.0058,0.005770304911591355,46.83,25.1,35.17
2026-05-21 17:27:32,ROLL,0.0066,0.006444141453831042,41.6,25.1,35.17
2026-05-21 17:27:32,YAW,0.0131,0.013133457760314342,49.0,25.1,35.17
2026-05-21 17:27:36,PITCH,0.0062,0.006168695481335953,46.85,25.1,35.17
2026-05-21 17:27:36,YAW,0.012,0.012031497053045187,49.02,25.1,35.17
2026-05-21 17:27:36,TWIST,0.3495,0.07305623905697446,36.92,25.1,35.17
2026-05-21 17:27:36,ROLL,0.0066,0.0064446082514734776,41.62,25.1,35.17
2026-05-21 17:27:36,J1,0.0049,0.0010237160864440078,42.43,25.1,35.17
2026-05-21 17:27:36,J2,1.3459,0.28736704886444014,42.74,25.1,35.17
2026-05-21 17:27:36,ELBOW,0.1956,0.04095419768958743,37.37,25.1,35.17
2026-05-21 17:27:40,ELBOW,0.2111,0.04420117142632614,37.38,25.1,35.17
2026-05-21 17:27:40,J1,0.0119,0.0024862574145383108,42.44,25.1,35.17
2026-05-21 17:27:40,J2,1.3634,0.2911035250923379,42.74,25.1,35.17
2026-05-21 17:27:40,TWIST,0.3503,0.07322616143025541,36.93,25.1,35.17
2026-05-21 17:27:40,PITCH,0.0048,0.004776103732809431,46.87,25.1,35.17
2026-05-21 17:27:40,ROLL,0.0066,0.0064448416502946955,41.63,25.1,35.17
2026-05-21 17:27:40,YAW,0.0154,0.015441510412573675,49.04,25.1,35.17
2026-05-21 17:27:44,ROLL,0.0066,0.00644530844793713,41.65,25.16,35.17
2026-05-21 17:27:44,PITCH,0.0059,0.005871044793713163,46.89,25.16,35.17
2026-05-21 17:27:44,TWIST,0.3536,0.07391871144990178,36.94,25.16,35.17
2026-05-21 17:27:44,YAW,0.013,0.013035960707269156,49.06,25.16,35.17
2026-05-21 17:27:44,J1,0.012,0.002507150333988212,42.44,25.16,35.17
2026-05-21 17:27:44,ELBOW,0.1961,0.041063417053045184,37.4,25.16,35.17
2026-05-21 17:27:44,J2,1.3307,0.284131900589391,42.75,25.16,35.17
2026-05-21 17:27:48,ROLL,0.0056,0.005468944597249508,41.66,25.16,35.17
2026-05-21 17:27:48,PITCH,0.0073,0.0072646903732809425,46.91,25.16,35.17
2026-05-21 17:27:48,TWIST,0.3691,0.07716176903732808,36.95,25.16,35.17
2026-05-21 17:27:48,YAW,0.0149,0.014942270333988211,49.08,25.16,35.17
2026-05-21 17:27:48,J1,0.0148,0.0030922637328094304,42.45,25.16,35.17
2026-05-21 17:27:48,ELBOW,0.1968,0.04121151295874263,37.41,25.16,35.17
2026-05-21 17:27:48,J2,1.3351,0.2850713913555992,42.75,25.16,35.17
2026-05-21 17:27:52,ELBOW,0.2112,0.044228616047151274,37.42,25.16,35.17
2026-05-21 17:27:52,J1,0.021,0.004387671512770138,42.45,25.16,35.17
2026-05-21 17:27:52,J2,1.3646,0.2913807591984283,42.76,25.16,35.17
2026-05-21 17:27:52,TWIST,0.3561,0.0744468116935167,36.96,25.16,35.17
2026-05-21 17:27:52,PITCH,0.0043,0.004279505304518664,46.93,25.16,35.17
2026-05-21 17:27:52,ROLL,0.0057,0.005567007465618861,41.68,25.16,35.17
2026-05-21 17:27:52,YAW,0.0133,0.013338671905697446,49.1,25.16,35.17
2026-05-21 17:27:56,YAW,0.0123,0.012336634184675834,49.12,25.16,35.17
2026-05-21 17:27:56,ROLL,0.0068,0.0066415827111984274,41.69,25.16,35.17
2026-05-21 17:27:56,PITCH,0.0056,0.005573705304518665,46.95,25.16,35.17
2026-05-21 17:27:56,J1,0.0188,0.0039280106876227894,42.45,25.16,35.17
2026-05-21 17:27:56,J2,1.3561,0.2895657683929273,42.76,25.16,35.17
2026-05-21 17:27:56,ELBOW,0.1981,0.04148679476620826,37.43,25.16,35.17
2026-05-21 17:27:56,TWIST,0.3527,0.07373871875834971,36.97,25.16,35.17
2026-05-21 17:28:00,ELBOW,0.1561,0.03269221007465619,37.44,25.16,35.17
2026-05-21 17:28:00,J1,0.0144,0.003008797673870334,42.46,25.16,35.17
2026-05-21 17:28:00,J2,1.1202,0.23920306241257372,42.77,25.16,35.17
2026-05-21 17:28:00,TWIST,0.3029,0.06332940366208252,36.98,25.16,35.17
2026-05-21 17:28:00,PITCH,0.0046,0.004578726129666012,46.97,25.16,35.17
2026-05-21 17:28:00,ROLL,0.0041,0.004004773673870334,41.71,25.16,35.17
2026-05-21 17:28:00,YAW,0.0105,0.01053238703339882,49.15,25.16,35.17
2026-05-21 17:28:04,YAW,0.0008,0.0008025524557956779,49.18,25.16,35.17
2026-05-21 17:28:04,PITCH,0.052,0.051765029469548134,47.0,25.16,35.17
2026-05-21 17:28:04,TWIST,0.0028,0.0005854369823182712,36.99,25.16,35.17
2026-05-21 17:28:04,ROLL,0.0004,0.0003907379174852653,41.73,25.16,35.17
2026-05-21 17:28:04,J1,0.0015,0.0003134164243614931,42.46,25.16,35.17
2026-05-21 17:28:04,ELBOW,0.008,0.0016755728094302554,37.46,25.16,35.17
2026-05-21 17:28:04,J2,0.4432,0.09463916913163065,42.77,25.16,35.17
2026-05-21 17:28:08,YAW,0.0003,0.00030097838899803537,49.2,25.16,35.17
2026-05-21 17:28:08,PITCH,0.0008,0.0007964416502946954,47.02,25.16,35.17
2026-05-21 17:28:08,TWIST,0.0005,0.00010454616895874264,37.0,25.16,35.17
2026-05-21 17:28:08,ROLL,0.0004,0.00039076620825147354,41.75,25.16,35.17
2026-05-21 17:28:08,J1,1.7903,0.374275545524558,42.61,25.16,35.17
2026-05-21 17:28:08,ELBOW,0.0008,0.00016756344204322204,37.47,25.16,35.17
2026-05-21 17:28:08,J2,4.489,0.9585632451080549,42.77,25.16,35.17
2026-05-21 17:28:12,ROLL,0.0003,0.0002930852652259332,41.76,25.16,35.17
2026-05-21 17:28:12,ELBOW,0.001,0.0002094620039292731,37.48,25.16,35.17
2026-05-21 17:28:12,J1,1.5715,0.328498209194499,42.58,25.16,35.17
2026-05-21 17:28:12,J2,4.7202,1.0080781837013753,42.81,25.16,35.17
2026-05-21 17:28:12,TWIST,0.0007,0.0001463700275049116,37.01,25.16,35.17
2026-05-21 17:28:12,PITCH,0.0009,0.000896060510805501,47.04,25.16,35.17
2026-05-21 17:28:12,YAW,0.0003,0.0003009889980353634,49.21,25.16,35.17
2026-05-21 17:28:16,ROLL,0.0003,0.00029309587426326123,41.77,25.16,35.17
2026-05-21 17:28:16,YAW,0.0006,0.0006020204322200394,49.23,25.16,35.17
2026-05-21 17:28:16,PITCH,0.0013,0.0012943555992141454,47.05,25.16,35.17
2026-05-21 17:28:16,TWIST,0.0015,0.00031365005893909623,37.01,25.16,35.17
2026-05-21 17:28:16,J2,4.1819,0.8931795681414537,42.83,25.16,35.17
2026-05-21 17:28:16,J1,1.3624,0.2846759692573674,42.47,25.16,35.17
2026-05-21 17:28:16,ELBOW,0.0015,0.00031421611001964636,37.5,25.16,35.17
2026-05-21 17:28:20,ELBOW,0.0007,0.0001466395756385069,37.51,25.16,35.17
2026-05-21 17:28:20,J1,1.3931,0.29110130018074665,42.48,25.16,35.17
2026-05-21 17:28:20,J2,3.6452,0.7785499801021611,42.83,25.16,35.17
2026-05-21 17:28:20,TWIST,0.0005,0.000104557721021611,37.03,25.16,35.17
2026-05-21 17:28:20,PITCH,0.0008,0.0007965831041257368,47.07,25.16,35.17
2026-05-21 17:28:20,ROLL,0.0007,0.0006839398821218075,41.79,25.16,35.17
2026-05-21 17:28:20,YAW,0.0002,0.0002006876227897839,49.25,25.16,35.17
2026-05-21 17:28:24,YAW,0.0002,0.00020070884086444008,49.28,25.16,35.17
2026-05-21 17:28:24,ROLL,0.0003,0.0002931277013752456,41.8,25.16,35.17
2026-05-21 17:28:24,PITCH,0.0007,0.0006970597249508841,47.09,25.16,35.17
2026-05-21 17:28:24,TWIST,0.0012,0.00025094777210216113,37.04,25.16,35.17
2026-05-21 17:28:24,J2,3.5627,0.7609568830176819,42.84,25.16,35.17
2026-05-21 17:28:24,J1,1.2087,0.2525874294695482,42.5,25.16,35.17
2026-05-21 17:28:24,ELBOW,0.0008,0.00016760040864440077,37.53,25.16,35.17
2026-05-21 17:28:28,ELBOW,0.0003,6.285246365422397e-05,37.54,25.16,35.17
2026-05-21 17:28:28,J1,1.3161,0.2750412153713163,42.51,25.16,35.17
2026-05-21 17:28:28,J2,3.5503,0.7583357099410609,42.85,25.16,35.17
2026-05-21 17:28:28,TWIST,0.0011,0.0002300439292730845,37.05,25.16,35.17
2026-05-21 17:28:28,PITCH,0.0013,0.001294631434184676,47.11,25.16,35.17
2026-05-21 17:28:28,ROLL,0.0004,0.0003908652259332024,41.82,25.16,35.17
2026-05-21 17:28:28,YAW,0.0003,0.0003010844793713163,49.3,25.16,35.17
2026-05-21 17:28:32,ROLL,0.0003,0.00029317013752455797,41.84,25.16,35.17
2026-05-21 17:28:32,PITCH,0.0016,0.0015935622789783892,47.14,25.16,35.17
2026-05-21 17:28:32,TWIST,0.0006,0.00012548312770137526,37.06,25.16,35.17
2026-05-21 17:28:32,YAW,0.0002,0.00020073713163064834,49.32,25.16,35.17
2026-05-21 17:28:32,J1,1.1861,0.24788250304125736,42.52,25.16,35.17
2026-05-21 17:28:32,ELBOW,0.0001,2.0951591355599217e-05,37.55,25.16,35.17
2026-05-21 17:28:32,J2,3.6176,0.7727386917721022,42.86,25.16,35.17
2026-05-21 17:28:36,ELBOW,0.001,0.00020952361493123775,37.56,25.16,35.17
2026-05-21 17:28:36,J1,1.1264,0.23541432480943025,42.53,25.16,35.17
2026-05-21 17:28:36,J2,3.565,0.7615305060903733,42.87,25.16,35.17
2026-05-21 17:28:36,TWIST,0.0008,0.00016731699803536348,37.07,25.16,35.17
2026-05-21 17:28:36,PITCH,0.0008,0.0007968094302554027,47.15,25.16,35.17
2026-05-21 17:28:36,ROLL,0.0004,0.0003909076620825148,41.85,25.16,35.17
2026-05-21 17:28:36,YAW,0.0003,0.0003011269155206287,49.34,25.16,35.17
2026-05-21 17:28:40,ROLL,0.0002,0.0001954679764243615,41.87,25.16,35.17
2026-05-21 17:28:40,PITCH,0.0019,0.0018926239685658154,47.18,25.16,35.17
2026-05-21 17:28:40,TWIST,0.0005,0.00010457697445972496,37.08,25.16,35.17
2026-05-21 17:28:40,YAW,0.0005,0.0005018958742632614,49.35,25.16,35.17
2026-05-21 17:28:40,J1,1.2195,0.254917954891945,42.58,25.16,35.17
2026-05-21 17:28:40,ELBOW,0.0003,6.286170530451865e-05,37.58,25.16,35.17
2026-05-21 17:28:40,J2,3.3855,0.7232130374852652,42.88,25.16,35.17
2026-05-21 17:28:44,ROLL,0.0006,0.0005864463654223968,41.89,25.18,35.15
2026-05-21 17:28:44,PITCH,0.0015,0.001494229862475442,47.19,25.18,35.15
2026-05-21 17:28:44,TWIST,0.0009,0.00018824548526522595,37.09,25.18,35.15
2026-05-21 17:28:44,YAW,0.0003,0.00030116935166994105,49.38,25.18,35.15
2026-05-21 17:28:44,J1,1.109,0.2319367393320236,42.72,25.18,35.15
2026-05-21 17:28:44,ELBOW,0.0007,0.00014668270333988213,37.59,25.18,35.15
2026-05-21 17:28:44,J2,3.342,0.7139462730058939,42.89,25.18,35.15
2026-05-21 17:28:48,ELBOW,0.0005,0.00010477721021611004,37.6,25.18,35.15
2026-05-21 17:28:48,J1,1.0613,0.22196874737917485,42.73,25.18,35.15
2026-05-21 17:28:48,J2,3.3292,0.7112631077092338,42.91,25.18,35.15
2026-05-21 17:28:48,TWIST,0.0025,0.0005229233791748527,37.1,25.18,35.15
2026-05-21 17:28:48,PITCH,0.0004,0.0003984895874263261,47.21,25.18,35.15
2026-05-21 17:28:48,ROLL,0.0,0.0,41.9,25.18,35.15
2026-05-21 17:28:48,YAW,0.0004,0.00040157328094302553,49.39,25.18,35.15
2026-05-21 17:28:52,PITCH,0.0005,0.0004981473477406681,47.23,25.18,35.15
2026-05-21 17:28:52,ROLL,0.0002,0.00019550333988212182,41.92,25.18,35.15
2026-05-21 17:28:52,TWIST,0.0011,0.00023008628683693518,37.1,25.18,35.15
2026-05-21 17:28:52,YAW,0.0003,0.0003012011787819253,49.41,25.18,35.15
2026-05-21 17:28:52,J1,1.3073,0.2733796994263261,42.69,25.18,35.15
2026-05-21 17:28:52,J2,3.3485,0.7154122220825149,42.92,25.18,35.15
2026-05-21 17:28:52,ELBOW,0.0003,6.287094695481335e-05,37.62,25.18,35.15
2026-05-21 17:28:56,ELBOW,0.0003,6.287325736738704e-05,37.63,25.18,35.15
2026-05-21 17:28:56,J1,1.186,0.24805844746561886,42.74,25.18,35.15
2026-05-21 17:28:56,J2,3.3245,0.7103101880550099,42.93,25.18,35.15
2026-05-21 17:28:56,TWIST,0.0011,0.00023010322986247546,37.12,25.18,35.15
2026-05-21 17:28:56,PITCH,0.0011,0.0010960019646365422,47.25,25.18,35.15
2026-05-21 17:28:56,ROLL,0.0002,0.0001955104125736739,41.93,25.18,35.15
2026-05-21 17:28:56,YAW,0.0004,0.00040162986247544206,49.43,25.18,35.15
2026-05-21 17:29:00,YAW,0.0004,0.0004016581532416503,49.45,25.18,35.15
2026-05-21 17:29:00,ROLL,0.0003,0.000293286836935167,41.95,25.18,35.15
2026-05-21 17:29:00,PITCH,0.001,0.0009964715127701374,47.28,25.18,35.15
2026-05-21 17:29:00,ELBOW,0.0002,4.1918585461689587e-05,37.65,25.18,35.15
2026-05-21 17:29:00,J2,3.3341,0.7124126711984282,42.95,25.18,35.15
2026-05-21 17:29:00,J1,1.1682,0.24433547919842827,42.74,25.18,35.15
2026-05-21 17:29:00,TWIST,0.0011,0.00023011170137524558,37.13,25.18,35.15
2026-05-21 17:29:04,YAW,0.0003,0.00030126483300589395,49.47,25.18,35.15
2026-05-21 17:29:04,ROLL,0.0002,0.00019553870333988214,41.97,25.18,35.15
2026-05-21 17:29:04,PITCH,0.0005,0.0004982711198428291,47.3,25.18,35.15
2026-05-21 17:29:04,ELBOW,0.0009,0.00018864056581532416,37.66,25.18,35.15
2026-05-21 17:29:04,J2,3.3746,0.7210924838349706,42.96,25.18,35.15
2026-05-21 17:29:04,J1,1.1123,0.23265207701375248,42.75,25.18,35.15
2026-05-21 17:29:04,TWIST,0.0013,0.0002719602043222004,37.14,25.18,35.15
2026-05-21 17:29:08,ELBOW,0.0007,0.00014672583104125738,37.67,25.18,35.15
2026-05-21 17:29:08,J1,1.1939,0.24971978310412576,42.75,25.18,35.15
2026-05-21 17:29:08,J2,3.3874,0.7238537056502948,42.97,25.18,35.15
2026-05-21 17:29:08,TWIST,0.0006,0.00012552471512770135,37.15,25.18,35.15
2026-05-21 17:29:08,PITCH,0.0013,0.001295550884086444,47.31,25.18,35.15
2026-05-21 17:29:08,ROLL,0.0003,0.0002933186640471513,41.98,25.18,35.15
2026-05-21 17:29:08,YAW,0.0003,0.0003012860510805501,49.49,25.18,35.15
2026-05-21 17:29:12,PITCH,0.0011,0.001096313163064833,47.33,25.18,35.15
2026-05-21 17:29:12,ROLL,0.0002,0.00019555992141453833,42.0,25.18,35.15
2026-05-21 17:29:12,YAW,0.0004,0.00040174302554027506,49.51,25.18,35.15
2026-05-21 17:29:12,TWIST,0.0007,0.00014645089194499018,37.16,25.18,35.15
2026-05-21 17:29:12,J1,1.2596,0.2634712991434185,42.76,25.18,35.15
2026-05-21 17:29:12,ELBOW,0.0001,2.0961603143418468e-05,37.68,25.18,35.15
2026-05-21 17:29:12,J2,3.3536,0.7166568089901769,42.98,25.18,35.15
2026-05-21 17:29:16,ELBOW,0.0016,0.00033539797249508845,37.69,25.18,35.15
2026-05-21 17:29:16,J1,1.1174,0.23373566843222005,42.77,25.18,35.15
2026-05-21 17:29:16,J2,3.2889,0.702855892950884,42.99,25.18,35.15
2026-05-21 17:29:16,TWIST,0.0011,0.00023013711591355598,37.16,25.18,35.15
2026-05-21 17:29:16,PITCH,0.0009,0.000897078978388998,47.36,25.18,35.15
2026-05-21 17:29:16,ROLL,0.0002,0.00019557406679764243,42.02,25.18,35.15
2026-05-21 17:29:16,YAW,0.0003,0.0003013284872298625,49.53,25.18,35.15
2026-05-21 17:29:20,ROLL,0.0003,0.0002933717092337917,42.03,25.18,35.15
2026-05-21 17:29:20,PITCH,0.0018,0.001794285265225933,47.38,25.18,35.15
2026-05-21 17:29:20,TWIST,0.0005,0.00010461163064833007,37.17,25.18,35.15
2026-05-21 17:29:20,YAW,0.0005,0.0005022671905697447,49.56,25.18,35.15
2026-05-21 17:29:20,J1,1.0675,0.22329767858546165,42.77,25.18,35.15
2026-05-21 17:29:20,ELBOW,0.001,0.00020963913555992143,37.71,25.18,35.15
2026-05-21 17:29:20,J2,3.2769,0.7003166640471513,43.0,25.18,35.15
2026-05-21 17:29:24,ROLL,0.0007,0.0006845834970530452,42.05,25.18,35.15
2026-05-21 17:29:24,PITCH,0.0009,0.000897206286836935,47.4,25.18,35.15
2026-05-21 17:29:24,TWIST,0.0005,0.00010461548133595287,37.18,25.18,35.15
2026-05-21 17:29:24,YAW,0.0003,0.0003013815324165029,49.58,25.18,35.15
2026-05-21 17:29:24,J1,1.1304,0.23646351239292732,42.78,25.18,35.15
2026-05-21 17:29:24,ELBOW,0.0013,0.0002725408880157171,37.72,25.18,35.15
2026-05-21 17:29:24,J2,3.2553,0.6957255300117878,43.01,25.18,35.15
2026-05-21 17:29:28,ELBOW,0.0008,0.00016772363064833007,37.73,25.18,35.15
2026-05-21 17:29:28,J1,1.0744,0.22474911333595282,42.78,25.18,35.15
2026-05-21 17:29:28,J2,3.3078,0.7069968246129665,43.03,25.18,35.15
2026-05-21 17:29:28,TWIST,0.0002,4.184773280943026e-05,37.19,25.18,35.15
2026-05-21 17:29:28,PITCH,0.0013,0.0012960565815324167,47.42,25.18,35.15
2026-05-21 17:29:28,ROLL,0.0002,0.00019560235756385072,42.06,25.18,35.15
2026-05-21 17:29:28,YAW,0.0005,0.0005023379174852653,49.6,25.18,35.15
2026-05-21 17:29:32,ROLL,0.0002,0.0001956165029469548,42.08,25.18,35.15
2026-05-21 17:29:32,YAW,0.0003,0.0003014239685658153,49.62,25.18,35.15
2026-05-21 17:29:32,PITCH,0.0009,0.0008973335952848722,47.44,25.18,35.15
2026-05-21 17:29:32,J2,3.2657,0.6979985277642435,43.03,25.18,35.15
2026-05-21 17:29:32,J1,1.1243,0.23518747963850686,42.78,25.18,35.15
2026-05-21 17:29:32,ELBOW,0.001,0.00020966994106090376,37.75,25.18,35.15
2026-05-21 17:29:32,TWIST,0.0007,0.0001464724557956778,37.2,25.18,35.15
2026-05-21 17:29:36,ELBOW,0.0005,0.00010483882121807466,37.76,25.18,35.15
2026-05-21 17:29:36,J1,1.0257,0.2145695079607073,42.79,25.18,35.15
2026-05-21 17:29:36,J2,3.3047,0.70635969291945,43.04,25.18,35.15
2026-05-21 17:29:36,TWIST,0.0007,0.0001464778467583497,37.21,25.18,35.15
2026-05-21 17:29:36,PITCH,0.0008,0.0007976864440078585,47.46,25.18,35.15
2026-05-21 17:29:36,ROLL,0.0002,0.0001956235756385069,42.09,25.18,35.15
2026-05-21 17:29:36,YAW,0.0003,0.00030144518664047154,49.64,25.18,35.15
2026-05-21 17:29:40,TWIST,0.0004,8.370470726915521e-05,37.22,25.18,35.15
2026-05-21 17:29:40,YAW,0.0003,0.0003014664047151277,49.66,25.18,35.15
2026-05-21 17:29:40,ROLL,0.0001,9.781886051080552e-05,42.11,25.18,35.15
2026-05-21 17:29:40,PITCH,0.001,0.0009972141453831044,47.49,25.18,35.15
2026-05-21 17:29:40,J1,1.157,0.24203658058939098,42.79,25.18,35.15
2026-05-21 17:29:40,ELBOW,0.0008,0.00016775443614931238,37.78,25.18,35.15
2026-05-21 17:29:40,J2,3.2811,0.7013658732259332,43.06,25.18,35.15
2026-05-21 17:29:44,ROLL,0.0002,0.00019565186640471514,42.13,25.19,35.15
2026-05-21 17:29:44,ELBOW,0.0008,0.00016776059724950886,37.79,25.19,35.15
2026-05-21 17:29:44,J1,1.0338,0.21627177241650297,42.8,25.19,35.15
2026-05-21 17:29:44,J2,3.2634,0.6976074650216111,43.07,25.19,35.15
2026-05-21 17:29:44,TWIST,0.0006,0.00012556168172888016,37.23,25.19,35.15
2026-05-21 17:29:44,PITCH,0.0008,0.0007977996070726917,47.5,25.19,35.15
2026-05-21 17:29:44,YAW,0.0005,0.0005024793713163066,49.68,25.19,35.15
2026-05-21 17:29:48,YAW,0.0002,0.00020100589390962672,49.7,25.19,35.15
2026-05-21 17:29:48,PITCH,0.0011,0.0010970522593320236,47.52,25.19,35.15
2026-05-21 17:29:48,TWIST,0.0008,0.00016742173673870336,37.24,25.19,35.15
2026-05-21 17:29:48,ROLL,0.0002,0.00019565893909626717,42.14,25.19,35.15
2026-05-21 17:29:48,J1,1.2009,0.25123828356778,42.81,25.19,35.15
2026-05-21 17:29:48,ELBOW,0.0005,0.00010485422396856583,37.8,25.19,35.15
2026-05-21 17:29:48,J2,3.2212,0.6886113022239685,43.08,25.19,35.15
2026-05-21 17:29:52,ELBOW,0.0022,0.00046137552848722987,37.81,25.19,35.15
2026-05-21 17:29:52,J1,1.0543,0.22056834238113948,42.81,25.19,35.15
2026-05-21 17:29:52,J2,3.249,0.6945542409430256,43.08,25.19,35.15
2026-05-21 17:29:52,TWIST,0.0014,0.00029299882121807465,37.25,25.19,35.15
2026-05-21 17:29:52,PITCH,0.0011,0.0010971300589390964,47.54,25.19,35.15
2026-05-21 17:29:52,ROLL,0.0001,9.783654223968565e-05,42.16,25.19,35.15
2026-05-21 17:29:52,YAW,0.0007,0.000703570137524558,49.72,25.19,35.15
2026-05-21 17:29:56,YAW,0.0007,0.0007036196463654225,49.74,25.19,35.15
2026-05-21 17:29:56,PITCH,0.001,0.0009974616895874265,47.56,25.19,35.15
2026-05-21 17:29:56,TWIST,0.0012,0.0002511510884086444,37.26,25.19,35.15
2026-05-21 17:29:56,ROLL,0.0003,0.0002935202357563851,42.17,25.19,35.15
2026-05-21 17:29:56,J1,1.0837,0.22672724293909627,42.82,25.19,35.15
2026-05-21 17:29:56,ELBOW,0.0029,0.000608199166994106,37.82,25.19,35.15
2026-05-21 17:29:56,J2,3.1709,0.677882851379175,43.09,25.19,35.15
2026-05-21 17:30:00,YAW,0.0008,0.0008041933202357563,49.76,25.19,35.15
2026-05-21 17:30:00,PITCH,0.0006,0.0005985406679764244,47.59,25.19,35.15
2026-05-21 17:30:00,TWIST,0.0019,0.0003976705225933202,37.27,25.19,35.15
2026-05-21 17:30:00,ROLL,0.0003,0.0002935414538310413,42.19,25.19,35.15
2026-05-21 17:30:00,J1,1.2187,0.25497138596463653,42.82,25.19,35.15
2026-05-21 17:30:00,ELBOW,0.0025,0.0005243481335952849,37.84,25.19,35.15
2026-05-21 17:30:00,J2,3.2649,0.6980035482907663,43.1,25.19,35.15
2026-05-21 17:30:04,ROLL,0.0002,0.00019570844793713162,42.21,25.19,35.15
2026-05-21 17:30:04,ELBOW,0.0024,0.000503392691552063,37.85,25.19,35.15
2026-05-21 17:30:04,J1,1.1792,0.24671625505697448,42.83,25.19,35.15
2026-05-21 17:30:04,J2,3.2422,0.693175480675835,43.11,25.19,35.15
2026-05-21 17:30:04,TWIST,0.0011,0.00023023877406679765,37.28,25.19,35.15
2026-05-21 17:30:04,PITCH,0.0021,0.002095040864440079,47.61,25.19,35.15
2026-05-21 17:30:04,YAW,0.0006,0.0006031874263261296,49.78,25.19,35.15
2026-05-21 17:30:08,YAW,0.0004,0.00040215324165029476,49.8,25.19,35.15
2026-05-21 17:30:08,PITCH,0.0011,0.0010974801571709235,47.63,25.19,35.15
2026-05-21 17:30:08,TWIST,0.0007,0.00014652097445972496,37.29,25.19,35.15
2026-05-21 17:30:08,ROLL,0.0002,0.00019571552062868372,42.22,25.19,35.15
2026-05-21 17:30:08,J1,1.1678,0.24426062711198426,42.75,25.19,35.15
2026-05-21 17:30:08,J2,3.2071,0.6856958742318271,43.12,25.19,35.15
2026-05-21 17:30:08,ELBOW,0.0029,0.0006082885029469548,37.86,25.19,35.15
2026-05-21 17:30:12,ELBOW,0.002,0.0004195401178781926,37.88,25.19,35.15
2026-05-21 17:30:12,J1,1.1484,0.24013355354027507,42.67,25.19,35.15
2026-05-21 17:30:12,J2,3.1758,0.6790282176188606,43.13,25.19,35.15
2026-05-21 17:30:12,TWIST,0.0003,6.279470333988213e-05,37.29,25.19,35.15
2026-05-21 17:30:12,PITCH,0.0009,0.0008979701375245578,47.64,25.19,35.15
2026-05-21 17:30:12,ROLL,0.0001,9.786483300589391e-05,42.24,25.19,35.15
2026-05-21 17:30:12,YAW,0.0002,0.00020109076620825148,49.82,25.19,35.15
2026-05-21 17:30:16,ROLL,0.0003,0.0002936051080550098,42.25,25.19,35.15
2026-05-21 17:30:16,PITCH,0.001,0.0009978506876227899,47.67,25.19,35.15
2026-05-21 17:30:16,TWIST,0.001,0.00020932337917485268,37.3,25.19,35.15
2026-05-21 17:30:16,YAW,0.0006,0.0006033359528487231,49.85,25.19,35.15
2026-05-21 17:30:16,J1,1.2316,0.2576888536267191,42.84,25.19,35.15
2026-05-21 17:30:16,ELBOW,0.0039,0.0008181332652259332,37.89,25.19,35.15
2026-05-21 17:30:16,J2,3.1557,0.6747548739017681,43.14,25.19,35.15
2026-05-21 17:30:20,ROLL,0.0003,0.00029362632612966604,42.27,25.19,35.15
2026-05-21 17:30:20,PITCH,0.0014,0.0013970899803536347,47.69,25.19,35.15
2026-05-21 17:30:20,TWIST,0.002,0.0004186621611001965,37.31,25.19,35.15
2026-05-21 17:30:20,YAW,0.0005,0.0005028153241650296,49.87,25.19,35.15
2026-05-21 17:30:20,J1,1.1568,0.24204710475442046,42.85,25.19,35.15
2026-05-21 17:30:20,ELBOW,0.0039,0.000818163300589391,37.9,25.19,35.15
2026-05-21 17:30:20,J2,3.1925,0.6826480726915519,43.15,25.19,35.15
2026-05-21 17:30:24,ELBOW,0.0037,0.0007762631984282909,37.92,25.19,35.15
2026-05-21 17:30:24,J1,1.1349,0.23746478145383107,42.85,25.19,35.15
2026-05-21 17:30:24,J2,3.1816,0.6803418427347739,43.16,25.19,35.15
2026-05-21 17:30:24,TWIST,0.0004,8.373551277013753e-05,37.32,25.19,35.15
2026-05-21 17:30:24,PITCH,0.001,0.0009979921414538311,47.71,25.19,35.15
2026-05-21 17:30:24,ROLL,0.0002,0.00019576502946954815,42.29,25.19,35.15
2026-05-21 17:30:24,YAW,0.0005,0.0005028506876227898,49.89,25.19,35.15
2026-05-21 17:30:28,YAW,0.0003,0.00030173163064833,49.91,25.19,35.15
2026-05-21 17:30:28,ROLL,0.0004,0.00039154420432220045,42.3,25.19,35.15
2026-05-21 17:30:28,PITCH,0.001,0.0009980628683693518,47.73,25.19,35.15
2026-05-21 17:30:28,J1,1.1037,0.23093654003929276,42.85,25.19,35.15
2026-05-21 17:30:28,J2,3.2003,0.6843652298467584,43.17,25.19,35.15
2026-05-21 17:30:28,ELBOW,0.0043,0.000902176833005894,37.93,25.19,35.15
2026-05-21 17:30:28,TWIST,0.0008,0.00016747718664047152,37.33,25.19,35.15
2026-05-21 17:30:32,ELBOW,0.0034,0.000713375308447937,37.94,25.19,35.15
2026-05-21 17:30:32,J1,1.3164,0.27545150164243615,42.86,25.19,35.15
2026-05-21 17:30:32,J2,3.1867,0.6814814922436151,43.18,25.19,35.15
2026-05-21 17:30:32,TWIST,0.001,0.000209354184675835,37.34,25.19,35.15
2026-05-21 17:30:32,PITCH,0.0012,0.0011977178781925344,47.74,25.19,35.15
2026-05-21 17:30:32,ROLL,0.0,0.0,42.31,25.19,35.15
2026-05-21 17:30:32,YAW,0.0007,0.0007040899803536346,49.93,25.19,35.15
2026-05-21 17:30:36,YAW,0.0005,0.0005029567779960708,49.95,25.19,35.15
2026-05-21 17:30:36,PITCH,0.0012,0.0011978451866404714,47.77,25.19,35.15
2026-05-21 17:30:36,TWIST,0.0015,0.00031404282907662083,37.35,25.19,35.15
2026-05-21 17:30:36,ROLL,0.0004,0.00039158664047151277,42.33,25.19,35.15
2026-05-21 17:30:36,J1,1.217,0.2546524441650295,42.86,25.19,35.15
2026-05-21 17:30:36,ELBOW,0.0035,0.0007343838899803536,37.95,25.19,35.15
2026-05-21 17:30:36,J2,3.1668,0.6772502303811395,43.19,25.19,35.15
2026-05-21 17:30:40,YAW,0.0006,0.0006035905697445973,49.97,25.19,35.15
2026-05-21 17:30:40,PITCH,0.0009,0.0008984157170923377,47.78,25.19,35.15
2026-05-21 17:30:40,TWIST,0.0021,0.00043967613359528486,37.36,25.19,35.15
2026-05-21 17:30:40,ROLL,0.0005,0.0004895186640471513,42.35,25.19,35.15
2026-05-21 17:30:40,J1,1.0912,0.22833752317485265,42.87,25.19,35.15
2026-05-21 17:30:40,ELBOW,0.0049,0.0010281751827111983,37.96,25.19,35.15
2026-05-21 17:30:40,J2,3.1712,0.6781912121335953,43.19,25.19,35.15
2026-05-21 17:30:44,ROLL,0.0002,0.0001958145383104126,42.36,25.16,35.16
2026-05-21 17:30:44,ELBOW,0.0052,0.001091204777996071,37.98,25.16,35.16
2026-05-21 17:30:44,J1,1.1274,0.23591250332416502,42.87,25.16,35.16
2026-05-21 17:30:44,J2,3.1625,0.6763549901768172,43.2,25.16,35.16
2026-05-21 17:30:44,TWIST,0.001,0.00020937728880157173,37.37,25.16,35.16
2026-05-21 17:30:44,PITCH,0.001,0.0009983104125736739,47.8,25.16,35.16
2026-05-21 17:30:44,YAW,0.0006,0.0006036330058939096,49.99,25.16,35.16
2026-05-21 17:30:48,PITCH,0.0012,0.0011980573673870333,47.82,25.16,35.16
2026-05-21 17:30:48,TWIST,0.0007,0.0001465694931237721,37.38,25.16,35.16
2026-05-21 17:30:48,ROLL,0.0004,0.00039167151277013756,42.39,25.16,35.16
2026-05-21 17:30:48,J1,1.2008,0.2512807762986248,42.88,25.16,35.16
2026-05-21 17:30:48,ELBOW,0.0045,0.0009443464833005894,37.99,25.16,35.16
2026-05-21 17:30:48,J2,3.1797,0.6800579939174852,43.21,25.16,35.16
2026-05-21 17:30:48,YAW,0.0001,0.00010061257367387033,50.01,25.16,35.16
2026-05-21 17:30:52,ROLL,0.0006,0.0005875284872298625,42.4,25.16,35.16
2026-05-21 17:30:52,YAW,0.0006,0.0006037178781925344,50.03,25.16,35.16
2026-05-21 17:30:52,PITCH,0.0011,0.0010982581532416502,47.83,25.16,35.16
2026-05-21 17:30:52,J1,1.0604,0.2219085121886051,42.89,25.16,35.16
2026-05-21 17:30:52,J2,3.2506,0.6952467578467585,43.22,25.16,35.16
2026-05-21 17:30:52,TWIST,0.0004,8.375707662082515e-05,37.39,25.16,35.16
2026-05-21 17:30:52,ELBOW,0.0037,0.00077649115913556,38.0,25.16,35.16
2026-05-21 17:30:56,ELBOW,0.0061,0.0012802550569744598,38.02,25.16,35.16
2026-05-21 17:30:56,J1,1.081,0.2262194470726915,42.89,25.16,35.16
2026-05-21 17:30:56,J2,3.1985,0.6841281075834972,43.23,25.16,35.16
2026-05-21 17:30:56,TWIST,0.0016,0.00033504062868369353,37.4,25.16,35.16
2026-05-21 17:30:56,PITCH,0.0011,0.0010983748526522594,47.86,25.16,35.16
2026-05-21 17:30:56,ROLL,0.0003,0.0002937854616895874,42.42,25.16,35.16
2026-05-21 17:30:56,YAW,0.0003,0.0003018801571709234,50.05,25.16,35.16
2026-05-21 17:31:00,YAW,0.0003,0.00030190137524557955,50.07,25.16,35.16
2026-05-21 17:31:00,ROLL,0.0004,0.0003917280943025541,42.43,25.16,35.16
2026-05-21 17:31:00,PITCH,0.0007,0.0006990153241650296,47.88,25.16,35.16
2026-05-21 17:31:00,TWIST,0.0004,8.376323772102161e-05,37.41,25.16,35.16
2026-05-21 17:31:00,J2,3.126,0.6686210612180747,43.23,25.16,35.16
2026-05-21 17:31:00,J1,1.1221,0.23482885532416506,42.9,25.16,35.16
2026-05-21 17:31:00,ELBOW,0.0072,0.0015111761728880157,38.03,25.16,35.16
2026-05-21 17:31:04,ELBOW,0.0096,0.002014975497053045,38.04,25.16,35.16
2026-05-21 17:31:04,J1,1.0721,0.22436504392927306,42.9,25.16,35.16
2026-05-21 17:31:04,J2,3.1054,0.6642388369980354,43.24,25.16,35.16
2026-05-21 17:31:04,TWIST,0.0006,0.00012564947740667978,37.42,25.16,35.16
2026-05-21 17:31:04,PITCH,0.0013,0.0012982632612966601,47.9,25.16,35.16
2026-05-21 17:31:04,ROLL,0.0003,0.0002938066797642436,42.44,25.16,35.16
2026-05-21 17:31:04,YAW,0.0001,0.0001006408644400786,50.09,25.16,35.16
2026-05-21 17:31:08,ROLL,0.0001,9.79426326129666e-05,42.46,25.16,35.16
2026-05-21 17:31:08,PITCH,0.0008,0.0007989595284872298,47.91,25.16,35.16
2026-05-21 17:31:08,TWIST,0.0018,0.0003769484322200393,37.42,25.16,35.16
2026-05-21 17:31:08,YAW,0.0003,0.00030194381139489197,50.11,25.16,35.16
2026-05-21 17:31:08,J1,1.0719,0.2243231886836935,42.9,25.16,35.16
2026-05-21 17:31:08,ELBOW,0.0064,0.0013433662868369352,38.05,25.16,35.16
2026-05-21 17:31:08,J2,3.1726,0.6786372157170925,43.25,25.16,35.16
2026-05-21 17:31:12,ELBOW,0.0066,0.0013853973123772103,38.06,25.16,35.16
2026-05-21 17:31:12,J1,1.2242,0.2561959581925344,42.9,25.16,35.16
2026-05-21 17:31:12,J2,3.1221,0.667859022459725,43.26,25.16,35.16
2026-05-21 17:31:12,TWIST,0.0023,0.00048167404322200396,37.43,25.16,35.16
2026-05-21 17:31:12,PITCH,0.0032,0.0031961776031434186,47.94,25.16,35.16
2026-05-21 17:31:12,ROLL,0.0007,0.0006856231827111986,42.47,25.16,35.16
2026-05-21 17:31:12,YAW,0.0004,0.00040262003929273087,50.13,25.16,35.16
2026-05-21 17:31:16,ROLL,0.0002,0.0001959064833005894,42.49,25.16,35.16
2026-05-21 17:31:16,PITCH,0.0009,0.0008989886051080549,47.96,25.16,35.16
2026-05-21 17:31:16,TWIST,0.0005,0.0001047155992141454,37.44,25.16,35.16
2026-05-21 17:31:16,YAW,0.0009,0.0009059587426326129,50.15,25.16,35.16
2026-05-21 17:31:16,J1,1.0736,0.22467895827111983,42.9,25.16,35.16
2026-05-21 17:31:16,ELBOW,0.0058,0.0012175597013752452,38.08,25.16,35.16
2026-05-21 17:31:16,J2,3.1875,0.6818735068762279,43.27,25.16,35.16
2026-05-21 17:31:20,ROLL,0.0003,0.0002938809430255403,42.51,25.16,35.16
2026-05-21 17:31:20,PITCH,0.0015,0.0014984204322200394,47.98,25.16,35.16
2026-05-21 17:31:20,TWIST,0.0004,8.377555992141453e-05,37.45,25.16,35.16
2026-05-21 17:31:20,YAW,0.0002,0.0002013383104125737,50.17,25.16,35.16
2026-05-21 17:31:20,J1,1.2055,0.2522915872691552,42.91,25.16,35.16
2026-05-21 17:31:20,ELBOW,0.0081,0.001700447481335953,38.09,25.16,35.16
2026-05-21 17:31:20,J2,3.1524,0.6743891540746562,43.28,25.16,35.16
2026-05-21 17:31:24,ELBOW,0.0102,0.00214138278978389,38.1,25.16,35.16
2026-05-21 17:31:24,J1,1.0404,0.21773883649508838,42.91,25.16,35.16
2026-05-21 17:31:24,J2,3.1666,0.6774513302318271,43.29,25.16,35.16
2026-05-21 17:31:24,TWIST,0.0007,0.00014661262082514732,37.46,25.16,35.16
2026-05-21 17:31:24,PITCH,0.0014,0.0013986247544204322,48.0,25.16,35.16
2026-05-21 17:31:24,ROLL,0.0002,0.00019592770137524557,42.52,25.16,35.16
2026-05-21 17:31:24,YAW,0.0004,0.0004027049115913556,50.19,25.16,35.16
2026-05-21 17:31:28,PITCH,0.0007,0.0006993371316306484,48.01,25.16,35.16
2026-05-21 17:31:28,ROLL,0.0003,0.00029391277013752457,42.54,25.16,35.16
2026-05-21 17:31:28,TWIST,0.0004,8.378172102161102e-05,37.47,25.16,35.16
2026-05-21 17:31:28,YAW,0.0002,0.00020135952848722986,50.2,25.16,35.16
2026-05-21 17:31:28,J1,0.0576,0.012052137996070727,42.85,25.16,35.16
2026-05-21 17:31:28,J2,0.5008,0.10713940067583498,43.29,25.16,35.16
2026-05-21 17:31:28,ELBOW,0.0044,0.0009237676385068763,38.11,25.16,35.16
2026-05-21 17:31:32,ELBOW,0.0007,0.000146973815324165,38.13,25.16,35.16
2026-05-21 17:31:32,J1,0.0092,0.0019244390098231826,42.77,25.16,35.16
2026-05-21 17:31:32,J2,5.9249,1.2675980161886053,43.3,25.16,35.16
2026-05-21 17:31:32,TWIST,0.0009,0.00018851580353634577,37.48,25.16,35.16
2026-05-21 17:31:32,PITCH,0.0011,0.0010990361493123772,48.03,25.16,35.16
2026-05-21 17:31:32,ROLL,0.0002,0.00019594891944990178,42.55,25.16,35.16
2026-05-21 17:31:32,YAW,0.0002,0.00020137367387033402,50.22,25.16,35.16
2026-05-21 17:31:36,YAW,0.0004,0.0004027756385068763,50.24,25.16,35.16
2026-05-21 17:31:36,ROLL,0.0003,0.00029394459724950883,42.57,25.16,35.16
2026-05-21 17:31:36,PITCH,0.0011,0.0010991139489194498,48.05,25.16,35.16
2026-05-21 17:31:36,ELBOW,0.0005,0.00010498899803536345,38.15,25.16,35.16
2026-05-21 17:31:36,J2,5.2115,1.1151307636935168,43.34,25.16,35.16
2026-05-21 17:31:36,J1,0.0108,0.002259124055009823,42.77,25.16,35.16
2026-05-21 17:31:36,TWIST,0.0014,0.00029325758742632617,37.49,25.16,35.16
2026-05-21 17:31:40,YAW,0.0004,0.00040280392927308445,50.26,25.16,35.16
2026-05-21 17:31:40,ROLL,0.0002,0.00019597013752455797,42.58,25.16,35.16
2026-05-21 17:31:40,PITCH,0.0011,0.0010991917485265227,48.07,25.16,35.16
2026-05-21 17:31:40,ELBOW,0.0006,0.00012599141846758347,38.16,25.16,35.16
2026-05-21 17:31:40,J2,4.7268,1.0114898821532416,43.36,25.16,35.16
2026-05-21 17:31:40,J1,0.0111,0.0023218775009823185,42.77,25.16,35.16
2026-05-21 17:31:40,TWIST,0.0005,0.00010473870333988213,37.5,25.16,35.16
2026-05-21 17:31:44,ELBOW,0.0005,0.00010499669941060905,38.17,25.18,35.15
2026-05-21 17:31:44,J1,0.0128,0.002677480361493124,42.77,25.18,35.15
2026-05-21 17:31:44,J2,4.283,0.916586907033399,43.38,25.18,35.15
2026-05-21 17:31:44,TWIST,0.0015,0.0003142276620825147,37.51,25.18,35.15
2026-05-21 17:31:44,PITCH,0.0014,0.0013990208251473478,48.08,25.18,35.15
2026-05-21 17:31:44,ROLL,0.0002,0.0001959842829076621,42.6,25.18,35.15
2026-05-21 17:31:44,YAW,0.0005,0.0005035225933202358,50.27,25.18,35.15
2026-05-21 17:31:48,PITCH,0.0006,0.00059962278978389,48.1,25.18,35.15
2026-05-21 17:31:48,ROLL,0.0001,9.799567779960709e-05,42.61,25.18,35.15
2026-05-21 17:31:48,YAW,0.0008,0.0008056927308447939,50.29,25.18,35.15
2026-05-21 17:31:48,TWIST,0.0011,0.00023044209037328093,37.52,25.18,35.15
2026-05-21 17:31:48,J1,0.0137,0.002865740699410609,42.77,25.18,35.15
2026-05-21 17:31:48,ELBOW,0.0005,0.00010500055009823184,38.18,25.18,35.15
2026-05-21 17:31:48,J2,4.1537,0.8889799335166993,43.4,25.18,35.15
2026-05-21 17:31:52,ELBOW,0.0016,0.0003360140825147348,38.19,25.18,35.15
2026-05-21 17:31:52,J1,0.006,0.0012550689194499017,42.77,25.18,35.15
2026-05-21 17:31:52,J2,4.094,0.8762974550884088,43.43,25.18,35.15
2026-05-21 17:31:52,TWIST,0.0051,0.001068452605108055,37.53,25.18,35.15
2026-05-21 17:31:52,PITCH,0.0012,0.0011993304518664047,48.12,25.18,35.15
2026-05-21 17:31:52,ROLL,0.0004,0.00039201100196463657,42.63,25.18,35.15
2026-05-21 17:31:52,YAW,0.0007,0.0007050554027504912,50.32,25.18,35.15
2026-05-21 17:31:56,ROLL,0.0002,0.00019601257367387034,42.64,25.18,35.15
2026-05-21 17:31:56,PITCH,0.0008,0.0007996102161100197,48.14,25.18,35.15
2026-05-21 17:31:56,TWIST,0.0007,0.00014665574852652262,37.54,25.18,35.15
2026-05-21 17:31:56,YAW,0.0008,0.0008058058939096267,50.33,25.18,35.15
2026-05-21 17:31:56,J1,0.0218,0.004560248204322201,42.78,25.18,35.15
2026-05-21 17:31:56,ELBOW,0.0004,8.400968172888016e-05,38.21,25.18,35.15
2026-05-21 17:31:56,J2,3.97,0.8498476825147347,43.46,25.18,35.15
2026-05-21 17:32:00,ROLL,0.0005,0.0004900667976424362,42.66,25.18,35.15
2026-05-21 17:32:00,PITCH,0.0016,0.001599333595284872,48.16,25.18,35.15
2026-05-21 17:32:00,TWIST,0.0012,0.0002514190962671906,37.55,25.18,35.15
2026-05-21 17:32:00,YAW,0.0004,0.00040293123772102167,50.35,25.18,35.15
2026-05-21 17:32:00,J1,0.0124,0.0025938091001964634,42.77,25.18,35.15
2026-05-21 17:32:00,ELBOW,0.0002,4.20063811394892e-05,38.22,25.18,35.15
2026-05-21 17:32:00,J2,4.07,0.8713171143418469,43.48,25.18,35.15
2026-05-21 17:32:04,ELBOW,0.0,0.0,38.23,25.18,35.15
2026-05-21 17:32:04,J1,0.0223,0.004666186939096268,42.86,25.18,35.15
2026-05-21 17:32:04,J2,3.6433,0.7800240880157171,43.5,25.18,35.15
2026-05-21 17:32:04,TWIST,0.0003,6.285477406679764e-05,37.55,25.18,35.15
2026-05-21 17:32:04,PITCH,0.0009,0.0008996888015717092,48.18,25.18,35.15
2026-05-21 17:32:04,ROLL,0.0003,0.0002940612966601179,42.68,25.18,35.15
2026-05-21 17:32:04,YAW,0.0005,0.0005036994106090374,50.37,25.18,35.15
2026-05-21 17:32:08,ROLL,0.0003,0.000294071905697446,42.69,25.18,35.15
2026-05-21 17:32:08,YAW,0.0003,0.00030224086444007855,50.39,25.18,35.15
2026-05-21 17:32:08,PITCH,0.0013,0.0012996424361493124,48.2,25.18,35.15
2026-05-21 17:32:08,TWIST,0.0005,0.00010476180746561887,37.56,25.18,35.15
2026-05-21 17:32:08,J2,3.7148,0.7954179387976423,43.53,25.18,35.15
2026-05-21 17:32:08,J1,0.0258,0.005400105241650295,42.94,25.18,35.15
2026-05-21 17:32:08,ELBOW,0.0,0.0,38.24,25.18,35.15
2026-05-21 17:32:12,ELBOW,0.0,0.0,38.26,25.18,35.15
2026-05-21 17:32:12,J1,0.0177,0.0037047233634577605,42.94,25.18,35.15
2026-05-21 17:32:12,J2,3.7608,0.8053254469155207,43.55,25.18,35.15
2026-05-21 17:32:12,TWIST,0.001,0.00020953131630648334,37.57,25.18,35.15
2026-05-21 17:32:12,PITCH,0.001,0.000999760314341847,48.21,25.18,35.15
2026-05-21 17:32:12,ROLL,0.0007,0.0006862172888015717,42.71,25.18,35.15
2026-05-21 17:32:12,YAW,0.0006,0.0006045241650294694,50.41,25.18,35.15
2026-05-21 17:32:16,YAW,0.0008,0.0008060888015717093,50.43,25.18,35.15
2026-05-21 17:32:16,ROLL,0.0002,0.00019606915520628686,42.72,25.18,35.15
2026-05-21 17:32:16,PITCH,0.0006,0.0005998986247544205,48.23,25.18,35.15
2026-05-21 17:32:16,TWIST,0.0003,6.286170530451865e-05,37.58,25.18,35.15
2026-05-21 17:32:16,J2,3.6426,0.7800986434891943,43.58,25.18,35.15
2026-05-21 17:32:16,J1,0.0145,0.0030345053045186636,42.9,25.18,35.15
2026-05-21 17:32:16,ELBOW,0.0001,2.1007041257367386e-05,38.27,25.18,35.15
2026-05-21 17:32:20,ELBOW,0.0005,0.00010503905697445972,38.28,25.18,35.15
2026-05-21 17:32:20,J1,0.0092,0.0019244390098231826,42.77,25.18,35.15
2026-05-21 17:32:20,J2,3.8607,0.8268663706090376,43.6,25.18,35.15
2026-05-21 17:32:20,TWIST,0.0001,2.0954671905697448e-05,37.59,25.18,35.15
2026-05-21 17:32:20,PITCH,0.0008,0.0007998931237721022,48.24,25.18,35.15
2026-05-21 17:32:20,ROLL,0.0002,0.00019607622789783892,42.73,25.18,35.15
2026-05-21 17:32:20,YAW,0.0003,0.00030229390962671903,50.44,25.18,35.15
2026-05-21 17:32:24,ROLL,0.0003,0.0002941355599214146,42.75,25.18,35.15
2026-05-21 17:32:24,PITCH,0.0012,0.0011998821218074658,48.25,25.18,35.15
2026-05-21 17:32:24,TWIST,0.0002,4.191088408644402e-05,37.6,25.18,35.15
2026-05-21 17:32:24,YAW,0.0006,0.0006046090373280943,50.45,25.18,35.15
2026-05-21 17:32:24,J1,0.0101,0.0021126993477406674,42.77,25.18,35.15
2026-05-21 17:32:24,ELBOW,0.0009,0.00018907723379174855,38.29,25.18,35.15
2026-05-21 17:32:24,J2,3.7396,0.80095854843222,43.61,25.18,35.15
2026-05-21 17:32:28,ELBOW,0.0005,0.0001050506090373281,38.31,25.18,35.15
2026-05-21 17:32:28,J1,0.0148,0.003097399827111984,42.91,25.18,35.15
2026-05-21 17:32:28,J2,3.9081,0.8370784727387035,43.62,25.18,35.15
2026-05-21 17:32:28,TWIST,0.0007,0.00014669348526522594,37.61,25.18,35.15
2026-05-21 17:32:28,PITCH,0.0005,0.0004999862475442043,48.27,25.18,35.15
2026-05-21 17:32:28,ROLL,0.0004,0.0003921948919449902,42.76,25.18,35.15
2026-05-21 17:32:28,YAW,0.0007,0.0007054267190569745,50.47,25.18,35.15
2026-05-21 17:32:32,ROLL,0.0003,0.0002941673870333988,42.78,25.18,35.15
2026-05-21 17:32:32,PITCH,0.0016,0.001600069155206287,48.29,25.18,35.15
2026-05-21 17:32:32,TWIST,0.0001,2.0956982318271122e-05,37.62,25.18,35.15
2026-05-21 17:32:32,YAW,0.0004,0.0004031292730844794,50.49,25.18,35.15
2026-05-21 17:32:32,J1,0.0094,0.0019675511198428293,42.95,25.18,35.15
2026-05-21 17:32:32,ELBOW,0.0002,4.2021783889980355e-05,38.32,25.18,35.15
2026-05-21 17:32:32,J2,3.9081,0.8371386682278978,43.64,25.18,35.15
2026-05-21 17:32:36,ROLL,0.0003,0.00029417799607072694,42.79,25.18,35.15
2026-05-21 17:32:36,PITCH,0.0009,0.0009000707269155206,48.3,25.18,35.15
2026-05-21 17:32:36,TWIST,0.0013,0.00027245078192534385,37.63,25.18,35.15
2026-05-21 17:32:36,YAW,0.0003,0.00030235756385068766,50.5,25.18,35.15
2026-05-21 17:32:36,J1,0.0175,0.003662994106090374,42.95,25.18,35.15
2026-05-21 17:32:36,ELBOW,0.0003,6.30349862475442e-05,38.33,25.18,35.15
2026-05-21 17:32:36,J2,3.8731,0.8296712846365422,43.65,25.18,35.15
2026-05-21 17:32:40,ELBOW,0.0011,0.00023114522593320236,38.35,25.18,35.15
2026-05-21 17:32:40,J1,0.0024,0.0005023534774066797,42.95,25.18,35.15
2026-05-21 17:32:40,J2,4.0388,0.8651976077328095,43.66,25.18,35.15
2026-05-21 17:32:40,TWIST,0.0008,0.0001676681807465619,37.64,25.18,35.15
2026-05-21 17:32:40,PITCH,0.0007,0.0007001045186640472,48.32,25.18,35.15
2026-05-21 17:32:40,ROLL,0.0003,0.0002941992141453831,42.81,25.18,35.15
2026-05-21 17:32:40,YAW,0.0003,0.00030237878192534377,50.52,25.18,35.15
2026-05-21 17:32:44,PITCH,0.0011,0.001100242043222004,48.34,25.05,35.16
2026-05-21 17:32:44,ROLL,0.0004,0.00039227976424361494,42.82,25.05,35.16
2026-05-21 17:32:44,TWIST,0.0014,0.00029343009823182704,37.65,25.05,35.16
2026-05-21 17:32:44,YAW,0.0004,0.00040320000000000004,50.54,25.05,35.16
2026-05-21 17:32:44,J1,0.0076,0.0015908433477406678,42.96,25.05,35.16
2026-05-21 17:32:44,J2,4.0231,0.8618653143104128,43.67,25.05,35.16
2026-05-21 17:32:44,ELBOW,0.0002,4.2027944990176824e-05,38.36,25.05,35.16
2026-05-21 17:32:48,ELBOW,0.0002,4.202948526522594e-05,38.37,25.05,35.16
2026-05-21 17:32:48,J1,0.0152,0.0031811133359528486,42.91,25.05,35.16
2026-05-21 17:32:48,J2,3.8528,0.825411761037328,43.68,25.05,35.16
2026-05-21 17:32:48,TWIST,0.0016,0.00033536100589390966,37.66,25.05,35.16
2026-05-21 17:32:48,PITCH,0.0012,0.0012003489194499018,48.36,25.05,35.16
2026-05-21 17:32:48,ROLL,0.0001,9.807347740667978e-05,42.83,25.05,35.16
2026-05-21 17:32:48,YAW,0.0007,0.0007056495088408646,50.56,25.05,35.16
2026-05-21 17:32:52,YAW,0.0005,0.0005040530451866405,50.57,25.05,35.16
2026-05-21 17:32:52,ROLL,0.0003,0.0002942416502946955,42.85,25.05,35.16
2026-05-21 17:32:52,PITCH,0.001,0.0010003261296660118,48.37,25.05,35.16
2026-05-21 17:32:52,ELBOW,0.0008,0.0001681241021611002,38.38,25.05,35.16
2026-05-21 17:32:52,J2,3.8672,0.8285265545304519,43.69,25.05,35.16
2026-05-21 17:32:52,J1,0.0161,0.003368011190569745,42.79,25.05,35.16
2026-05-21 17:32:52,TWIST,0.0005,0.00010480031434184675,37.66,25.05,35.16
2026-05-21 17:32:56,YAW,0.0004,0.0004032707269155207,50.59,25.05,35.16
2026-05-21 17:32:56,ROLL,0.0003,0.0002942522593320236,42.86,25.05,35.16
2026-05-21 17:32:56,PITCH,0.0009,0.0009003571709233791,48.39,25.05,35.16
2026-05-21 17:32:56,ELBOW,0.0003,6.305115913555992e-05,38.4,25.05,35.16
2026-05-21 17:32:56,J2,3.7654,0.8067744560471513,43.71,25.05,35.16
2026-05-21 17:32:56,J1,0.0141,0.0029497310805500984,42.8,25.05,35.16
2026-05-21 17:32:56,TWIST,0.0001,2.0960833005893914e-05,37.67,25.05,35.16
2026-05-21 17:33:00,ELBOW,0.0004,8.407129273084479e-05,38.41,25.05,35.16
2026-05-21 17:33:00,J1,0.0103,0.0021547680943025537,42.8,25.05,35.16
2026-05-21 17:33:00,J2,3.7366,0.8006325461375247,43.72,25.05,35.16
2026-05-21 17:33:00,TWIST,0.0002,4.1923206286836935e-05,37.68,25.05,35.16
2026-05-21 17:33:00,PITCH,0.002,0.002000935166994106,48.41,25.05,35.16
2026-05-21 17:33:00,ROLL,0.0004,0.00039236463654223973,42.88,25.05,35.16
2026-05-21 17:33:00,YAW,0.0003,0.00030246365422396856,50.6,25.05,35.16
2026-05-21 17:33:04,PITCH,0.0007,0.0007003768172888016,48.43,25.05,35.16
2026-05-21 17:33:04,ROLL,0.0008,0.0007847575638506877,42.89,25.05,35.16
2026-05-21 17:33:04,YAW,0.0004,0.00040331316306483305,50.62,25.05,35.16
2026-05-21 17:33:04,TWIST,0.0002,4.1924746561886056e-05,37.69,25.05,35.16
2026-05-21 17:33:04,J1,0.0047,0.0009832436935166995,42.8,25.05,35.16
2026-05-21 17:33:04,ELBOW,0.0001,2.1018593320235757e-05,38.42,25.05,35.16
2026-05-21 17:33:04,J2,3.9235,0.8407093885265227,43.73,25.05,35.16
2026-05-21 17:33:08,ELBOW,0.0004,8.407745383104127e-05,38.43,25.05,35.16
2026-05-21 17:33:08,J1,0.0201,0.0042049357956778,42.8,25.05,35.16
2026-05-21 17:33:08,J2,3.9888,0.8547630082514734,43.75,25.05,35.16
2026-05-21 17:33:08,TWIST,0.0006,0.00012577423968565817,37.69,25.05,35.16
2026-05-21 17:33:08,PITCH,0.001,0.0010006090373280944,48.45,25.05,35.16
2026-05-21 17:33:08,ROLL,0.0002,0.00019620353634577602,42.91,25.05,35.16
2026-05-21 17:33:08,YAW,0.0005,0.0005041768172888016,50.64,25.05,35.16
2026-05-21 17:33:12,ROLL,0.0002,0.0001962106090373281,42.92,25.05,35.16
2026-05-21 17:33:12,PITCH,0.0013,0.0013008836935166997,48.47,25.05,35.16
2026-05-21 17:33:12,TWIST,0.0011,0.0002305945776031434,37.7,25.05,35.16
2026-05-21 17:33:12,YAW,0.0004,0.0004033697445972495,50.66,25.05,35.16
2026-05-21 17:33:12,J1,0.0143,0.002991679119842829,42.81,25.05,35.16
2026-05-21 17:33:12,ELBOW,0.0006,0.00012612080157170923,38.44,25.05,35.16
2026-05-21 17:33:12,J2,3.9894,0.854922306577603,43.76,25.05,35.16
2026-05-21 17:33:16,ROLL,0.0003,0.0002943371316306483,42.94,25.05,35.16
2026-05-21 17:33:16,PITCH,0.0008,0.0008006003929273085,48.49,25.05,35.16
2026-05-21 17:33:16,TWIST,0.0011,0.00023060304911591355,37.71,25.05,35.16
2026-05-21 17:33:16,YAW,0.0002,0.00020169901768172892,50.68,25.05,35.16
2026-05-21 17:33:16,J1,0.0133,0.00278247078978389,42.81,25.05,35.16
2026-05-21 17:33:16,ELBOW,0.0001,2.102167387033399e-05,38.46,25.05,35.16
2026-05-21 17:33:16,J2,3.9424,0.844880640502947,43.77,25.05,35.16
2026-05-21 17:33:20,ELBOW,0.0005,0.00010511222003929275,38.47,25.05,35.16
2026-05-21 17:33:20,J1,0.0184,0.0038494332730844797,42.81,25.05,35.16
2026-05-21 17:33:20,J2,3.907,0.8373242913948918,43.78,25.05,35.16
2026-05-21 17:33:20,TWIST,0.0001,2.0964683693516706e-05,37.72,25.05,35.16
2026-05-21 17:33:20,PITCH,0.0005,0.000500392927308448,48.5,25.05,35.16
2026-05-21 17:33:20,ROLL,0.0004,0.0003924636542239686,42.95,25.05,35.16
2026-05-21 17:33:20,YAW,0.0002,0.00020170609037328094,50.69,25.05,35.16
2026-05-21 17:33:24,ROLL,0.0002,0.00019623889980353637,42.96,25.05,35.16
2026-05-21 17:33:24,YAW,0.0004,0.00040344047151277015,50.71,25.05,35.16
2026-05-21 17:33:24,PITCH,0.001,0.0010008565815324165,48.52,25.05,35.16
2026-05-21 17:33:24,TWIST,0.0005,0.0001048272691552063,37.73,25.05,35.16
2026-05-21 17:33:24,J2,3.8479,0.8246879757799609,43.79,25.05,35.16
2026-05-21 17:33:24,J1,0.0141,0.002949943827111984,42.82,25.05,35.16
2026-05-21 17:33:24,ELBOW,0.0003,6.306964243614931e-05,38.48,25.05,35.16
2026-05-21 17:33:28,ELBOW,0.0008,0.00016819187426326133,38.49,25.05,35.16
2026-05-21 17:33:28,J1,0.0204,0.004268003834970531,42.82,25.05,35.16
2026-05-21 17:33:28,J2,3.9096,0.8379417260510807,43.8,25.05,35.16
2026-05-21 17:33:28,TWIST,0.0003,6.289867190569744e-05,37.74,25.05,35.16
2026-05-21 17:33:28,PITCH,0.0012,0.0012011127701375248,48.54,25.05,35.16
2026-05-21 17:33:28,ROLL,0.0006,0.0005887591355599215,42.98,25.05,35.16
2026-05-21 17:33:28,YAW,0.0006,0.0006052031434184675,50.73,25.05,35.16
2026-05-21 17:33:32,YAW,0.0003,0.00030261218074656193,50.74,25.05,35.16
2026-05-21 17:33:32,ROLL,0.0004,0.0003925202357563851,42.99,25.05,35.16
2026-05-21 17:33:32,PITCH,0.0005,0.000500499017681729,48.56,25.05,35.16
2026-05-21 17:33:32,TWIST,0.0014,0.00029353791748526524,37.75,25.05,35.16
2026-05-21 17:33:32,J2,3.7612,0.8061642283379176,43.81,25.05,35.16
2026-05-21 17:33:32,J1,0.0097,0.0020293939803536346,42.82,25.05,35.16
2026-05-21 17:33:32,ELBOW,0.0005,0.00010512377210216111,38.5,25.05,35.16
2026-05-21 17:33:36,ELBOW,0.0002,4.2052589390962674e-05,38.52,25.05,35.16
2026-05-21 17:33:36,J1,0.0114,0.002385146970530452,42.83,25.05,35.16
2026-05-21 17:33:36,J2,3.7998,0.8144961629233791,43.83,25.05,35.16
2026-05-21 17:33:36,TWIST,0.0014,0.00029354869941060905,37.76,25.05,35.16
2026-05-21 17:33:36,PITCH,0.0007,0.000700748133595285,48.58,25.05,35.16
2026-05-21 17:33:36,ROLL,0.0005,0.0004906679764243616,43.0,25.05,35.16
2026-05-21 17:33:36,YAW,0.0001,0.0001008777996070727,50.76,25.05,35.16
2026-05-21 17:33:40,ROLL,0.0002,0.00019627426326129669,43.01,25.05,35.16
2026-05-21 17:33:40,PITCH,0.0011,0.0011012145383104126,48.59,25.05,35.16
2026-05-21 17:33:40,TWIST,0.0017,0.00035645199214145377,37.76,25.05,35.16
2026-05-21 17:33:40,YAW,0.0007,0.0007061941060903732,50.78,25.05,35.16
2026-05-21 17:33:40,J1,0.0106,0.002217768235756385,42.83,25.05,35.16
2026-05-21 17:33:40,ELBOW,0.0009,0.000189236652259332,38.52,25.05,35.16
2026-05-21 17:33:40,J2,3.793,0.8130677780746564,43.84,25.05,35.16
2026-05-21 17:33:44,ELBOW,0.0006,0.00012616700982318274,38.54,25.13,35.17
2026-05-21 17:33:44,J1,0.0145,0.0030337395677799608,42.83,25.13,35.17
2026-05-21 17:33:44,J2,3.668,0.7863010168958743,43.85,25.13,35.17
2026-05-21 17:33:44,TWIST,0.0021,0.0004403392220039292,37.77,25.13,35.17
2026-05-21 17:33:44,PITCH,0.0012,0.001201409823182711,48.61,25.13,35.17
2026-05-21 17:33:44,ROLL,0.0002,0.00019628840864440076,43.03,25.13,35.17
2026-05-21 17:33:44,YAW,0.0008,0.0008071355599214146,50.8,25.13,35.17
2026-05-21 17:33:48,ROLL,0.0002,0.00019630255402750492,43.05,25.13,35.17
2026-05-21 17:33:48,PITCH,0.0005,0.00050062278978389,48.63,25.13,35.17
2026-05-21 17:33:48,TWIST,0.0003,6.290791355599213e-05,37.78,25.13,35.17
2026-05-21 17:33:48,YAW,0.0006,0.0006053941060903733,50.82,25.13,35.17
2026-05-21 17:33:48,J1,0.0088,0.0018411660825147346,42.83,25.13,35.17
2026-05-21 17:33:48,ELBOW,0.0005,0.00010514302554027507,38.55,25.13,35.17
2026-05-21 17:33:48,J2,3.6859,0.7901665866561887,43.86,25.13,35.17
2026-05-21 17:33:52,ROLL,0.0005,0.0004907740667976425,43.06,25.13,35.17
2026-05-21 17:33:52,PITCH,0.0009,0.0009011846758349703,48.65,25.13,35.17
2026-05-21 17:33:52,TWIST,0.0006,0.00012582044793713163,37.79,25.13,35.17
2026-05-21 17:33:52,YAW,0.0004,0.00040362436149312384,50.84,25.13,35.17
2026-05-21 17:33:52,J1,0.0119,0.002489848455795678,42.84,25.13,35.17
2026-05-21 17:33:52,ELBOW,0.0003,6.30881257367387e-05,38.56,25.13,35.17
2026-05-21 17:33:52,J2,3.8137,0.8175931439056974,43.87,25.13,35.17
2026-05-21 17:33:56,ELBOW,0.0004,8.412058153241651e-05,38.57,25.13,35.17
2026-05-21 17:33:56,J1,0.0099,0.002071386530451867,42.84,25.13,35.17
2026-05-21 17:33:56,J2,3.8394,0.8231323603614932,43.88,25.13,35.17
2026-05-21 17:33:56,TWIST,0.0002,4.1941689587426336e-05,37.8,25.13,35.17
2026-05-21 17:33:56,PITCH,0.0012,0.0012016644400785856,48.67,25.13,35.17
2026-05-21 17:33:56,ROLL,0.0002,0.0001963237721021611,43.08,25.13,35.17
2026-05-21 17:33:56,YAW,0.0003,0.00030273948919449904,50.86,25.13,35.17
2026-05-21 17:34:00,PITCH,0.0011,0.0011015646365422397,48.68,25.13,35.17
2026-05-21 17:34:00,ROLL,0.0001,9.81654223968566e-05,43.09,25.13,35.17
2026-05-21 17:34:00,TWIST,0.0003,6.291253438113949e-05,37.8,25.13,35.17
2026-05-21 17:34:00,YAW,0.0002,0.0002018333988212181,50.87,25.13,35.17
2026-05-21 17:34:00,J1,0.011,0.0023015405893909626,42.84,25.13,35.17
2026-05-21 17:34:00,J2,3.8058,0.8159581365500983,43.89,25.13,35.17
2026-05-21 17:34:00,ELBOW,0.0005,0.00010515457760314343,38.58,25.13,35.17
2026-05-21 17:34:04,ELBOW,0.0006,0.0001261947347740668,38.6,25.13,35.17
2026-05-21 17:34:04,J1,0.0108,0.002260753603143419,42.97,25.13,35.17
2026-05-21 17:34:04,J2,3.8751,0.8308756457210216,43.91,25.13,35.17
2026-05-21 17:34:04,TWIST,0.0001,2.0971614931237725e-05,37.81,25.13,35.17
2026-05-21 17:34:04,PITCH,0.0011,0.0011016424361493123,48.7,25.13,35.17
2026-05-21 17:34:04,ROLL,0.0001,9.816895874263262e-05,43.1,25.13,35.17
2026-05-21 17:34:04,YAW,0.0004,0.00040369508840864437,50.89,25.13,35.17
2026-05-21 17:34:08,YAW,0.0003,0.00030279253438113946,50.91,25.13,35.17
2026-05-21 17:34:08,ROLL,0.0,0.0,43.11,25.13,35.17
2026-05-21 17:34:08,PITCH,0.001,0.0010015284872298626,48.71,25.13,35.17
2026-05-21 17:34:08,ELBOW,0.0005,0.0001051661296660118,38.61,25.13,35.17
2026-05-21 17:34:08,J2,3.8619,0.8280453810766208,43.91,25.13,35.17
2026-05-21 17:34:08,J1,0.0047,0.0009839883064833006,43.01,25.13,35.17
2026-05-21 17:34:08,TWIST,0.0002,4.194477013752456e-05,37.82,25.13,35.17
2026-05-21 17:34:12,YAW,0.0006,0.0006056062868369352,50.92,25.13,35.17
2026-05-21 17:34:12,ROLL,0.0003,0.0002945387033398821,43.13,25.13,35.17
2026-05-21 17:34:12,PITCH,0.0012,0.0012019190569744597,48.73,25.13,35.17
2026-05-21 17:34:12,ELBOW,0.0003,6.310198821218075e-05,38.62,25.13,35.17
2026-05-21 17:34:12,J2,3.8084,0.8166035626247544,43.92,25.13,35.17
2026-05-21 17:34:12,J1,0.0095,0.0019889842043222003,43.02,25.13,35.17
2026-05-21 17:34:12,TWIST,0.0003,6.29194656188605e-05,37.83,25.13,35.17
2026-05-21 17:34:16,ELBOW,0.0005,0.00010517383104125737,38.63,25.13,35.17
2026-05-21 17:34:16,J1,0.0119,0.002491464424361493,43.02,25.13,35.17
2026-05-21 17:34:16,J2,3.7849,0.81156465291945,43.92,25.13,35.17
2026-05-21 17:34:16,TWIST,0.0005,0.000104869626719057,37.84,25.13,35.17
2026-05-21 17:34:16,PITCH,0.001,0.0010016699410609039,48.75,25.13,35.17
2026-05-21 17:34:16,ROLL,0.0001,9.818310412573674e-05,43.14,25.13,35.17
2026-05-21 17:34:16,YAW,0.0002,0.0002018829076620825,50.94,25.13,35.17
2026-05-21 17:34:20,PITCH,0.001,0.0010017406679764245,48.77,25.13,35.17
2026-05-21 17:34:20,ROLL,0.0003,0.0002945705304518664,43.16,25.13,35.17
2026-05-21 17:34:20,YAW,0.0005,0.0005047426326129666,50.96,25.13,35.17
2026-05-21 17:34:20,TWIST,0.0002,4.194939096267191e-05,37.85,25.13,35.17
2026-05-21 17:34:20,J1,0.0103,0.0021564776110019647,43.02,25.13,35.17
2026-05-21 17:34:20,ELBOW,0.0002,4.207107269155206e-05,38.64,25.13,35.17
2026-05-21 17:34:20,J2,3.8433,0.824116478286837,43.93,25.13,35.17
2026-05-21 17:34:24,ELBOW,0.0011,0.00023140784282907662,38.66,25.13,35.17
2026-05-21 17:34:24,J1,0.0024,0.0005024802200392927,43.02,25.13,35.17
2026-05-21 17:34:24,J2,3.9389,0.8446462630098232,43.94,25.13,35.17
2026-05-21 17:34:24,TWIST,0.0001,2.0975465618860513e-05,37.86,25.13,35.17
2026-05-21 17:34:24,PITCH,0.0011,0.0011019925343811396,48.79,25.13,35.17
2026-05-21 17:34:24,ROLL,0.0004,0.0003927748526522594,43.17,25.13,35.17
2026-05-21 17:34:24,YAW,0.0003,0.0003028667976424362,50.98,25.13,35.17
2026-05-21 17:34:28,ROLL,0.0005,0.0004909862475442043,43.18,25.13,35.17
2026-05-21 17:34:28,PITCH,0.0011,0.001102031434184676,48.8,25.13,35.17
2026-05-21 17:34:28,TWIST,0.0004,8.390186247544205e-05,37.86,25.13,35.17
2026-05-21 17:34:28,YAW,0.0006,0.0006057760314341847,51.0,25.13,35.17
2026-05-21 17:34:28,J1,0.0091,0.0019053061532416503,43.03,25.13,35.17
2026-05-21 17:34:28,ELBOW,0.0002,4.207569351669942e-05,38.67,25.13,35.17
2026-05-21 17:34:28,J2,3.9036,0.8370766336502947,43.94,25.13,35.17
2026-05-21 17:34:32,ROLL,0.0003,0.0002946129666011788,43.2,25.13,35.17
2026-05-21 17:34:32,PITCH,0.001,0.001001917485265226,48.82,25.13,35.17
2026-05-21 17:34:32,TWIST,0.0006,0.00012585741453831041,37.87,25.13,35.17
2026-05-21 17:34:32,YAW,0.0004,0.000403878978388998,51.02,25.13,35.17
2026-05-21 17:34:32,J1,0.0137,0.002868427944990177,43.03,25.13,35.17
2026-05-21 17:34:32,ELBOW,0.0007,0.00014727031827111984,38.68,25.13,35.17
2026-05-21 17:34:32,J2,3.8963,0.8355412497445973,43.95,25.13,35.17
2026-05-21 17:34:36,ELBOW,0.0005,0.00010519693516699412,38.69,25.13,35.17
2026-05-21 17:34:36,J1,0.0122,0.0025543664911591357,43.03,25.13,35.17
2026-05-21 17:34:36,J2,3.6957,0.7925236241257367,43.95,25.13,35.17
2026-05-21 17:34:36,TWIST,0.0011,0.0002307470648330059,37.88,25.13,35.17
2026-05-21 17:34:36,PITCH,0.0014,0.0014027339882121807,48.83,25.13,35.17
2026-05-21 17:34:36,ROLL,0.0003,0.00029462357563850685,43.21,25.13,35.17
2026-05-21 17:34:36,YAW,0.0006,0.0006058609037328095,51.04,25.13,35.17
2026-05-21 17:34:40,ROLL,0.0001,9.821493123772103e-05,43.23,25.13,35.17
2026-05-21 17:34:40,YAW,0.0007,0.0007068624754420433,51.05,25.13,35.17
2026-05-21 17:34:40,PITCH,0.0013,0.001302630648330059,48.85,25.13,35.17
2026-05-21 17:34:40,TWIST,0.0016,0.000335644416502947,37.89,25.13,35.17
2026-05-21 17:34:40,J2,3.7533,0.8049045498153241,43.96,25.13,35.17
2026-05-21 17:34:40,J1,0.0073,0.001528487481335953,43.04,25.13,35.17
2026-05-21 17:34:40,ELBOW,0.0014,0.00029456220039292724,38.7,25.13,35.17
2026-05-21 17:34:44,ELBOW,0.0004,8.416370923379176e-05,38.71,25.21,35.14
2026-05-21 17:34:44,J1,0.0198,0.004145760565815325,43.04,25.21,35.14
2026-05-21 17:34:44,J2,3.7436,0.8028820223497054,43.98,25.21,35.14
2026-05-21 17:34:44,TWIST,0.0001,2.097854616895874e-05,37.9,25.21,35.14
2026-05-21 17:34:44,PITCH,0.0009,0.0009018848722986248,48.87,25.21,35.14
2026-05-21 17:34:44,ROLL,0.0004,0.0003928738703339882,43.24,25.21,35.14
2026-05-21 17:34:44,YAW,0.0005,0.0005049371316306483,51.07,25.21,35.14
2026-05-21 17:34:48,YAW,0.0005,0.0005049724950884088,51.09,25.21,35.14
2026-05-21 17:34:48,ROLL,0.0005,0.0004911100196463655,43.25,25.21,35.14
2026-05-21 17:34:48,PITCH,0.0009,0.000901916699410609,48.88,25.21,35.14
2026-05-21 17:34:48,TWIST,0.0015,0.00031468974459724947,37.91,25.21,35.14
2026-05-21 17:34:48,J2,3.7736,0.809345121194499,43.99,25.21,35.14
2026-05-21 17:34:48,J1,0.0189,0.00395731690373281,43.04,25.21,35.14
2026-05-21 17:34:48,ELBOW,0.0023,0.00048395904125736743,38.72,25.21,35.14
2026-05-21 17:34:52,ELBOW,0.2365,0.04976725721021611,38.74,25.21,35.14
2026-05-21 17:34:52,J1,0.0973,0.020372853689587425,43.04,25.21,35.14
2026-05-21 17:34:52,J2,1.4979,0.32127453595284877,44.0,25.21,35.14
2026-05-21 17:34:52,TWIST,0.1109,0.02326606178388998,37.91,25.21,35.14
2026-05-21 17:34:52,PITCH,0.0746,0.07476678742632613,48.91,25.21,35.14
2026-05-21 17:34:52,ROLL,0.003,0.0029468722986247544,43.27,25.21,35.14
2026-05-21 17:34:52,YAW,0.0003,0.0003030047151277014,51.11,25.21,35.14
2026-05-21 17:34:56,ROLL,0.0171,0.0167977768172888,43.28,25.21,35.14
2026-05-21 17:34:56,PITCH,0.1001,0.10033087897838901,48.93,25.21,35.14
2026-05-21 17:34:56,TWIST,0.448,0.09399078726915523,37.92,25.21,35.14
2026-05-21 17:34:56,YAW,0.0007,0.000707060510805501,51.13,25.21,35.14
2026-05-21 17:34:56,J1,0.2557,0.05353893821611001,43.04,25.21,35.14
2026-05-21 17:34:56,ELBOW,0.687,0.1445723339882122,38.75,25.21,35.14
2026-05-21 17:34:56,J2,2.1723,0.46588861447544205,43.98,25.21,35.14
2026-05-21 17:35:00,ELBOW,0.6184,0.13014090712770135,38.76,25.21,35.14
2026-05-21 17:35:00,J1,0.2621,0.054878982035363455,43.04,25.21,35.14
2026-05-21 17:35:00,J2,2.0092,0.4308779531316306,43.96,25.21,35.14
2026-05-21 17:35:00,TWIST,0.5442,0.11417782151669943,37.93,25.21,35.14
2026-05-21 17:35:00,PITCH,0.1151,0.11537361689587426,48.95,25.21,35.14
2026-05-21 17:35:00,ROLL,0.0123,0.012083481335952849,43.3,25.21,35.14
2026-05-21 17:35:00,YAW,0.0013,0.0013132043222003928,51.15,25.21,35.14
2026-05-21 17:35:04,ROLL,0.0131,0.012869862082514734,43.31,25.21,35.14
2026-05-21 17:35:04,PITCH,0.1119,0.11217392416502948,48.97,25.21,35.14
2026-05-21 17:35:04,TWIST,0.5599,0.117476128,37.94,25.21,35.14
2026-05-21 17:35:04,YAW,0.0015,0.00151534184675835,51.17,25.21,35.14
2026-05-21 17:35:04,J1,0.2482,0.051968574365422404,43.04,25.21,35.14
2026-05-21 17:35:04,ELBOW,0.6069,0.12772543162278976,38.77,25.21,35.14
2026-05-21 17:35:04,J2,2.0256,0.4343481743339882,43.93,25.21,35.14
2026-05-21 17:35:08,ROLL,0.0123,0.012084786247544204,43.33,25.21,35.14
2026-05-21 17:35:08,PITCH,0.1125,0.1127793713163065,48.98,25.21,35.14
2026-05-21 17:35:08,TWIST,0.5257,0.11030041166208251,37.94,25.21,35.14
2026-05-21 17:35:08,YAW,0.0014,0.0014144180746561885,51.19,25.21,35.14
2026-05-21 17:35:08,J1,0.2382,0.04987655292730845,43.05,25.21,35.14
2026-05-21 17:35:08,ELBOW,0.6178,0.13002891218860513,38.79,25.21,35.14
2026-05-21 17:35:08,J2,2.0225,0.4336522911591355,43.91,25.21,35.14
2026-05-21 17:35:12,ELBOW,0.6107,0.12853456891159137,38.79,25.21,35.14
2026-05-21 17:35:12,J1,0.2617,0.05479720361493124,43.05,25.21,35.14
2026-05-21 17:35:12,J2,2.0168,0.43239906715913556,43.89,25.21,35.14
2026-05-21 17:35:12,TWIST,0.5279,0.11076607300589392,37.95,25.21,35.14
2026-05-21 17:35:12,PITCH,0.1113,0.11158426326129665,49.0,25.21,35.14
2026-05-21 17:35:12,ROLL,0.0102,0.010021890766208252,43.34,25.21,35.14
2026-05-21 17:35:12,YAW,0.0016,0.001616534381139489,51.2,25.21,35.14
2026-05-21 17:35:16,PITCH,0.1139,0.11419895952848723,49.02,25.21,35.14
2026-05-21 17:35:16,ROLL,0.0103,0.010120508840864443,43.35,25.21,35.14
2026-05-21 17:35:16,TWIST,0.5352,0.1123019097524558,37.96,25.21,35.14
2026-05-21 17:35:16,YAW,0.0011,0.0011114451866404717,51.22,25.21,35.14
2026-05-21 17:35:16,J1,0.2724,0.057037670098231824,43.05,25.21,35.14
2026-05-21 17:35:16,J2,2.0161,0.43223346140667973,43.88,25.21,35.14
2026-05-21 17:35:16,ELBOW,0.5964,0.1255294283693517,38.8,25.21,35.14
2026-05-21 17:35:20,ELBOW,0.5923,0.1246710276935167,38.81,25.21,35.14
2026-05-21 17:35:20,J1,0.2747,0.057519265697445976,43.05,25.21,35.14
2026-05-21 17:35:20,J2,2.021,0.43326841225933205,43.87,25.21,35.14
2026-05-21 17:35:20,TWIST,0.5308,0.11138273829469551,37.97,25.21,35.14
2026-05-21 17:35:20,PITCH,0.1099,0.11019623339882123,49.04,25.21,35.14
2026-05-21 17:35:20,ROLL,0.0112,0.011005617288801573,43.37,25.21,35.14
2026-05-21 17:35:20,YAW,0.0022,0.0022230459724950882,51.24,25.21,35.14
2026-05-21 17:35:24,YAW,0.0011,0.001111600785854617,51.26,25.21,35.14
2026-05-21 17:35:24,ROLL,0.0108,0.010612941453831043,43.38,25.21,35.14
2026-05-21 17:35:24,PITCH,0.1068,0.10709543104125738,49.06,25.21,35.14
2026-05-21 17:35:24,ELBOW,0.5994,0.12617009653438116,38.82,25.21,35.14
2026-05-21 17:35:24,J2,2.0327,0.43576104091159146,43.86,25.21,35.14
2026-05-21 17:35:24,J1,0.248,0.05193043992141454,43.06,25.21,35.14
2026-05-21 17:35:24,TWIST,0.5289,0.11098404348919452,37.97,25.21,35.14
2026-05-21 17:35:28,YAW,0.0015,0.001515925343811395,51.28,25.21,35.14
2026-05-21 17:35:28,ROLL,0.011,0.010810255402750489,43.4,25.21,35.14
2026-05-21 17:35:28,PITCH,0.1114,0.11171603457760315,49.08,25.21,35.14
2026-05-21 17:35:28,ELBOW,0.604,0.12714767214145384,38.84,25.21,35.14
2026-05-21 17:35:28,J2,1.9998,0.42869268636542246,43.85,25.21,35.14
2026-05-21 17:35:28,J1,0.2411,0.050485601068762286,43.06,25.21,35.14
2026-05-21 17:35:28,TWIST,0.5363,0.11254098508447939,37.98,25.21,35.14
2026-05-21 17:35:32,ELBOW,0.5991,0.12611617612573678,38.84,25.21,35.14
2026-05-21 17:35:32,J1,0.2313,0.048433511104125734,43.06,25.21,35.14
2026-05-21 17:35:32,J2,1.9948,0.4276208474656189,43.85,25.21,35.14
2026-05-21 17:35:32,TWIST,0.5362,0.1125241298546169,37.99,25.21,35.14
2026-05-21 17:35:32,PITCH,0.114,0.1143314734774067,49.1,25.21,35.14
2026-05-21 17:35:32,ROLL,0.0108,0.010614087229862476,43.41,25.21,35.14
2026-05-21 17:35:32,YAW,0.0019,0.0019203064833005893,51.3,25.21,35.14
2026-05-21 17:35:36,PITCH,0.1055,0.10581422003929272,49.12,25.21,35.14
2026-05-21 17:35:36,ROLL,0.012,0.011794278978388998,43.43,25.21,35.14
2026-05-21 17:35:36,YAW,0.0014,0.0014150616895874262,51.32,25.21,35.14
2026-05-21 17:35:36,TWIST,0.5243,0.11003089587426326,38.0,25.21,35.14
2026-05-21 17:35:36,J1,0.2608,0.05461268822003929,43.07,25.21,35.14
2026-05-21 17:35:36,ELBOW,0.6002,0.1263569811866405,38.86,25.21,35.14
2026-05-21 17:35:36,J2,1.998,0.4282914370137525,43.84,25.21,35.14
2026-05-21 17:35:40,ELBOW,0.6342,0.13351970838506877,38.87,25.21,35.14
2026-05-21 17:35:40,J1,0.2369,0.04960792116306483,43.07,25.21,35.14
2026-05-21 17:35:40,J2,2.0243,0.4339291070805502,43.84,25.21,35.14
2026-05-21 17:35:40,TWIST,0.5341,0.11208754813359528,38.0,25.21,35.14
2026-05-21 17:35:40,PITCH,0.1094,0.10973357328094303,49.14,25.21,35.14
2026-05-21 17:35:40,ROLL,0.0108,0.01061523300589391,43.44,25.21,35.14
2026-05-21 17:35:40,YAW,0.0014,0.0014151111984282909,51.33,25.21,35.14
2026-05-21 17:35:44,ROLL,0.0099,0.009731330451866407,43.46,25.19,35.15
2026-05-21 17:35:44,PITCH,0.1077,0.10803600707269154,49.16,25.19,35.15
2026-05-21 17:35:44,TWIST,0.5289,0.11100033651866406,38.01,25.19,35.15
2026-05-21 17:35:44,YAW,0.0016,0.0016173265225933205,51.34,25.19,35.15
2026-05-21 17:35:44,J1,0.2505,0.05245582208251473,43.07,25.19,35.15
2026-05-21 17:35:44,ELBOW,0.6049,0.12735576484086444,38.88,25.19,35.15
2026-05-21 17:35:44,J2,1.9989,0.4284843610844794,43.84,25.19,35.15
2026-05-21 17:35:48,ROLL,0.0116,0.011402777210216111,43.47,25.19,35.15
2026-05-21 17:35:48,PITCH,0.1093,0.10964486404715128,49.17,25.19,35.15
2026-05-21 17:35:48,TWIST,0.5447,0.11432048025147347,38.02,25.19,35.15
2026-05-21 17:35:48,YAW,0.0019,0.001920709626719057,51.36,25.19,35.15
2026-05-21 17:35:48,J1,0.247,0.05172290640471513,43.07,25.19,35.15
2026-05-21 17:35:48,ELBOW,0.6192,0.13037125834184676,38.89,25.19,35.15
2026-05-21 17:35:48,J2,1.9966,0.42799133290373287,43.84,25.19,35.15
2026-05-21 17:35:52,ELBOW,0.6193,0.13039708259332022,38.9,25.19,35.15
2026-05-21 17:35:52,J1,0.2491,0.052164535072691545,43.08,25.19,35.15
2026-05-21 17:35:52,J2,1.9808,0.42460444366208255,43.84,25.19,35.15
2026-05-21 17:35:52,TWIST,0.5089,0.10680685221218075,38.02,25.19,35.15
2026-05-21 17:35:52,PITCH,0.1142,0.11456840157170924,49.19,25.19,35.15
2026-05-21 17:35:52,ROLL,0.0119,0.011698097445972496,43.48,25.19,35.15
2026-05-21 17:35:52,YAW,0.0017,0.0017185897838899802,51.37,25.19,35.15
2026-05-21 17:35:56,PITCH,0.1164,0.11678784754420435,49.22,25.19,35.15
2026-05-21 17:35:56,ROLL,0.0112,0.011010766208251475,43.5,25.19,35.15
2026-05-21 17:35:56,TWIST,0.5183,0.10878369588998035,38.03,25.19,35.15
2026-05-21 17:35:56,YAW,0.0014,0.0014154082514734774,51.39,25.19,35.15
2026-05-21 17:35:56,J1,0.2433,0.05094994533595285,43.08,25.19,35.15
2026-05-21 17:35:56,ELBOW,0.6165,0.12981702271119844,38.92,25.19,35.15
2026-05-21 17:35:56,J2,2.011,0.43107811803536356,43.84,25.19,35.15
2026-05-21 17:36:00,ELBOW,0.6166,0.12984282847937134,38.93,25.19,35.15
2026-05-21 17:36:00,J1,0.254,0.053190653988212176,43.08,25.19,35.15
2026-05-21 17:36:00,J2,2.0051,0.42981339357170933,43.84,25.19,35.15
2026-05-21 17:36:00,TWIST,0.513,0.10767525312377213,38.04,25.19,35.15
2026-05-21 17:36:00,PITCH,0.1099,0.1102739622789784,49.24,25.19,35.15
2026-05-21 17:36:00,ROLL,0.0116,0.011404418074656187,43.51,25.19,35.15
2026-05-21 17:36:00,YAW,0.001,0.0010110766208251474,51.41,25.19,35.15
2026-05-21 17:36:04,YAW,0.0009,0.0009100326129666012,51.43,25.19,35.15
2026-05-21 17:36:04,ROLL,0.0098,0.00963511355599214,43.52,25.19,35.15
2026-05-21 17:36:04,PITCH,0.1115,0.11188334970530453,49.25,25.19,35.15
2026-05-21 17:36:04,TWIST,0.5147,0.10803603559921418,38.05,25.19,35.15
2026-05-21 17:36:04,J2,2.0061,0.4300277536502948,43.84,25.19,35.15
2026-05-21 17:36:04,J1,0.2187,0.045800059473477414,43.09,25.19,35.15
2026-05-21 17:36:04,ELBOW,0.5877,0.12376163005108055,38.94,25.19,35.15
2026-05-21 17:36:08,ELBOW,0.6108,0.12863088,38.95,25.19,35.15
2026-05-21 17:36:08,J1,0.2427,0.05082612910019647,43.09,25.19,35.15
2026-05-21 17:36:08,J2,2.0216,0.4333503348683694,43.84,25.19,35.15
2026-05-21 17:36:08,TWIST,0.5244,0.11007611372888015,38.06,25.19,35.15
2026-05-21 17:36:08,PITCH,0.112,0.11239299017681728,49.27,25.19,35.15
2026-05-21 17:36:08,ROLL,0.0109,0.010717376817288803,43.54,25.19,35.15
2026-05-21 17:36:08,YAW,0.0012,0.0012134616895874263,51.45,25.19,35.15
2026-05-21 17:36:12,ROLL,0.0127,0.01248766797642436,43.55,25.19,35.15
2026-05-21 17:36:12,PITCH,0.1166,0.11701737760314342,49.29,25.19,35.15
2026-05-21 17:36:12,TWIST,0.5403,0.11341366179960707,38.06,25.19,35.15
2026-05-21 17:36:12,YAW,0.0015,0.0015169332023575641,51.47,25.19,35.15
2026-05-21 17:36:12,J1,0.2474,0.051810401068762287,43.09,25.19,35.15
2026-05-21 17:36:12,ELBOW,0.5874,0.12370750170530452,38.96,25.19,35.15
2026-05-21 17:36:12,J2,1.9641,0.4210397566208252,43.85,25.19,35.15
2026-05-21 17:36:16,ELBOW,0.6152,0.12957170772495089,38.98,25.19,35.15
2026-05-21 17:36:16,J1,0.229,0.047958808644400795,43.1,25.19,35.15
2026-05-21 17:36:16,J2,1.9857,0.4256701006679765,43.85,25.19,35.15
2026-05-21 17:36:16,TWIST,0.5465,0.11471930444007859,38.07,25.19,35.15
2026-05-21 17:36:16,PITCH,0.1088,0.10919715206286837,49.31,25.19,35.15
2026-05-21 17:36:16,ROLL,0.0112,0.011013538703339883,43.57,25.19,35.15
2026-05-21 17:36:16,YAW,0.0016,0.0016181752455795679,51.49,25.19,35.15
2026-05-21 17:36:20,ROLL,0.0102,0.010030547740667977,43.58,25.19,35.15
2026-05-21 17:36:20,PITCH,0.1107,0.11111191709233792,49.33,25.19,35.15
2026-05-21 17:36:20,TWIST,0.519,0.10895060086444007,38.08,25.19,35.15
2026-05-21 17:36:20,YAW,0.0015,0.0015170923379174853,51.5,25.19,35.15
2026-05-21 17:36:20,J1,0.2207,0.04622056361493124,43.1,25.19,35.15
2026-05-21 17:36:20,ELBOW,0.6224,0.1310881516385069,38.98,25.19,35.15
2026-05-21 17:36:20,J2,2.0001,0.42875699669941075,43.85,25.19,35.15
2026-05-21 17:36:24,ROLL,0.0133,0.013079517878192535,43.59,25.19,35.15
2026-05-21 17:36:24,PITCH,0.1115,0.11191883693516702,49.34,25.19,35.15
2026-05-21 17:36:24,TWIST,0.5018,0.1053437711277014,38.09,25.19,35.15
2026-05-21 17:36:24,YAW,0.0021,0.0021240777996070727,51.52,25.19,35.15
2026-05-21 17:36:24,J1,0.2621,0.0548928233870334,43.11,25.19,35.15
2026-05-21 17:36:24,ELBOW,0.6163,0.1298128793713163,39.0,25.19,35.15
2026-05-21 17:36:24,J2,2.0192,0.43285142129666015,43.85,25.19,35.15
2026-05-21 17:36:28,ELBOW,0.6149,0.12952272928880157,39.01,25.19,35.15
2026-05-21 17:36:28,J1,0.2494,0.05223300325343812,43.11,25.19,35.15
2026-05-21 17:36:28,J2,1.9724,0.4228341993870334,43.86,25.19,35.15
2026-05-21 17:36:28,TWIST,0.528,0.11084805029469551,38.1,25.19,35.15
2026-05-21 17:36:28,PITCH,0.1094,0.10982255481335954,49.37,25.19,35.15
2026-05-21 17:36:28,ROLL,0.0102,0.010031629862475442,43.61,25.19,35.15
2026-05-21 17:36:28,YAW,0.0012,0.0012138436149312377,51.54,25.19,35.15
2026-05-21 17:36:32,PITCH,0.1136,0.11404681178781925,49.39,25.19,35.15
2026-05-21 17:36:32,ROLL,0.0095,0.009343520628683693,43.62,25.19,35.15
2026-05-21 17:36:32,TWIST,0.5219,0.10957143875834971,38.11,25.19,35.15
2026-05-21 17:36:32,YAW,0.0013,0.0013150432220039295,51.55,25.19,35.15
2026-05-21 17:36:32,J1,0.2415,0.05057846946954814,43.11,25.19,35.15
2026-05-21 17:36:32,J2,2.0025,0.4292869013752456,43.86,25.19,35.15
2026-05-21 17:36:32,ELBOW,0.6124,0.12900084482514734,39.02,25.19,35.15
2026-05-21 17:36:36,ELBOW,0.5967,0.12569826638899803,39.03,25.19,35.15
2026-05-21 17:36:36,J1,0.239,0.05005488282907662,43.11,25.19,35.15
2026-05-21 17:36:36,J2,1.987,0.4259793840471513,43.87,25.19,35.15
2026-05-21 17:36:36,TWIST,0.5071,0.10646812570530452,38.12,25.19,35.15
2026-05-21 17:36:36,PITCH,0.1156,0.11605876620825147,49.4,25.19,35.15
2026-05-21 17:36:36,ROLL,0.0103,0.010131071905697446,43.64,25.19,35.15
2026-05-21 17:36:36,YAW,0.001,0.0010116424361493123,51.57,25.19,35.15
2026-05-21 17:36:40,YAW,0.0008,0.0008093705304518665,51.59,25.19,35.15
2026-05-21 17:36:40,ROLL,0.0121,0.011901550491159136,43.64,25.19,35.15
2026-05-21 17:36:40,PITCH,0.1149,0.1153600514734774,49.41,25.19,35.15
2026-05-21 17:36:40,ELBOW,0.6182,0.13023212529666012,39.04,25.19,35.15
2026-05-21 17:36:40,J2,1.9861,0.4257864391827112,43.87,25.19,35.15
2026-05-21 17:36:40,J1,0.2355,0.04932363819253438,43.12,25.19,35.15
2026-05-21 17:36:40,TWIST,0.5308,0.11144814453438115,38.13,25.19,35.15
2026-05-21 17:36:44,YAW,0.0023,0.002327021611001965,51.6,25.19,35.15
2026-05-21 17:36:44,ROLL,0.0116,0.011410161100196462,43.65,25.19,35.15
2026-05-21 17:36:44,PITCH,0.1165,0.11697469744597251,49.43,25.19,35.15
2026-05-21 17:36:44,ELBOW,0.5964,0.12564425587426328,39.05,25.19,35.15
2026-05-21 17:36:44,J2,2.0583,0.44126490497445975,43.87,25.19,35.15
2026-05-21 17:36:44,J1,0.2309,0.048360204070726914,43.12,25.19,35.15
2026-05-21 17:36:44,TWIST,0.4923,0.10336458469155206,38.13,25.19,35.15
2026-05-21 17:39:52,ELBOW,0.4753,0.10022715531630648,39.31,25.19,35.15
2026-05-21 17:39:52,J1,0.1074,0.022477887371316306,42.92,25.19,35.15
2026-05-21 17:39:52,J2,1.4579,0.3122236348605108,43.58,25.19,35.15
2026-05-21 17:39:52,TWIST,0.358,0.07521072188605109,38.29,25.19,35.15
2026-05-21 17:39:52,PITCH,0.027,0.027144388998035365,49.79,25.19,35.15
2026-05-21 17:39:52,ROLL,0.0033,0.003249261689587426,43.93,25.19,35.15
2026-05-21 17:39:52,YAW,0.0161,0.016302246365422397,51.83,25.19,35.15
2026-05-21 17:39:56,PITCH,0.0363,0.03649669037328094,49.81,25.19,35.15
2026-05-21 17:39:56,ROLL,0.0055,0.00541582514734774,43.95,25.19,35.15
2026-05-21 17:39:56,YAW,0.0217,0.02197412770137525,51.85,25.19,35.15
2026-05-21 17:39:56,TWIST,0.5882,0.12357700652259332,38.3,25.19,35.15
2026-05-21 17:39:56,J1,0.2063,0.043176798554027514,42.92,25.19,35.15
2026-05-21 17:39:56,ELBOW,0.1623,0.03422692088015717,39.33,25.19,35.15
2026-05-21 17:39:56,J2,0.712,0.15249277485265228,43.6,25.19,35.15
2026-05-21 17:40:00,ELBOW,0.1417,0.029884836227897844,39.35,25.19,35.15
2026-05-21 17:40:00,J1,0.1668,0.03491104993320236,42.93,25.19,35.15
2026-05-21 17:40:00,J2,1.0307,0.22076630123379176,43.62,25.19,35.15
2026-05-21 17:40:00,TWIST,0.5892,0.1237961753398821,38.32,25.19,35.15
2026-05-21 17:40:00,PITCH,0.0281,0.028255240078585465,49.84,25.19,35.15
2026-05-21 17:40:00,ROLL,0.0059,0.005810120628683694,43.97,25.19,35.15
2026-05-21 17:40:00,YAW,0.0214,0.021671851473477406,51.87,25.19,35.15
2026-05-21 17:40:04,ROLL,0.0049,0.0048257009823182715,43.99,25.19,35.15
2026-05-21 17:40:04,PITCH,0.0169,0.016993962671905696,49.85,25.19,35.15
2026-05-21 17:40:04,TWIST,0.3883,0.08159127431041259,38.34,25.19,35.15
2026-05-21 17:40:04,YAW,0.0183,0.01853441257367387,51.9,25.19,35.15
2026-05-21 17:40:04,J1,0.1931,0.040417066750491164,42.94,25.19,35.15
2026-05-21 17:40:04,ELBOW,0.1304,0.027503650326129662,39.37,25.19,35.15
2026-05-21 17:40:04,J2,1.2202,0.2613742235284872,43.64,25.19,35.15
2026-05-21 17:40:08,ROLL,0.0044,0.004333593713163064,44.01,25.19,35.15
2026-05-21 17:40:08,PITCH,0.0109,0.010961759528487231,49.88,25.19,35.15
2026-05-21 17:40:08,TWIST,0.381,0.08006030098231828,38.35,25.19,35.15
2026-05-21 17:40:08,YAW,0.0173,0.01752282671905698,51.92,25.19,35.15
2026-05-21 17:40:08,J1,0.1715,0.0358960484086444,42.94,25.19,35.15
2026-05-21 17:40:08,ELBOW,0.1422,0.02999466785068762,39.39,25.19,35.15
2026-05-21 17:40:08,J2,1.2518,0.26816241590569745,43.66,25.19,35.15
2026-05-21 17:40:12,ELBOW,0.1369,0.028877777445972492,39.4,25.19,35.15
2026-05-21 17:40:12,J1,0.1974,0.0413185735166994,42.95,25.19,35.15
2026-05-21 17:40:12,J2,1.2114,0.2595265280628684,43.68,25.19,35.15
2026-05-21 17:40:12,TWIST,0.3535,0.07428711520628684,38.37,25.19,35.15
2026-05-21 17:40:12,PITCH,0.0114,0.011464995677799607,49.89,25.19,35.15
2026-05-21 17:40:12,ROLL,0.0032,0.003151930844793713,44.03,25.19,35.15
2026-05-21 17:40:12,YAW,0.0186,0.018840886444007856,51.94,25.19,35.15
2026-05-21 17:40:16,ROLL,0.0052,0.005122071512770138,44.04,25.46,35.15
2026-05-21 17:40:16,YAW,0.0161,0.01630907858546169,51.95,25.46,35.15
2026-05-21 17:40:16,PITCH,0.0103,0.010359452652259332,49.91,25.46,35.15
2026-05-21 17:40:16,TWIST,0.3664,0.0770008387897839,38.38,25.46,35.15
2026-05-21 17:40:16,J2,1.2314,0.26382074866797645,43.69,25.46,35.15
2026-05-21 17:40:16,J1,0.1816,0.03801278315127701,42.96,25.46,35.15
2026-05-21 17:40:16,ELBOW,0.1365,0.02879445241650295,39.41,25.46,35.15
2026-05-21 17:40:20,ELBOW,0.1462,0.03084290348133595,39.43,25.46,35.15
2026-05-21 17:40:20,J1,0.1908,0.03993854088801571,42.96,25.46,35.15
2026-05-21 17:40:20,J2,1.2382,0.26529668334774065,43.71,25.46,35.15
2026-05-21 17:40:20,TWIST,0.3793,0.07971768220039294,38.4,25.46,35.15
2026-05-21 17:40:20,PITCH,0.0106,0.01066193398821218,49.93,25.46,35.15
2026-05-21 17:40:20,ROLL,0.0037,0.0036448125736738704,44.06,25.46,35.15
2026-05-21 17:40:20,YAW,0.0163,0.016513405108055008,51.98,25.46,35.15
2026-05-21 17:40:24,YAW,0.0176,0.017831669941060904,52.0,25.46,35.15
2026-05-21 17:40:24,ROLL,0.0039,0.003842105304518664,44.08,25.46,35.15
2026-05-21 17:40:24,PITCH,0.0098,0.009857952848722986,49.95,25.46,35.15
2026-05-21 17:40:24,TWIST,0.3656,0.07684116155599213,38.41,25.46,35.15
2026-05-21 17:40:24,J2,1.2202,0.2614494012730845,43.72,25.46,35.15
2026-05-21 17:40:24,J1,0.1993,0.0417192771394892,42.97,25.46,35.15
2026-05-21 17:40:24,ELBOW,0.1429,0.030147823559921412,39.44,25.46,35.15
2026-05-21 17:40:28,ELBOW,0.1335,0.02816674797642436,39.46,25.46,35.15
2026-05-21 17:40:28,J1,0.1811,0.03791085491552063,42.98,25.46,35.15
2026-05-21 17:40:28,J2,1.2433,0.26641813450687624,43.74,25.46,35.15
2026-05-21 17:40:28,TWIST,0.3632,0.07633953093909628,38.42,25.46,35.15
2026-05-21 17:40:28,PITCH,0.0119,0.01197121296660118,49.97,25.46,35.15
2026-05-21 17:40:28,ROLL,0.0046,0.004532039292730846,44.1,25.46,35.15
2026-05-21 17:40:28,YAW,0.0164,0.016616454223968565,52.01,25.46,35.15
2026-05-21 17:40:32,ROLL,0.0169,0.01665151355599214,44.12,25.46,35.15
2026-05-21 17:40:32,PITCH,0.0114,0.011469027111984283,49.99,25.46,35.15
2026-05-21 17:40:32,TWIST,0.3564,0.07491575613359527,38.44,25.46,35.15
2026-05-21 17:40:32,YAW,0.0169,0.017124248722986245,52.03,25.46,35.15
2026-05-21 17:40:32,J1,0.194,0.04061129681728881,42.98,25.46,35.15
2026-05-21 17:40:32,ELBOW,0.5512,0.11630021117485267,39.47,25.46,35.15
2026-05-21 17:40:32,J2,1.9209,0.41163113280943026,43.75,25.46,35.15
2026-05-21 17:40:36,ELBOW,1.9427,0.4099440502946955,39.5,25.46,35.15
2026-05-21 17:40:36,J1,0.2362,0.049447082499017685,42.99,25.46,35.15
2026-05-21 17:40:36,J2,2.2754,0.48763225684872297,43.77,25.46,35.15
2026-05-21 17:40:36,TWIST,0.4261,0.08957007080550097,38.45,25.46,35.15
2026-05-21 17:40:36,PITCH,0.0835,0.08401149901768173,50.01,25.46,35.15
2026-05-21 17:40:36,ROLL,0.0446,0.04394738546168959,44.14,25.46,35.15
2026-05-21 17:40:36,YAW,0.0185,0.01874613359528487,52.04,25.46,35.15
2026-05-21 17:40:40,ROLL,0.02,0.01970876227897839,44.16,25.46,35.15
2026-05-21 17:40:40,PITCH,0.0914,0.09196312455795677,50.02,25.46,35.15
2026-05-21 17:40:40,TWIST,0.4551,0.09566963778388998,38.46,25.46,35.15
2026-05-21 17:40:40,YAW,0.0189,0.019153460510805503,52.07,25.46,35.15
2026-05-21 17:40:40,J1,0.2473,0.05177266797642436,43.0,25.46,35.15
2026-05-21 17:40:40,ELBOW,1.6914,0.35695438519449907,39.53,25.46,35.15
2026-05-21 17:40:40,J2,1.1333,0.24289063721807466,43.79,25.46,35.15
2026-05-21 17:40:44,ROLL,0.0049,0.0048289933202357565,44.18,25.46,35.15
2026-05-21 17:40:44,PITCH,0.0948,0.0953907772102161,50.04,25.46,35.15
2026-05-21 17:40:44,TWIST,0.4362,0.09169990076227898,38.47,25.46,35.15
2026-05-21 17:40:44,YAW,0.018,0.01824202750491159,52.08,25.46,35.15
2026-05-21 17:40:44,J1,0.239,0.050035049115913555,43.0,25.46,35.15
2026-05-21 17:40:44,ELBOW,2.0008,0.4222966310726915,39.56,25.46,35.15
2026-05-21 17:40:44,J2,1.2019,0.25759309703732813,43.79,25.46,35.15
2026-05-21 17:40:48,ELBOW,2.0212,0.42663346646758343,39.58,25.46,35.15
2026-05-21 17:40:48,J1,0.2511,0.05257009867190569,43.01,25.46,35.15
2026-05-21 17:40:48,J2,1.217,0.2608387253438114,43.8,25.46,35.15
2026-05-21 17:40:48,TWIST,0.4157,0.08739670266404716,38.49,25.46,35.15
2026-05-21 17:40:48,PITCH,0.098,0.09861418467583496,50.05,25.46,35.15
2026-05-21 17:40:48,ROLL,0.0049,0.004829339882121807,44.2,25.46,35.15
2026-05-21 17:40:48,YAW,0.018,0.018243300589390964,52.1,25.46,35.15
2026-05-21 17:40:52,PITCH,0.0009,0.0009056404715127702,50.05,25.46,35.15
2026-05-21 17:40:52,ROLL,0.0003,0.0002956844793713163,44.21,25.46,35.15
2026-05-21 17:40:52,TWIST,0.0031,0.0006517435127701376,38.49,25.46,35.15
2026-05-21 17:40:52,YAW,0.001,0.0010135520628683696,52.11,25.46,35.15
2026-05-21 17:40:52,J1,0.0038,0.0007955936817288802,43.02,25.46,35.15
2026-05-21 17:40:52,J2,0.0083,0.0017788690451866407,43.79,25.46,35.15
2026-05-21 17:40:52,ELBOW,0.6481,0.1368054808801572,39.59,25.46,35.15
2026-05-21 17:40:56,ELBOW,0.0782,0.016508207434184678,39.61,25.46,35.15
2026-05-21 17:40:56,J1,0.0036,0.0007535030569744596,42.94,25.46,35.15
2026-05-21 17:40:56,J2,0.0019,0.00040722561886051084,43.8,25.46,35.15
2026-05-21 17:40:56,TWIST,0.002,0.00042049508840864445,38.5,25.46,35.15
2026-05-21 17:40:56,PITCH,0.0004,0.000402521021611002,50.06,25.46,35.15
2026-05-21 17:40:56,ROLL,0.0025,0.0024642141453831046,44.23,25.46,35.15
2026-05-21 17:40:56,YAW,0.0005,0.0005067937131630649,52.12,25.46,35.15
2026-05-21 17:41:00,YAW,0.0136,0.013785750884086442,52.14,25.46,35.15
2026-05-21 17:41:00,ROLL,0.0385,0.037951620825147345,44.25,25.46,35.15
2026-05-21 17:41:00,PITCH,0.0594,0.059776472298624754,50.07,25.46,35.15
2026-05-21 17:41:00,ELBOW,0.4031,0.08509848059724953,39.62,25.46,35.15
2026-05-21 17:41:00,J2,1.8613,0.39893107599214145,43.8,25.46,35.15
2026-05-21 17:41:00,J1,0.1837,0.03845513002750492,42.98,25.46,35.15
2026-05-21 17:41:00,TWIST,0.3478,0.07312945295088409,38.52,25.46,35.15
2026-05-21 17:41:04,YAW,0.018,0.01824648330058939,52.15,25.46,35.15
2026-05-21 17:41:04,ROLL,0.0152,0.014984572102161099,44.27,25.46,35.15
2026-05-21 17:41:04,PITCH,0.1333,0.13415427229862478,50.09,25.46,35.15
2026-05-21 17:41:04,ELBOW,0.0212,0.004475697351669941,39.63,25.46,35.15
2026-05-21 17:41:04,J2,0.7875,0.16879643222003932,43.82,25.46,35.15
2026-05-21 17:41:04,J1,0.1598,0.03345801354813359,43.03,25.46,35.15
2026-05-21 17:41:04,TWIST,0.2213,0.04653289447544203,38.53,25.46,35.15
2026-05-21 17:41:08,ELBOW,0.0499,0.010535162499017682,39.64,25.46,35.15
2026-05-21 17:41:08,J1,0.2054,0.04300548174459724,43.03,25.46,35.15
2026-05-21 17:41:08,J2,1.1687,0.2505136232455796,43.83,25.46,35.15
2026-05-21 17:41:08,TWIST,0.2068,0.04348556271905698,38.54,25.46,35.15
2026-05-21 17:41:08,PITCH,0.0582,0.05857709941060905,50.11,25.46,35.15
2026-05-21 17:41:08,ROLL,0.0035,0.0034506424361493127,44.29,25.46,35.15
2026-05-21 17:41:08,YAW,0.0167,0.016929272298624756,52.16,25.46,35.15
2026-05-21 17:41:12,PITCH,0.0577,0.05807794066797643,50.13,25.46,35.15
2026-05-21 17:41:12,ROLL,0.0018,0.0017747434184675834,44.31,25.46,35.15
2026-05-21 17:41:12,YAW,0.016,0.016220793713163068,52.18,25.46,35.15
2026-05-21 17:41:12,TWIST,0.1847,0.03883841119056975,38.54,25.46,35.15
2026-05-21 17:41:12,J1,0.1806,0.037812999041257365,43.03,25.46,35.15
2026-05-21 17:41:12,ELBOW,0.0397,0.008381988133595284,39.65,25.46,35.15
2026-05-21 17:41:12,J2,1.0361,0.2220984774223969,43.84,25.46,35.15
2026-05-21 17:41:16,ELBOW,0.0538,0.011359380620825147,39.66,25.46,35.15
2026-05-21 17:41:16,J1,0.1721,0.03603331746954813,43.03,25.46,35.15
2026-05-21 17:41:16,J2,1.1729,0.2514319691159136,43.85,25.46,35.15
2026-05-21 17:41:16,TWIST,0.2123,0.04464536364636541,38.56,25.46,35.15
2026-05-21 17:41:16,PITCH,0.0585,0.05888524950884086,50.14,25.46,35.15
2026-05-21 17:41:16,ROLL,0.0021,0.0020706082514734773,44.32,25.46,35.15
2026-05-21 17:41:16,YAW,0.0155,0.015714990176817288,52.2,25.46,35.15
2026-05-21 17:41:20,ROLL,0.0012,0.0011832895874263265,44.34,25.39,35.14
2026-05-21 17:41:20,PITCH,0.0543,0.05466143104125736,50.16,25.39,35.14
2026-05-21 17:41:20,TWIST,0.2146,0.045129039277013755,38.56,25.39,35.14
2026-05-21 17:41:20,YAW,0.0144,0.014600751277013753,52.22,25.39,35.14
2026-05-21 17:41:20,J1,0.1624,0.03400361191355599,43.04,25.39,35.14
2026-05-21 17:41:20,ELBOW,0.0528,0.011148646349705306,39.67,25.39,35.14
2026-05-21 17:41:20,J2,1.2096,0.2593085822239686,43.86,25.39,35.14
2026-05-21 17:41:24,ROLL,0.0012,0.0011833744597249509,44.36,25.39,35.14
2026-05-21 17:41:24,PITCH,0.0617,0.06211505068762279,50.18,25.39,35.14
2026-05-21 17:41:24,TWIST,0.2081,0.04376373254223968,38.57,25.39,35.14
2026-05-21 17:41:24,YAW,0.0137,0.013891961493123772,52.24,25.39,35.14
2026-05-21 17:41:24,J1,0.1752,0.03668369955206287,43.04,25.39,35.14
2026-05-21 17:41:24,ELBOW,0.0515,0.010874153163064833,39.67,25.39,35.14
2026-05-21 17:41:24,J2,1.194,0.25597352015717095,43.87,25.39,35.14
2026-05-21 17:41:28,ELBOW,0.0547,0.011550249964636543,39.68,25.39,35.14
2026-05-21 17:41:28,J1,0.1608,0.033668600958742634,43.04,25.39,35.14
2026-05-21 17:41:28,J2,1.2088,0.25914639126129674,43.87,25.39,35.14
2026-05-21 17:41:28,TWIST,0.2192,0.04609976682121807,38.58,25.39,35.14
2026-05-21 17:41:28,PITCH,0.0568,0.0571840974459725,50.19,25.39,35.14
2026-05-21 17:41:28,ROLL,0.0007,0.0006903265225933203,44.37,25.39,35.14
2026-05-21 17:41:28,YAW,0.0152,0.015413516699410608,52.25,25.39,35.14
2026-05-21 17:41:32,PITCH,0.0602,0.06061134695481336,50.21,25.39,35.14
2026-05-21 17:41:32,ROLL,0.0013,0.0012820809430255404,44.38,25.39,35.14
2026-05-21 17:41:32,TWIST,0.2163,0.04549153607858547,38.59,25.39,35.14
2026-05-21 17:41:32,YAW,0.0154,0.015617415324165029,52.27,25.39,35.14
2026-05-21 17:41:32,J1,0.2007,0.042024450766208254,43.05,25.39,35.14
2026-05-21 17:41:32,ELBOW,0.0498,0.0105159675913556,39.69,25.39,35.14
2026-05-21 17:41:32,J2,1.2082,0.2590270661532416,43.88,25.39,35.14
2026-05-21 17:41:36,ELBOW,0.0554,0.011698912691552063,39.7,25.39,35.14
2026-05-21 17:41:36,J1,0.1793,0.03754351779960708,43.05,25.39,35.14
2026-05-21 17:41:36,J2,1.2202,0.2616091539803536,43.89,25.39,35.14
2026-05-21 17:41:36,TWIST,0.2114,0.04446261155206288,38.6,25.39,35.14
2026-05-21 17:41:36,PITCH,0.0596,0.06001146247544204,50.23,25.39,35.14
2026-05-21 17:41:36,ROLL,0.0007,0.0006903760314341846,44.39,25.39,35.14
2026-05-21 17:41:36,YAW,0.0139,0.014097221611001966,52.29,25.39,35.14
2026-05-21 17:41:40,YAW,0.0164,0.016633853045186643,52.31,25.39,35.14
2026-05-21 17:41:40,ROLL,0.001,0.0009863222003929273,44.41,25.39,35.14
2026-05-21 17:41:40,PITCH,0.0593,0.05971358546168959,50.25,25.39,35.14
2026-05-21 17:41:40,TWIST,0.2077,0.0436860102632613,38.61,25.39,35.14
2026-05-21 17:41:40,J2,1.2318,0.2640961775717092,43.89,25.39,35.14
2026-05-21 17:41:40,J1,0.1861,0.038967365658153244,43.05,25.39,35.14
2026-05-21 17:41:40,ELBOW,0.0521,0.011002447292730847,39.71,25.39,35.14
2026-05-21 17:41:44,ELBOW,0.0532,0.011235564070726916,39.73,25.39,35.14
2026-05-21 17:41:44,J1,0.171,0.0358055858546169,43.05,25.39,35.14
2026-05-21 17:41:44,J2,1.2438,0.2666785395677799,43.9,25.39,35.14
2026-05-21 17:41:44,TWIST,0.2092,0.044003119779960714,38.62,25.39,35.14
2026-05-21 17:41:44,PITCH,0.0601,0.060523415717092334,50.27,25.39,35.14
2026-05-21 17:41:44,ROLL,0.0007,0.0006904502946954813,44.42,25.39,35.14
2026-05-21 17:41:44,YAW,0.0177,0.017953642043222,52.33,25.39,35.14
2026-05-21 17:41:48,ROLL,0.0009,0.0008877536345776032,44.43,25.39,35.14
2026-05-21 17:41:48,PITCH,0.0581,0.058511379960707266,50.28,25.39,35.14
2026-05-21 17:41:48,TWIST,0.2139,0.044993364919449906,38.63,25.39,35.14
2026-05-21 17:41:48,YAW,0.0145,0.014708298624754422,52.34,25.39,35.14
2026-05-21 17:41:48,J1,0.1743,0.03649788579960708,43.06,25.39,35.14
2026-05-21 17:41:48,ELBOW,0.0499,0.010539005485265226,39.74,25.39,35.14
2026-05-21 17:41:48,J2,1.2334,0.2644582130609037,43.91,25.39,35.14
2026-05-21 17:41:52,ELBOW,0.0542,0.011447593713163066,39.75,25.39,35.14
2026-05-21 17:41:52,J1,0.1951,0.04085334205108055,43.06,25.39,35.14
2026-05-21 17:41:52,J2,1.2224,0.26210907335166994,43.92,25.39,35.14
2026-05-21 17:41:52,TWIST,0.2053,0.0431859561178782,38.64,25.39,35.14
2026-05-21 17:41:52,PITCH,0.0645,0.06496125736738703,50.3,25.39,35.14
2026-05-21 17:41:52,ROLL,0.0009,0.0008878172888015716,44.45,25.39,35.14
2026-05-21 17:41:52,YAW,0.0163,0.016535309233791748,52.36,25.39,35.14
2026-05-21 17:41:56,ROLL,0.0012,0.0011837988212180745,44.46,25.39,35.14
2026-05-21 17:41:56,PITCH,0.0607,0.06113622907662083,50.31,25.39,35.14
2026-05-21 17:41:56,TWIST,0.1971,0.04146256007858546,38.65,25.39,35.14
2026-05-21 17:41:56,YAW,0.0145,0.014710349705304519,52.38,25.39,35.14
2026-05-21 17:41:56,J1,0.1683,0.03524150418860511,43.06,25.39,35.14
2026-05-21 17:41:56,ELBOW,0.0521,0.011004453500982319,39.76,25.39,35.14
2026-05-21 17:41:56,J2,1.217,0.2609511962278979,43.92,25.39,35.14
2026-05-21 17:42:00,ROLL,0.0024,0.0023676825147347746,44.47,25.39,35.14
2026-05-21 17:42:00,PITCH,0.0617,0.062147779567779955,50.33,25.39,35.14
2026-05-21 17:42:00,TWIST,0.2163,0.04550319673084479,38.66,25.39,35.14
2026-05-21 17:42:00,YAW,0.0147,0.014914290766208252,52.4,25.39,35.14
2026-05-21 17:42:00,J1,0.1824,0.03819400097445973,43.06,25.39,35.14
2026-05-21 17:42:00,ELBOW,0.0486,0.010265565076620825,39.77,25.39,35.14
2026-05-21 17:42:00,J2,1.2348,0.26477741196070725,43.93,25.39,35.14
2026-05-21 17:42:04,ELBOW,0.0529,0.011174242640471514,39.78,25.39,35.14
2026-05-21 17:42:04,J1,0.1672,0.03501116755992141,43.06,25.39,35.14
2026-05-21 17:42:04,J2,1.2467,0.2673291217131631,43.93,25.39,35.14
2026-05-21 17:42:04,TWIST,0.2122,0.04464067658939096,38.66,25.39,35.14
2026-05-21 17:42:04,PITCH,0.0567,0.05711550294695482,50.35,25.39,35.14
2026-05-21 17:42:04,ROLL,0.0008,0.0007892840864440079,44.49,25.39,35.14
2026-05-21 17:42:04,YAW,0.0128,0.012987498624754422,52.42,25.39,35.14
2026-05-21 17:42:08,PITCH,0.0621,0.06255727072691553,50.36,25.39,35.14
2026-05-21 17:42:08,ROLL,0.0006,0.0005919842829076621,44.5,25.39,35.14
2026-05-21 17:42:08,TWIST,0.196,0.04123417964636543,38.67,25.39,35.14
2026-05-21 17:42:08,YAW,0.0143,0.014510482514734776,52.44,25.39,35.14
2026-05-21 17:42:08,J1,0.1798,0.037650925390962674,43.07,25.39,35.14
2026-05-21 17:42:08,J2,1.2258,0.2628569877878193,43.94,25.39,35.14
2026-05-21 17:42:08,ELBOW,0.0543,0.011470387473477409,39.79,25.39,35.14
2026-05-21 17:42:12,ELBOW,0.0552,0.011660929508840866,39.8,25.39,35.14
2026-05-21 17:42:12,J1,0.1964,0.04112703974852652,43.07,25.39,35.14
2026-05-21 17:42:12,J2,1.2451,0.26700521265225935,43.95,25.39,35.14
2026-05-21 17:42:12,TWIST,0.2077,0.04369720729273084,38.68,25.39,35.14
2026-05-21 17:42:12,PITCH,0.0579,0.05833248683693517,50.39,25.39,35.14
2026-05-21 17:42:12,ROLL,0.0011,0.0010853434184675834,44.51,25.39,35.14
2026-05-21 17:42:12,YAW,0.0144,0.014612972888015715,52.46,25.39,35.14
2026-05-21 17:42:16,YAW,0.0144,0.014613991355599215,52.48,25.39,35.14
2026-05-21 17:42:16,ROLL,0.0007,0.0006907225933202358,44.53,25.39,35.14
2026-05-21 17:42:16,PITCH,0.0639,0.06437956385068762,50.4,25.39,35.14
2026-05-21 17:42:16,ELBOW,0.0522,0.011027585351669943,39.81,25.39,35.14
2026-05-21 17:42:16,J2,1.2385,0.2655898770137524,43.95,25.39,35.14
2026-05-21 17:42:16,J1,0.1758,0.03681330747347741,43.07,25.39,35.14
2026-05-21 17:42:16,TWIST,0.2188,0.04603417882907662,38.69,25.39,35.14
2026-05-21 17:42:20,YAW,0.0145,0.01471599017681729,52.49,25.32,35.12
2026-05-21 17:42:20,ROLL,0.0013,0.001282816502946955,44.54,25.32,35.12
2026-05-21 17:42:20,PITCH,0.0589,0.059344122200392924,50.41,25.32,35.12
2026-05-21 17:42:20,ELBOW,0.0504,0.010647711937131632,39.82,25.32,35.12
2026-05-21 17:42:20,J2,1.2237,0.26242551823968563,43.96,25.32,35.12
2026-05-21 17:42:20,J1,0.2006,0.04200653856188605,43.07,25.32,35.12
2026-05-21 17:42:20,TWIST,0.2007,0.042226049776031435,38.69,25.32,35.12
2026-05-21 17:42:24,ELBOW,0.0499,0.010542464172888014,39.83,25.32,35.12
2026-05-21 17:42:24,J1,0.181,0.037902210766208255,43.07,25.32,35.12
2026-05-21 17:42:24,J2,1.2388,0.2656732913791749,43.97,25.32,35.12
2026-05-21 17:42:24,TWIST,0.2046,0.043049737273084476,38.71,25.32,35.12
2026-05-21 17:42:24,PITCH,0.0613,0.061766554420432225,50.43,25.32,35.12
2026-05-21 17:42:24,ROLL,0.0014,0.0013815442043222006,44.55,25.32,35.12
2026-05-21 17:42:24,YAW,0.0151,0.015325995677799608,52.51,25.32,35.12
2026-05-21 17:42:28,PITCH,0.0607,0.061166280943025536,50.45,25.32,35.12
2026-05-21 17:42:28,ROLL,0.0005,0.0004934440078585462,44.57,25.32,35.12
2026-05-21 17:42:28,YAW,0.0146,0.014819544990176816,52.53,25.32,35.12
2026-05-21 17:42:28,TWIST,0.22,0.04629004007858546,38.71,25.32,35.12
2026-05-21 17:42:28,J1,0.2107,0.044123113367387036,43.08,25.32,35.12
2026-05-21 17:42:28,ELBOW,0.0503,0.010627360282907661,39.84,25.32,35.12
2026-05-21 17:42:28,J2,1.2387,0.2656518453595285,43.97,25.32,35.12
2026-05-21 17:42:32,ELBOW,0.0566,0.011958857210216112,39.85,25.32,35.12
2026-05-21 17:42:32,J1,0.1807,0.037840752660117875,43.08,25.32,35.12
2026-05-21 17:42:32,J2,1.2676,0.2718595073005894,43.98,25.32,35.12
2026-05-21 17:42:32,TWIST,0.1968,0.04141006057367388,38.72,25.32,35.12
2026-05-21 17:42:32,PITCH,0.0596,0.0600620463654224,50.47,25.32,35.12
2026-05-21 17:42:32,ROLL,0.0013,0.0012830003929273084,44.58,25.32,35.12
2026-05-21 17:42:32,YAW,0.0152,0.015429642436149313,52.55,25.32,35.12
2026-05-21 17:42:36,ROLL,0.0014,0.0013817422396856583,44.59,25.32,35.12
2026-05-21 17:42:36,PITCH,0.0589,0.05935870255402751,50.48,25.32,35.12
2026-05-21 17:42:36,TWIST,0.2032,0.04275829412966601,38.73,25.32,35.12
2026-05-21 17:42:36,YAW,0.0134,0.013603395677799609,52.57,25.32,35.12
2026-05-21 17:42:36,J1,0.1825,0.03821769430255403,43.08,25.32,35.12
2026-05-21 17:42:36,ELBOW,0.0451,0.009529401398821219,39.86,25.32,35.12
2026-05-21 17:42:36,J2,1.2535,0.268835509941061,43.98,25.32,35.12
2026-05-21 17:42:40,ROLL,0.0011,0.0010856935166994107,44.6,25.32,35.12
2026-05-21 17:42:40,PITCH,0.0661,0.06661944990176817,50.5,25.32,35.12
2026-05-21 17:42:40,TWIST,0.2064,0.04343324265618861,38.74,25.32,35.12
2026-05-21 17:42:40,YAW,0.0149,0.015127217681728882,52.59,25.32,35.12
2026-05-21 17:42:40,J1,0.1766,0.03698216336345776,43.08,25.32,35.12
2026-05-21 17:42:40,ELBOW,0.0531,0.011220578734774068,39.88,25.32,35.12
2026-05-21 17:42:40,J2,1.2135,0.2602661396463654,43.99,25.32,35.12
2026-05-21 17:42:44,ELBOW,0.0557,0.011770414569744597,39.89,25.32,35.12
2026-05-21 17:42:44,J1,0.1892,0.03962218222396857,43.09,25.32,35.12
2026-05-21 17:42:44,J2,1.2434,0.26668853595284875,44.0,25.32,35.12
2026-05-21 17:42:44,TWIST,0.2139,0.045013132809430256,38.75,25.32,35.12
2026-05-21 17:42:44,PITCH,0.0607,0.06117916031434185,50.51,25.32,35.12
2026-05-21 17:42:44,ROLL,0.0009,0.0008883265225933202,44.61,25.32,35.12
2026-05-21 17:42:44,YAW,0.0147,0.01492520746561886,52.61,25.32,35.12
2026-05-21 17:42:48,PITCH,0.0601,0.060578674656188596,50.53,25.32,35.12
2026-05-21 17:42:48,ROLL,0.0008,0.0007896801571709234,44.63,25.32,35.12
2026-05-21 17:42:48,TWIST,0.2047,0.043078660557956776,38.76,25.32,35.12
2026-05-21 17:42:48,YAW,0.0132,0.013403160707269155,52.63,25.32,35.12
2026-05-21 17:42:48,J1,0.1961,0.04106717724165031,43.09,25.32,35.12
2026-05-21 17:42:48,J2,1.2596,0.2701728660746562,44.01,25.32,35.12
2026-05-21 17:42:48,ELBOW,0.0546,0.011538385225933203,39.9,25.32,35.12
2026-05-21 17:42:52,ELBOW,0.0538,0.011369738970530452,39.91,25.32,35.12
2026-05-21 17:42:52,J1,0.1712,0.03585263000392928,43.09,25.32,35.12
2026-05-21 17:42:52,J2,1.2059,0.2586546992691552,44.01,25.32,35.12
2026-05-21 17:42:52,TWIST,0.2143,0.04510060965029469,38.77,25.32,35.12
2026-05-21 17:42:52,PITCH,0.059,0.059472000000000004,50.54,25.32,35.12
2026-05-21 17:42:52,ROLL,0.0011,0.001085849115913556,44.64,25.32,35.12
2026-05-21 17:42:52,YAW,0.0163,0.01655202554027505,52.65,25.32,35.12
2026-05-21 17:42:56,YAW,0.0137,0.013912309626719056,52.66,25.32,35.12
2026-05-21 17:42:56,ROLL,0.001,0.0009871709233791749,44.65,25.32,35.12
2026-05-21 17:42:56,PITCH,0.0597,0.06018182239685659,50.56,25.32,35.12
2026-05-21 17:42:56,ELBOW,0.0507,0.010714995772102161,39.92,25.32,35.12
2026-05-21 17:42:56,J2,1.2304,0.2639097288172888,44.01,25.32,35.12
2026-05-21 17:42:56,J1,0.1636,0.03426104128880158,43.09,25.32,35.12
2026-05-21 17:42:56,TWIST,0.2078,0.043732649021611,38.77,25.32,35.12
2026-05-21 17:43:00,ROLL,0.0008,0.0007897933202357565,44.67,25.32,35.12
2026-05-21 17:43:00,YAW,0.0147,0.014928846365422398,52.68,25.32,35.12
2026-05-21 17:43:00,PITCH,0.0629,0.06341209744597248,50.58,25.32,35.12
2026-05-21 17:43:00,ELBOW,0.0518,0.010947869956777998,39.93,25.32,35.12
2026-05-21 17:43:00,J2,1.2211,0.26192436664833013,44.02,25.32,35.12
2026-05-21 17:43:00,J1,0.1824,0.038198129163064844,43.09,25.32,35.12
2026-05-21 17:43:00,TWIST,0.2073,0.04362901777603143,38.78,25.32,35.12
2026-05-21 17:43:04,ELBOW,0.0487,0.010293063607072692,39.94,25.32,35.12
2026-05-21 17:43:04,J1,0.1778,0.037234799151277025,43.09,25.32,35.12
2026-05-21 17:43:04,J2,1.2466,0.26739408358349703,44.02,25.32,35.12
2026-05-21 17:43:04,TWIST,0.2155,0.045356475520628686,38.79,25.32,35.12
2026-05-21 17:43:04,PITCH,0.0574,0.057869349312377215,50.59,25.32,35.12
2026-05-21 17:43:04,ROLL,0.0015,0.0014809155206286838,44.68,25.32,35.12
2026-05-21 17:43:04,YAW,0.0143,0.014523630648330059,52.7,25.32,35.12
2026-05-21 17:43:08,ROLL,0.0012,0.0011848172888015715,44.7,25.32,35.12
2026-05-21 17:43:08,YAW,0.0131,0.013305790962671907,52.72,25.32,35.12
2026-05-21 17:43:08,PITCH,0.0569,0.05736928526522593,50.61,25.32,35.12
2026-05-21 17:43:08,TWIST,0.1927,0.040559223418467585,38.8,25.32,35.12
2026-05-21 17:43:08,J2,1.2453,0.2671248257917485,44.03,25.32,35.12
2026-05-21 17:43:08,J1,0.1896,0.03970595005108055,43.09,25.32,35.12
2026-05-21 17:43:08,ELBOW,0.0496,0.01048366648330059,39.95,25.32,35.12
2026-05-21 17:43:12,ELBOW,0.0526,0.0111181643064833,39.96,25.32,35.12
2026-05-21 17:43:12,J1,0.1835,0.038429875049115915,43.1,25.32,35.12
2026-05-21 17:43:12,J2,1.2698,0.2723802327072692,44.03,25.32,35.12
2026-05-21 17:43:12,TWIST,0.2183,0.04594915641650294,38.81,25.32,35.12
2026-05-21 17:43:12,PITCH,0.0582,0.05868206522593321,50.62,25.32,35.12
2026-05-21 17:43:12,ROLL,0.0013,0.0012835980353634575,44.71,25.32,35.12
2026-05-21 17:43:12,YAW,0.0134,0.013610977603143422,52.73,25.32,35.12
2026-05-21 17:43:16,ROLL,0.001,0.0009874184675834972,44.72,25.32,35.12
2026-05-21 17:43:16,PITCH,0.0576,0.05808116935166994,50.64,25.32,35.12
2026-05-21 17:43:16,TWIST,0.2131,0.044854627724950885,38.81,25.32,35.12
2026-05-21 17:43:16,YAW,0.015,0.015237229862475441,52.75,25.32,35.12
2026-05-21 17:43:16,J1,0.1704,0.03568637988212181,43.1,25.32,35.12
2026-05-21 17:43:16,ELBOW,0.0482,0.010188498954813363,39.97,25.32,35.12
2026-05-21 17:43:16,J2,1.2384,0.2656542689823183,44.04,25.32,35.12
2026-05-21 17:43:20,ROLL,0.0014,0.0013824353634577604,44.73,25.37,35.09
2026-05-21 17:43:20,PITCH,0.0583,0.05878907858546168,50.65,25.37,35.09
2026-05-21 17:43:20,TWIST,0.2108,0.0443721327151277,38.82,25.37,35.09
2026-05-21 17:43:20,YAW,0.0126,0.012800164243614931,52.77,25.37,35.09
2026-05-21 17:43:20,J1,0.1913,0.04006340652259332,43.1,25.37,35.09
2026-05-21 17:43:20,ELBOW,0.0561,0.011858830208251472,39.98,25.37,35.09
2026-05-21 17:43:20,J2,1.2171,0.26109449186640477,44.05,25.37,35.09
2026-05-21 17:43:24,ELBOW,0.0474,0.010020125328094303,39.99,25.37,35.09
2026-05-21 17:43:24,J1,0.1721,0.03604240597249509,43.1,25.37,35.09
2026-05-21 17:43:24,J2,1.2271,0.2632397099410609,44.05,25.37,35.09
2026-05-21 17:43:24,TWIST,0.2118,0.0445842578546169,38.83,25.37,35.09
2026-05-21 17:43:24,PITCH,0.0592,0.05970081571709234,50.67,25.37,35.09
2026-05-21 17:43:24,ROLL,0.0009,0.0008887402750491159,44.74,25.37,35.09
2026-05-21 17:43:24,YAW,0.0141,0.014324990569744598,52.79,25.37,35.09
2026-05-21 17:43:28,PITCH,0.0621,0.06262974106090373,50.69,25.37,35.09
2026-05-21 17:43:28,ROLL,0.0007,0.0006912671905697446,44.75,25.37,35.09
2026-05-21 17:43:28,YAW,0.0128,0.013004699410609038,52.8,25.37,35.09
2026-05-21 17:43:28,TWIST,0.2092,0.044036953461689586,38.83,25.37,35.09
2026-05-21 17:43:28,J1,0.1899,0.039770208565815326,43.1,25.37,35.09
2026-05-21 17:43:28,J2,1.2502,0.26820479195284874,44.06,25.37,35.09
2026-05-21 17:43:28,ELBOW,0.0495,0.010464817367387034,40.01,25.37,35.09
2026-05-21 17:43:32,ELBOW,0.0486,0.010274922247544204,40.02,25.37,35.09
2026-05-21 17:43:32,J1,0.179,0.03748745304518664,43.1,25.37,35.09
2026-05-21 17:43:32,J2,1.2648,0.27133692278192534,44.06,25.37,35.09
2026-05-21 17:43:32,TWIST,0.2199,0.04629101507269156,38.84,25.37,35.09
2026-05-21 17:43:32,PITCH,0.0603,0.06081651866404715,50.7,25.37,35.09
2026-05-21 17:43:32,ROLL,0.0014,0.0013825838899803537,44.76,25.37,35.09
2026-05-21 17:43:32,YAW,0.0133,0.013513636149312377,52.82,25.37,35.09
2026-05-21 17:43:36,YAW,0.0125,0.012701669941060907,52.84,25.37,35.09
2026-05-21 17:43:36,ROLL,0.0009,0.0008888675834970529,44.78,25.37,35.09
2026-05-21 17:43:36,PITCH,0.0575,0.05799456777996071,50.71,25.37,35.09
2026-05-21 17:43:36,ELBOW,0.0498,0.010529007559921413,40.03,25.37,35.09
2026-05-21 17:43:36,J2,1.2238,0.26255063786247546,44.07,25.37,35.09
2026-05-21 17:43:36,J1,0.1652,0.034598605202357566,43.11,25.37,35.09
2026-05-21 17:43:36,TWIST,0.2128,0.04479803724950884,38.85,25.37,35.09
2026-05-21 17:43:40,YAW,0.012,0.012194451866404717,52.86,25.37,35.09
2026-05-21 17:43:40,ROLL,0.0007,0.0006913662082514736,44.79,25.37,35.09
2026-05-21 17:43:40,PITCH,0.061,0.0615289862475442,50.73,25.37,35.09
2026-05-21 17:43:40,ELBOW,0.0483,0.010212240754420433,40.04,25.37,35.09
2026-05-21 17:43:40,J2,1.2348,0.26491054717485263,44.07,25.37,35.09
2026-05-21 17:43:40,J1,0.1672,0.035017474514734775,43.11,25.37,35.09
2026-05-21 17:43:40,TWIST,0.203,0.04273653312377211,38.86,25.37,35.09
2026-05-21 17:43:44,ELBOW,0.0507,0.010720071748526523,40.05,25.37,35.09
2026-05-21 17:43:44,J1,0.1774,0.03715370800785855,43.11,25.37,35.09
2026-05-21 17:43:44,J2,1.2409,0.26622878079371315,44.08,25.37,35.09
2026-05-21 17:43:44,TWIST,0.2137,0.04499079420039294,38.87,25.37,35.09
2026-05-21 17:43:44,PITCH,0.0593,0.059816341060903735,50.74,25.37,35.09
2026-05-21 17:43:44,ROLL,0.0006,0.0005926420432220039,44.81,25.37,35.09
2026-05-21 17:43:44,YAW,0.0172,0.017479930844793712,52.88,25.37,35.09
2026-05-21 17:43:48,PITCH,0.0595,0.06002229076620825,50.76,25.37,35.09
2026-05-21 17:43:48,ROLL,0.0006,0.0005926632612966601,44.82,25.37,35.09
2026-05-21 17:43:48,YAW,0.0146,0.014838132023575638,52.89,25.37,35.09
2026-05-21 17:43:48,TWIST,0.2059,0.043348640738703335,38.87,25.37,35.09
2026-05-21 17:43:48,J1,0.167,0.03497558758349706,43.11,25.37,35.09
2026-05-21 17:43:48,ELBOW,0.0545,0.011523968251473478,40.06,25.37,35.09
2026-05-21 17:43:48,J2,1.2587,0.2700476802200392,44.08,25.37,35.09
2026-05-21 17:43:52,ELBOW,0.0533,0.01127063998428291,40.07,25.37,35.09
2026-05-21 17:43:52,J1,0.1686,0.03531068303339883,43.11,25.37,35.09
2026-05-21 17:43:52,J2,1.2536,0.26896315561493134,44.09,25.37,35.09
2026-05-21 17:43:52,TWIST,0.2004,0.0421922553713163,38.88,25.37,35.09
2026-05-21 17:43:52,PITCH,0.06,0.06052880157170923,50.77,25.37,35.09
2026-05-21 17:43:52,ROLL,0.0008,0.0007902459724950884,44.83,25.37,35.09
2026-05-21 17:43:52,YAW,0.0135,0.013721145383104124,52.91,25.37,35.09
2026-05-21 17:43:56,ROLL,0.0014,0.0013830294695481337,44.85,25.37,35.09
2026-05-21 17:43:56,PITCH,0.0615,0.06204637131630649,50.79,25.37,35.09
2026-05-21 17:43:56,TWIST,0.2095,0.04410978459724951,38.89,25.37,35.09
2026-05-21 17:43:56,YAW,0.0152,0.01545006836935167,52.93,25.37,35.09
2026-05-21 17:43:56,J1,0.188,0.03937371536345777,43.11,25.37,35.09
2026-05-21 17:43:56,ELBOW,0.0541,0.011440221956777998,40.08,25.37,35.09
2026-05-21 17:43:56,J2,1.2693,0.27233163163850693,44.09,25.37,35.09
2026-05-21 17:44:00,ROLL,0.0008,0.0007903308447937133,44.86,25.37,35.09
2026-05-21 17:44:00,PITCH,0.058,0.05851732809430256,50.8,25.37,35.09
2026-05-21 17:44:00,TWIST,0.2117,0.044574620353634575,38.9,25.37,35.09
2026-05-21 17:44:00,YAW,0.0141,0.014332968565815323,52.95,25.37,35.09
2026-05-21 17:44:00,J1,0.1641,0.034368227080550096,43.11,25.37,35.09
2026-05-21 17:44:00,ELBOW,0.0502,0.010615897555992144,40.09,25.37,35.09
2026-05-21 17:44:00,J2,1.2614,0.27064638051080553,44.1,25.37,35.09
2026-05-21 17:44:04,ELBOW,0.0546,0.011546795127701378,40.1,25.37,35.09
2026-05-21 17:44:04,J1,0.1716,0.03593898700196464,43.11,25.37,35.09
2026-05-21 17:44:04,J2,1.2467,0.2674923438899804,44.1,25.37,35.09
2026-05-21 17:44:04,TWIST,0.2222,0.04678545414538311,38.9,25.37,35.09
2026-05-21 17:44:04,PITCH,0.0604,0.060943006679764246,50.82,25.37,35.09
2026-05-21 17:44:04,ROLL,0.0005,0.0004939744597249509,44.87,25.37,35.09
2026-05-21 17:44:04,YAW,0.0138,0.014028499803536345,52.96,25.37,35.09
2026-05-21 17:44:08,PITCH,0.0619,0.06245868094302553,50.83,25.37,35.09
2026-05-21 17:44:08,ROLL,0.001,0.000987984282907662,44.88,25.37,35.09
2026-05-21 17:44:08,TWIST,0.1996,0.04202843479764243,38.91,25.37,35.09
2026-05-21 17:44:08,YAW,0.0148,0.015045581139489197,52.97,25.37,35.09
2026-05-21 17:44:08,J1,0.1909,0.03998107586640472,43.11,25.37,35.09
2026-05-21 17:44:08,J2,1.2262,0.26310330087229866,44.11,25.37,35.09
2026-05-21 17:44:08,ELBOW,0.0525,0.011103091944990179,40.11,25.37,35.09
2026-05-21 17:44:12,ELBOW,0.0497,0.010511309799607073,40.12,25.37,35.09
2026-05-21 17:44:12,J1,0.1805,0.037804317170923384,43.12,25.37,35.09
2026-05-21 17:44:12,J2,1.2596,0.27026987259724955,44.11,25.37,35.09
2026-05-21 17:44:12,TWIST,0.208,0.043798768408644405,38.92,25.37,35.09
2026-05-21 17:44:12,PITCH,0.0666,0.06720345618860513,50.84,25.37,35.09
2026-05-21 17:44:12,ROLL,0.0006,0.0005928117878192535,44.89,25.37,35.09
2026-05-21 17:44:12,YAW,0.0122,0.01240330137524558,52.99,25.37,35.09
2026-05-21 17:44:16,YAW,0.0144,0.014640980746561885,53.01,25.37,35.09
2026-05-21 17:44:16,ROLL,0.0011,0.0010868605108055008,44.9,25.37,35.09
2026-05-21 17:44:16,PITCH,0.0603,0.06085063732809431,50.86,25.37,35.09
2026-05-21 17:44:16,ELBOW,0.0503,0.010638594278978388,40.13,25.37,35.09
2026-05-21 17:44:16,J2,1.2505,0.2683269342239686,44.12,25.37,35.09
2026-05-21 17:44:16,J1,0.2092,0.043815308322200396,43.12,25.37,35.09
2026-05-21 17:44:16,TWIST,0.2113,0.04449528001571709,38.93,25.37,35.09
2026-05-21 17:44:20,ROLL,0.0007,0.0006916632612966601,44.91,25.41,35.07
2026-05-21 17:44:20,YAW,0.0153,0.015556583104125735,53.02,25.41,35.07
2026-05-21 17:44:20,PITCH,0.0617,0.062265603536345776,50.87,25.41,35.07
2026-05-21 17:44:20,ELBOW,0.1672,0.03536456726129666,40.14,25.41,35.07
2026-05-21 17:44:20,J2,1.7472,0.3749066929037328,44.12,25.41,35.07
2026-05-21 17:44:20,J1,0.1078,0.022574616141453833,43.08,25.41,35.07
2026-05-21 17:44:20,TWIST,0.2302,0.0484769903654224,38.94,25.41,35.07
2026-05-21 17:44:24,ELBOW,0.4114,0.08701861673870333,40.15,25.41,35.07
2026-05-21 17:44:24,J1,0.1661,0.03477456546954814,43.01,25.41,35.07
2026-05-21 17:44:24,J2,0.9658,0.20724466555599214,44.13,25.41,35.07
2026-05-21 17:44:24,TWIST,0.1755,0.03695791402750491,38.94,25.41,35.07
2026-05-21 17:44:24,PITCH,0.0607,0.06126072966601178,50.89,25.41,35.07
2026-05-21 17:44:24,ROLL,0.0011,0.00108697721021611,44.93,25.41,35.07
2026-05-21 17:44:24,YAW,0.014,0.014235772102161101,53.04,25.41,35.07
2026-05-21 17:44:28,ROLL,0.0014,0.0013834750491159137,44.94,25.41,35.07
2026-05-21 17:44:28,YAW,0.0162,0.016472822003929275,53.04,25.41,35.07
2026-05-21 17:44:28,TWIST,0.1813,0.03818071143418467,38.95,25.41,35.07
2026-05-21 17:44:28,PITCH,0.0659,0.06650876581532417,50.89,25.41,35.07
2026-05-21 17:44:28,J1,0.2354,0.04930269397249509,43.12,25.41,35.07
2026-05-21 17:44:28,ELBOW,0.5439,0.1150489764400786,40.16,25.41,35.07
2026-05-21 17:44:28,J2,0.7337,0.15743985412966605,44.13,25.41,35.07
2026-05-21 17:44:32,ELBOW,0.5375,0.11369934970530453,40.17,25.41,35.07
2026-05-21 17:44:32,J1,0.2082,0.043607436825147346,43.13,25.41,35.07
2026-05-21 17:44:32,J2,0.7558,0.16218796837721022,44.14,25.41,35.07
2026-05-21 17:44:32,TWIST,0.1859,0.03915087600785854,38.96,25.41,35.07
2026-05-21 17:44:32,PITCH,0.0562,0.05672114734774066,50.9,25.41,35.07
2026-05-21 17:44:32,ROLL,0.0008,0.0007905854616895874,44.95,25.41,35.07
2026-05-21 17:44:32,YAW,0.0149,0.015151455795677799,53.05,25.41,35.07
2026-05-21 17:44:36,YAW,0.0163,0.016575658939096266,53.06,25.41,35.07
2026-05-21 17:44:36,PITCH,0.0567,0.05722778899803536,50.91,25.41,35.07
2026-05-21 17:44:36,TWIST,0.1865,0.039278673398821226,38.97,25.41,35.07
2026-05-21 17:44:36,ROLL,0.0012,0.001185963064833006,44.97,25.41,35.07
2026-05-21 17:44:36,J1,0.2277,0.047691706844793715,43.13,25.41,35.07
2026-05-21 17:44:36,ELBOW,0.5612,0.11871701978781926,40.18,25.41,35.07
2026-05-21 17:44:36,J2,0.7391,0.15860429667583495,44.14,25.41,35.07
2026-05-21 17:44:40,YAW,0.0366,0.03722025854616896,53.07,25.41,35.07
2026-05-21 17:44:40,PITCH,0.0408,0.04117978467583497,50.91,25.41,35.07
2026-05-21 17:44:40,TWIST,0.4776,0.10058710142239688,38.97,25.41,35.07
2026-05-21 17:44:40,ROLL,0.0065,0.006423966601178783,44.97,25.41,35.07
2026-05-21 17:44:40,J1,0.294,0.06157822491159135,43.13,25.41,35.07
2026-05-21 17:44:40,ELBOW,0.5988,0.1266755870805501,40.19,25.41,35.07
2026-05-21 17:44:40,J2,0.825,0.177037673870334,44.14,25.41,35.07
2026-05-21 17:44:44,ROLL,0.0164,0.01620932180746562,44.99,25.41,35.07
2026-05-21 17:44:44,ELBOW,0.0101,0.002136723457760314,40.2,25.41,35.07
2026-05-21 17:44:44,J1,0.0884,0.018513356699410614,43.1,25.41,35.07
2026-05-21 17:44:44,J2,0.7152,0.15348107693516697,44.15,25.41,35.07
2026-05-21 17:44:44,TWIST,0.1161,0.024452658106090378,38.98,25.41,35.07
2026-05-21 17:44:44,PITCH,0.0996,0.10053416581532416,50.93,25.41,35.07
2026-05-21 17:44:44,YAW,0.089,0.09051142632612966,53.08,25.41,35.07
2026-05-21 17:44:48,ROLL,0.0168,0.016605265225933204,45.0,25.41,35.07
2026-05-21 17:44:48,YAW,0.0118,0.012000808644400786,53.09,25.41,35.07
2026-05-21 17:44:48,PITCH,0.0555,0.056020544204322203,50.93,25.41,35.07
2026-05-21 17:44:48,ELBOW,0.2235,0.0472846611394892,40.21,25.41,35.07
2026-05-21 17:44:48,J2,1.0941,0.2347841442200393,44.14,25.41,35.07
2026-05-21 17:44:48,J1,0.0887,0.01857953068762279,43.15,25.41,35.07
2026-05-21 17:44:48,TWIST,0.0973,0.020493803897838902,38.99,25.41,35.07
2026-05-21 17:44:52,ELBOW,0.0183,0.003871770907662083,40.22,25.41,35.07
2026-05-21 17:44:52,J1,0.0242,0.005066675552062868,43.02,25.41,35.07
2026-05-21 17:44:52,J2,1.6029,0.34398045053045184,44.15,25.41,35.07
2026-05-21 17:44:52,TWIST,0.0006,0.00012637494695481337,38.99,25.41,35.07
2026-05-21 17:44:52,PITCH,0.0216,0.021803354027504915,50.94,25.41,35.07
2026-05-21 17:44:52,ROLL,0.0007,0.0006919108055009823,45.01,25.41,35.07
2026-05-21 17:44:52,YAW,0.0087,0.008848361493123773,53.1,25.41,35.07
2026-05-21 17:44:56,YAW,0.0071,0.007221327701375247,53.11,25.41,35.07
2026-05-21 17:44:56,ROLL,0.0012,0.0011861752455795676,45.02,25.41,35.07
2026-05-21 17:44:56,PITCH,0.0477,0.048150760314341845,50.95,25.41,35.07
2026-05-21 17:44:56,TWIST,0.0048,0.0010110365422396858,39.0,25.41,35.07
2026-05-21 17:44:56,J2,1.1895,0.2552652978388998,44.15,25.41,35.07
2026-05-21 17:44:56,J1,0.06,0.012562005500982317,43.02,25.41,35.07
2026-05-21 17:44:56,ELBOW,0.0827,0.017497656251473478,40.23,25.41,35.07
2026-05-21 17:45:00,ELBOW,0.2307,0.04881325551277014,40.24,25.41,35.07
2026-05-21 17:45:00,J1,0.3121,0.06537632892730844,43.16,25.41,35.07
2026-05-21 17:45:00,J2,0.0534,0.0114599883064833,44.16,25.41,35.07
2026-05-21 17:45:00,TWIST,0.0209,0.004402382569744597,39.01,25.41,35.07
2026-05-21 17:45:00,PITCH,0.0586,0.05915583654223969,50.96,25.41,35.07
2026-05-21 17:45:00,ROLL,0.0025,0.0024712868369351666,45.03,25.41,35.07
2026-05-21 17:45:00,YAW,0.0117,0.011900348133595286,53.12,25.41,35.07
2026-05-21 17:45:04,ROLL,0.0016,0.0015816801571709236,45.04,25.41,35.07
2026-05-21 17:45:04,PITCH,0.0513,0.05178840825147348,50.97,25.41,35.07
2026-05-21 17:45:04,TWIST,0.0185,0.003896988290766208,39.02,25.41,35.07
2026-05-21 17:45:04,YAW,0.0129,0.013121352848722987,53.13,25.41,35.07
2026-05-21 17:45:04,J1,0.2288,0.047927279905697444,43.16,25.41,35.07
2026-05-21 17:45:04,ELBOW,0.0348,0.007363783921414538,40.26,25.41,35.07
2026-05-21 17:45:04,J2,0.0589,0.012639870569744596,44.15,25.41,35.07
2026-05-21 17:45:08,ELBOW,0.5406,0.1143925743654224,40.26,25.41,35.07
2026-05-21 17:45:08,J1,0.2707,0.0566939614302554,43.11,25.41,35.07
2026-05-21 17:45:08,J2,0.1145,0.02457156502946955,44.15,25.41,35.07
2026-05-21 17:45:08,TWIST,0.0215,0.004528932337917485,39.02,25.41,35.07
2026-05-21 17:45:08,PITCH,0.0403,0.0406851064833006,50.98,25.41,35.07
2026-05-21 17:45:08,ROLL,0.0019,0.0018783123772102162,45.05,25.41,35.07
2026-05-21 17:45:08,YAW,0.0089,0.009053031041257367,53.14,25.41,35.07
2026-05-21 17:45:12,ROLL,0.0016,0.001581849901768173,45.07,25.41,35.07
2026-05-21 17:45:12,PITCH,0.0198,0.01998920864440079,50.98,25.41,35.07
2026-05-21 17:45:12,TWIST,0.0195,0.004107786483300589,39.03,25.41,35.07
2026-05-21 17:45:12,YAW,0.003,0.003051583497053045,53.14,25.41,35.07
2026-05-21 17:45:12,J1,0.0459,0.009612358161100199,43.09,25.41,35.07
2026-05-21 17:45:12,ELBOW,0.1478,0.03127719789390962,40.28,25.41,35.07
2026-05-21 17:45:12,J2,0.0504,0.010815392440078586,44.14,25.41,35.07
2026-05-21 17:45:16,ROLL,0.001,0.0009886561886051082,45.07,25.41,35.07
2026-05-21 17:45:16,PITCH,0.0051,0.005148735559921415,50.98,25.41,35.07
2026-05-21 17:45:16,TWIST,0.0078,0.0016431746640471513,39.04,25.41,35.07
2026-05-21 17:45:16,YAW,0.0009,0.0009155068762278977,53.15,25.41,35.07
2026-05-21 17:45:16,J1,0.0125,0.002617838899803537,43.1,25.41,35.07
2026-05-21 17:45:16,ELBOW,0.0408,0.008634344487229864,40.29,25.41,35.07
2026-05-21 17:45:16,J2,0.0141,0.00302573478978389,44.14,25.41,35.07
2026-05-21 17:46:44,ELBOW,0.051,0.010801178781925344,40.5,25.41,35.07
2026-05-21 17:46:44,J1,0.0098,0.0020525335638506875,43.12,25.41,35.07
2026-05-21 17:46:44,J2,0.0006,0.00012876391355599214,44.16,25.41,35.07
2026-05-21 17:46:44,TWIST,0.0004,8.430541453831043e-05,39.17,25.41,35.07
2026-05-21 17:46:44,PITCH,0.0003,0.0003031638506876228,51.26,25.41,35.07
2026-05-21 17:46:44,ROLL,0.0009,0.00089055442043222,45.31,25.41,35.07
2026-05-21 17:46:44,YAW,0.0001,0.00010181493123772101,53.41,25.41,35.07
2026-05-21 17:46:48,ROLL,0.002,0.001979080550098232,45.32,25.41,35.07
2026-05-21 17:46:48,YAW,0.0019,0.001934550884086444,53.42,25.41,35.07
2026-05-21 17:46:48,TWIST,0.0197,0.004152193383104126,39.18,25.41,35.07
2026-05-21 17:46:48,PITCH,0.0234,0.02364760785854617,51.27,25.41,35.07
2026-05-21 17:46:48,J1,0.0617,0.01293049688015717,43.29,25.41,35.07
2026-05-21 17:46:48,ELBOW,0.2064,0.04371459545776031,40.51,25.41,35.07
2026-05-21 17:46:48,J2,0.1654,0.03549591883693516,44.16,25.41,35.07
2026-05-21 17:46:52,YAW,0.0215,0.021891730844793716,53.43,25.41,35.07
2026-05-21 17:46:52,ROLL,0.0014,0.0013854058939096268,45.33,25.41,35.07
2026-05-21 17:46:52,PITCH,0.0541,0.05467628722986248,51.29,25.41,35.07
2026-05-21 17:46:52,ELBOW,0.0826,0.01749494613752456,40.52,25.41,35.07
2026-05-21 17:46:52,J2,0.4953,0.10629842513163067,44.17,25.41,35.07
2026-05-21 17:46:52,TWIST,0.0146,0.0030773725108055013,39.19,25.41,35.07
2026-05-21 17:46:52,J1,0.1608,0.03370014176817289,43.3,25.41,35.07
2026-05-21 17:46:56,ELBOW,0.0213,0.0045115726679764235,40.53,25.41,35.07
2026-05-21 17:46:56,J1,0.1393,0.02919526576031434,43.31,25.41,35.07
2026-05-21 17:46:56,J2,1.4755,0.31667465084479374,44.18,25.41,35.07
2026-05-21 17:46:56,TWIST,0.0404,0.008515469139489194,39.19,25.41,35.07
2026-05-21 17:46:56,PITCH,0.1112,0.11238846365422397,51.3,25.41,35.07
2026-05-21 17:46:56,ROLL,0.0,0.0,45.35,25.41,35.07
2026-05-21 17:46:56,YAW,0.0308,0.03136226640471513,53.44,25.41,35.07
2026-05-21 17:47:00,PITCH,0.1185,0.119770673870334,51.31,25.41,35.07
2026-05-21 17:47:00,YAW,0.0317,0.03227981728880157,53.45,25.41,35.07
2026-05-21 17:47:00,ROLL,0.0001,9.896817288801573e-05,45.36,25.41,35.07
2026-05-21 17:47:00,ELBOW,0.0351,0.007434833728880158,40.54,25.41,35.07
2026-05-21 17:47:00,J2,1.4015,0.30079262836935167,44.18,25.41,35.07
2026-05-21 17:47:00,J1,0.1831,0.0383751124243615,43.31,25.41,35.07
2026-05-21 17:47:00,TWIST,0.0335,0.007061352455795678,39.2,25.41,35.07
2026-05-21 17:47:04,YAW,0.0331,0.03370659489194498,53.46,25.41,35.07
2026-05-21 17:47:04,ROLL,0.0001,9.897170923379174e-05,45.37,25.41,35.07
2026-05-21 17:47:04,PITCH,0.1287,0.13008915088408643,51.33,25.41,35.07
2026-05-21 17:47:04,ELBOW,0.0411,0.00870574547740668,40.54,25.41,35.07
2026-05-21 17:47:04,J2,1.3471,0.28912757015324164,44.19,25.41,35.07
2026-05-21 17:47:04,J1,0.2208,0.046276487292730845,43.31,25.41,35.07
2026-05-21 17:47:04,TWIST,0.0331,0.006977037799607072,39.2,25.41,35.07
2026-05-21 17:47:08,PITCH,0.1287,0.13009370216110022,51.34,25.41,35.07
2026-05-21 17:47:08,ROLL,0.0,0.0,45.38,25.41,35.07
2026-05-21 17:47:08,TWIST,0.0296,0.006239512518664047,39.21,25.41,35.07
2026-05-21 17:47:08,YAW,0.0337,0.034318782318271124,53.47,25.41,35.07
2026-05-21 17:47:08,J1,0.2137,0.04479004215324165,43.32,25.41,35.07
2026-05-21 17:47:08,ELBOW,0.0351,0.007435104047151278,40.55,25.41,35.07
2026-05-21 17:47:08,J2,1.3235,0.28406231096267187,44.19,25.41,35.07
2026-05-21 17:47:12,YAW,0.0325,0.03309904715127702,53.49,25.41,35.07
2026-05-21 17:47:12,ROLL,0.0,0.0,45.39,25.41,35.07
2026-05-21 17:47:12,PITCH,0.1281,0.1294917347740668,51.35,25.41,35.07
2026-05-21 17:47:12,ELBOW,0.037,0.007837859017681728,40.56,25.41,35.07
2026-05-21 17:47:12,J2,1.3217,0.2836861565422397,44.2,25.41,35.07
2026-05-21 17:47:12,J1,0.2049,0.0429471688172888,43.33,25.41,35.07
2026-05-21 17:47:12,TWIST,0.0335,0.007061868447937133,39.22,25.41,35.07
2026-05-21 17:47:16,ELBOW,0.031,0.006567093595284872,40.57,25.41,35.07
2026-05-21 17:47:16,J1,0.2038,0.04271660812573674,43.33,25.41,35.07
2026-05-21 17:47:16,J2,1.3463,0.28896623481335953,44.2,25.41,35.07
2026-05-21 17:47:16,TWIST,0.0266,0.005607334349705305,39.22,25.41,35.07
2026-05-21 17:47:16,PITCH,0.1304,0.1318259457760314,51.37,25.41,35.07
2026-05-21 17:47:16,ROLL,0.0002,0.00019796463654223967,45.4,25.41,35.07
2026-05-21 17:47:16,YAW,0.0336,0.03422051080550098,53.5,25.41,35.07
2026-05-21 17:47:20,YAW,0.0302,0.030758788998035365,53.51,25.95,35.03
2026-05-21 17:47:20,ROLL,0.0001,9.898585461689588e-05,45.41,25.95,35.03
2026-05-21 17:47:20,PITCH,0.1288,0.1302130043222004,51.38,25.95,35.03
2026-05-21 17:47:20,TWIST,0.0299,0.006303211363457761,39.23,25.95,35.03
2026-05-21 17:47:20,J1,0.2074,0.043472735056974465,43.34,25.95,35.03
2026-05-21 17:47:20,ELBOW,0.0373,0.007901983748526523,40.58,25.95,35.03
2026-05-21 17:47:20,J2,1.3299,0.2854564246915521,44.21,25.95,35.03
2026-05-21 17:47:24,ELBOW,0.0331,0.00701247105697446,40.59,25.95,35.03
2026-05-21 17:47:24,J1,0.2127,0.04458526302554028,43.35,25.95,35.03
2026-05-21 17:47:24,J2,1.3126,0.28174306568172885,44.21,25.95,35.03
2026-05-21 17:47:24,TWIST,0.0316,0.006661831292730846,39.24,25.95,35.03
2026-05-21 17:47:24,PITCH,0.133,0.1344684872298625,51.4,25.95,35.03
2026-05-21 17:47:24,ROLL,0.0001,9.898939096267192e-05,45.42,25.95,35.03
2026-05-21 17:47:24,YAW,0.0355,0.03615811001964636,53.52,25.95,35.03
2026-05-21 17:47:28,PITCH,0.134,0.13548426719056972,51.41,25.95,35.03
2026-05-21 17:47:28,ROLL,0.0001,9.898939096267192e-05,45.42,25.95,35.03
2026-05-21 17:47:28,YAW,0.0304,0.030965714734774066,53.54,25.95,35.03
2026-05-21 17:47:28,TWIST,0.0358,0.007547264565815325,39.24,25.95,35.03
2026-05-21 17:47:28,J1,0.2171,0.04550757218074656,43.35,25.95,35.03
2026-05-21 17:47:28,ELBOW,0.0414,0.008770885249508843,40.59,25.95,35.03
2026-05-21 17:47:28,J2,1.3172,0.28274057706876227,44.22,25.95,35.03
2026-05-21 17:47:32,ELBOW,0.0281,0.00595340180746562,40.6,25.95,35.03
2026-05-21 17:47:32,J1,0.21,0.044020884872298625,43.36,25.95,35.03
2026-05-21 17:47:32,J2,1.3508,0.28995290882514735,44.22,25.95,35.03
2026-05-21 17:47:32,TWIST,0.0288,0.0060717642436149315,39.25,25.95,35.03
2026-05-21 17:47:32,PITCH,0.1241,0.12548338585461688,51.43,25.95,35.03
2026-05-21 17:47:32,ROLL,0.0,0.0,45.44,25.95,35.03
2026-05-21 17:47:32,YAW,0.0342,0.03483763850687623,53.55,25.95,35.03
2026-05-21 17:47:36,YAW,0.0324,0.03300522436149313,53.56,25.95,35.03
2026-05-21 17:47:36,ROLL,0.0001,9.899646365422397e-05,45.44,25.95,35.03
2026-05-21 17:47:36,PITCH,0.1321,0.13357723614931236,51.44,25.95,35.03
2026-05-21 17:47:36,TWIST,0.0325,0.0068520675834970535,39.26,25.95,35.03
2026-05-21 17:47:36,J2,1.3461,0.2889544078113949,44.23,25.95,35.03
2026-05-21 17:47:36,J1,0.1933,0.04052017640864441,43.36,25.95,35.03
2026-05-21 17:47:36,ELBOW,0.0315,0.006673984833005895,40.61,25.95,35.03
2026-05-21 17:47:40,ELBOW,0.0355,0.00752174836935167,40.62,25.95,35.03
2026-05-21 17:47:40,J1,0.2071,0.043414539819253445,43.37,25.95,35.03
2026-05-21 17:47:40,J2,1.3249,0.2844138102003929,44.24,25.95,35.03
2026-05-21 17:47:40,TWIST,0.0305,0.00643040188605108,39.26,25.95,35.03
2026-05-21 17:47:40,PITCH,0.1314,0.13287405500982316,51.45,25.95,35.03
2026-05-21 17:47:40,ROLL,0.0002,0.000198,45.45,25.95,35.03
2026-05-21 17:47:40,YAW,0.035,0.035655029469548134,53.57,25.95,35.03
2026-05-21 17:47:44,ROLL,0.0001,9.900707269155207e-05,45.47,25.95,35.03
2026-05-21 17:47:44,PITCH,0.138,0.13955297445972495,51.46,25.95,35.03
2026-05-21 17:47:44,TWIST,0.031,0.006536057053045186,39.27,25.95,35.03
2026-05-21 17:47:44,YAW,0.031,0.03158236149312378,53.59,25.95,35.03
2026-05-21 17:47:44,J1,0.2044,0.042850078679764245,43.38,25.95,35.03
2026-05-21 17:47:44,ELBOW,0.0314,0.006653281225933202,40.63,25.95,35.03
2026-05-21 17:47:44,J2,1.3568,0.2912617236620826,44.24,25.95,35.03
2026-05-21 17:47:48,ELBOW,0.0317,0.006717091740667977,40.64,25.95,35.03
2026-05-21 17:47:48,J1,0.2177,0.045639911104125734,43.39,25.95,35.03
2026-05-21 17:47:48,J2,1.361,0.2921738113948919,44.25,25.95,35.03
2026-05-21 17:47:48,TWIST,0.0291,0.006135684117878192,39.28,25.95,35.03
2026-05-21 17:47:48,PITCH,0.1185,0.11983772298624755,51.47,25.95,35.03
2026-05-21 17:47:48,ROLL,0.0001,9.900707269155207e-05,45.47,25.95,35.03
2026-05-21 17:47:48,YAW,0.0336,0.03423239292730845,53.6,25.95,35.03
2026-05-21 17:47:52,ROLL,0.0,0.0,45.49,25.95,35.03
2026-05-21 17:47:52,PITCH,0.1324,0.1339040015717092,51.49,25.95,35.03
2026-05-21 17:47:52,TWIST,0.0372,0.007843554954813358,39.28,25.95,35.03
2026-05-21 17:47:52,YAW,0.0333,0.033927924165029474,53.61,25.95,35.03
2026-05-21 17:47:52,J1,0.224,0.046960680235756384,43.39,25.95,35.03
2026-05-21 17:47:52,ELBOW,0.0332,0.007035190884086444,40.65,25.95,35.03
2026-05-21 17:47:52,J2,1.3389,0.2874294754420432,44.25,25.95,35.03
2026-05-21 17:47:56,ROLL,0.0,0.0,45.49,25.95,35.03
2026-05-21 17:47:56,PITCH,0.1284,0.12986310412573673,51.5,25.95,35.03
2026-05-21 17:47:56,TWIST,0.0382,0.008054697398821219,39.29,25.95,35.03
2026-05-21 17:47:56,YAW,0.0337,0.03433665854616896,53.62,25.95,35.03
2026-05-21 17:47:56,J1,0.1894,0.039708361178781924,43.4,25.95,35.03
2026-05-21 17:47:56,ELBOW,0.033,0.006993064361493123,40.66,25.95,35.03
2026-05-21 17:47:56,J2,1.3245,0.28434834388998037,44.26,25.95,35.03
2026-05-21 17:48:00,ELBOW,0.0359,0.0076078828605108065,40.67,25.95,35.03
2026-05-21 17:48:00,J1,0.2068,0.04335789114341847,43.41,25.95,35.03
2026-05-21 17:48:00,J2,1.3237,0.28417659706090376,44.26,25.95,35.03
2026-05-21 17:48:00,TWIST,0.036,0.007591091552062868,39.3,25.95,35.03
2026-05-21 17:48:00,PITCH,0.1303,0.13179397013752453,51.52,25.95,35.03
2026-05-21 17:48:00,ROLL,0.0,0.0,45.5,25.95,35.03
2026-05-21 17:48:00,YAW,0.0345,0.035152992141453836,53.63,25.95,35.03
2026-05-21 17:48:04,PITCH,0.1389,0.14049748644400786,51.53,25.95,35.03
2026-05-21 17:48:04,ROLL,0.0,0.0,45.51,25.95,35.03
2026-05-21 17:48:04,TWIST,0.0341,0.0071904506090373285,39.3,25.95,35.03
2026-05-21 17:48:04,YAW,0.035,0.03566493123772103,53.65,25.95,35.03
2026-05-21 17:48:04,J1,0.2006,0.04205950642043223,43.42,25.95,35.03
2026-05-21 17:48:04,ELBOW,0.038,0.008052912220039293,40.67,25.95,35.03
2026-05-21 17:48:04,J2,1.3567,0.29127160221611004,44.27,25.95,35.03
2026-05-21 17:48:08,YAW,0.0337,0.03434142554027505,53.66,25.95,35.03
2026-05-21 17:48:08,ROLL,0.0,0.0,45.52,25.95,35.03
2026-05-21 17:48:08,PITCH,0.1343,0.13585408055009826,51.55,25.95,35.03
2026-05-21 17:48:08,ELBOW,0.0319,0.006760453563850688,40.68,25.95,35.03
2026-05-21 17:48:08,J2,1.3227,0.28397210013359525,44.27,25.95,35.03
2026-05-21 17:48:08,TWIST,0.0323,0.006811144785854618,39.31,25.95,35.03
2026-05-21 17:48:08,J1,0.1881,0.0394386498388998,43.42,25.95,35.03
2026-05-21 17:48:12,ELBOW,0.0437,0.00926152215324165,40.69,25.95,35.03
2026-05-21 17:48:12,J1,0.224,0.04696743984282908,43.43,25.95,35.03
2026-05-21 17:48:12,J2,1.3056,0.2803109348840864,44.28,25.95,35.03
2026-05-21 17:48:12,TWIST,0.0306,0.006452899143418467,39.32,25.95,35.03
2026-05-21 17:48:12,PITCH,0.1451,0.14678931748526525,51.57,25.95,35.03
2026-05-21 17:48:12,ROLL,0.0001,9.902829076620824e-05,45.53,25.95,35.03
2026-05-21 17:48:12,YAW,0.0334,0.03403689666011788,53.67,25.95,35.03
2026-05-21 17:48:16,YAW,0.0339,0.034548828683693515,53.69,25.95,35.03
2026-05-21 17:48:16,ROLL,0.0,0.0,45.54,25.95,35.03
2026-05-21 17:48:16,PITCH,0.1398,0.14143255638506877,51.58,25.95,35.03
2026-05-21 17:48:16,ELBOW,0.0392,0.008308120392927307,40.7,25.95,35.03
2026-05-21 17:48:16,J2,1.3055,0.28029951913556,44.29,25.95,35.03
2026-05-21 17:48:16,J1,0.2023,0.042418995300589395,43.44,25.95,35.03
2026-05-21 17:48:16,TWIST,0.0346,0.007296415371316306,39.32,25.95,35.03
2026-05-21 17:48:20,ROLL,0.0,0.0,45.55,25.79,35.03
2026-05-21 17:48:20,YAW,0.0346,0.03526467347740668,53.71,25.79,35.03
2026-05-21 17:48:20,PITCH,0.1439,0.1455906129666012,51.6,25.79,35.03
2026-05-21 17:48:20,ELBOW,0.0416,0.008817101202357564,40.71,25.79,35.03
2026-05-21 17:48:20,J2,1.3203,0.2834771774145384,44.29,25.79,35.03
2026-05-21 17:48:20,J1,0.193,0.040470393713163064,43.45,25.79,35.03
2026-05-21 17:48:20,TWIST,0.0326,0.006874908322200392,39.33,25.79,35.03
2026-05-21 17:48:24,ELBOW,0.0487,0.01032194299410609,40.71,25.79,35.03
2026-05-21 17:48:24,J1,0.2269,0.04758063578781925,43.46,25.79,35.03
2026-05-21 17:48:24,J2,1.2625,0.2710671335952849,44.29,25.79,35.03
2026-05-21 17:48:24,TWIST,0.0299,0.006305744345776032,39.34,25.79,35.03
2026-05-21 17:48:24,PITCH,0.1487,0.1504522644400786,51.61,25.79,35.03
2026-05-21 17:48:24,ROLL,0.0001,9.903889980353635e-05,45.56,25.79,35.03
2026-05-21 17:48:24,YAW,0.0357,0.036387067190569757,53.72,25.79,35.03
2026-05-21 17:48:28,ROLL,0.0003,0.0002971273084479371,45.57,25.79,35.03
2026-05-21 17:48:28,YAW,0.0391,0.039855267583497056,53.74,25.79,35.03
2026-05-21 17:48:28,PITCH,0.1454,0.14712366129666013,51.63,25.79,35.03
2026-05-21 17:48:28,ELBOW,0.0533,0.01129732139882122,40.72,25.79,35.03
2026-05-21 17:48:28,J2,1.2504,0.2684788130451866,44.3,25.79,35.03
2026-05-21 17:48:28,J1,0.2234,0.04684669032612966,43.46,25.79,35.03
2026-05-21 17:48:28,TWIST,0.0323,0.006811891049115915,39.34,25.79,35.03
2026-05-21 17:48:32,ELBOW,0.0455,0.009644405265225935,40.73,25.79,35.03
2026-05-21 17:48:32,J1,0.2,0.04194275834970531,43.48,25.79,35.03
2026-05-21 17:48:32,J2,1.2893,0.27683120094302555,44.3,25.79,35.03
2026-05-21 17:48:32,TWIST,0.0313,0.00660123764243615,39.35,25.79,35.03
2026-05-21 17:48:32,PITCH,0.1468,0.14855064047151278,51.65,25.79,35.03
2026-05-21 17:48:32,ROLL,0.0,0.0,45.58,25.79,35.03
2026-05-21 17:48:32,YAW,0.0345,0.035167632612966605,53.75,25.79,35.03
2026-05-21 17:48:36,YAW,0.0385,0.03924640078585461,53.76,25.79,35.03
2026-05-21 17:48:36,ROLL,0.0001,9.904950884086446e-05,45.59,25.79,35.03
2026-05-21 17:48:36,PITCH,0.1405,0.14218047937131628,51.66,25.79,35.03
2026-05-21 17:48:36,TWIST,0.032,0.006749115599214146,39.36,25.79,35.03
2026-05-21 17:48:36,J1,0.1982,0.04156527352455795,43.48,25.79,35.03
2026-05-21 17:48:36,ELBOW,0.0346,0.007334253768172888,40.74,25.79,35.03
2026-05-21 17:48:36,J2,1.2925,0.27752824086444006,44.31,25.79,35.03
2026-05-21 17:48:40,ELBOW,0.0456,0.00966630412573674,40.75,25.79,35.03
2026-05-21 17:48:40,J1,0.1949,0.040874688377210214,43.49,25.79,35.03
2026-05-21 17:48:40,J2,1.2878,0.27651904726129667,44.31,25.79,35.03
2026-05-21 17:48:40,TWIST,0.0392,0.00826766660903733,39.36,25.79,35.03
2026-05-21 17:48:40,PITCH,0.1462,0.14795382554027506,51.67,25.79,35.03
2026-05-21 17:48:40,ROLL,0.0001,9.905304518664048e-05,45.6,25.79,35.03
2026-05-21 17:48:40,YAW,0.0404,0.041186093516699405,53.78,25.79,35.03
2026-05-21 17:48:44,PITCH,0.1459,0.14766054577603144,51.69,25.79,35.03
2026-05-21 17:48:44,ROLL,0.0,0.0,45.61,25.79,35.03
2026-05-21 17:48:44,TWIST,0.0394,0.008310152015717092,39.37,25.79,35.03
2026-05-21 17:48:44,YAW,0.0331,0.03374522239685658,53.79,25.79,35.03
2026-05-21 17:48:44,J1,0.2136,0.04479808880157171,43.5,25.79,35.03
2026-05-21 17:48:44,ELBOW,0.0464,0.009836245752455794,40.76,25.79,35.03
2026-05-21 17:48:44,J2,1.2815,0.27517616770137526,44.32,25.79,35.03
2026-05-21 17:48:48,YAW,0.0379,0.03864012966601179,53.8,25.79,35.03
2026-05-21 17:48:48,ROLL,0.0001,9.906011787819255e-05,45.62,25.79,35.03
2026-05-21 17:48:48,PITCH,0.1412,0.14291381846758347,51.71,25.79,35.03
2026-05-21 17:48:48,ELBOW,0.0438,0.009285414129666011,40.77,25.79,35.03
2026-05-21 17:48:48,J2,1.3106,0.2814248032691552,44.32,25.79,35.03
2026-05-21 17:48:48,J1,0.2003,0.04201020579960708,43.51,25.79,35.03
2026-05-21 17:48:48,TWIST,0.0376,0.007930789972495089,39.38,25.79,35.03
2026-05-21 17:48:52,ELBOW,0.0391,0.008289034074656188,40.77,25.79,35.03
2026-05-21 17:48:52,J1,0.1912,0.04010304678978389,43.52,25.79,35.03
2026-05-21 17:48:52,J2,1.3068,0.28061889439685656,44.33,25.79,35.03
2026-05-21 17:48:52,TWIST,0.0364,0.007677959984282908,39.39,25.79,35.03
2026-05-21 17:48:52,PITCH,0.1353,0.13694699174852654,51.72,25.79,35.03
2026-05-21 17:48:52,ROLL,0.0002,0.00019812730844793712,45.63,25.79,35.03
2026-05-21 17:48:52,YAW,0.0345,0.03517617288801572,53.82,25.79,35.03
2026-05-21 17:48:56,YAW,0.0362,0.0369107717092338,53.83,25.79,35.03
2026-05-21 17:48:56,ROLL,0.0,0.0,45.64,25.79,35.03
2026-05-21 17:48:56,PITCH,0.1406,0.14231648015717097,51.73,25.79,35.03
2026-05-21 17:48:56,TWIST,0.0386,0.008142309783889981,39.4,25.79,35.03
2026-05-21 17:48:56,J2,1.3506,0.29002439453045187,44.33,25.79,35.03
2026-05-21 17:48:56,J1,0.1575,0.03303586326129666,43.53,25.79,35.03
2026-05-21 17:48:56,ELBOW,0.0429,0.009094948337917484,40.78,25.79,35.03
2026-05-21 17:49:00,ELBOW,0.0355,0.007526396149312378,40.79,25.79,35.03
2026-05-21 17:49:00,J1,0.1951,0.040923992015717094,43.54,25.79,35.03
2026-05-21 17:49:00,J2,1.3115,0.2816281603929273,44.33,25.79,35.03
2026-05-21 17:49:00,TWIST,0.0395,0.008332156385068762,39.4,25.79,35.03
2026-05-21 17:49:00,PITCH,0.1292,0.13078644400785855,51.75,25.79,35.03
2026-05-21 17:49:00,ROLL,0.0002,0.00019814145383104125,45.65,25.79,35.03
2026-05-21 17:49:00,YAW,0.0371,0.03783106679764244,53.85,25.79,35.03
2026-05-21 17:49:04,ROLL,0.0,0.0,45.67,25.79,35.03
2026-05-21 17:49:04,PITCH,0.1299,0.13149963300589387,51.76,25.79,35.03
2026-05-21 17:49:04,TWIST,0.0372,0.00784727933988212,39.41,25.79,35.03
2026-05-21 17:49:04,YAW,0.0372,0.03793435284872298,53.86,25.79,35.03
2026-05-21 17:49:04,J1,0.1751,0.0367288108762279,43.54,25.79,35.03
2026-05-21 17:49:04,ELBOW,0.0326,0.006911814852652259,40.8,25.79,35.03
2026-05-21 17:49:04,J2,1.3309,0.2858043166051081,44.34,25.79,35.03
2026-05-21 17:49:08,ELBOW,0.0332,0.007039281854616896,40.81,25.79,35.03
2026-05-21 17:49:08,J1,0.1721,0.03610213042043223,43.56,25.79,35.03
2026-05-21 17:49:08,J2,1.3115,0.28163826074656195,44.34,25.79,35.03
2026-05-21 17:49:08,TWIST,0.0399,0.00841714722200393,39.42,25.79,35.03
2026-05-21 17:49:08,PITCH,0.1337,0.13535115559921415,51.77,25.79,35.03
2026-05-21 17:49:08,ROLL,0.0,0.0,45.68,25.79,35.03
2026-05-21 17:49:08,YAW,0.0359,0.03660995952848724,53.87,25.79,35.03
2026-05-21 17:49:12,ROLL,0.0002,0.00019816974459724952,45.69,25.79,35.03
2026-05-21 17:49:12,PITCH,0.1332,0.1348496911591356,51.78,25.79,35.03
2026-05-21 17:49:12,TWIST,0.0442,0.009324258326129669,39.42,25.79,35.03
2026-05-21 17:49:12,YAW,0.0378,0.03854887072691552,53.88,25.79,35.03
2026-05-21 17:49:12,J1,0.1693,0.03551604004715128,43.57,25.79,35.03
2026-05-21 17:49:12,ELBOW,0.0327,0.006933520408644401,40.82,25.79,35.03
2026-05-21 17:49:12,J2,1.3154,0.2824858972102161,44.35,25.79,35.03
2026-05-21 17:49:16,ROLL,0.0001,9.908840864440079e-05,45.7,25.79,35.03
2026-05-21 17:49:16,PITCH,0.1397,0.14143513438113953,51.79,25.79,35.03
2026-05-21 17:49:16,TWIST,0.0386,0.00814320160314342,39.43,25.79,35.03
2026-05-21 17:49:16,YAW,0.0342,0.03487875913555992,53.89,25.79,35.03
2026-05-21 17:49:16,J1,0.1705,0.035767778074656184,43.57,25.79,35.03
2026-05-21 17:49:16,ELBOW,0.038,0.008057594656188605,40.83,25.79,35.03
2026-05-21 17:49:16,J2,1.3158,0.28257179834970536,44.35,25.79,35.03
2026-05-21 17:49:20,ELBOW,0.0386,0.008184819834970531,40.83,25.8,35.04
2026-05-21 17:49:20,J1,0.1799,0.03774108315913556,43.58,25.8,35.04
2026-05-21 17:49:20,J2,1.3538,0.2907428327229863,44.36,25.8,35.04
2026-05-21 17:49:20,TWIST,0.0399,0.008417454506876228,39.43,25.8,35.04
2026-05-21 17:49:20,PITCH,0.1303,0.13192759803536347,51.81,25.8,35.04
2026-05-21 17:49:20,ROLL,0.0,0.0,45.71,25.8,35.04
2026-05-21 17:49:20,YAW,0.035,0.035695874263261304,53.9,25.8,35.04
2026-05-21 17:49:24,PITCH,0.1332,0.13486853280943026,51.82,25.8,35.04
2026-05-21 17:49:24,ROLL,0.0001,9.909548133595287e-05,45.72,25.8,35.04
2026-05-21 17:49:24,YAW,0.0374,0.03814623654223969,53.92,25.8,35.04
2026-05-21 17:49:24,TWIST,0.0405,0.008544344675834972,39.44,25.8,35.04
2026-05-21 17:49:24,J1,0.1809,0.0379522371394892,43.59,25.8,35.04
2026-05-21 17:49:24,ELBOW,0.0344,0.007294508510805502,40.84,25.8,35.04
2026-05-21 17:49:24,J2,1.3551,0.29102202143811395,44.36,25.8,35.04
2026-05-21 17:49:28,ELBOW,0.0374,0.00793094554027505,40.85,25.8,35.04
2026-05-21 17:49:28,J1,0.1781,0.03736614978388999,43.6,25.8,35.04
2026-05-21 17:49:28,J2,1.3417,0.2881545630019646,44.37,25.8,35.04
2026-05-21 17:49:28,TWIST,0.0373,0.007869523222003929,39.45,25.8,35.04
2026-05-21 17:49:28,PITCH,0.1347,0.13639208605108052,51.83,25.8,35.04
2026-05-21 17:49:28,ROLL,0.0,0.0,45.73,25.8,35.04
2026-05-21 17:49:28,YAW,0.0346,0.03529159214145383,53.93,25.8,35.04
2026-05-21 17:49:32,YAW,0.036,0.03672084872298624,53.94,25.8,35.04
2026-05-21 17:49:32,ROLL,0.0,0.0,45.74,25.8,35.04
2026-05-21 17:49:32,PITCH,0.1334,0.1350804730844794,51.84,25.8,35.04
2026-05-21 17:49:32,TWIST,0.0421,0.00888222326129666,39.45,25.8,35.04
2026-05-21 17:49:32,J2,1.334,0.2865008474656189,44.37,25.8,35.04
2026-05-21 17:49:32,J1,0.1722,0.03612960339489194,43.61,25.8,35.04
2026-05-21 17:49:32,ELBOW,0.0382,0.008100885626719057,40.86,25.8,35.04
2026-05-21 17:49:36,ELBOW,0.0392,0.008313252589390962,40.87,25.8,35.04
2026-05-21 17:49:36,J1,0.178,0.03734919795677799,43.63,25.8,35.04
2026-05-21 17:49:36,J2,1.3115,0.2816786621611002,44.38,25.8,35.04
2026-05-21 17:49:36,TWIST,0.0459,0.009684297618860513,39.46,25.8,35.04
2026-05-21 17:49:36,PITCH,0.1308,0.13245234577603143,51.85,25.8,35.04
2026-05-21 17:49:36,ROLL,0.0001,9.910609037328094e-05,45.75,25.8,35.04
2026-05-21 17:49:36,YAW,0.0416,0.04243445186640472,53.95,25.8,35.04
2026-05-21 17:49:40,ROLL,0.0,0.0,45.76,25.8,35.04
2026-05-21 17:49:40,PITCH,0.1374,0.13914057996070725,51.86,25.8,35.04
2026-05-21 17:49:40,TWIST,0.0397,0.008376484730844794,39.47,25.8,35.04
2026-05-21 17:49:40,YAW,0.0382,0.03896760235756385,53.96,25.8,35.04
2026-05-21 17:49:40,J1,0.1644,0.034495551371316296,43.63,25.8,35.04
2026-05-21 17:49:40,ELBOW,0.0343,0.007274360172888016,40.88,25.8,35.04
2026-05-21 17:49:40,J2,1.3292,0.285490433194499,44.39,25.8,35.04
2026-05-21 17:49:44,ELBOW,0.0347,0.007359459599214146,40.89,25.8,35.04
2026-05-21 17:49:44,J1,0.1877,0.03938593546561886,43.64,25.8,35.04
2026-05-21 17:49:44,J2,1.3115,0.28168876251473474,44.39,25.8,35.04
2026-05-21 17:49:44,TWIST,0.04,0.008440091159135561,39.48,25.8,35.04
2026-05-21 17:49:44,PITCH,0.1343,0.13601080785854616,51.88,25.8,35.04
2026-05-21 17:49:44,ROLL,0.0,0.0,45.77,25.8,35.04
2026-05-21 17:49:44,YAW,0.036,0.03672466797642436,53.97,25.8,35.04
2026-05-21 17:49:48,ROLL,0.0001,9.911669941060904e-05,45.78,25.8,35.04
2026-05-21 17:49:48,PITCH,0.1375,0.13925643418467584,51.89,25.8,35.04
2026-05-21 17:49:48,TWIST,0.0395,0.008334590019646367,39.48,25.8,35.04
2026-05-21 17:49:48,YAW,0.0366,0.03733804007858547,53.98,25.8,35.04
2026-05-21 17:49:48,J1,0.2073,0.043500255559921416,43.65,25.8,35.04
2026-05-21 17:49:48,ELBOW,0.0391,0.008292647559921415,40.89,25.8,35.04
2026-05-21 17:49:48,J2,1.3417,0.2881855618074656,44.4,25.8,35.04
2026-05-21 17:49:52,ROLL,0.0,0.0,45.79,25.8,35.04
2026-05-21 17:49:52,PITCH,0.1309,0.1325767544204322,51.9,25.8,35.04
2026-05-21 17:49:52,TWIST,0.0411,0.008672510192534382,39.49,25.8,35.04
2026-05-21 17:49:52,YAW,0.0348,0.035502973673870335,53.99,25.8,35.04
2026-05-21 17:49:52,J1,0.1798,0.03773095581925343,43.66,25.8,35.04
2026-05-21 17:49:52,ELBOW,0.0357,0.007571822711198429,40.9,25.8,35.04
2026-05-21 17:49:52,J2,1.3453,0.28895881068762275,44.4,25.8,35.04
2026-05-21 17:49:56,ELBOW,0.0323,0.0068509454931237725,40.91,25.8,35.04
2026-05-21 17:49:56,J1,0.1772,0.03718668372495089,43.67,25.8,35.04
2026-05-21 17:49:56,J2,1.3242,0.28442671308447937,44.4,25.8,35.04
2026-05-21 17:49:56,TWIST,0.0399,0.008419605500982318,39.5,25.8,35.04
2026-05-21 17:49:56,PITCH,0.1313,0.1329865214145383,51.91,25.8,35.04
2026-05-21 17:49:56,ROLL,0.0001,9.912377210216112e-05,45.8,25.8,35.04
2026-05-21 17:49:56,YAW,0.037,0.03775003143418467,54.01,25.8,35.04
2026-05-21 17:50:00,PITCH,0.1285,0.13015510019646367,51.92,25.8,35.04
2026-05-21 17:50:00,ROLL,0.0,0.0,45.81,25.8,35.04
2026-05-21 17:50:00,TWIST,0.0428,0.009031556777996072,39.5,25.8,35.04
2026-05-21 17:50:00,YAW,0.0364,0.03713915599214145,54.02,25.8,35.04
2026-05-21 17:50:00,J1,0.1809,0.037964519858546174,43.68,25.8,35.04
2026-05-21 17:50:00,J2,1.313,0.28203116180746557,44.41,25.8,35.04
2026-05-21 17:50:00,ELBOW,0.0367,0.007784483866404717,40.92,25.8,35.04
2026-05-21 17:50:04,ELBOW,0.0389,0.008251428259332024,40.93,25.8,35.04
2026-05-21 17:50:04,J1,0.1828,0.038366020903732805,43.7,25.8,35.04
2026-05-21 17:50:04,J2,1.2877,0.2765967456660118,44.41,25.8,35.04
2026-05-21 17:50:04,TWIST,0.0452,0.009538347316306482,39.51,25.8,35.04
2026-05-21 17:50:04,PITCH,0.136,0.1377613202357564,51.94,25.8,35.04
2026-05-21 17:50:04,ROLL,0.0,0.0,45.83,25.8,35.04
2026-05-21 17:50:04,YAW,0.0316,0.032242802357563854,54.03,25.8,35.04
2026-05-21 17:50:08,YAW,0.0374,0.03816210766208252,54.04,25.8,35.04
2026-05-21 17:50:08,ROLL,0.0,0.0,45.83,25.8,35.04
2026-05-21 17:50:08,PITCH,0.1436,0.14546482514734776,51.95,25.8,35.04
2026-05-21 17:50:08,ELBOW,0.0459,0.009736614601178783,40.94,25.8,35.04
2026-05-21 17:50:08,J2,1.2652,0.2717735106640472,44.42,25.8,35.04
2026-05-21 17:50:08,J1,0.1832,0.03844997280943025,43.7,25.8,35.04
2026-05-21 17:50:08,TWIST,0.0321,0.006773914797642435,39.51,25.8,35.04
2026-05-21 17:50:12,YAW,0.0382,0.038981111198428293,54.06,25.8,35.04
2026-05-21 17:50:12,ROLL,0.0002,0.0001982758349705305,45.84,25.8,35.04
2026-05-21 17:50:12,PITCH,0.1121,0.11355972259332024,51.96,25.8,35.04
2026-05-21 17:50:12,ELBOW,0.0227,0.004815450451866405,40.95,25.8,35.04
2026-05-21 17:50:12,J2,1.3848,0.2974643989626719,44.42,25.8,35.04
2026-05-21 17:50:12,J1,0.1015,0.021303561807465617,43.71,25.8,35.04
2026-05-21 17:50:12,TWIST,0.0578,0.012197712282907662,39.52,25.8,35.04
2026-05-21 17:50:16,ELBOW,0.0119,0.002524490781925344,40.96,25.8,35.04
2026-05-21 17:50:16,J1,0.0756,0.015868621202357568,43.73,25.8,35.04
2026-05-21 17:50:16,J2,1.442,0.3097624509233792,44.43,25.8,35.04
2026-05-21 17:50:16,TWIST,0.0585,0.012345885972495089,39.53,25.8,35.04
2026-05-21 17:50:16,PITCH,0.1052,0.10657731394891946,51.98,25.8,35.04
2026-05-21 17:50:16,ROLL,0.0006,0.0005948487229862476,45.85,25.8,35.04
2026-05-21 17:50:16,YAW,0.0338,0.034492335559921414,54.07,25.8,35.04
2026-05-21 17:50:20,PITCH,0.0948,0.0960411536345776,51.98,25.78,35.07
2026-05-21 17:50:20,ROLL,0.0003,0.0002974349705304519,45.86,25.78,35.07
2026-05-21 17:50:20,YAW,0.0373,0.03806534616895874,54.08,25.78,35.07
2026-05-21 17:50:20,TWIST,0.0663,0.0139920041021611,39.53,25.78,35.07
2026-05-21 17:50:20,J1,0.0665,0.013959011080550102,43.74,25.78,35.07
2026-05-21 17:50:20,ELBOW,0.009,0.0019093480550098233,40.97,25.78,35.07
2026-05-21 17:50:20,J2,1.4406,0.3094617106797643,44.43,25.78,35.07
2026-05-21 17:50:24,ELBOW,0.4937,0.10474215047544207,40.98,25.78,35.07
2026-05-21 17:50:24,J1,0.1389,0.029157538703339883,43.75,25.78,35.07
2026-05-21 17:50:24,J2,0.6647,0.14279229048330055,44.44,25.78,35.07
2026-05-21 17:50:24,TWIST,0.3772,0.07960748938310414,39.54,25.78,35.07
2026-05-21 17:50:24,PITCH,0.1242,0.12583046051080551,51.99,25.78,35.07
2026-05-21 17:50:24,ROLL,0.0007,0.0006940396856581533,45.87,25.78,35.07
2026-05-21 17:50:24,YAW,0.0001,0.00010205186640471513,54.08,25.78,35.07
2026-05-21 17:50:28,ROLL,0.0007,0.0006940644400785854,45.88,25.78,35.07
2026-05-21 17:50:28,PITCH,0.1063,0.10769923379174853,52.0,25.78,35.07
2026-05-21 17:50:28,TWIST,0.3328,0.07023949956777996,39.55,25.78,35.07
2026-05-21 17:50:28,YAW,0.0003,0.00030616620825147354,54.09,25.78,35.07
2026-05-21 17:50:28,J1,0.0943,0.019795930278978385,43.76,25.78,35.07
2026-05-21 17:50:28,ELBOW,0.3613,0.07665528193320237,40.99,25.78,35.07
2026-05-21 17:50:28,J2,0.7681,0.1650049019410609,44.44,25.78,35.07
2026-05-21 17:50:32,ROLL,0.0012,0.0011898671905697447,45.89,25.78,35.07
2026-05-21 17:50:32,PITCH,0.0924,0.09362280235756383,52.02,25.78,35.07
2026-05-21 17:50:32,TWIST,0.3099,0.06540631284872299,39.55,25.78,35.07
2026-05-21 17:50:32,YAW,0.0001,0.00010205540275049119,54.09,25.78,35.07
2026-05-21 17:50:32,J1,0.0993,0.020846304565815325,43.77,25.78,35.07
2026-05-21 17:50:32,ELBOW,0.288,0.06110579174852652,41.0,25.78,35.07
2026-05-21 17:50:32,J2,1.2207,0.262242813123772,44.45,25.78,35.07
2026-05-21 17:50:36,ELBOW,0.2671,0.056671378388998044,41.0,25.78,35.07
2026-05-21 17:50:36,J1,0.0636,0.013352671308447937,43.79,25.78,35.07
2026-05-21 17:50:36,J2,0.9886,0.21238080204322202,44.45,25.78,35.07
2026-05-21 17:50:36,TWIST,0.2989,0.06308699671512771,39.56,25.78,35.07
2026-05-21 17:50:36,PITCH,0.0809,0.08197061375245579,52.02,25.78,35.07
2026-05-21 17:50:36,ROLL,0.0005,0.0004957956777996072,45.9,25.78,35.07
2026-05-21 17:50:36,YAW,0.0001,0.00010205540275049119,54.09,25.78,35.07
2026-05-21 17:50:40,PITCH,0.0714,0.07234741768172888,52.03,25.78,35.07
2026-05-21 17:50:40,ROLL,0.0007,0.0006941387033398821,45.91,25.78,35.07
2026-05-21 17:50:40,YAW,0.0074,0.007552361493123772,54.1,25.78,35.07
2026-05-21 17:50:40,TWIST,0.2101,0.044346141343811395,39.57,25.78,35.07
2026-05-21 17:50:40,J1,0.121,0.025402754263261294,43.78,25.78,35.07
2026-05-21 17:50:40,ELBOW,0.4952,0.10507564158742631,41.02,25.78,35.07
2026-05-21 17:50:40,J2,0.7271,0.15620839267583495,44.46,25.78,35.07
2026-05-21 17:50:44,ELBOW,0.8075,0.17134826365422395,41.03,25.78,35.07
2026-05-21 17:50:44,J1,0.2249,0.04722062258546169,43.81,25.78,35.07
2026-05-21 17:50:44,J2,1.4213,0.30535957546561887,44.47,25.78,35.07
2026-05-21 17:50:44,TWIST,0.2245,0.04738557225933202,39.57,25.78,35.07
2026-05-21 17:50:44,PITCH,0.0368,0.03728830491159135,52.03,25.78,35.07
2026-05-21 17:50:44,ROLL,0.0031,0.003074262082514735,45.93,25.78,35.07
2026-05-21 17:50:44,YAW,0.0184,0.018778844793713168,54.1,25.78,35.07
2026-05-21 17:50:48,YAW,0.2183,0.22280238388998036,54.11,25.78,35.07
2026-05-21 17:50:48,ROLL,0.1346,0.13348723614931238,45.94,25.78,35.07
2026-05-21 17:50:48,PITCH,0.0258,0.0261423442043222,52.03,25.78,35.07
2026-05-21 17:50:48,TWIST,0.2908,0.06138185832612966,39.58,25.78,35.07
2026-05-21 17:50:48,J2,9.1446,1.9648852903732812,44.5,25.78,35.07
2026-05-21 17:50:48,J1,4.4262,0.9292369497524557,43.78,25.78,35.07
2026-05-21 17:50:48,ELBOW,0.7561,0.16045303567779962,41.05,25.78,35.07
2026-05-21 17:50:52,ELBOW,0.4794,0.10173783475049117,41.06,25.78,35.07
2026-05-21 17:50:52,J1,0.3018,0.06336675809823183,43.81,25.78,35.07
2026-05-21 17:50:52,J2,0.2358,0.05067322543025541,44.54,25.78,35.07
2026-05-21 17:50:52,TWIST,1.0458,0.22075477843614935,39.59,25.78,35.07
2026-05-21 17:50:52,PITCH,0.1261,0.12777769980353634,52.04,25.78,35.07
2026-05-21 17:50:52,ROLL,0.144,0.14281970923379173,45.96,25.78,35.07
2026-05-21 17:50:52,YAW,0.1417,0.14462753870333991,54.12,25.78,35.07
2026-05-21 17:50:56,ROLL,0.0489,0.04850092220039293,45.97,25.78,35.07
2026-05-21 17:50:56,PITCH,0.0309,0.03131220235756385,52.05,25.78,35.07
2026-05-21 17:50:56,TWIST,0.1792,0.03782816943025541,39.6,25.78,35.07
2026-05-21 17:50:56,YAW,0.1264,0.12901590884086445,54.13,25.78,35.07
2026-05-21 17:50:56,J1,2.8839,0.6056203597956779,43.86,25.78,35.07
2026-05-21 17:50:56,ELBOW,1.5617,0.33144661711591356,41.08,25.78,35.07
2026-05-21 17:50:56,J2,0.1963,0.04218621980353635,44.55,25.78,35.07
2026-05-21 17:51:00,ELBOW,1.8779,0.39859855294302554,41.11,25.78,35.07
2026-05-21 17:51:00,J1,0.2312,0.048557341673870325,43.89,25.78,35.07
2026-05-21 17:51:00,J2,0.5924,0.12731083347740668,44.55,25.78,35.07
2026-05-21 17:51:00,TWIST,0.265,0.055944176031434194,39.62,25.78,35.07
2026-05-21 17:51:00,PITCH,0.1294,0.13112618074656188,52.05,25.78,35.07
2026-05-21 17:51:00,ROLL,0.0314,0.031145962278978385,45.99,25.78,35.07
2026-05-21 17:51:00,YAW,0.0172,0.017556570530451867,54.14,25.78,35.07
2026-05-21 17:51:04,ROLL,0.0161,0.01597031434184676,46.0,25.78,35.07
2026-05-21 17:51:04,PITCH,0.0157,0.015909436149312374,52.05,25.78,35.07
2026-05-21 17:51:04,TWIST,0.0468,0.00987995259724951,39.62,25.78,35.07
2026-05-21 17:51:04,YAW,0.0046,0.0046951992141453834,54.13,25.78,35.07
2026-05-21 17:51:04,J1,0.0151,0.0031710071198428292,43.86,25.78,35.07
2026-05-21 17:51:04,ELBOW,0.072,0.015283656424361493,41.13,25.78,35.07
2026-05-21 17:51:04,J2,1.5745,0.33837087662082516,44.55,25.78,35.07
2026-05-21 17:51:08,ROLL,0.0365,0.03620728290766208,46.01,25.78,35.07
2026-05-21 17:51:08,PITCH,0.0372,0.037696243614931235,52.05,25.78,35.07
2026-05-21 17:51:08,TWIST,0.385,0.08128035284872298,39.63,25.78,35.07
2026-05-21 17:51:08,YAW,0.251,0.2561945658153242,54.13,25.78,35.07
2026-05-21 17:51:08,J1,0.4394,0.09227752210609037,43.87,25.78,35.07
2026-05-21 17:51:08,ELBOW,6.7598,1.4349751249980354,41.14,25.78,35.07
2026-05-21 17:51:08,J2,0.3849,0.08271765666011789,44.55,25.78,35.07
2026-05-21 17:51:12,ELBOW,5.2742,1.1198546178389,41.2,25.78,35.07
2026-05-21 17:51:12,J1,1.8489,0.3883396141768172,43.91,25.78,35.07
2026-05-21 17:51:12,J2,0.3433,0.07377488672691554,44.54,25.78,35.07
2026-05-21 17:51:12,TWIST,0.0817,0.0172489534302554,39.64,25.78,35.07
2026-05-21 17:51:12,PITCH,0.0461,0.046714968565815335,52.05,25.78,35.07
2026-05-21 17:51:12,ROLL,0.0294,0.029165262082514732,46.02,25.78,35.07
2026-05-21 17:51:12,YAW,0.2762,0.2819258593320236,54.14,25.78,35.07
2026-05-21 17:51:16,PITCH,0.117,0.11856076620825148,52.05,25.78,35.07
2026-05-21 17:51:16,ROLL,0.0038,0.0037697941060903725,46.03,25.78,35.07
2026-05-21 17:51:16,TWIST,0.1994,0.04209996055009823,39.65,25.78,35.07
2026-05-21 17:51:16,YAW,0.0184,0.018781447544204324,54.14,25.78,35.07
2026-05-21 17:51:16,J1,0.1104,0.023189882216110024,43.93,25.78,35.07
2026-05-21 17:51:16,J2,0.6316,0.1357351830255403,44.55,25.78,35.07
2026-05-21 17:51:16,ELBOW,0.2146,0.04557196693123773,41.24,25.78,35.07
2026-05-21 17:51:20,ELBOW,0.5029,0.10680631696660117,41.27,25.9,35.16
2026-05-21 17:51:20,J1,3.5877,0.7537164214066797,43.97,25.9,35.16
2026-05-21 17:51:20,J2,4.7616,1.0233372527151277,44.56,25.9,35.16
2026-05-21 17:51:20,TWIST,1.1509,0.24300206610609038,39.66,25.9,35.16
2026-05-21 17:51:20,PITCH,0.1366,0.13842222789783892,52.05,25.9,35.16
2026-05-21 17:51:20,ROLL,0.1084,0.10754600392927308,46.05,25.9,35.16
2026-05-21 17:51:20,YAW,0.181,0.18473948133595283,54.12,25.9,35.16
2026-05-21 17:51:24,YAW,0.1793,0.18300435913555993,54.12,25.9,35.16
2026-05-21 17:51:24,ROLL,0.0845,0.08383728094302555,46.06,25.9,35.16
2026-05-21 17:51:24,PITCH,0.1141,0.11562208055009823,52.05,25.9,35.16
2026-05-21 17:51:24,ELBOW,0.0058,0.0012318981218074655,41.29,25.9,35.16
2026-05-21 17:51:24,J2,0.0915,0.019667502554027508,44.6,25.9,35.16
2026-05-21 17:51:24,J1,0.5239,0.1100706283379175,43.99,25.9,35.16
2026-05-21 17:51:24,TWIST,1.192,0.2516891372888016,39.67,25.9,35.16
2026-05-21 17:51:28,YAW,0.2445,0.24954275245579569,54.11,25.9,35.16
2026-05-21 17:51:28,ROLL,0.1178,0.11688028055009823,46.07,25.9,35.16
2026-05-21 17:51:28,PITCH,0.073,0.07397381139489195,52.05,25.9,35.16
2026-05-21 17:51:28,ELBOW,3.9605,0.8412257618860511,41.3,25.9,35.16
2026-05-21 17:51:28,J2,0.8113,0.17438518931237726,44.6,25.9,35.16
2026-05-21 17:51:28,J1,1.5216,0.31974334415717093,44.04,25.9,35.16
2026-05-21 17:51:28,TWIST,0.5228,0.11039251702946956,39.68,25.9,35.16
2026-05-21 17:51:32,ELBOW,1.8854,0.40049540859724947,41.32,25.9,35.16
2026-05-21 17:51:32,J1,0.9714,0.20414102682907664,44.06,25.9,35.16
2026-05-21 17:51:32,J2,0.5086,0.10932122184675837,44.6,25.9,35.16
2026-05-21 17:51:32,TWIST,0.3293,0.06953630778781925,39.69,25.9,35.16
2026-05-21 17:51:32,PITCH,0.084,0.08512055009823183,52.05,25.9,35.16
2026-05-21 17:51:32,ROLL,0.0086,0.008533159921414539,46.08,25.9,35.16
2026-05-21 17:51:32,YAW,0.095,0.09695935166994106,54.11,25.9,35.16
2026-05-21 17:51:36,PITCH,0.0473,0.04792930373280944,52.04,25.9,35.16
2026-05-21 17:51:36,ROLL,0.1351,0.1340547666011788,46.09,25.9,35.16
2026-05-21 17:51:36,YAW,0.588,0.6001065618860512,54.1,25.9,35.16
2026-05-21 17:51:36,TWIST,0.1951,0.04119809793320235,39.69,25.9,35.16
2026-05-21 17:51:36,J1,1.1188,0.23511733664440082,44.06,25.9,35.16
2026-05-21 17:51:36,ELBOW,5.8647,1.2459111552848725,41.35,25.9,35.16
2026-05-21 17:51:36,J2,0.4041,0.08685942931237721,44.6,25.9,35.16
2026-05-21 17:51:40,ELBOW,2.7106,0.5759299688172888,41.39,25.9,35.16
2026-05-21 17:51:40,J1,0.2358,0.04955724749705305,44.08,25.9,35.16
2026-05-21 17:51:40,J2,0.5141,0.11050342145383106,44.6,25.9,35.16
2026-05-21 17:51:40,TWIST,0.2544,0.05372208282907663,39.7,25.9,35.16
2026-05-21 17:51:40,PITCH,0.1056,0.10700869155206287,52.05,25.9,35.16
2026-05-21 17:51:40,ROLL,0.0417,0.04137885265225934,46.1,25.9,35.16
2026-05-21 17:51:40,YAW,0.2855,0.2913782711198428,54.1,25.9,35.16
2026-05-21 17:51:44,ROLL,0.0002,0.00019846679764243618,46.11,25.9,35.16
2026-05-21 17:51:44,PITCH,0.1266,0.12828435206286837,52.04,25.9,35.16
2026-05-21 17:51:44,TWIST,0.2738,0.057818813988212175,39.7,25.9,35.16
2026-05-21 17:51:44,YAW,0.0219,0.02234935874263261,54.08,25.9,35.16
2026-05-21 17:51:44,J1,0.1368,0.028751801587426327,44.09,25.9,35.16
2026-05-21 17:51:44,ELBOW,0.4382,0.09311589871905698,41.42,25.9,35.16
2026-05-21 17:51:44,J2,1.3456,0.28923050750491164,44.6,25.9,35.16
2026-05-21 17:51:48,ROLL,0.1009,0.10013006758349706,46.12,25.9,35.16
2026-05-21 17:51:48,PITCH,0.0958,0.09707118506876226,52.03,25.9,35.16
2026-05-21 17:51:48,TWIST,1.3858,0.29265242722200385,39.71,25.9,35.16
2026-05-21 17:51:48,YAW,0.1809,0.18460542907662084,54.07,25.9,35.16
2026-05-21 17:51:48,J1,3.0672,0.644715075394892,44.12,25.9,35.16
2026-05-21 17:51:48,ELBOW,0.2234,0.047476845108055006,41.45,25.9,35.16
2026-05-21 17:51:48,J2,4.781,1.0277275171709235,44.62,25.9,35.16
2026-05-21 17:51:52,ELBOW,0.6396,0.1359274401571709,41.45,25.9,35.16
2026-05-21 17:51:52,J1,0.9132,0.19199289034184677,44.18,25.9,35.16
2026-05-21 17:51:52,J2,0.1987,0.04271729893909627,44.65,25.9,35.16
2026-05-21 17:51:52,TWIST,0.3755,0.07930365241650296,39.73,25.9,35.16
2026-05-21 17:51:52,PITCH,0.0705,0.0714354754420432,52.03,25.9,35.16
2026-05-21 17:51:52,ROLL,0.0991,0.09834730726915519,46.13,25.9,35.16
2026-05-21 17:51:52,YAW,0.1027,0.10480000314341847,54.06,25.9,35.16
2026-05-21 17:51:56,ROLL,0.0371,0.03681952691552063,46.14,25.9,35.16
2026-05-21 17:51:56,YAW,0.5903,0.6023286671905698,54.04,25.9,35.16
2026-05-21 17:51:56,PITCH,0.0211,0.021379233005893908,52.02,25.9,35.16
2026-05-21 17:51:56,TWIST,0.1108,0.023400385320235757,39.73,25.9,35.16
2026-05-21 17:51:56,J2,0.0271,0.005826063418467582,44.65,25.9,35.16
2026-05-21 17:51:56,J1,1.739,0.36566311732809437,44.22,25.9,35.16
2026-05-21 17:51:56,ELBOW,1.5655,0.332723311827112,41.47,25.9,35.16
2026-05-21 17:52:00,ELBOW,0.6254,0.13291929684872297,41.47,25.9,35.16
2026-05-21 17:52:00,J1,0.087,0.01829235677799607,44.2,25.9,35.16
2026-05-21 17:52:00,J2,1.1629,0.25000476565815327,44.65,25.9,35.16
2026-05-21 17:52:00,TWIST,0.2758,0.058249653563850694,39.74,25.9,35.16
2026-05-21 17:52:00,PITCH,0.0781,0.07913355913555993,52.02,25.9,35.16
2026-05-21 17:52:00,ROLL,0.016,0.01587960707269155,46.15,25.9,35.16
2026-05-21 17:52:00,YAW,0.0174,0.017753948133595286,54.03,25.9,35.16
2026-05-21 17:52:04,YAW,0.0745,0.07601019842829077,54.01,25.9,35.16
2026-05-21 17:52:04,ROLL,0.1001,0.09935033163064833,46.16,25.9,35.16
2026-05-21 17:52:04,PITCH,0.1528,0.15482212337917486,52.02,25.9,35.16
2026-05-21 17:52:04,TWIST,0.6571,0.13878117243222007,39.74,25.9,35.16
2026-05-21 17:52:04,J2,0.6709,0.14423269178781925,44.65,25.9,35.16
2026-05-21 17:52:04,J1,4.49,0.9441893092337919,44.24,25.9,35.16
2026-05-21 17:52:04,ELBOW,1.1853,0.25194494616895874,41.5,25.9,35.16
2026-05-21 17:52:08,ELBOW,0.3441,0.07315179310019648,41.54,25.9,35.16
2026-05-21 17:52:08,J1,0.2853,0.060003533705304514,44.28,25.9,35.16
2026-05-21 17:52:08,J2,0.5128,0.11024373878192534,44.65,25.9,35.16
2026-05-21 17:52:08,TWIST,0.1816,0.03835577524557957,39.75,25.9,35.16
2026-05-21 17:52:08,PITCH,0.0657,0.06656713673870333,52.01,25.9,35.16
2026-05-21 17:52:08,ROLL,0.0545,0.054091838899803533,46.16,25.9,35.16
2026-05-21 17:52:08,YAW,0.1357,0.13845079096267188,54.01,25.9,35.16
2026-05-21 17:52:12,ROLL,0.0704,0.06987525029469549,46.17,25.9,35.16
2026-05-21 17:52:12,PITCH,0.0965,0.09777023575638509,52.0,25.9,35.16
2026-05-21 17:52:12,TWIST,0.288,0.06082854223968565,39.75,25.9,35.16
2026-05-21 17:52:12,YAW,0.0952,0.097119710805501,53.98,25.9,35.16
2026-05-21 17:52:12,J1,0.9962,0.20953315332023578,44.3,25.9,35.16
2026-05-21 17:52:12,ELBOW,0.5317,0.11304163454616895,41.56,25.9,35.16
2026-05-21 17:52:12,J2,2.7496,0.5911197038899804,44.65,25.9,35.16
2026-05-21 17:52:16,ELBOW,0.3117,0.06627111875834969,41.57,25.9,35.16
2026-05-21 17:52:16,J1,2.5983,0.5464871156935168,44.29,25.9,35.16
2026-05-21 17:52:16,J2,1.8103,0.38924110322986255,44.69,25.9,35.16
2026-05-21 17:52:16,TWIST,1.8772,0.3964838176817289,39.75,25.9,35.16
2026-05-21 17:52:16,PITCH,0.1178,0.1193506090373281,52.0,25.9,35.16
2026-05-21 17:52:16,ROLL,0.2001,0.19861556463654223,46.18,25.9,35.16
2026-05-21 17:52:16,YAW,0.1777,0.1812770416502947,53.97,25.9,35.16
2026-05-21 17:52:20,ROLL,0.113,0.11216171316306482,46.18,26.02,35.24
2026-05-21 17:52:20,PITCH,0.0473,0.047922612966601184,52.0,26.02,35.24
2026-05-21 17:52:20,TWIST,0.14,0.029571586640471513,39.77,26.02,35.24
2026-05-21 17:52:20,YAW,0.2695,0.274905884086444,53.95,26.02,35.24
2026-05-21 17:52:20,J1,2.7332,0.5749424202436149,44.33,26.02,35.24
2026-05-21 17:52:20,ELBOW,0.3258,0.06926894607465617,41.57,26.02,35.24
2026-05-21 17:52:20,J2,0.1523,0.03274791104125737,44.7,26.02,35.24
2026-05-21 17:52:24,ROLL,0.0314,0.03116817053045186,46.19,26.02,35.24
2026-05-21 17:52:24,PITCH,0.0566,0.0573430278978389,51.99,26.02,35.24
2026-05-21 17:52:24,TWIST,0.1007,0.021270419819253435,39.77,26.02,35.24
2026-05-21 17:52:24,YAW,0.0139,0.014178327701375247,53.94,26.02,35.24
2026-05-21 17:52:24,J1,1.2785,0.2689775113555992,44.37,26.02,35.24
2026-05-21 17:52:24,ELBOW,0.6445,0.13703331143418465,41.58,26.02,35.24
2026-05-21 17:52:24,J2,0.2229,0.04793020889587426,44.71,26.02,35.24
2026-05-21 17:52:28,ELBOW,1.4311,0.30429088488801576,41.59,26.02,35.24
2026-05-21 17:52:28,J1,0.7666,0.1612986643614931,44.4,26.02,35.24
2026-05-21 17:52:28,J2,0.8204,0.17640437438113948,44.7,26.02,35.24
2026-05-21 17:52:28,TWIST,0.3353,0.0708265322750491,39.78,26.02,35.24
2026-05-21 17:52:28,PITCH,0.1659,0.1680720188605108,51.98,26.02,35.24
2026-05-21 17:52:28,ROLL,0.0071,0.007047831041257367,46.2,26.02,35.24
2026-05-21 17:52:28,YAW,0.0275,0.028048703339882127,53.92,26.02,35.24
2026-05-21 17:52:32,PITCH,0.0281,0.028466900982318275,51.97,26.02,35.24
2026-05-21 17:52:32,ROLL,0.0161,0.015981701375245575,46.2,26.02,35.24
2026-05-21 17:52:32,TWIST,0.0166,0.003506473115913556,39.78,26.02,35.24
2026-05-21 17:52:32,YAW,0.0332,0.03386126051080549,53.91,26.02,35.24
2026-05-21 17:52:32,J1,0.2513,0.052875494852652256,44.4,26.02,35.24
2026-05-21 17:52:32,J2,0.1237,0.026598270491159134,44.7,26.02,35.24
2026-05-21 17:52:32,ELBOW,0.8159,0.17350143955992142,41.62,26.02,35.24
2026-05-21 17:52:36,ELBOW,0.1795,0.03817488919449901,41.65,26.02,35.24
2026-05-21 17:52:36,J1,0.0741,0.015592899394891946,44.43,26.02,35.24
2026-05-21 17:52:36,J2,0.4691,0.1008670063654224,44.7,26.02,35.24
2026-05-21 17:52:36,TWIST,0.0601,0.012695122546168959,39.78,26.02,35.24
2026-05-21 17:52:36,PITCH,0.055,0.05571813359528488,51.97,26.02,35.24
2026-05-21 17:52:36,ROLL,0.0325,0.032262347740667975,46.21,26.02,35.24
2026-05-21 17:52:36,YAW,0.0472,0.048140105304518656,53.91,26.02,35.24
2026-05-21 17:52:40,YAW,0.1527,0.15573059999999997,53.89,26.02,35.24
2026-05-21 17:52:40,ROLL,0.0973,0.09658850569744595,46.21,26.02,35.24
2026-05-21 17:52:40,PITCH,0.1278,0.1294641618860511,51.96,26.02,35.24
2026-05-21 17:52:40,ELBOW,2.0912,0.4447749861846759,41.67,26.02,35.24
2026-05-21 17:52:40,J2,6.6185,1.4231257335952847,44.7,26.02,35.24
2026-05-21 17:52:40,J1,3.445,0.724933042043222,44.43,26.02,35.24
2026-05-21 17:52:40,TWIST,0.5194,0.10971858662475442,39.79,26.02,35.24
2026-05-21 17:52:44,YAW,0.1976,0.20150774381139488,53.87,26.02,35.24
2026-05-21 17:52:44,ROLL,0.1025,0.10175410609037329,46.22,26.02,35.24
2026-05-21 17:52:44,PITCH,0.2006,0.2032121351669941,51.96,26.02,35.24
2026-05-21 17:52:44,ELBOW,0.4216,0.08967287877406681,41.68,26.02,35.24
2026-05-21 17:52:44,J2,0.4753,0.10221478708055011,44.74,26.02,35.24
2026-05-21 17:52:44,J1,0.6442,0.1355739023339882,44.46,26.02,35.24
2026-05-21 17:52:44,TWIST,0.6775,0.14311579214145384,39.79,26.02,35.24
2026-05-21 17:52:48,ELBOW,2.3341,0.4964550909548133,41.68,26.02,35.24
2026-05-21 17:52:48,J1,2.5757,0.5421418373280943,44.5,26.02,35.24
2026-05-21 17:52:48,J2,0.3583,0.07705356240471513,44.74,26.02,35.24
2026-05-21 17:52:48,TWIST,0.5918,0.12501699426326132,39.8,26.02,35.24
2026-05-21 17:52:48,PITCH,0.0723,0.07323890569744597,51.95,26.02,35.24
2026-05-21 17:52:48,ROLL,0.0525,0.05211795677799608,46.22,26.02,35.24
2026-05-21 17:52:48,YAW,0.1823,0.18589227701375247,53.85,26.02,35.24
2026-05-21 17:52:52,PITCH,0.1006,0.10190641650294695,51.95,26.02,35.24
2026-05-21 17:52:52,ROLL,0.0218,0.02164213202357564,46.23,26.02,35.24
2026-05-21 17:52:52,YAW,0.0482,0.04914809115913557,53.84,26.02,35.24
2026-05-21 17:52:52,TWIST,0.2246,0.0474464631827112,39.8,26.02,35.24
2026-05-21 17:52:52,J1,0.2658,0.055950471795677796,44.52,26.02,35.24
2026-05-21 17:52:52,ELBOW,0.4788,0.10184281065618861,41.69,26.02,35.24
2026-05-21 17:52:52,J2,0.61,0.13118245343811397,44.74,26.02,35.24
2026-05-21 17:52:56,ELBOW,0.2151,0.04575269125343812,41.69,26.02,35.24
2026-05-21 17:52:56,J1,0.0478,0.010063265445972497,44.56,26.02,35.24
2026-05-21 17:52:56,J2,0.3379,0.07266647707662083,44.74,26.02,35.24
2026-05-21 17:52:56,TWIST,0.1536,0.03244898678192534,39.81,26.02,35.24
2026-05-21 17:52:56,PITCH,0.0748,0.07576872612966602,51.94,26.02,35.24
2026-05-21 17:52:56,ROLL,0.0414,0.04110019567779961,46.23,26.02,35.24
2026-05-21 17:52:56,YAW,0.0231,0.023552741846758346,53.82,26.02,35.24
2026-05-21 17:53:00,ROLL,0.0149,0.014792626326129666,46.24,26.02,35.24
2026-05-21 17:53:00,PITCH,0.1341,0.13583671355599217,51.94,26.02,35.24
2026-05-21 17:53:00,TWIST,0.7399,0.15630862838506876,39.81,26.02,35.24
2026-05-21 17:53:00,YAW,0.1549,0.15793591827111986,53.82,26.02,35.24
2026-05-21 17:53:00,J1,4.9363,1.0391576785225933,44.54,26.02,35.24
2026-05-21 17:53:00,ELBOW,4.8447,1.0306003719607075,41.72,26.02,35.24
2026-05-21 17:53:00,J2,1.6045,0.3450528631827112,44.74,26.02,35.24
2026-05-21 17:53:04,ROLL,0.0033,0.003276219253438114,46.24,26.02,35.24
2026-05-21 17:53:04,PITCH,0.1009,0.1022031760314342,51.93,26.02,35.24
2026-05-21 17:53:04,TWIST,0.0999,0.021104516793713165,39.81,26.02,35.24
2026-05-21 17:53:04,YAW,0.0179,0.018250192927308447,53.81,26.02,35.24
2026-05-21 17:53:04,J1,0.0881,0.018549560581532416,44.59,26.02,35.24
2026-05-21 17:53:04,ELBOW,0.2334,0.04965596463654224,41.75,26.02,35.24
2026-05-21 17:53:04,J2,0.4142,0.08907503641650297,44.74,26.02,35.24
2026-05-21 17:53:08,ELBOW,1.2004,0.2554041790491159,41.77,26.02,35.24
2026-05-21 17:53:08,J1,4.192,0.8825041225933202,44.55,26.02,35.24
2026-05-21 17:53:08,J2,6.2261,1.3390386422632612,44.76,26.02,35.24
2026-05-21 17:53:08,TWIST,1.0834,0.22888355382318268,39.82,26.02,35.24
2026-05-21 17:53:08,PITCH,0.1619,0.1639910227897839,51.93,26.02,35.24
2026-05-21 17:53:08,ROLL,0.1913,0.1899214373280943,46.24,26.02,35.24
2026-05-21 17:53:08,YAW,0.2228,0.22714306797642436,53.79,26.02,35.24
2026-05-21 17:53:12,PITCH,0.1033,0.1046305202357564,51.92,26.02,35.24
2026-05-21 17:53:12,ROLL,0.0415,0.04120240667976425,46.25,26.02,35.24
2026-05-21 17:53:12,TWIST,0.2356,0.049775642467583495,39.83,26.02,35.24
2026-05-21 17:53:12,YAW,0.1324,0.13497620746561884,53.78,26.02,35.24
2026-05-21 17:53:12,J1,0.3603,0.07587246950098232,44.63,26.02,35.24
2026-05-21 17:53:12,ELBOW,0.3622,0.0770638067740668,41.77,26.02,35.24
2026-05-21 17:53:12,J2,0.4943,0.10631983187426328,44.79,26.02,35.24
2026-05-21 17:53:16,ELBOW,1.8087,0.38482967231434184,41.77,26.02,35.24
2026-05-21 17:53:16,J1,2.1188,0.4462117871905697,44.65,26.02,35.24
2026-05-21 17:53:16,J2,0.1564,0.03364034332416503,44.79,26.02,35.24
2026-05-21 17:53:16,TWIST,0.4897,0.1034598137367387,39.83,26.02,35.24
2026-05-21 17:53:16,PITCH,0.0611,0.06188697760314343,51.92,26.02,35.24
2026-05-21 17:53:16,ROLL,0.1972,0.1957858939096267,46.25,26.02,35.24
2026-05-21 17:53:16,YAW,0.0933,0.09511210962671905,53.77,26.02,35.24
2026-05-21 17:53:20,YAW,0.0908,0.09255713163064834,53.75,26.0,35.31
2026-05-21 17:53:20,ROLL,0.0166,0.01648154970530452,46.26,26.0,35.31
2026-05-21 17:53:20,PITCH,0.1204,0.12194651316306482,51.91,26.0,35.31
2026-05-21 17:53:20,TWIST,0.2451,0.05178272482514735,39.83,26.0,35.31
2026-05-21 17:53:20,J2,0.8956,0.1926361347897839,44.79,26.0,35.31
2026-05-21 17:53:20,J1,0.391,0.0823550164243615,44.69,26.0,35.31
2026-05-21 17:53:20,ELBOW,0.5058,0.10762088449508841,41.78,26.0,35.31
2026-05-21 17:53:24,ELBOW,3.0752,0.6543213602200393,41.78,26.0,35.31
2026-05-21 17:53:24,J1,1.1225,0.23642840392927308,44.69,26.0,35.31
2026-05-21 17:53:24,J2,0.4158,0.08943833493123773,44.8,26.0,35.31
2026-05-21 17:53:24,TWIST,0.2517,0.05317905732023576,39.84,26.0,35.31
2026-05-21 17:53:24,PITCH,0.0997,0.10097710019646365,51.9,26.0,35.31
2026-05-21 17:53:24,ROLL,0.0343,0.03405525029469548,46.26,26.0,35.31
2026-05-21 17:53:24,YAW,0.3902,0.39772342396856586,53.73,26.0,35.31
2026-05-21 17:53:28,ROLL,0.0488,0.04845178467583497,46.26,26.0,35.31
2026-05-21 17:53:28,PITCH,0.055,0.05570451866404715,51.9,26.0,35.31
2026-05-21 17:53:28,TWIST,0.6136,0.1296411186797643,39.84,26.0,35.31
2026-05-21 17:53:28,YAW,0.7758,0.7907581555992143,53.73,26.0,35.31
2026-05-21 17:53:28,J1,0.0667,0.0140487969194499,44.69,26.0,35.31
2026-05-21 17:53:28,ELBOW,23.9134,5.088692591685658,41.81,26.0,35.31
2026-05-21 17:53:28,J2,0.6658,0.14321318758349708,44.8,26.0,35.31
2026-05-21 17:53:32,ELBOW,0.24,0.05107860117878193,41.85,26.0,35.31
2026-05-21 17:53:32,J1,0.3288,0.06926148099017682,44.72,26.0,35.31
2026-05-21 17:53:32,J2,0.5149,0.11075468652259332,44.8,26.0,35.31
2026-05-21 17:53:32,TWIST,0.1551,0.03276945486836935,39.84,26.0,35.31
2026-05-21 17:53:32,PITCH,0.0874,0.08851645343811394,51.89,26.0,35.31
2026-05-21 17:53:32,ROLL,0.0279,0.027700917878192535,46.26,26.0,35.31
2026-05-21 17:53:32,YAW,0.069,0.07032794499017683,53.72,26.0,35.31
2026-05-21 17:53:36,ROLL,0.1112,0.11040652573673869,46.26,26.0,35.31
2026-05-21 17:53:36,PITCH,0.1377,0.13945898899803535,51.89,26.0,35.31
2026-05-21 17:53:36,TWIST,0.8319,0.17576343974852657,39.84,26.0,35.31
2026-05-21 17:53:36,YAW,0.1677,0.17091562278978387,53.7,26.0,35.31
2026-05-21 17:53:36,J1,2.4078,0.5071831547976424,44.71,26.0,35.31
2026-05-21 17:53:36,ELBOW,0.2714,0.057763474986247544,41.86,26.0,35.31
2026-05-21 17:53:36,J2,2.2852,0.49158037148919453,44.82,26.0,35.31
2026-05-21 17:53:40,ROLL,0.0295,0.0292905442043222,46.27,26.0,35.31
2026-05-21 17:53:40,PITCH,0.0351,0.03554712848722986,51.88,26.0,35.31
2026-05-21 17:53:40,TWIST,0.2921,0.06171924941453832,39.86,26.0,35.31
2026-05-21 17:53:40,YAW,0.1082,0.11027089273084481,53.69,26.0,35.31
2026-05-21 17:53:40,J1,0.3422,0.07209450775638507,44.76,26.0,35.31
2026-05-21 17:53:40,ELBOW,0.026,0.005533915599214146,41.87,26.0,35.31
2026-05-21 17:53:40,J2,0.2975,0.06400353045186641,44.85,26.0,35.31
2026-05-21 17:53:44,ELBOW,1.8194,0.38724638620039287,41.87,26.0,35.31
2026-05-21 17:53:44,J1,2.9471,0.6209378738546169,44.78,26.0,35.31
2026-05-21 17:53:44,J2,0.0525,0.011294740667976427,44.85,26.0,35.31
2026-05-21 17:53:44,TWIST,0.2131,0.045026949846758355,39.86,26.0,35.31
2026-05-21 17:53:44,PITCH,0.1623,0.16436175206286838,51.87,26.0,35.31
2026-05-21 17:53:44,ROLL,0.0426,0.042297531630648325,46.27,26.0,35.31
2026-05-21 17:53:44,YAW,0.3032,0.3089816487229863,53.67,26.0,35.31
2026-05-21 17:53:48,PITCH,0.0531,0.053772669548133596,51.86,26.0,35.31
2026-05-21 17:53:48,ROLL,0.0227,0.02253962829076621,46.28,26.0,35.31
2026-05-21 17:53:48,TWIST,0.2719,0.057451091803536344,39.86,26.0,35.31
2026-05-21 17:53:48,YAW,0.0585,0.059611385068762276,53.65,26.0,35.31
2026-05-21 17:53:48,J1,0.0763,0.016078295764243616,44.82,26.0,35.31
2026-05-21 17:53:48,J2,0.5297,0.11395855489194498,44.85,26.0,35.31
2026-05-21 17:53:48,ELBOW,0.3334,0.07096182541453831,41.87,26.0,35.31
2026-05-21 17:53:52,ELBOW,1.837,0.3910065688015717,41.88,26.0,35.31
2026-05-21 17:53:52,J1,3.1543,0.6646889689273084,44.82,26.0,35.31
2026-05-21 17:53:52,J2,0.5689,0.12239634256974462,44.86,26.0,35.31
2026-05-21 17:53:52,TWIST,0.6962,0.14710889282514739,39.87,26.0,35.31
2026-05-21 17:53:52,PITCH,0.1112,0.11260867897838901,51.86,26.0,35.31
2026-05-21 17:53:52,ROLL,0.0381,0.03783082986247544,46.28,26.0,35.31
2026-05-21 17:53:52,YAW,0.1676,0.1707781438113949,53.64,26.0,35.31
2026-05-21 17:53:56,YAW,0.0318,0.032403012966601176,53.64,26.0,35.31
2026-05-21 17:53:56,ROLL,0.0438,0.043490560314341835,46.28,26.0,35.31
2026-05-21 17:53:56,PITCH,0.1814,0.1836915559921415,51.85,26.0,35.31
2026-05-21 17:53:56,ELBOW,0.5142,0.10946362335559923,41.92,26.0,35.31
2026-05-21 17:53:56,J2,0.3604,0.07753848103732809,44.86,26.0,35.31
2026-05-21 17:53:56,J1,0.1917,0.04039737411394892,44.83,26.0,35.31
2026-05-21 17:53:56,TWIST,0.5002,0.10569357683300588,39.87,26.0,35.31
2026-05-21 17:54:00,YAW,0.0234,0.02384207151277014,53.62,26.0,35.31
2026-05-21 17:54:00,ROLL,0.0001,9.92935166994106e-05,46.28,26.0,35.31
2026-05-21 17:54:00,PITCH,0.1299,0.13153638271119844,51.84,26.0,35.31
2026-05-21 17:54:00,ELBOW,0.461,0.09814543277013754,41.94,26.0,35.31
2026-05-21 17:54:00,J2,0.9044,0.19457769769744598,44.86,26.0,35.31
2026-05-21 17:54:00,J1,0.1456,0.03068920757563851,44.89,26.0,35.31
2026-05-21 17:54:00,TWIST,0.3224,0.06812396875442044,39.87,26.0,35.31
2026-05-21 17:54:04,ELBOW,1.17,0.24909828683693516,41.95,26.0,35.31
2026-05-21 17:54:04,J1,4.1889,0.8828311668683696,44.86,26.0,35.31
2026-05-21 17:54:04,J2,3.6701,0.7896907302318271,44.89,26.0,35.31
2026-05-21 17:54:04,TWIST,1.4683,0.31025565546561884,39.87,26.0,35.31
2026-05-21 17:54:04,PITCH,0.0924,0.09356071827111984,51.83,26.0,35.31
2026-05-21 17:54:04,ROLL,0.0552,0.05481002121807465,46.28,26.0,35.31
2026-05-21 17:54:04,YAW,0.2385,0.24298886051080554,53.6,26.0,35.31
2026-05-21 17:54:08,PITCH,0.0562,0.05690597799607072,51.83,26.0,35.31
2026-05-21 17:54:08,ROLL,0.0327,0.03246897996070727,46.28,26.0,35.31
2026-05-21 17:54:08,YAW,0.4036,0.41116769823182714,53.58,26.0,35.31
2026-05-21 17:54:08,TWIST,0.369,0.07797635504911592,39.89,26.0,35.31
2026-05-21 17:54:08,J1,0.3072,0.06475549070333987,44.91,26.0,35.31
2026-05-21 17:54:08,ELBOW,0.5991,0.12755109713163063,41.95,26.0,35.31
2026-05-21 17:54:08,J2,0.6259,0.134688564589391,44.92,26.0,35.31
2026-05-21 17:54:12,ELBOW,3.1085,0.6618136962671906,41.95,26.0,35.31
2026-05-21 17:54:12,J1,3.1235,0.6585049838899804,44.95,26.0,35.31
2026-05-21 17:54:12,J2,0.1649,0.03548513229076621,44.92,26.0,35.31
2026-05-21 17:54:12,TWIST,0.2319,0.04900465240078586,39.89,26.0,35.31
2026-05-21 17:54:12,PITCH,0.0622,0.06297914970530452,51.82,26.0,35.31
2026-05-21 17:54:12,ROLL,0.0212,0.02105097524557957,46.29,26.0,35.31
2026-05-21 17:54:12,YAW,0.1848,0.18825855559921414,53.57,26.0,35.31
2026-05-21 17:54:16,ROLL,0.0118,0.011717052259332023,46.29,26.0,35.31
2026-05-21 17:54:16,PITCH,0.0816,0.0826192785854617,51.81,26.0,35.31
2026-05-21 17:54:16,TWIST,0.2783,0.058809809241650295,39.89,26.0,35.31
2026-05-21 17:54:16,YAW,0.0611,0.06224133359528488,53.56,26.0,35.31
2026-05-21 17:54:16,J1,0.2165,0.0456464006286837,44.97,26.0,35.31
2026-05-21 17:54:16,ELBOW,0.5052,0.10755936282907662,41.95,26.0,35.31
2026-05-21 17:54:16,J2,0.8741,0.18809917607858545,44.92,26.0,35.31
2026-05-21 17:54:20,ROLL,0.0553,0.054911270333988224,46.29,26.13,35.4
2026-05-21 17:54:20,PITCH,0.037,0.03746086444007858,51.8,26.13,35.4
2026-05-21 17:54:20,TWIST,0.4454,0.0941210529508841,39.89,26.13,35.4
2026-05-21 17:54:20,YAW,0.2498,0.254448537524558,53.54,26.13,35.4
2026-05-21 17:54:20,J1,1.3795,0.2908404457367386,44.96,26.13,35.4
2026-05-21 17:54:20,ELBOW,8.8514,1.8846393924086446,41.97,26.13,35.4
2026-05-21 17:54:20,J2,0.2675,0.05756587387033399,44.93,26.13,35.4
2026-05-21 17:54:24,ELBOW,1.6914,0.3601848595049116,42.01,26.13,35.4
2026-05-21 17:54:24,J1,1.9484,0.41079652187033405,44.97,26.13,35.4
2026-05-21 17:54:24,J2,0.2827,0.06083690670333989,44.93,26.13,35.4
2026-05-21 17:54:24,TWIST,0.1155,0.024408122593320238,39.9,26.13,35.4
2026-05-21 17:54:24,PITCH,0.0659,0.06672083693516699,51.8,26.13,35.4
2026-05-21 17:54:24,ROLL,0.0471,0.046768911984282915,46.29,26.13,35.4
2026-05-21 17:54:24,YAW,0.1089,0.11092652416502949,53.54,26.13,35.4
2026-05-21 17:54:28,PITCH,0.1236,0.12513516542239686,51.79,26.13,35.4
2026-05-21 17:54:28,ROLL,0.0,0.0,46.29,26.13,35.4
2026-05-21 17:54:28,TWIST,0.3793,0.08015585194499018,39.9,26.13,35.4
2026-05-21 17:54:28,YAW,0.0191,0.019454081728880156,53.52,26.13,35.4
2026-05-21 17:54:28,J1,0.1345,0.02836378278978389,45.03,26.13,35.4
2026-05-21 17:54:28,J2,1.4224,0.30609980932023584,44.93,26.13,35.4
2026-05-21 17:54:28,ELBOW,0.5732,0.1220677710962672,42.02,26.13,35.4
2026-05-21 17:54:32,ELBOW,2.8778,0.6128739279528487,42.03,26.13,35.4
2026-05-21 17:54:32,J1,4.3939,0.9264337014695483,44.98,26.13,35.4
2026-05-21 17:54:32,J2,6.2401,1.3430107497681727,44.96,26.13,35.4
2026-05-21 17:54:32,TWIST,1.0037,0.21210764196463655,39.9,26.13,35.4
2026-05-21 17:54:32,PITCH,0.1157,0.11713295245579566,51.78,26.13,35.4
2026-05-21 17:54:32,ROLL,0.1363,0.13534670333988214,46.3,26.13,35.4
2026-05-21 17:54:32,YAW,0.2347,0.23903434184675834,53.5,26.13,35.4
2026-05-21 17:54:36,YAW,0.2033,0.20704727033398823,53.49,26.13,35.4
2026-05-21 17:54:36,ROLL,0.0586,0.05819014538310413,46.3,26.13,35.4
2026-05-21 17:54:36,PITCH,0.0557,0.05638984833005893,51.78,26.13,35.4
2026-05-21 17:54:36,ELBOW,0.1993,0.042444149642436146,42.03,26.13,35.4
2026-05-21 17:54:36,J2,0.4004,0.08618439299017683,44.99,26.13,35.4
2026-05-21 17:54:36,J1,0.1326,0.027966105901768176,45.06,26.13,35.4
2026-05-21 17:54:36,TWIST,0.3075,0.06498503222003929,39.91,26.13,35.4
2026-05-21 17:54:40,ROLL,0.0404,0.04011743811394892,46.3,26.13,35.4
2026-05-21 17:54:40,YAW,0.2082,0.21203022554027506,53.48,26.13,35.4
2026-05-21 17:54:40,PITCH,0.0598,0.06053851237721021,51.77,26.13,35.4
2026-05-21 17:54:40,ELBOW,2.9747,0.6335103459174852,42.03,26.13,35.4
2026-05-21 17:54:40,J2,0.2612,0.05622218643614931,44.99,26.13,35.4
2026-05-21 17:54:40,J1,3.2191,0.6789510691709234,45.07,26.13,35.4
2026-05-21 17:54:40,TWIST,0.1462,0.030898074593320238,39.92,26.13,35.4
2026-05-21 17:54:44,ELBOW,0.3386,0.0721103315049116,42.03,26.13,35.4
2026-05-21 17:54:44,J1,0.0294,0.006200408015717093,45.05,26.13,35.4
2026-05-21 17:54:44,J2,1.0402,0.22389861535559924,44.99,26.13,35.4
2026-05-21 17:54:44,TWIST,0.2032,0.04294451954420433,39.92,26.13,35.4
2026-05-21 17:54:44,PITCH,0.128,0.12957623575638508,51.76,26.13,35.4
2026-05-21 17:54:44,ROLL,0.0084,0.008341249508840864,46.3,26.13,35.4
2026-05-21 17:54:44,YAW,0.0187,0.01904335992141454,53.47,26.13,35.4
2026-05-21 17:54:48,ROLL,0.0821,0.08152868722986249,46.31,26.13,35.4
2026-05-21 17:54:48,YAW,0.4495,0.4577375952848723,53.46,26.13,35.4
2026-05-21 17:54:48,PITCH,0.0724,0.07329155834970531,51.76,26.13,35.4
2026-05-21 17:54:48,TWIST,0.346,0.0731240342632613,39.92,26.13,35.4
2026-05-21 17:54:48,J2,0.7285,0.15681212966601182,45.0,26.13,35.4
2026-05-21 17:54:48,J1,0.4372,0.09221790025933203,45.09,26.13,35.4
2026-05-21 17:54:48,ELBOW,8.1571,1.7373116580746562,42.05,26.13,35.4
2026-05-21 17:54:52,ELBOW,0.9383,0.19986947666797644,42.09,26.13,35.4
2026-05-21 17:54:52,J1,0.1322,0.02788772765422397,45.12,26.13,35.4
2026-05-21 17:54:52,J2,0.4878,0.1050006271119843,45.0,26.13,35.4
2026-05-21 17:54:52,TWIST,0.1588,0.033562195929273085,39.93,26.13,35.4
2026-05-21 17:54:52,PITCH,0.068,0.06883497053045186,51.75,26.13,35.4
2026-05-21 17:54:52,ROLL,0.019,0.018867783889980352,46.31,26.13,35.4
2026-05-21 17:54:52,YAW,0.1721,0.17524784086444006,53.45,26.13,35.4
2026-05-21 17:54:56,ROLL,0.0028,0.002780515520628684,46.31,26.13,35.4
2026-05-21 17:54:56,PITCH,0.12,0.12146923379174852,51.74,26.13,35.4
2026-05-21 17:54:56,TWIST,0.3024,0.06391188947740668,39.93,26.13,35.4
2026-05-21 17:54:56,YAW,0.0145,0.014764190569744599,53.43,26.13,35.4
2026-05-21 17:54:56,J1,0.1746,0.036836003457760315,45.15,26.13,35.4
2026-05-21 17:54:56,ELBOW,3.8371,0.8173791927701376,42.1,26.13,35.4
2026-05-21 17:54:56,J2,1.1012,0.23704556680550098,45.01,26.13,35.4
2026-05-21 17:55:00,ROLL,0.117,0.11618582711198429,46.31,26.13,35.4
2026-05-21 17:55:00,PITCH,0.1121,0.11347250923379176,51.74,26.13,35.4
2026-05-21 17:55:00,TWIST,0.8216,0.17364420765422398,39.93,26.13,35.4
2026-05-21 17:55:00,YAW,0.276,0.28101897053045194,53.42,26.13,35.4
2026-05-21 17:55:00,J1,3.5898,0.7573262122750491,45.14,26.13,35.4
2026-05-21 17:55:00,ELBOW,0.2163,0.04607790030648331,42.11,26.13,35.4
2026-05-21 17:55:00,J2,4.9004,1.054978907410609,45.04,26.13,35.4
2026-05-21 17:55:04,ELBOW,0.1148,0.024455584628683694,42.11,26.13,35.4
2026-05-21 17:55:04,J1,0.3791,0.07999727981139487,45.21,26.13,35.4
2026-05-21 17:55:04,J2,0.7819,0.16834279349312378,45.06,26.13,35.4
2026-05-21 17:55:04,TWIST,0.3038,0.0642101175324165,39.94,26.13,35.4
2026-05-21 17:55:04,PITCH,0.1442,0.14596552927308448,51.74,26.13,35.4
2026-05-21 17:55:04,ROLL,0.1773,0.17606621493123775,46.31,26.13,35.4
2026-05-21 17:55:04,YAW,0.1391,0.1416245693516699,53.41,26.13,35.4
2026-05-21 17:55:08,PITCH,0.0774,0.07834491866404715,51.73,26.13,35.4
2026-05-21 17:55:08,ROLL,0.0295,0.029294717092337916,46.31,26.13,35.4
2026-05-21 17:55:08,YAW,0.2042,0.20789886836935165,53.4,26.13,35.4
2026-05-21 17:55:08,TWIST,0.1057,0.022340386514734776,39.94,26.13,35.4
2026-05-21 17:55:08,J1,3.4291,0.7236309138860513,45.22,26.13,35.4
2026-05-21 17:55:08,J2,0.1255,0.02702107214145383,45.07,26.13,35.4
2026-05-21 17:55:08,ELBOW,2.7645,0.5889151890766209,42.11,26.13,35.4
2026-05-21 17:55:12,ELBOW,1.0346,0.22039850049508844,42.11,26.13,35.4
2026-05-21 17:55:12,J1,0.3782,0.07981877563850688,45.25,26.13,35.4
2026-05-21 17:55:12,J2,1.4484,0.3118511624675835,45.07,26.13,35.4
2026-05-21 17:55:12,TWIST,0.4922,0.10403348070726916,39.95,26.13,35.4
2026-05-21 17:55:12,PITCH,0.069,0.0698399292730845,51.72,26.13,35.4
2026-05-21 17:55:12,ROLL,0.0169,0.01678239724950884,46.31,26.13,35.4
2026-05-21 17:55:12,YAW,0.0687,0.06993956935166994,53.38,26.13,35.4
2026-05-21 17:55:16,YAW,0.3704,0.377070110805501,53.37,26.13,35.4
2026-05-21 17:55:16,ROLL,0.0887,0.08808589626719056,46.32,26.13,35.4
2026-05-21 17:55:16,PITCH,0.082,0.08299527701375246,51.71,26.13,35.4
2026-05-21 17:55:16,ELBOW,5.4733,1.1660490368722987,42.13,26.13,35.4
2026-05-21 17:55:16,J2,0.1795,0.0386476689194499,45.07,26.13,35.4
2026-05-21 17:55:16,J1,0.8699,0.18358506322986246,45.24,26.13,35.4
2026-05-21 17:55:16,TWIST,0.0573,0.012111171159135558,39.95,26.13,35.4
2026-05-21 17:55:20,YAW,0.22,0.22396172888015717,53.37,26.05,35.51
2026-05-21 17:55:20,ROLL,0.01,0.009930766208251476,46.32,26.05,35.51
2026-05-21 17:55:20,PITCH,0.0282,0.028542278192534378,51.71,26.05,35.51
2026-05-21 17:55:20,ELBOW,0.5422,0.11552451941846757,42.16,26.05,35.51
2026-05-21 17:55:20,J2,0.397,0.08548007449901768,45.08,26.05,35.51
2026-05-21 17:55:20,J1,0.2287,0.04826693280943025,45.25,26.05,35.51
2026-05-21 17:55:20,TWIST,0.0348,0.0073554756777996074,39.95,26.05,35.51
2026-05-21 17:55:24,ELBOW,0.0445,0.009481790726915521,42.17,26.05,35.51
2026-05-21 17:55:24,J1,0.0249,0.005253244479371316,45.15,26.05,35.51
2026-05-21 17:55:24,J2,0.6357,0.13687577672298626,45.08,26.05,35.51
2026-05-21 17:55:24,TWIST,0.0013,0.0002747735166994106,39.95,26.05,35.51
2026-05-21 17:55:24,PITCH,0.0153,0.015485163064833005,51.7,26.05,35.51
2026-05-21 17:55:24,ROLL,0.0005,0.0004965383104125737,46.32,26.05,35.51
2026-05-21 17:55:24,YAW,0.1044,0.10627632848722987,53.36,26.05,35.51
2026-05-21 17:55:28,PITCH,0.0123,0.012447986640471512,51.68,26.05,35.51
2026-05-21 17:55:28,ROLL,0.0004,0.00039723064833005895,46.32,26.05,35.51
2026-05-21 17:55:28,YAW,0.1038,0.10565453280943024,53.33,26.05,35.51
2026-05-21 17:55:28,TWIST,0.0061,0.0012893218860510808,39.95,26.05,35.51
2026-05-21 17:55:28,J1,0.0517,0.010907728974459723,45.16,26.05,35.51
2026-05-21 17:55:28,ELBOW,0.0209,0.004453245532416503,42.17,26.05,35.51
2026-05-21 17:55:28,J2,0.6478,0.1394810888172888,45.08,26.05,35.51
2026-05-21 17:55:32,ELBOW,0.0701,0.014935404086444006,42.15,26.05,35.51
2026-05-21 17:55:32,J1,0.0666,0.01405235401178782,45.18,26.05,35.51
2026-05-21 17:55:32,J2,0.7373,0.1587461074891945,45.07,26.05,35.51
2026-05-21 17:55:32,TWIST,0.0031,0.0006552291552062869,39.95,26.05,35.51
2026-05-21 17:55:32,PITCH,0.0111,0.011233548919449903,51.68,26.05,35.51
2026-05-21 17:55:32,ROLL,0.0008,0.0007944330058939097,46.31,26.05,35.51
2026-05-21 17:55:32,YAW,0.1014,0.10320806758349706,53.32,26.05,35.51
2026-05-21 17:55:36,ROLL,0.0003,0.00029791237721021614,46.31,26.05,35.51
2026-05-21 17:55:36,PITCH,0.0117,0.011840354027504912,51.67,26.05,35.51
2026-05-21 17:55:36,TWIST,0.0012,0.00025363709233791745,39.95,26.05,35.51
2026-05-21 17:55:36,YAW,0.0924,0.09404432062868369,53.31,26.05,35.51
2026-05-21 17:55:36,J1,0.0316,0.006667721681728881,45.19,26.05,35.51
2026-05-21 17:55:36,ELBOW,0.0299,0.006370220259332024,42.14,26.05,35.51
2026-05-21 17:55:36,J2,0.6491,0.1397559994184676,45.07,26.05,35.51
2026-05-21 17:55:40,ROLL,0.0024,0.002383299017681729,46.31,26.05,35.51
2026-05-21 17:55:40,PITCH,0.0066,0.006679174066797643,51.67,26.05,35.51
2026-05-21 17:55:40,TWIST,0.0103,0.002177051709233792,39.95,26.05,35.51
2026-05-21 17:55:40,YAW,0.0931,0.09475677760314341,53.31,26.05,35.51
2026-05-21 17:55:40,J1,0.0846,0.017852840487229862,45.22,26.05,35.51
2026-05-21 17:55:40,ELBOW,0.0552,0.011759981516699412,42.13,26.05,35.51
2026-05-21 17:55:40,J2,0.6702,0.1442989844557957,45.07,26.05,35.51
2026-05-21 17:55:44,ELBOW,0.0434,0.009245403944990179,42.11,26.05,35.51
2026-05-21 17:55:44,J1,0.01,0.00211011394891945,45.2,26.05,35.51
2026-05-21 17:55:44,J2,0.5853,0.1260238982475442,45.08,26.05,35.51
2026-05-21 17:55:44,TWIST,0.0679,0.014351632141453831,39.95,26.05,35.51
2026-05-21 17:55:44,PITCH,0.0043,0.004351735166994107,51.68,26.05,35.51
2026-05-21 17:55:44,ROLL,0.014,0.01390257760314342,46.31,26.05,35.51
2026-05-21 17:55:44,YAW,0.0171,0.017404306090373283,53.31,26.05,35.51
2026-05-21 17:55:48,ROLL,0.0012,0.0011916070726915521,46.3,26.05,35.51
2026-05-21 17:55:48,YAW,0.0092,0.009363720235756387,53.31,26.05,35.51
2026-05-21 17:55:48,TWIST,0.056,0.01183639764243615,39.95,26.05,35.51
2026-05-21 17:55:48,PITCH,0.0643,0.06507362121807465,51.68,26.05,35.51
2026-05-21 17:55:48,J2,0.9476,0.20403254054223965,45.08,26.05,35.51
2026-05-21 17:55:48,J1,0.0783,0.01652691790962672,45.28,26.05,35.51
2026-05-21 17:55:48,ELBOW,0.0293,0.006241487151277014,42.1,26.05,35.51
2026-05-21 17:55:52,ELBOW,0.0122,0.002598750522593321,42.09,26.05,35.51
2026-05-21 17:55:52,J1,0.0828,0.01747674077799607,45.28,26.05,35.51
2026-05-21 17:55:52,J2,1.6439,0.3539690695324166,45.09,26.05,35.51
2026-05-21 17:55:52,TWIST,0.0402,0.008496842593320234,39.95,26.05,35.51
2026-05-21 17:55:52,PITCH,0.1155,0.11689371512770137,51.69,26.05,35.51
2026-05-21 17:55:52,ROLL,0.0006,0.0005958035363457761,46.3,26.05,35.51
2026-05-21 17:55:52,YAW,0.0001,0.00010178310412573674,53.32,26.05,35.51
2026-05-21 17:55:56,YAW,0.0123,0.012519321807465619,53.32,26.05,35.51
2026-05-21 17:55:56,ROLL,0.0027,0.0026811159135559925,46.3,26.05,35.51
2026-05-21 17:55:56,PITCH,0.1115,0.11284544793713165,51.69,26.05,35.51
2026-05-21 17:55:56,TWIST,0.0743,0.01570436330058939,39.95,26.05,35.51
2026-05-21 17:55:56,J2,1.9484,0.41957986313555995,45.12,26.05,35.51
2026-05-21 17:55:56,J1,0.0995,0.020996384440078588,45.21,26.05,35.51
2026-05-21 17:55:56,ELBOW,0.0107,0.0022791496110019646,42.08,26.05,35.51
2026-05-21 17:56:00,ELBOW,0.3156,0.06722426329273085,42.08,26.05,35.51
2026-05-21 17:56:00,J1,0.4974,0.10502086010216109,45.37,26.05,35.51
2026-05-21 17:56:00,J2,0.0524,0.011284526333988212,45.13,26.05,35.51
2026-05-21 17:56:00,TWIST,0.0009,0.00019022781925343813,39.95,26.05,35.51
2026-05-21 17:56:00,PITCH,0.0474,0.04797196620825147,51.69,26.05,35.51
2026-05-21 17:56:00,ROLL,0.0066,0.0065538388998035366,46.3,26.05,35.51
2026-05-21 17:56:00,YAW,0.04,0.0407132416502947,53.32,26.05,35.51
2026-05-21 17:56:04,ROLL,0.0072,0.0071496424361493114,46.3,26.05,35.51
2026-05-21 17:56:04,PITCH,0.045,0.045544597249508836,51.7,26.05,35.51
2026-05-21 17:56:04,TWIST,0.0009,0.0001902347504911591,39.96,26.05,35.51
2026-05-21 17:56:04,YAW,0.0408,0.04152750648330059,53.32,26.05,35.51
2026-05-21 17:56:04,J1,0.4247,0.08967421183497053,45.38,26.05,35.51
2026-05-21 17:56:04,ELBOW,0.2137,0.04551744504518664,42.07,26.05,35.51
2026-05-21 17:56:04,J2,0.0208,0.004479514153241651,45.14,26.05,35.51
2026-05-21 17:56:08,ELBOW,0.2196,0.04677412696267191,42.07,26.05,35.51
2026-05-21 17:56:08,J1,0.0152,0.0032089786090373287,45.34,26.05,35.51
2026-05-21 17:56:08,J2,0.0814,0.017530406349705305,45.14,26.05,35.51
2026-05-21 17:56:08,TWIST,0.0006,0.00012682316699410607,39.96,26.05,35.51
2026-05-21 17:56:08,PITCH,0.0208,0.021051724950884084,51.7,26.05,35.51
2026-05-21 17:56:08,ROLL,0.0073,0.007248943025540276,46.3,26.05,35.51
2026-05-21 17:56:08,YAW,0.0303,0.030840280550098235,53.32,26.05,35.51
2026-05-21 17:56:12,ROLL,0.0058,0.005759434184675834,46.3,26.05,35.51
2026-05-21 17:56:12,PITCH,0.0151,0.015282742632612967,51.7,26.05,35.51
2026-05-21 17:56:12,TWIST,0.0006,0.00012682316699410607,39.96,26.05,35.51
2026-05-21 17:56:12,YAW,0.0254,0.02585290844793713,53.32,26.05,35.51
2026-05-21 17:56:12,J1,0.0606,0.012792319497053044,45.31,26.05,35.51
2026-05-21 17:56:12,ELBOW,0.0733,0.015612110836935167,42.06,26.05,35.51
2026-05-21 17:56:12,J2,0.0386,0.00831294453438114,45.14,26.05,35.51
