t_s,Tm_ELBOW,Tm_J1,Tm_J2,Tm_PITCH,Tm_ROLL,Tm_TWIST,Tm_YAW,P_ELBOW,P_J1,P_J2,P_PITCH,P_ROLL,P_TWIST,P_YAW,Ts_humerus_u,Ts_humerus_l,Ts_forearm_u,Ts_forearm_l,Ts_wrist,Ts_hand,T_amb
0.0,25.814531551062068,31.469085207813436,,,,26.45620702080239,,59.87260726575724,59.87826391263161,0.0,0.0,0.0,60.15181476623521,0.0,22.144675213675207,22.391025641025642,22.06441880341881,22.059846153846145,26.086957264957267,27.136547008547012,21.482786324786325
2.0,27.532515524552277,32.30963605971014,,,,28.160180793108523,,60.1642499132259,59.87008640023805,0.0,0.0,0.0,60.31096817634758,0.0,22.15594871794871,22.409923076923075,22.06906410256411,22.077615384615378,26.12071794871795,27.173871794871797,21.479205128205127
4.0,29.20289176239267,33.13807197673695,,,,29.816429332394737,,60.540762965364614,60.13489083233814,0.0,0.0,0.0,60.6895289723221,0.0,22.166407469342246,22.427496655518393,22.07410981047938,22.094481605351163,26.1534994425864,27.210604793756968,21.475778149386844
6.0,30.825660264583252,33.95439295889387,,,,31.424952638661026,,61.0500837247644,60.583168872840226,0.0,0.0,0.0,60.91365503781207,0.0,22.17605146785581,22.443746376811593,22.079555927164627,22.1104448160535,26.18530174656262,27.246746005202528,21.472505388331474
8.0,32.40082103112402,34.758599006180894,,,,32.98575071190739,,61.33839960314496,60.56723695542303,0.0,0.0,0.0,61.48737684265115,0.0,22.184880713489402,22.45867224080267,22.085402452619846,22.1255050167224,26.2161248606466,27.28229542920847,21.46938684503902
10.0,33.928374062014974,35.55069011859803,,,,34.49882355213384,,61.6802461502816,61.048933529167776,0.0,0.0,0.0,61.81914612306137,0.0,22.192895206243026,22.472274247491633,22.09164938684504,22.13966220735785,26.24596878483835,27.317253065774803,21.466422519509475
12.0,35.40831935725612,36.33066629614527,,,,35.96417115934037,,62.04006666666667,60.8563,0.0,0.0,0.0,62.11253333333333,0.0,22.20009494611668,22.484552396878478,22.098296729840207,22.152916387959856,26.274833519137868,27.351618914901522,21.463612411742847
14.0,36.84065691684744,37.098527538822616,,,,37.38179353352697,,62.36351809391981,61.16239850336531,0.0,0.0,0.0,62.45312664122962,0.0,22.206479933110362,22.495506688963204,22.10534448160535,22.16526755852842,26.30271906354515,27.385392976588626,21.460956521739128
16.0,38.225386740788956,37.85427384663007,,,,38.75169067469365,,62.58737678232062,61.30170309696848,0.0,0.0,0.0,62.784569976253806,0.0,22.21205016722407,22.50513712374581,22.112792642140466,22.176715719063534,26.3296254180602,27.418575250836117,21.458454849498324
18.0,39.562508829080656,38.597905219567636,,,,40.073862582840405,,63.170141634199275,61.492696537674405,0.0,0.0,0.0,63.09406854524509,0.0,22.216805648457814,22.5134437012263,22.120641211445555,22.187260869565208,26.355552582683018,27.451165737643993,21.456107395020435
20.0,40.852023181722544,39.32942165763531,,,,41.34830925796724,,63.327613073664,61.828951949056,0.0,0.0,0.0,63.271738040064,0.0,22.220746376811583,22.52042642140467,22.12889018952062,22.196903010033434,26.3805005574136,27.48316443701226,21.45391415830546
22.0,42.09392979871461,40.04882316083308,,,,42.57503070007415,,63.56859696820814,61.79129545198898,0.0,0.0,0.0,63.54409391185061,0.0,22.223872352285387,22.526085284280924,22.137539576365658,22.205642140468218,26.40446934225195,27.51457134894091,21.451875139353394
24.0,43.28822868005683,40.75610972916093,,,,43.754026909161105,,63.9334000704,61.84579544131765,0.0,0.0,0.0,63.91890287912157,0.0,22.226183574879204,22.530420289855048,22.146589371980653,22.213478260869547,26.427458937198043,27.54538647342993,21.449990338164227
26.0,44.47585157920497,41.49088350696038,,,,44.91964396059575,,64.20152103555704,62.08781059435393,0.0,0.0,0.0,64.27356486498626,0.0,22.225971014492732,22.531217391304327,22.153797101449253,22.217647342995146,26.443700483091764,27.57315942028983,21.44535265700481
28.0,45.587340278401534,42.197953786922234,,,,46.00997806389735,,64.19980154414446,62.40146772436834,0.0,0.0,0.0,64.53503282344545,0.0,22.223545893719788,22.528932367149736,22.160724637681138,22.218830917874374,26.45676328502413,27.600352657004805,21.439299516908193
30.0,46.628463427716405,42.880734569329086,,,,47.034731438622934,,64.772542,62.393778,0.0,0.0,0.0,64.86198999999999,0.0,22.22054106280191,22.526927536231863,22.1692222222222,22.22019806763283,26.473251207729444,27.629057971014465,21.434212560386452
32.0,47.61034561463473,43.54196024569623,,,,48.00416061416606,,64.89250511198054,62.58616368525984,0.0,0.0,0.0,64.93242113188128,0.0,22.218589371980656,22.525565217391282,22.179917874396114,22.223743961352636,26.493816425120748,27.65776328502413,21.432473429951667
34.0,48.53878442022738,44.17805523496225,,,,48.92285833743054,,64.98488979591836,62.780065306122445,0.0,0.0,0.0,64.84275306122449,0.0,22.21814975845409,22.523429951690797,22.19283574879225,22.228512077294667,26.514381642512056,27.684956521739103,21.43285990338162
36.0,49.42031827860448,44.79523599227873,,,,49.79470964062544,,65.24627715059145,62.70112279922237,0.0,0.0,0.0,65.40827328498901,0.0,22.21790338164249,22.51910628019322,22.206173913043457,22.232990338164228,26.53391787439611,27.713951690821233,21.435371980676308
38.0,50.26258103364739,45.40090582816167,,,,50.62514964970499,,65.432503577344,63.034931890688,0.0,0.0,0.0,65.56964501888,0.0,22.216531400966165,22.51478260869563,22.217463768115923,22.236270531400944,26.551951690821234,27.74323671497582,21.436961352656986
40.0,51.06914928147766,45.99345438937631,,,,51.41447053506656,,65.65560342752887,62.85865468536342,0.0,0.0,0.0,65.71303216834565,0.0,22.21449275362317,22.511425120772927,22.228966183574858,22.23799999999998,26.56913526570046,27.77129951690819,21.43753140096616
42.0,51.843367221988,46.555313378492826,,,,52.16971687771944,,65.77848195914073,63.272990165126934,0.0,0.0,0.0,65.84989507696784,0.0,22.21342028985505,22.50939613526568,22.243463768115923,22.24139613526568,26.589690821256013,27.798405797101427,21.43993719806761
44.0,52.58305246016632,47.09760664395726,,,,52.887658779676826,,65.96306130987222,63.32137838727563,0.0,0.0,0.0,66.11608844461196,0.0,22.214946859903364,22.510280193236696,22.260690821256016,22.247850241545876,26.613618357487898,27.827821256038625,21.443985507246353
46.0,53.2965807576031,47.631645740314,,,,53.57415573939947,,66.11688342129732,63.26702901418875,0.0,0.0,0.0,66.11614196737794,0.0,22.217705314009642,22.514487922705293,22.280985507246356,22.25575362318839,26.63974396135263,27.85981159420287,21.44948309178742
48.0,53.984236149813555,48.14511407290909,,,,54.23332898634954,,66.34141405620102,63.65567984169384,0.0,0.0,0.0,66.32933433449094,0.0,22.221550724637662,22.520652173913025,22.302859903381623,22.264719806763264,26.66751207729466,27.892864734299494,21.458062801932346
50.0,54.64537335728528,48.651423778656394,,,,54.8661459223267,,66.56355973123847,63.70179989607174,0.0,0.0,0.0,66.41432187537015,0.0,22.22816425120771,22.527405797101427,22.32599999999998,22.274966183574858,26.697589371980655,27.926690821256013,21.468357487922685
52.0,55.28378407681244,49.14791723843736,,,,55.475111176499716,,66.62365074509104,63.7851785051968,0.0,0.0,0.0,66.60757590883253,0.0,22.236227053140077,22.536381642512055,22.348821256038626,22.285487922705293,26.72824637681157,27.960999999999974,21.478396135265683
54.0,55.90175702916254,49.62923670842225,,,,56.05961135892448,,66.67111550737677,63.91381352449645,0.0,0.0,0.0,66.76231159753843,0.0,22.243816425120755,22.54738647342993,22.373294685990317,22.29889855072462,26.757753623188385,27.998550724637656,21.4904299516908
56.0,56.49879773848846,50.09862077318391,,,,56.62288637660519,,66.83005042030865,64.04290806323449,0.0,0.0,0.0,66.85136532976453,0.0,22.25018357487921,22.55840096618355,22.39951690821254,22.312985507246356,26.785555555555533,28.03610144927534,21.501884057970994
58.0,57.076126201144696,50.56162409751076,,,,57.1623269959944,,66.93286287352608,64.1888272901882,0.0,0.0,0.0,67.09662563290121,0.0,22.256357487922685,22.567357487922685,22.423884057970994,22.324314009661816,26.812874396135243,28.0704106280193,21.508961352656986
60.0,57.637803004504114,51.00810851498448,,,,57.68261602733604,,67.26458118348116,64.2780712826115,0.0,0.0,0.0,67.20473515173713,0.0,22.263971014492732,22.575743961352636,22.449347826086935,22.337275362318817,26.841536231884035,28.10423671497582,21.5150724637681
62.0,58.18158198156763,51.44413010084552,,,,58.188072271498,,67.30399998259703,64.55535861648893,0.0,0.0,0.0,67.31366497487919,0.0,22.271657004830892,22.584999999999976,22.477589371980656,22.350212560386453,26.869144927536208,28.13851207729466,21.520579710144908
64.0,58.707656998461516,51.870315052065614,,,,58.67836770204188,,67.34409701689856,64.41848356963457,0.0,0.0,0.0,67.35822240038922,0.0,22.279270531400947,22.596565217391284,22.508463768115924,22.362690821256017,26.895700483091762,28.17116908212558,21.5252415458937
66.0,59.21982930827954,52.291242494623226,,,,59.15382438716853,,67.53344169749815,64.50608592798041,0.0,0.0,0.0,67.41027082076918,0.0,22.286666666666648,22.60887922705312,22.54060386473428,22.376101449275343,26.92237681159418,28.202570048309152,21.530642512077275
68.0,59.720623613737644,52.70388872521308,,,,59.61468872096164,,67.56060643960411,64.51234032319084,0.0,0.0,0.0,67.3287015382714,0.0,22.291874396135245,22.619777777777756,22.573816425120754,22.38883574879225,26.949125603864715,28.233077294685966,21.536589371980654
70.0,60.20634030193546,53.111620910200536,,,,60.06419268270318,,67.582898554624,64.4974001344,0.0,0.0,0.0,67.777797045248,0.0,22.29592270531399,22.628874396135245,22.607256038647318,22.40050724637679,26.975294685990313,28.262449275362293,21.54233333333331
72.0,60.67790594414157,53.50846460662347,,,,60.5036225831347,,67.88550667502281,64.86724076413874,0.0,0.0,0.0,67.75221819194118,0.0,22.297396135265682,22.636338164251185,22.640632850241523,22.40950724637679,27.000231884057946,28.290444444444418,21.545951690821234
74.0,61.13423175467461,53.90837707354777,,,,60.93425022656831,,67.94914775809168,65.00661596215788,0.0,0.0,0.0,68.07198454487447,0.0,22.2966570048309,22.64228985507244,22.674212560386454,22.41600483091785,27.023888888888866,28.318043478260844,21.547347826086938
76.0,61.57844367293899,54.29285010113837,,,,61.35971371306339,,67.98416652652637,64.8086329601537,0.0,0.0,0.0,67.79638604112894,0.0,22.297067632850222,22.64985024154587,22.708212560386453,22.42316908212558,27.048043478260844,28.345053140096596,21.546425120772927
78.0,62.0095275419032,54.672393873719635,,,,61.77866063781339,,68.01588146759227,64.87324099997377,0.0,0.0,0.0,67.95503171691136,0.0,22.300212560386456,22.659140096618334,22.74280193236713,22.43116908212558,27.07329951690819,28.371932367149732,21.54369082125602
80.0,62.43015427239812,55.03366618970302,,,,62.19135085715675,,68.297119933873,65.08224382925177,0.0,0.0,0.0,68.07274171196552,0.0,22.304120772946842,22.667280193236696,22.778101449275344,22.43839613526568,27.097879227053117,28.397362318840557,21.540256038647325
82.0,62.84143248262394,55.38808330407548,,,,62.59714277173173,,68.25964780477084,65.36922390113664,0.0,0.0,0.0,68.35859463499429,0.0,22.306869565217372,22.67561352657003,22.814183574879205,22.4432415458937,27.12062318840577,28.420024154589345,21.536628019323654
84.0,63.24667971014731,55.74041922322431,,,,62.99716032500106,,68.39588083450981,65.50375160382745,0.0,0.0,0.0,68.2871749696,0.0,22.30714009661834,22.683657004830895,22.84924637681157,22.445874396135242,27.140975845410605,28.443425120772922,21.532710144927517
86.0,63.64700533216242,56.08555440523186,,,,63.39346189773708,,68.47420114332037,65.59950691023957,0.0,0.0,0.0,68.45071608755207,0.0,22.305391304347808,22.691531400966163,22.884439613526553,22.4476376811594,27.159589371980655,28.46624637681157,21.528405797101428
88.0,64.04481354130034,56.4233073551629,,,,63.78906629085203,,68.72918729665165,65.25810636016588,0.0,0.0,0.0,68.6356917227057,0.0,22.305082125603846,22.699961352656985,22.922072463768096,22.450478260869545,27.180768115942005,28.487169082125583,21.525444444444425
90.0,64.43800525351827,56.7547286228013,,,,64.1836977339929,,68.77979619845709,65.60923164092627,0.0,0.0,0.0,68.46808228308609,0.0,22.3054492753623,22.70967149758452,22.96200966183573,22.45577294685988,27.204038647342973,28.50847826086954,21.523159420289836
92.0,64.82664304969343,57.08484550809351,,,,64.57611631082186,,68.78472719619923,65.5733070348526,0.0,0.0,0.0,68.51897986259105,0.0,22.305729468599015,22.71833816425119,23.002859903381623,22.461294685990318,27.22654589371978,28.532458937198044,21.522106280193217
94.0,65.20994579678857,57.40519904375984,,,,64.96639604236454,,68.76714287707053,65.9195785696933,0.0,0.0,0.0,68.61694281777265,0.0,22.30755555555554,22.727811594202876,23.045579710144906,22.468434782608675,27.249657004830894,28.557792270531376,21.523458937198047
96.0,65.58769465752043,57.72168704337286,,,,65.35450380028756,,69.07476407766256,65.74120152654139,0.0,0.0,0.0,68.87593746022858,0.0,22.310734299516888,22.739289855072442,23.08985507246375,22.47675845410626,27.272294685990314,28.584381642512053,21.525391304347806
98.0,65.96041431649955,58.039850625917936,,,,65.73972082306338,,69.07633422863121,65.33876517071094,0.0,0.0,0.0,69.17257541469772,0.0,22.315072463768097,22.75092270531399,23.13410144927534,22.484608695652152,27.293333333333308,28.613352657004807,21.527903381642492
100.0,66.32914833182137,58.3488005213112,,,,66.11799482250514,,69.10041332073557,66.02956184178011,0.0,0.0,0.0,69.00352377353018,0.0,22.320376811594183,22.764463768115917,23.178463768115922,22.49515458937196,27.313995169082105,28.642830917874374,21.530995169082107
102.0,66.69299288459456,58.64613919491744,,,,66.48718132890136,,69.24866666666667,66.07613333333333,0.0,0.0,0.0,68.935,0.0,22.326454106280174,22.77984057971013,23.226038647342975,22.508565217391286,27.336676328502392,28.672768115942002,21.53588888888887
104.0,67.05443645635667,58.93827150573932,,,,66.8488105577791,,69.33054645310936,66.14038887822942,0.0,0.0,0.0,69.3073509830135,0.0,22.33311111111109,22.79515458937196,23.276874396135245,22.52140579710143,27.359550724637653,28.70128985507244,21.53898067632848
106.0,67.40980940304111,59.23368525947038,,,,67.2031240050344,,69.51944722660564,66.23594673180014,0.0,0.0,0.0,69.26906850935545,0.0,22.34015458937196,22.80906280193235,23.329193236714953,22.534463768115923,27.3826183574879,28.72952173913041,21.538444444444426
108.0,67.76006597732867,59.520974123617385,,,,67.550475802368,,69.40763010341774,65.92672069989729,0.0,0.0,0.0,69.19865793121316,0.0,22.347391304347806,22.82499999999998,23.384217391304325,22.549130434782587,27.407101449275338,28.75919323671495,21.539057971014472
110.0,68.10409729484896,59.803919501726206,,,,67.8907420728898,,69.49379999125227,66.4428050644245,0.0,0.0,0.0,69.49144589731188,0.0,22.35462801932365,22.84457487922703,23.44194685990336,22.563797101449254,27.431222222222193,28.789033816425096,21.541376811594183
112.0,68.4479708902556,60.084850280526005,,,,68.22419748122904,,69.59947289414843,66.56106357335533,0.0,0.0,0.0,69.55991432073637,0.0,22.3604492753623,22.864570048309158,23.49933333333331,22.57807729468597,27.456855072463743,28.818391304347802,21.544178743961336
114.0,68.78810164776144,60.363001117075086,,,,68.55112152853587,,69.67072573724833,66.83403064543884,0.0,0.0,0.0,69.58574729606568,0.0,22.365217391304327,22.884768115942013,23.556280193236695,22.591584541062776,27.482874396135244,28.847835748792242,21.548685990338146
116.0,69.12349587426658,60.63578141116793,,,,68.87035665784626,,69.68907068673995,65.96131292571546,0.0,0.0,0.0,69.82425169090493,0.0,22.370468599033796,22.90490338164249,23.615642512077272,22.602710144927517,27.508154589371955,28.876144927536206,21.553120772946844
118.0,69.44934864664029,60.89533462988518,,,,69.18076527146022,,69.840195597056,66.77929012608,0.0,0.0,0.0,69.713533919488,0.0,22.37591304347824,22.924661835748772,23.675400966183552,22.611623188405776,27.534570048309153,28.90270048309176,21.555705314009646
120.0,69.76943288559238,61.15611601307266,,,,69.48277734595985,,70.00039130738047,66.77594340892956,0.0,0.0,0.0,69.94371740280042,0.0,22.381260869565196,22.946729468599013,23.73348792270529,22.619666666666646,27.561565217391276,28.92928019323669,21.55583574879225
122.0,70.0822240459067,61.42061138173549,,,,69.77918736308557,,70.02996142027602,66.86710170625587,0.0,0.0,0.0,69.8491156351269,0.0,22.3868260869565,22.968347826086937,23.79261352657003,22.628183574879206,27.588584541062776,28.954613526570018,21.553463768115922
124.0,70.39211253656892,61.663506482247854,,,,70.07251270180127,,70.14008533217236,66.72922298783102,0.0,0.0,0.0,69.96794130260028,0.0,22.393526570048287,22.99036231884056,23.85243961352655,22.637342995169057,27.61567632850239,28.978603864734275,21.550318840579692
126.0,70.69633562204825,61.90931167339744,,,,70.36172900509321,,70.12164552374145,66.63727814978017,0.0,0.0,0.0,69.9801980298151,0.0,22.401676328502393,23.014188405797082,23.91140579710143,22.645536231884034,27.644111111111087,29.00232850241543,21.54630434782607
128.0,70.99793816210482,62.14958607531043,,,,70.6488897029835,,70.27512305403961,66.74083527193099,0.0,0.0,0.0,70.01387861652394,0.0,22.410381642512053,23.037589371980655,23.970951690821238,22.65237681159418,27.672159420289827,29.025642512077273,21.54314975845409
130.0,71.29860533024765,62.38532518790703,,,,70.93479125613655,,70.26539834644855,66.74500164759553,0.0,0.0,0.0,70.21957877581814,0.0,22.418144927536208,23.061932367149737,24.029468599033795,22.657478260869542,27.698091787439587,29.04840096618355,21.540188405797082
132.0,71.60121020995506,62.620495970891234,,,,71.21850322612535,,70.43613104487801,66.89745863434199,0.0,0.0,0.0,70.51881372852505,0.0,22.42407246376809,23.085536231884035,24.085903381642492,22.661057971014472,27.721352657004804,29.071062801932342,21.536753623188385
134.0,71.90257873232378,62.85495636446935,,,,71.5021784558871,,70.41683353132308,66.71222885907693,0.0,0.0,0.0,70.24531735384616,0.0,22.428478260869543,23.10667149758452,24.14215458937196,22.662714975845386,27.74194202898548,29.09286473429949,21.534574879227034
136.0,72.20296421044249,63.08977975868984,,,,71.7891269927771,,70.62878743001811,66.80067488782315,0.0,0.0,0.0,70.4331135854911,0.0,22.43228019323669,23.12838647342993,24.19702415458935,22.6632222222222,27.762241545893698,29.11421739130432,21.532333333333312
138.0,72.50393015694218,63.319786896420574,,,,72.0756423156955,,70.48376986029551,67.31028948879357,0.0,0.0,0.0,70.50524802024748,0.0,22.43457004830916,23.151903381642487,24.25286956521737,22.66574879227051,27.782806763285002,29.13853140096616,21.530487922705294
140.0,72.80472995752741,63.54725138903862,,,,72.36417117957689,,70.6001542907726,67.32928188169107,0.0,0.0,0.0,70.71160466474821,0.0,22.43866183574877,23.175444444444423,24.3132222222222,22.67046376811592,27.80481159420287,29.166217391304322,21.532497584541044
142.0,73.10254012824306,63.7667796750085,,,,72.64923132091027,,70.62927522113537,67.23236477730426,0.0,0.0,0.0,70.53363764762676,0.0,22.44609178743959,23.19966183574877,24.37496135265698,22.677584541062778,27.8264299516908,29.195908212560358,21.536995169082108
144.0,73.39633642862191,63.9909686971725,,,,72.93349919267617,,70.70030178538619,67.35351677106733,0.0,0.0,0.0,70.69319619772516,0.0,22.453618357487898,23.22520772946858,24.437966183574858,22.68432850241544,27.847661835748763,29.228681159420262,21.543231884057953
146.0,73.69077445420864,64.21765199881453,,,,73.21794592191932,,70.74672914903422,67.22453785458764,0.0,0.0,0.0,70.77783475854761,0.0,22.461048309178725,23.251526570048288,24.503289855072442,22.69091304347824,27.871555555555528,29.262613526570025,21.551681159420273
148.0,73.98401346561796,64.441117234596,,,,73.49770153503543,,70.89164739132632,67.23618941170527,0.0,0.0,0.0,70.9991411432421,0.0,22.46818840579708,23.278062801932347,24.570763285024135,22.700555555555535,27.896985507246352,29.295782608695625,21.560420289855053
150.0,74.27801402463072,64.66073818922109,,,,73.77937642105168,,70.98094188095625,67.4121000726384,0.0,0.0,0.0,70.89019361425227,0.0,22.474845410628,23.30364251207727,24.639599033816403,22.71164734299515,27.921652173913014,29.32926570048307,21.56813043478259
152.0,74.57183970800733,64.87957854235172,,,,74.06177043390082,,71.05466292770342,67.34220238873311,0.0,0.0,0.0,70.61601122109633,0.0,22.47960386473428,23.327043478260848,24.70896135265698,22.72380193236713,27.945652173913015,29.362917874396107,21.574666666666648
154.0,74.8668496587044,65.09814071872741,,,,74.34412154905938,,71.03078322306207,66.99936000353104,0.0,0.0,0.0,71.0900936009931,0.0,22.4828260869565,23.349995169082103,24.781584541062777,22.736632850241527,27.97147826086954,29.396594202898527,21.582280193236695
156.0,75.16243146098543,65.31154556017228,,,,74.62438069514792,,71.10180373410334,67.18262065968523,0.0,0.0,0.0,70.83195220112385,0.0,22.48604830917872,23.376004830917854,24.85655072463766,22.74853140096616,27.99740096618355,29.430149758454082,21.5908260869565
158.0,75.45802233324459,65.52665887675956,,,,74.9024406173768,,71.14697498453333,67.57706250453333,0.0,0.0,0.0,71.01814222106667,0.0,22.488980676328485,23.403753623188386,24.931719806763258,22.760888888888868,28.020468599033787,29.464661835748768,21.598985507246358
160.0,75.75562623481692,65.74372371110866,,,,75.17649616833067,,71.33991123020225,67.5131258564946,0.0,0.0,0.0,71.2272756075121,0.0,22.49133333333331,23.43131884057969,25.00672946859901,22.77327053140095,28.04372946859901,29.499429951690793,21.60666183574877
162.0,76.0477901636183,65.95870418632457,,,,75.44803547137866,,71.34207140607538,67.44914288002306,0.0,0.0,0.0,71.24461431438753,0.0,22.494642512077274,23.460999999999977,25.0829951690821,22.78401932367148,28.068405797101427,29.53075362318838,21.614980676328482
164.0,76.33637838425072,66.16923745354254,,,,75.71649159809645,,71.31268798322064,67.75260641458748,0.0,0.0,0.0,71.27611275221287,0.0,22.49927053140095,23.490874396135244,25.160710144927513,22.794478260869546,28.093942028985484,29.556710144927507,21.6202415458937
166.0,76.62162699741607,66.37692918549386,,,,75.98176549813233,,71.54807135805598,67.51281742503608,0.0,0.0,0.0,71.35734856111756,0.0,22.50380193236713,23.520845410628,25.237019323671475,22.805990338164232,28.12043478260867,29.581980676328477,21.62357004830916
168.0,76.90569677725759,66.58659561363078,,,,76.24599297835628,,71.5643526623384,67.37143533375541,0.0,0.0,0.0,71.34671014771828,0.0,22.50804347826085,23.55081642512075,25.313241545893696,22.81872463768114,28.146806763285,29.607024154589347,21.62609178743959
170.0,77.18773636140496,66.79564158630713,,,,76.5096281418449,,71.55832329547715,67.70893521393914,0.0,0.0,0.0,71.43407104148262,0.0,22.511801932367128,23.577642512077276,25.390647342995145,22.8310724637681,28.171376811594175,29.63052173913041,21.627154589371962
172.0,77.46954039809056,67.00075451842034,,,,76.77518322628944,,71.57654804498578,67.86703724101929,0.0,0.0,0.0,71.53208725595263,0.0,22.516710144927515,23.603560386473408,25.467458937198046,22.841425120772925,28.194241545893693,29.655425120772918,21.626758454106263
174.0,77.74933258863409,67.20993583399047,,,,77.0416823111765,,71.88293964879864,68.07077227255618,0.0,0.0,0.0,71.58402173337237,0.0,22.523227053140076,23.630140096618337,25.544294685990312,22.849951690821236,28.21605314009659,29.67990821256036,21.62250724637679
176.0,78.02985333993266,67.41557671229447,,,,77.3068184706744,,71.7816911378629,68.40880421504498,0.0,0.0,0.0,71.64401812466818,0.0,22.5300338164251,23.655251207729446,25.62055072463766,22.856772946859884,28.23681159420287,29.702193236714947,21.615004830917854
178.0,78.30706735010035,67.61525844004066,,,,77.57262381509663,,71.99330544824107,67.9474915699907,0.0,0.0,0.0,71.59323169966365,0.0,22.533985507246353,23.680888888888866,25.69440096618355,22.860739130434762,28.257690821256013,29.721106280193208,21.604806763285005
180.0,78.58470666760381,67.81969703324724,,,,77.84035718215524,,71.9026818837223,67.9882123440837,0.0,0.0,0.0,71.81423342313657,0.0,22.53611111111109,23.708951690821237,25.767019323671473,22.86365217391302,28.27864251207727,29.73847342995166,21.596690821256015
182.0,78.85800047099798,68.02683423846,,,,78.10995218429413,,71.96994527440543,68.26964232321818,0.0,0.0,0.0,71.75340335158121,0.0,22.537391304347803,23.739463768115918,25.83896135265698,22.86726570048307,28.298396135265676,29.756120772946836,21.590657004830895
184.0,79.12862506544924,68.21589480743626,,,,78.37940059621911,,72.02358915493544,68.10525025858514,0.0,0.0,0.0,71.73847738373127,0.0,22.53818840579708,23.7754492753623,25.910782608695627,22.873937198067612,28.319285024154564,29.773478260869535,21.583753623188386
186.0,79.40110214486951,68.41132561027517,,,,78.65125725944009,,72.12617962551217,68.25013489255143,0.0,0.0,0.0,72.02273615227976,0.0,22.540690821256018,23.816328502415438,25.98426086956519,22.88424637681157,28.34364251207727,29.791801932367125,21.576681159420268
188.0,79.6693555972991,68.60456797840703,,,,78.92613212319364,,72.01611296315455,67.9302526808382,0.0,0.0,0.0,71.95198816218468,0.0,22.545309178743942,23.85791787439611,26.059999999999977,22.89516908212558,28.370198067632824,29.810521739130404,21.57074396135264
190.0,79.93497288795581,68.79138190713485,,,,79.1998691613429,,72.28195477883666,68.33504579233905,0.0,0.0,0.0,72.13800900399309,0.0,22.549454106280173,23.8996376811594,26.134999999999977,22.90668115942027,28.397077294685964,29.831463768115913,21.566642512077276
192.0,80.2018534381893,68.97915153707703,,,,79.47398308499612,,72.31893039896438,68.3265335319314,0.0,0.0,0.0,72.1879370635461,0.0,22.551710144927515,23.943289855072443,26.210483091787417,22.918710144927516,28.425405797101423,29.85462801932364,21.564473429951672
194.0,80.47069456603123,69.16683245009102,,,,79.74894296142416,,72.32683857565377,68.58207869562278,0.0,0.0,0.0,72.25458476840468,0.0,22.554835748792247,23.988850241545876,26.286449275362294,22.93296135265698,28.45630917874394,29.87696618357485,21.561285024154568
196.0,80.74107305890385,69.34549174917204,,,,80.02285843241246,,72.19794487424,68.213720940032,0.0,0.0,0.0,72.15332996096,0.0,22.558541062801908,24.033864734299495,26.361072463768096,22.951140096618335,28.48730917874394,29.901429951690794,21.55707729468597
198.0,81.01013058528345,69.51848132608012,,,,80.29814825537291,,72.52424803665618,68.35795246812037,0.0,0.0,0.0,72.16953267651972,0.0,22.562536231884035,24.077657004830897,26.43552657004828,22.971347826086937,28.518975845410605,29.92792270531398,21.55480193236713
200.0,81.28219950161976,69.68959332892014,,,,80.56698083158963,,72.46728354823755,68.29527478819496,0.0,0.0,0.0,72.25625222299772,0.0,22.566531400966163,24.12193236714974,26.510367149758427,22.992908212560366,28.55130917874394,29.956347826086926,21.556188405797084
202.0,81.55778524336081,69.85862498528341,,,,80.83205087073456,,72.64175154626632,68.43546536444538,0.0,0.0,0.0,72.49705445402263,0.0,22.572062801932347,24.16839613526568,26.587975845410604,23.015144927536216,28.58313526570046,29.987830917874366,21.55996618357486
204.0,81.83234770771017,70.0254687291238,,,,81.09345378635015,,72.67959462786955,68.51256533696478,0.0,0.0,0.0,72.43250678912212,0.0,22.57949275362317,24.218198067632827,26.665304347826066,23.037381642512056,28.613898550724613,30.020497584541033,21.5642608695652
206.0,82.10560808398569,70.19621344389549,,,,81.34913726977072,,72.7098815671026,68.37478059009929,0.0,0.0,0.0,72.75022440750628,0.0,22.58740579710143,24.267710144927516,26.741700483091766,23.060768115942007,28.641821256038618,30.053077294685963,21.570198067632834
208.0,82.37947882980689,70.3584778579284,,,,81.59966250316405,,72.62801007439927,68.73213443654261,0.0,0.0,0.0,72.6198588824678,0.0,22.594386473429932,24.31513043478259,26.818289855072443,23.08223188405795,28.669333333333306,30.08425120772944,21.576458937198048
210.0,82.65116263895474,70.52286130743464,,,,81.84957603376877,,72.94885742037978,69.0480282424085,0.0,0.0,0.0,72.55241913751352,0.0,22.602019323671477,24.361657004830896,26.89375362318838,23.101700483091765,28.698260869565193,30.115048309178718,21.58350241545892
212.0,82.9215700743372,70.68281289728476,,,,82.09799753985075,,72.90523054457844,68.74957604839831,0.0,0.0,0.0,72.70094699888634,0.0,22.610062801932347,24.40483574879225,26.96855072463766,23.12210144927534,28.726222222222198,30.147671497584515,21.591135265700466
214.0,83.19054326583684,70.83723530279532,,,,82.34431025708345,,73.02008636113865,68.6712924298941,0.0,0.0,0.0,72.81823638020938,0.0,22.617053140096598,24.44399033816423,27.044314009661814,23.141536231884036,28.750835748792245,30.181927536231857,21.600338164251188
216.0,83.4555920527366,70.99458462261026,,,,82.59112779176353,,73.08221764705883,68.75105294117647,0.0,0.0,0.0,72.89488235294117,0.0,22.624526570048285,24.4802222222222,27.12267632850239,23.159328502415438,28.77332367149756,30.21644927536229,21.61086956521737
218.0,83.71580069669054,71.15030984367904,,,,82.83813371289168,,73.03859024036423,68.90881947463565,0.0,0.0,0.0,72.7575359073359,0.0,22.63219323671495,24.514028985507224,27.20227053140094,23.173579710144907,28.79490821256036,30.251091787439588,21.620661835748773
220.0,83.9717157964461,71.30826993519462,,,,83.08521530451569,,73.14407657824623,68.7704502115228,0.0,0.0,0.0,72.85060507407331,0.0,22.63976328502413,24.544734299516886,27.282951690821232,23.185391304347807,28.815033816425093,30.284487922705285,21.628821256038627
222.0,84.22427754255158,71.45985963647206,,,,83.33049450354723,,73.31817935332174,68.84255484368695,0.0,0.0,0.0,72.73852292173913,0.0,22.64694685990336,24.572917874396115,27.364574879227025,23.19708695652172,28.83379710144925,30.316444444444418,21.63623188405795
224.0,84.47475262009517,71.61505530768142,,,,83.57501508842563,,73.2288593930515,69.11669811472356,0.0,0.0,0.0,73.12123270490785,0.0,22.653454106280172,24.599811594202876,27.445169082125577,23.20559420289853,28.851946859903357,30.34733816425118,21.644381642512055
226.0,84.72108520610634,71.76346702858045,,,,83.8216333013663,,73.35260612238596,68.79174840945579,0.0,0.0,0.0,72.82846415177836,0.0,22.6589951690821,24.62791787439611,27.52454106280191,23.21149275362317,28.86967632850239,30.37754589371978,21.65358454106278
228.0,84.96719831170496,71.91118851951217,,,,84.066650686936,,73.39960466562553,69.0893661546668,0.0,0.0,0.0,73.20425597808041,0.0,22.663884057970993,24.658009661835727,27.60305314009659,23.218410628019303,28.885400966183543,30.40687439613524,21.664202898550702
230.0,85.20850154042444,72.05701819130347,,,,84.30748954510784,,73.56641816421553,68.8818636188174,0.0,0.0,0.0,73.20616364426226,0.0,22.667212560386453,24.687908212560362,27.68101932367147,23.223975845410607,28.89814009661833,30.432734299516884,21.672995169082107
232.0,85.44893678264559,72.2021756904003,,,,84.54893846528337,,73.42333848125097,68.6867359752087,0.0,0.0,0.0,73.41079219620359,0.0,22.670468599033796,24.71848309178742,27.76053140096616,23.228864734299496,28.911739130434757,30.45553623188403,21.679115942028965
234.0,85.69348917274532,72.3546387536193,,,,84.79276056819515,,73.57550756872749,68.91017010146705,0.0,0.0,0.0,73.43299187808479,0.0,22.675140096618335,24.748777777777754,27.84063285024152,23.234975845410606,28.927043478260842,30.478690821256013,21.68349758454104
236.0,85.93834247868186,72.49858929455063,,,,85.03821448833348,,73.64253546810747,68.93397429165213,0.0,0.0,0.0,73.20144264356257,0.0,22.67971497584539,24.777183574879206,27.92276328502413,23.24060386473428,28.941898550724613,30.502608695652146,21.687676328502395
238.0,86.18568449067246,72.63776011011929,,,,85.2824544926333,,73.78916589691039,69.09003779310096,0.0,0.0,0.0,73.3895307311204,0.0,22.683903381642487,24.805043478260846,28.006536231884034,23.247091787439594,28.958371980676304,30.527748792270504,21.692014492753604
240.0,86.4317913502139,72.77955102925137,,,,85.52254785829396,,73.60964854498125,69.19212858279832,0.0,0.0,0.0,73.65482975735748,0.0,22.6892415458937,24.83425603864732,28.090342995169053,23.254608695652152,28.97792753623186,30.5540144927536,21.695096618357468
242.0,86.67558958380215,72.926412182802,,,,85.75995080562505,,73.71628524229826,69.0721699715878,0.0,0.0,0.0,73.522979848897,0.0,22.69609178743959,24.86549758454104,28.174352657004803,23.262149758454086,28.99902898550722,30.579531400966157,21.696729468599013
244.0,86.91952383283366,73.07030434532368,,,,85.99279495615212,,73.98532117279899,69.15561866888463,0.0,0.0,0.0,73.69379624922722,0.0,22.701816425120754,24.898840579710125,28.25990821256036,23.270536231884037,29.02014009661833,30.606077294685964,21.69854589371979
246.0,87.16364106388491,73.21271711664656,,,,86.2217915232206,,73.78302009908339,69.15580247434764,0.0,0.0,0.0,73.72991761893951,0.0,22.70799999999998,24.933753623188384,28.346526570048283,23.279985507246355,29.04212077294683,30.632429951690792,21.701004830917856
248.0,87.40908374420258,73.35866570314336,,,,86.44761452321406,,74.08233932925431,69.16596217210338,0.0,0.0,0.0,73.9614109501806,0.0,22.715623188405775,24.97153140096616,28.432502415458913,23.29011111111109,29.064004830917845,30.658589371980646,21.70278743961351
250.0,87.6527992056927,73.50768514139367,,,,86.67180627570914,,74.04773527808486,69.4690407939314,0.0,0.0,0.0,73.85022786911136,0.0,22.722666666666647,25.013516908212537,28.51973429951688,23.300526570048287,29.08542995169079,30.684555555555526,21.703797101449258
252.0,87.89411302559304,73.66142124892434,,,,86.89080465485348,,73.99601883043073,69.34691496811489,0.0,0.0,0.0,73.79763890049153,0.0,22.728937198067612,25.055053140096597,28.607072463768088,23.309623188405777,29.10663768115939,30.708502415458906,21.703937198067614
254.0,88.1324556217656,73.8139301371733,,,,87.1046785504055,,74.08998361460682,69.37140817996654,0.0,0.0,0.0,73.96904910162218,0.0,22.7342415458937,25.094483091787417,28.695763285024128,23.31879227053138,29.12726570048307,30.732826086956493,21.70311111111109
256.0,88.36813036766605,73.96847225854361,,,,87.31742408769068,,74.1394297881693,69.57621073514481,0.0,0.0,0.0,73.96071951607244,0.0,22.73716425120771,25.134323671497565,28.785227053140073,23.327599033816405,29.14877777777775,30.75752657004828,21.701222222222203
258.0,88.60045358717485,74.12230315662761,,,,87.53494146949791,,74.22938974825826,69.30129756113094,0.0,0.0,0.0,73.83022539183622,0.0,22.741115942028966,25.17586956521737,28.873661835748766,23.33621256038645,29.17084541062799,30.783256038647316,21.69999999999998
260.0,88.83161862642524,74.27446900467261,,,,87.75499301087665,,74.15611413817514,69.18856189528996,0.0,0.0,0.0,73.90820719456367,0.0,22.74468115942027,25.216193236714947,28.962869565217368,23.34662801932365,29.19253623188403,30.808888888888863,21.69999999999998
262.0,89.06133502442553,74.41946954436978,,,,87.97858081893428,,74.28960185636684,69.54133808063273,0.0,0.0,0.0,74.05117708115937,0.0,22.746444444444425,25.254144927536206,29.053429951690795,23.357236714975823,29.213487922705287,30.832695652173886,21.69999999999998
264.0,89.28828749019617,74.5738137522117,,,,88.20373627462267,,74.5322246901717,70.01819423245068,0.0,0.0,0.0,74.07220133726115,0.0,22.749816425120752,25.29457487922703,29.14409661835746,23.36765217391302,29.235115942028962,30.857169082125573,21.701222222222203
266.0,89.51438967748214,74.72142994726589,,,,88.42686873636913,,74.3700388662921,69.47848638327697,0.0,0.0,0.0,74.33173202835388,0.0,22.753381642512057,25.336903381642486,29.23479710144925,23.37748792270529,29.258835748792244,30.880579710144897,21.70188888888887
268.0,89.74167889206798,74.8845921746455,,,,88.64836614008162,,74.65290468202264,69.69824056875471,0.0,0.0,0.0,74.48148457044528,0.0,22.75572463768114,25.37694685990336,29.325410628019302,23.386961352656986,29.282458937198044,30.903024154589342,21.702048309178725
270.0,89.96962187140315,75.03802922495636,,,,88.87271529996916,,74.53592173467827,69.75702170267826,0.0,0.0,0.0,74.13667484160001,0.0,22.7584299516908,25.41412560386471,29.416990338164226,23.396289855072443,29.305019323671473,30.92764734299514,21.702971014492736
272.0,90.19773430513429,75.19007481715315,,,,89.09670262801008,,74.5301119057283,69.69913107549218,0.0,0.0,0.0,74.4429217496611,0.0,22.762478260869546,25.451463768115918,29.508763285024127,23.404483091787416,29.326154589371953,30.95159420289852,21.701705314009644
274.0,90.42775375972474,75.33906433704378,,,,89.31851688764108,,74.81714011231057,69.64901623788752,0.0,0.0,0.0,74.35052972491388,0.0,22.764628019323652,25.488985507246355,29.598734299516885,23.411154589371957,29.34366183574877,30.97200966183572,21.700125603864716
276.0,90.65651651139848,75.48858540075388,,,,89.54192233707192,,74.57209262056872,69.51734640314912,0.0,0.0,0.0,74.3033154640543,0.0,22.7652415458937,25.523714975845387,29.688512077294654,23.41712560386471,29.358289855072435,30.990212560386446,21.69950241545892
278.0,90.88688716645599,75.63508046059025,,,,89.76650769249791,,74.75423531277144,70.04435770508493,0.0,0.0,0.0,74.50239946210385,0.0,22.767681159420267,25.555676328502393,29.779705314009636,23.42016908212558,29.37313526570046,31.007473429951666,21.69810628019322
280.0,91.122474568318,75.78632318214265,,,,89.99566454055724,,74.84815080789879,69.60789436212897,0.0,0.0,0.0,74.58388734260679,0.0,22.772309178743942,25.58667149758452,29.872144927536205,23.42283574879225,29.390072463768092,31.025666666666638,21.696033816425103
282.0,91.36033425529577,75.9290740046028,,,,90.22565387825553,,74.96345722460069,69.85061209863329,0.0,0.0,0.0,74.68024676025028,0.0,22.777710144927514,25.61605797101447,29.96693236714973,23.42885024154587,29.4079758454106,31.04549275362316,21.69338164251206
284.0,91.59782267972594,76.07076360525417,,,,90.45958381302916,,74.95009312861538,70.04585556381538,0.0,0.0,0.0,74.39881049526154,0.0,22.78369082125602,25.64497101449273,30.06343961352654,23.436507246376788,29.42694202898548,31.064652173913014,21.690246376811576
286.0,91.8324521809073,76.20264697224452,,,,90.69378726106387,,74.8724220831504,70.21945204063515,0.0,0.0,0.0,74.7162242113898,0.0,22.790057971014473,25.67449758454104,30.158086956521707,23.44410144927534,29.448893719806737,31.085067632850212,21.685502415458917
288.0,92.06724715381308,76.33607342983083,,,,90.92615013777528,,75.08523333333333,69.8365,0.0,0.0,0.0,74.5397,0.0,22.796618357487905,25.704454106280167,30.250342995169056,23.451705314009637,29.471531400966157,31.106835748792243,21.679801932367127
290.0,92.30378511391744,76.47448717204502,,,,91.15764072383598,,75.08177320601943,70.14789177421312,0.0,0.0,0.0,74.69515777052884,0.0,22.80195652173911,25.736386473429928,30.34150241545891,23.45934299516906,29.493729468599007,31.127004830917844,21.674971014492733
292.0,92.54457590051938,76.60392222181811,,,,91.38965288875441,,75.19455113002877,70.04568260233303,0.0,0.0,0.0,75.02034419052495,0.0,22.806434782608676,25.772966183574855,30.43168599033814,23.46881642512075,29.51853623188403,31.148623188405768,21.67100966183573
294.0,92.78825608401596,76.7311912825869,,,,91.61897716057562,,75.29999417562352,70.0064176651294,0.0,0.0,0.0,74.92851911215686,0.0,22.814637681159397,25.815608695652152,30.519236714975815,23.483149758454083,29.548396135265673,31.172913043478236,21.667917874396114
296.0,93.03225559541049,76.86397922257751,,,,91.8469558057827,,75.3679175502044,69.95507622453209,0.0,0.0,0.0,75.05637260125535,0.0,22.824545893719783,25.86329951690819,30.60371980676326,23.498763285024133,29.579149758454076,31.199318840579682,21.66569565217389
298.0,93.2783591427026,76.99162618503046,,,,92.07090759179741,,75.36482594390205,70.0424076320653,0.0,0.0,0.0,74.88128168176327,0.0,22.83236231884056,25.915024154589346,30.686526570048283,23.51390338164249,29.608463768115914,31.226111111111084,21.66434299516906
300.0,93.52541846608902,77.11909676925288,,,,92.29564428974436,,75.29373891708114,70.08443644888571,0.0,0.0,0.0,75.115202467691,0.0,22.839115942028968,25.967942028985483,30.76787439613524,23.529816425120753,29.637608695652148,31.253386473429924,21.663859903381624
302.0,93.77438142757609,77.2423757623791,,,,92.52237176241046,,75.5449342807051,70.14702632660924,0.0,0.0,0.0,75.31549592365516,0.0,22.843391304347804,26.02281642512075,30.846806763284995,23.546526570048286,29.6654106280193,31.281241545893693,21.66302415458935
304.0,94.0252160014176,77.37410035800274,,,,92.75491606058274,,75.34098498035564,70.4302362579685,0.0,0.0,0.0,75.39442380031463,0.0,22.84555072463766,26.079792270531378,30.922367149758426,23.56283574879225,29.691869565217363,31.30672463768113,21.662391304347803
306.0,94.27965824371134,77.50031565269455,,,,92.99046546883177,,75.59925324444936,70.20524526058638,0.0,0.0,0.0,75.21115020306351,0.0,22.84895652173911,26.138410628019297,30.99477294685987,23.578719806763264,29.71815942028983,31.332884057970986,21.663690821256015
308.0,94.5364980186795,77.62695814968896,,,,93.227288700279,,75.66292562772925,70.25439497816595,0.0,0.0,0.0,75.15104631359806,0.0,22.852144927536212,26.19760869565215,31.06724154589369,23.59593236714974,29.744835748792244,31.360942028985473,21.6668260869565
310.0,94.79147724390947,77.75583184715187,,,,93.46341522047746,,75.50167979853123,70.2939168225798,0.0,0.0,0.0,75.28027242388632,0.0,22.853652173913023,26.255705314009635,31.13999033816422,23.613178743961328,29.77245410628017,31.387898550724614,21.670478260869544
312.0,95.0465058233236,77.88613770962553,,,,93.69888071561444,,75.75227720610042,70.60445588597601,0.0,0.0,0.0,75.30386286971112,0.0,22.855618357487902,26.315227053140074,31.21206280193234,23.630338164251185,29.80218840579708,31.414357487922675,21.676328502415437
314.0,95.30033344166114,78.018318112293,,,,93.93270351828075,,75.96291345350322,70.45986915599786,0.0,0.0,0.0,75.57367755125145,0.0,22.858357487922685,26.376270531400944,31.285550724637652,23.64846376811592,29.832212560386445,31.44149275362316,21.683628019323653
316.0,95.54971693910457,78.15011377357732,,,,94.16955798733123,,75.73053660236144,70.4896853087296,0.0,0.0,0.0,75.5721000430829,0.0,22.861579710144905,26.435898550724612,31.361990338164222,23.66556038647341,29.860700483091758,31.468652173913014,21.692850241545877
318.0,95.79554204052403,78.2786149252235,,,,94.40565590461478,,76.03065865199717,70.4286621522848,0.0,0.0,0.0,75.49579984139758,0.0,22.866821256038627,26.491729468599015,31.439966183574853,23.683236714975823,29.886999999999972,31.495787439613494,21.70329468599032
320.0,96.03875975602385,78.40831860447535,,,,94.64035712116743,,75.81250207754893,70.79151238938503,0.0,0.0,0.0,75.68348910611394,0.0,22.8726183574879,26.546763285024134,31.51811111111108,23.701275362318817,29.910410628019296,31.522246376811566,21.711260869565198
322.0,96.28154812454864,78.53756407507358,,,,94.87814284917997,,75.87201573200001,70.55724733426666,0.0,0.0,0.0,75.81902389626667,0.0,22.876903381642492,26.600347826086928,31.59750241545891,23.717028985507223,29.933231884057946,31.547376811594177,21.720922705313992
324.0,96.52055400123193,78.67010128459034,,,,95.11773644436713,,76.06105721808977,70.67904811291481,0.0,0.0,0.0,75.55472582252445,0.0,22.882434782608673,26.65000483091785,31.678043478260843,23.732676328502393,29.957193236714946,31.572956521739105,21.730454106280174
326.0,96.76112213484599,78.79467913269725,,,,95.3525555619828,,76.2724025525113,70.67460616960963,0.0,0.0,0.0,76.03549282949125,0.0,22.88957487922703,26.69685990338162,31.761512077294658,23.747999999999976,29.981676328502388,31.598985507246347,21.73625120772945
328.0,96.99946733700877,78.91910244157162,,,,95.58589901998913,,76.16751418605715,70.63616323265306,0.0,0.0,0.0,75.84820830563265,0.0,22.89690821256037,26.74203864734297,31.84613043478258,23.764657004830898,30.006729468599,31.624908212560356,21.739536231884035
330.0,97.23219506825696,79.04204928235376,,,,95.81412106110872,,75.97794683876808,70.59583674976162,0.0,0.0,0.0,75.86020433827649,0.0,22.904241545893697,26.783666666666644,31.928946859903352,23.781956521739108,30.03062318840577,31.6489951690821,21.740309178743942
332.0,97.46006711426365,79.16025162486046,,,,96.03792707983122,,76.21549409775032,70.73474845780227,0.0,0.0,0.0,75.88838954650919,0.0,22.911381642512055,26.82229951690819,32.00878743961349,23.796207729468577,30.053454106280167,31.671342995169052,21.73857004830916
334.0,97.6823303240725,79.27619153173512,,,,96.25598387064929,,76.265005,70.592775,0.0,0.0,0.0,76.0872125,0.0,22.91691304347824,26.860318840579687,32.086826086956485,23.80911594202896,30.07531884057968,31.69387439613524,21.733096618357468
336.0,97.90628306036125,79.38772899775283,,,,96.46800477932484,,76.32963733016115,70.44465514216283,0.0,0.0,0.0,75.75621041742023,0.0,22.92119806763283,26.898328502415435,32.165410628019295,23.82356038647341,30.09631400966181,31.71428985507243,21.726270531400946
338.0,98.13047738895693,79.50602851429662,,,,96.67609048234553,,76.49486362598557,70.30439759543953,0.0,0.0,0.0,76.2247148456591,0.0,22.92577294685988,26.938806763285,32.242666666666636,23.83942028985505,30.119584541062775,31.734512077294657,21.721695652173896
340.0,98.35845409266354,79.61767410808794,,,,96.87989800029408,,76.537357095424,70.831095951872,0.0,0.0,0.0,76.104763410432,0.0,22.932173913043457,26.981884057970987,32.31854589371978,23.856623188405774,30.14410144927533,31.757685990338135,21.716371980676307
342.0,98.58674039169543,79.7291781830034,,,,97.07900713846784,,76.48651429344655,70.65948572352262,0.0,0.0,0.0,76.220442839087,0.0,22.940763285024133,27.028961352656978,32.392999999999965,23.875144927536212,30.167661835748763,31.78217874396132,21.709125603864717
344.0,98.81715349699333,79.84192463420699,,,,97.27913379686798,,76.50896467792464,70.95004243616481,0.0,0.0,0.0,76.29232124995313,0.0,22.94829951690819,27.07845410628017,32.46598067632848,23.89013526570046,30.188632850241518,31.805801932367118,21.70056038647341
346.0,99.05217420848007,79.95557049874192,,,,97.48430871285944,,76.56837082045413,70.91923168466904,0.0,0.0,0.0,76.34619702482564,0.0,22.95393719806761,27.129396135265676,32.537439613526544,23.901521739130413,30.20895169082123,31.82636714975843,21.691231884057952
348.0,99.29076495433638,80.0760530943643,,,,97.68991273241538,,76.83788160008966,70.59539604256987,0.0,0.0,0.0,76.20935868184156,0.0,22.958608695652153,27.18204347826084,32.60610628019321,23.914009661835724,30.228111111111083,31.844067632850212,21.68286956521737
350.0,99.53437742258907,80.19520476711128,,,,97.89674946547063,,76.74192508403809,70.7090997839238,0.0,0.0,0.0,76.47727497935239,0.0,22.96202415458935,27.23365217391302,32.673710144927504,23.925652173913022,30.24620772946857,31.860874396135237,21.6765990338164
352.0,99.77899070226134,80.3180597401225,,,,98.1057174854932,,76.81301823175714,70.62438523118209,0.0,0.0,0.0,76.56654679533095,0.0,22.964497584541043,27.28390821256036,32.7432028985507,23.936328502415435,30.265164251207704,31.87693236714973,21.672371980676306
354.0,100.02455109222377,80.43752550210978,,,,98.31420458287508,,76.93803909329189,70.54393963972862,0.0,0.0,0.0,76.45835279332476,0.0,22.968169082125584,27.33310144927534,32.81458454106277,23.94652173913041,30.28390338164248,31.894212560386443,21.67079227053138
356.0,100.27058961033664,80.55545795788444,,,,98.52395093265541,,76.85299693589555,70.65457404668626,0.0,0.0,0.0,76.65460569237196,0.0,22.97157487922703,27.379695652173886,32.886729468599,23.956714975845387,30.302570048309153,31.911685990338135,21.671908212560368
358.0,100.51834334896574,80.68061225124889,,,,98.73715368092873,,76.88792249282527,70.75891484222943,0.0,0.0,0.0,76.50694115226842,0.0,22.97325120772945,27.423328502415433,32.957338164251176,23.967391304347803,30.323135265700458,31.926497584541035,21.67276811594201
360.0,100.7691963686203,80.79785113840896,,,,98.9530947533545,,77.20737023286964,71.07154951069059,0.0,0.0,0.0,76.67464291118733,0.0,22.976560386473412,27.467241545893692,33.02833333333331,23.979033816425098,30.345792270531376,31.942396135265668,21.675850241545874
362.0,101.02223644200208,80.92264694394673,,,,99.17310706328693,,77.09759846142764,71.02669984254075,0.0,0.0,0.0,76.47628695583937,0.0,22.981864734299496,27.513502415458913,33.10163768115939,23.993347826086932,30.36713043478258,31.961908212560356,21.681806763285003
364.0,101.27461720395557,81.035443168846,,,,99.3968240308175,,77.12334443541967,70.79309954509753,0.0,0.0,0.0,76.70226246478326,0.0,22.988971014492734,27.560019323671472,33.174951690821224,24.008434782608674,30.388565217391278,31.9833526570048,21.688859903381623
366.0,101.53328000700414,81.15589070808245,,,,99.62261548627582,,77.16971707317073,71.02785853658537,0.0,0.0,0.0,76.75849512195121,0.0,22.995908212560366,27.604144927536208,33.24714975845407,24.025444444444425,30.41028985507244,32.006270531400936,21.69640579710143
368.0,101.79436904887685,81.27476449270104,,,,99.85110354435643,,77.28589045041893,70.83671462070154,0.0,0.0,0.0,76.98259157784916,0.0,23.00130917874394,27.647487922705285,33.32128019323669,24.044352657004808,30.432497584541036,32.03080676328499,21.7050144927536
370.0,102.05887815562583,81.38689130678877,,,,100.08136133464248,,77.299324985856,71.176549940992,0.0,0.0,0.0,76.989812516736,0.0,23.006806763285006,27.689260869565192,33.397342995169055,24.063357487922683,30.455381642512048,32.0565024154589,21.715256038647322
372.0,102.3257841783436,81.50205306484138,,,,100.31045135118138,,77.36524554686063,71.09019535990846,0.0,0.0,0.0,76.93507654618638,0.0,23.012207729468578,27.72807246376809,33.47351207729465,24.08187922705312,30.477309178743933,32.08289855072461,21.721033816425102
374.0,102.58814331625312,81.61163386943863,,,,100.53784378520129,,77.57838713987339,71.01168778380077,0.0,0.0,0.0,76.9096280881831,0.0,23.016096618357466,27.765531400966157,33.55096135265698,24.098115942028965,30.49964734299514,32.11014009661832,21.722806763285003
376.0,102.8422461316839,81.71597850265175,,,,100.76654688679733,,77.67162916327906,71.13958145582909,0.0,0.0,0.0,76.99499848329697,0.0,23.02005797101447,27.802024154589343,33.626594202898524,24.110821256038623,30.522541062801903,32.137768115942,21.725159420289835
378.0,103.09311150651794,81.82890545012008,,,,100.99522221709051,,77.45585493157647,71.17320264658824,0.0,0.0,0.0,77.00928916781176,0.0,23.025072463768094,27.83733333333331,33.70026570048306,24.121700483091765,30.544309178743934,32.16349758454103,21.72780193236713
380.0,103.33664592847943,81.93579902853617,,,,101.22221193342172,,77.52848224245386,71.69913676208397,0.0,0.0,0.0,77.18449229141868,0.0,23.02789855072462,27.872463768115914,33.77660869565214,24.133632850241522,30.56627053140094,32.18864734299514,21.731666666666648
382.0,103.57373934656154,82.04155915141563,,,,101.44978758944237,,77.72205825411082,71.08727531931264,0.0,0.0,0.0,77.20319435209652,0.0,23.028898550724616,27.90785024154587,33.857256038647314,24.14710144927534,30.589743961352628,32.2133140096618,21.735908212560368
384.0,103.80691338420563,82.13908307896735,,,,101.67874957849038,,77.75801442574148,71.44994846320722,0.0,0.0,0.0,77.28693502715713,0.0,23.031434782608674,27.942753623188377,33.93906280193234,24.161415458937174,30.61304830917872,32.23759420289852,21.74033333333331
386.0,104.03725862117022,82.2404269364996,,,,101.91176706382151,,77.87523168319429,71.27542293023934,0.0,0.0,0.0,77.17902635776822,0.0,23.03586956521737,27.977657004830892,34.020106280193204,24.176502415458916,30.635106280193213,32.263410628019294,21.745400966183556
388.0,104.26229626736925,82.34337363837578,,,,102.14518849402721,,77.861824,71.188232,0.0,0.0,0.0,77.399296,0.0,23.03956521739128,28.011821256038626,34.10268599033813,24.190463768115922,30.65601449275359,32.28846376811591,21.74796618357486
390.0,104.48375965075502,82.4431468630649,,,,102.37980217615365,,77.95077628955411,71.47580047378185,0.0,0.0,0.0,77.40492970945829,0.0,23.042884057970994,28.04566666666664,34.18487922705311,24.201956521739106,30.675821256038617,32.31162801932364,21.75032850241544
392.0,104.70307713614898,82.5452464592164,,,,102.61246652797524,,77.95474335408238,71.75020393912492,0.0,0.0,0.0,77.61260395173576,0.0,23.04736231884056,28.080120772946835,34.26658937198064,24.211367149758434,30.696956521739104,32.3341256038647,21.753613526570028
394.0,104.92269935181545,82.65378323032328,,,,102.84303317902041,,77.86828235294118,71.51402352941177,0.0,0.0,0.0,77.528,0.0,23.052710144927516,28.116584541062775,34.34771980676325,24.2220338164251,30.721246376811568,32.355304347826056,21.755376811594182
396.0,105.13997007020107,82.76188265829036,,,,103.06666264879021,,78.00031878934209,71.22635429845673,0.0,0.0,0.0,77.486144159827,0.0,23.05741545893718,28.15571014492751,34.42817391304345,24.236072463768092,30.74508695652171,32.37628985507243,21.756826086956504
398.0,105.3551011827346,82.86707829034764,,,,103.2882349815454,,78.10975721754575,71.48714484404465,0.0,0.0,0.0,77.64530412516017,0.0,23.061743961352636,28.19740096618355,34.51090338164248,24.249550724637658,30.768478260869536,32.39881159420287,21.758565217391286
400.0,105.56760929711369,82.9768845046093,,,,103.50396762241648,,78.14799797307343,71.59578836298238,0.0,0.0,0.0,77.47753482507301,0.0,23.067135265700465,28.242637681159394,34.59285990338161,24.263932367149735,30.7919758454106,32.42159903381639,21.75754589371979
402.0,105.78412694917245,83.08437767098658,,,,103.71423195247593,,78.09441487158897,71.52505812524336,0.0,0.0,0.0,77.69270530715305,0.0,23.075028985507227,28.290463768115917,34.67099516908209,24.280632850241524,30.817309178743937,32.44582608695649,21.755497584541047
404.0,106.00351140150794,83.19608930475106,,,,103.91916312098489,,78.1619832878967,71.74973282991151,0.0,0.0,0.0,77.71611217835823,0.0,23.082642512077275,28.33854106280191,34.74521256038644,24.298623188405774,30.845603864734272,32.46966666666663,21.754101449275343
406.0,106.22350111633803,83.30548064915654,,,,104.12158287253024,,78.44106685295483,71.4033404744258,0.0,0.0,0.0,77.86027898632258,0.0,23.090193236714956,28.389719806763257,34.81836714975842,24.31865217391302,30.87498550724635,32.49312077294683,21.752608695652153
408.0,106.44712269586353,83.41081477053748,,,,104.3189119132596,,78.26557886471623,71.67613016962326,0.0,0.0,0.0,78.02180843890771,0.0,23.099676328502394,28.451449275362293,34.89331400966181,24.342642512077273,30.90662801932364,32.51923671497582,21.75331884057969
410.0,106.6758288453621,83.52147998874328,,,,104.51440365347264,,78.38276527618339,71.57490939330735,0.0,0.0,0.0,77.7037826736622,0.0,23.108816425120754,28.526222222222195,34.966908212560355,24.371913043478237,30.938101449275333,32.54688888888885,21.754961352656988
412.0,106.90435373647749,83.63630404984688,,,,104.7049248489786,,78.58303529575448,71.56170221161943,0.0,0.0,0.0,78.03784156479219,0.0,23.119512077294665,28.612275362318815,35.03783091787436,24.40417874396133,30.967579710144896,32.57377777777775,21.756314009661814
414.0,107.13835454865323,83.7496848895294,,,,104.89341328383475,,78.5633391773493,71.60906717438107,0.0,0.0,0.0,77.84963900153261,0.0,23.131183574879206,28.70541545893717,35.10958937198064,24.43715458937196,30.995618357487892,32.59877777777775,21.75737681159418
416.0,107.37193397698964,83.8606568644776,,,,105.0833292510624,,78.63371180070536,71.36290462968819,0.0,0.0,0.0,77.80745760516336,0.0,23.144425120772922,28.803227053140073,35.18391304347822,24.46911111111109,31.02272463768113,32.624937198067606,21.756927536231863
418.0,107.60835524392112,83.97563200879652,,,,105.277153857041,,78.51534458327623,71.49781326467021,0.0,0.0,0.0,78.10542416017832,0.0,23.160434782608675,28.904454106280166,35.25775362318837,24.501270531400944,31.050579710144902,32.653478260869534,21.753695652173892
420.0,107.84683545084218,84.0898588018261,,,,105.47365373061785,,78.60493396152789,71.47711075498921,0.0,0.0,0.0,78.13612622460658,0.0,23.17618840579708,29.0096183574879,35.331111111111085,24.532980676328478,31.08026086956519,32.680797101449244,21.74875845410626
422.0,108.08300590384368,84.2066999820861,,,,105.67315389854822,,78.56861557632122,71.72404412197565,0.0,0.0,0.0,78.35283594305498,0.0,23.19166183574877,29.118637681159395,35.405207729468565,24.56354106280191,31.10984541062799,32.706893719806736,21.746797101449257
424.0,108.32075769341552,84.31550104770758,,,,105.87641737065425,,78.49321242152105,71.59296047631766,0.0,0.0,0.0,78.06880988585885,0.0,23.209830917874378,29.22965217391302,35.47826570048306,24.595251207729447,31.13923671497582,32.73354589371977,21.74770048309177
426.0,108.56147854405133,84.4268060555266,,,,106.08474070723737,,78.82964752029251,71.80750859409545,0.0,0.0,0.0,78.20279748318546,0.0,23.228845410628,29.34085024154587,35.55215942028982,24.6280144927536,31.16833816425118,32.758879227053114,21.750801932367132
428.0,108.79574989235041,84.53105015397819,,,,106.29571004515327,,78.86304363584847,71.83781352538317,0.0,0.0,0.0,78.22647657225728,0.0,23.246251207729447,29.44864251207727,35.62758937198064,24.66056038647341,31.197053140096592,32.784019323671465,21.757275362318822
430.0,109.02942841877545,84.63719017872712,,,,106.51397820451862,,78.75803734369772,71.91360043804457,0.0,0.0,0.0,78.38475687434152,0.0,23.264420289855053,29.550661835748766,35.704700483091756,24.692236714975824,31.226507246376784,32.81009178743958,21.762246376811575
432.0,109.26162990214212,84.73981335685586,,,,106.74083383170232,,78.89234519657384,71.64165659135045,0.0,0.0,0.0,78.53822866989195,0.0,23.283328502415436,29.645144927536208,35.78247826086954,24.723613526570023,31.254222222222193,32.83644444444442,21.76806280193235
434.0,109.49316626090895,84.8468125543287,,,,106.97544000062832,,78.9113,71.7807,0.0,0.0,0.0,78.448,0.0,23.301173913043456,29.73093236714973,35.858734299516875,24.754086956521718,31.279545893719778,32.86125120772944,21.776468599033798
436.0,109.72071085514612,84.95513832029806,,,,107.20670075012768,,79.08064244761502,71.86749699364562,0.0,0.0,0.0,78.40916231018602,0.0,23.31737681159418,29.80686473429949,35.9337101449275,24.78127536231882,31.304256038647313,32.88451207729465,21.783811594202884
438.0,109.95131110440694,85.05645419916695,,,,107.43901937395752,,78.83965454090074,72.02091427517031,0.0,0.0,0.0,78.5601168693058,0.0,23.331961352656982,29.872386473429923,36.00582125603861,24.804623188405774,31.328352657004803,32.90805314009659,21.78886956521737
440.0,110.18053964076809,85.15799822751148,,,,107.66987398228706,,79.0970677688229,72.00261224441034,0.0,0.0,0.0,78.64095539208027,0.0,23.344333333333314,29.931198067632824,36.075260869565184,24.824782608695628,31.35066183574876,32.93130434782606,21.789149758454087
442.0,110.41411841587365,85.25458582673278,,,,107.89854437053108,,79.2421531916966,71.80940589149841,0.0,0.0,0.0,78.70591708144924,0.0,23.355072463768092,29.987096618357462,36.14399999999997,24.844231884057947,31.373661835748766,32.953695652173884,21.786285024154573
444.0,110.64768121777371,85.34447620593949,,,,108.12741016825387,,79.26848916633189,71.80816465122263,0.0,0.0,0.0,78.71738614631661,0.0,23.364106280193212,30.0373719806763,36.213405797101416,24.86306763285022,31.395623188405768,32.97705314009659,21.784859903381623
446.0,110.88488768024371,85.43985778644624,,,,108.3546966427874,,79.45446662968888,71.86648338631112,0.0,0.0,0.0,78.67264168888889,0.0,23.374362318840557,30.08123671497582,36.28184541062799,24.880830917874377,31.41603864734297,33.002599033816395,21.785236714975827
448.0,111.12398323800333,85.53225212239144,,,,108.57518455349638,,79.250984636079,72.25812479440496,0.0,0.0,0.0,78.88396328297662,0.0,23.386990338164228,30.120396135265672,36.347685990338135,24.89893719806761,31.436830917874367,33.02855555555553,21.785999999999984
450.0,111.36581999588569,85.61958726493927,,,,108.79070331223357,,79.45511511296,72.08562545907199,0.0,0.0,0.0,78.884824467328,0.0,23.397140096618337,30.152999999999974,36.412294685990304,24.914628019323647,31.45752657004828,33.053748792270504,21.788782608695634
452.0,111.6064800303526,85.70537635696891,,,,109.00483659603658,,79.56725171354482,72.20061226558799,0.0,0.0,0.0,78.77795533983056,0.0,23.403565217391282,30.182724637681133,36.47764251207726,24.928193236714954,31.478874396135236,33.0769565217391,21.79404347826085
454.0,111.84735040245933,85.78347530885088,,,,109.21781530082434,,79.68172727272727,72.01262,0.0,0.0,0.0,78.88364363636363,0.0,23.409797101449254,30.21764734299514,36.545748792270494,24.942971014492727,31.500415458937166,33.1023526570048,21.801685990338147
456.0,112.0879574811416,85.86837247452925,,,,109.4255538333374,,79.46268380178346,72.1660130976408,0.0,0.0,0.0,78.89692980074655,0.0,23.418763285024134,30.259468599033784,36.61507729468595,24.959347826086933,31.52169082125601,33.129285024154555,21.808009661835733
458.0,112.33084715629654,85.95081905336764,,,,109.6321395739182,,79.650719534208,72.114257879552,0.0,0.0,0.0,79.054837040128,0.0,23.429835748792247,30.303478260869536,36.68353623188403,24.974758454106254,31.54101932367147,33.15410144927534,21.811091787439594
460.0,112.57033361655256,86.04059960051235,,,,109.83936437859526,,79.737451474176,71.969173986816,0.0,0.0,0.0,79.095558102272,0.0,23.441864734299493,30.348077294685964,36.752082125603835,24.987859903381615,31.559115942028956,33.17919806763282,21.81378743961351
462.0,112.81205653190521,86.12131519984855,,,,110.05159702196346,,79.67625026616659,72.27026846446498,0.0,0.0,0.0,79.08815175892877,0.0,23.455574879227033,30.393458937198037,36.82232367149756,24.99970531400964,31.577299516908184,33.20579710144924,21.815903381642496
464.0,113.05273536534156,86.20934798897896,,,,110.26458134887825,,79.85188502899129,72.18344941877659,0.0,0.0,0.0,79.1703081209439,0.0,23.469309178743934,30.436719806763257,36.89169565217388,25.01012560386471,31.59509661835746,33.23277294685987,21.817246376811575
466.0,113.29336989899481,86.299421735009,,,,110.47862868583952,,79.96070937581584,72.31385248231445,0.0,0.0,0.0,79.05575742463837,0.0,23.4814106280193,30.479067632850214,36.958855072463734,25.021381642512054,31.615082125603838,33.25782608695649,21.819449275362302
468.0,113.53175852685935,86.3823696792589,,,,110.69261987072021,,80.0286848792805,72.28627853448255,0.0,0.0,0.0,79.37427170990357,0.0,23.491999999999976,30.525217391304324,37.02545893719804,25.033956521739103,31.637449275362293,33.28105314009659,21.822971014492737
470.0,113.76730085623015,86.46944765388554,,,,110.90426639941766,,79.99249999999999,72.40376666666667,0.0,0.0,0.0,79.28467192982455,0.0,23.50297584541061,30.576183574879202,37.09194202898547,25.047777777777753,31.66000966183572,33.30494685990335,21.82649275362317
472.0,114.00009533985047,86.54819194414107,,,,111.11348898263641,,80.07732770072082,72.24991688673397,0.0,0.0,0.0,79.38414094084554,0.0,23.516236714975825,30.63172463768113,37.158135265700444,25.061599033816403,31.683623188405768,33.33082608695649,21.831140096618338
474.0,114.2272713190563,86.6314104729934,,,,111.33048525492055,,79.99992811715276,72.2612291851484,0.0,0.0,0.0,79.50485577247653,0.0,23.53007729468597,30.692169082125577,37.223869565217356,25.075396135265677,31.7079758454106,33.35705797101446,21.836864734299496
476.0,114.45351737872386,86.72369194699623,,,,111.550558917445,,80.06917412213826,72.10194960831987,0.0,0.0,0.0,79.38737858140989,0.0,23.542792270531383,30.75601932367147,37.28957971014489,25.091589371980653,31.7315797101449,33.38205797101446,21.84244444444443
478.0,114.6783484674268,86.82137135382737,,,,111.77915440563461,,80.26116167168,72.21286718336,0.0,0.0,0.0,79.64489041152,0.0,23.554454106280172,30.821777777777754,37.35570048309175,25.107202898550703,31.753550724637652,33.40606763285021,21.8460531400966
480.0,114.9036372083173,86.91569336630161,,,,112.01610382113103,,80.24701823427694,72.42832764541276,0.0,0.0,0.0,79.67549875832,0.0,23.56630917874394,30.887946859903355,37.42084057971011,25.12108695652172,31.774178743961322,33.42872463768113,21.8494685990338
482.0,115.12827150045057,87.0107053986637,,,,112.25634842270257,,80.10470561082116,72.69949583752181,0.0,0.0,0.0,79.71231409875968,0.0,23.577777777777758,30.95363285024152,37.48295652173909,25.134487922705294,31.793101449275333,33.44784057971011,21.851420289855056
484.0,115.35845209626505,87.10326083358352,,,,112.49040233373373,,80.47027060141176,72.14130047397647,0.0,0.0,0.0,79.79055688847059,0.0,23.588280193236695,31.019768115942,37.54356038647339,25.146826086956498,31.81173429951688,33.464830917874366,21.84938164251206
486.0,115.59466033615556,87.19234732496965,,,,112.72689298214446,,80.52074595978748,72.4542678710527,0.0,0.0,0.0,79.70395088689595,0.0,23.5960144927536,31.085507246376782,37.60349758454103,25.155077294685967,31.831492753623163,33.47988888888886,21.84560386473428
488.0,115.83608015521536,87.28106966486125,,,,112.96208992443904,,80.57711454130612,72.26019520484363,0.0,0.0,0.0,79.92765722933265,0.0,23.60278260869563,31.15187922705311,37.663565217391266,25.1615990338164,31.84896618357485,33.493207729468566,21.841719806763265
490.0,116.08059246546256,87.36850327565664,,,,113.19775678132662,,80.54042032156667,72.20498207337141,0.0,0.0,0.0,79.92798266484623,0.0,23.61221256038645,31.2187874396135,37.72756038647339,25.171748792270506,31.86617391304345,33.50680676328499,21.840014492753603
492.0,116.32436402192748,87.46587598195968,,,,113.4325177015325,,80.86708716186159,72.44858013466606,0.0,0.0,0.0,79.87634653380022,0.0,23.621932367149736,31.2825797101449,37.795676328502374,25.184280193236695,31.88391304347823,33.52153140096615,21.838599033816404
494.0,116.57469208037739,87.56669987824351,,,,113.66396334437115,,80.54858090546902,72.07267689205408,0.0,0.0,0.0,80.23121156079105,0.0,23.6326183574879,31.342652173913013,37.8645024154589,25.19616908212558,31.90055072463765,33.53644927536229,21.836806763285008
496.0,116.8243475791089,87.65073111143361,,,,113.89248841184859,,80.70221502171057,72.44413310542369,0.0,0.0,0.0,80.12075616092187,0.0,23.64434299516906,31.400830917874366,37.93423188405793,25.207391304347798,31.917454106280164,33.55002415458934,21.836367149758438
498.0,117.09910032474758,87.7433355620969,,,,114.11978488996006,,80.80000915391938,72.5271712414685,0.0,0.0,0.0,80.13438157563702,0.0,23.65474879227051,31.45533816425118,38.006835748792234,25.219096618357465,31.934768115941996,33.56494202898548,21.83718357487921
500.0,117.44807802791306,87.8344900339095,,,,114.34794130520406,,80.91512727642976,72.42884540382734,0.0,0.0,0.0,80.08140604289683,0.0,23.666304347826063,31.504396135265672,38.082458937198034,25.23243478260867,31.95446376811591,33.58149275362316,21.839159420289835
502.0,117.85256732745333,87.92518794113855,,,,114.57067168044104,,80.82819951196075,72.62905998607764,0.0,0.0,0.0,80.03560347453683,0.0,23.68090821256036,31.54983091787437,38.160024154589344,25.247381642512053,31.976734299516878,33.60061835748789,21.842198067632836
504.0,118.27964829743439,88.01929913746304,,,,114.78855852336152,,80.98968680298842,72.46539571692543,0.0,0.0,0.0,80.30464057094532,0.0,23.69750724637679,31.59226086956519,38.23962801932364,25.260913043478237,31.998169082125575,33.619657004830884,21.844376811594184
506.0,118.69200877692344,88.10280502279454,,,,115.00697937826283,,81.10135332879636,72.91473177549587,0.0,0.0,0.0,80.32305034424859,0.0,23.712666666666642,31.631748792270503,38.32071497584538,25.273004830917852,32.0201835748792,33.63834299516905,21.846772946859886
508.0,119.04496275910203,88.19711135627747,,,,115.22134599317819,,81.00429849125524,72.59072085267131,0.0,0.0,0.0,80.32635673318424,0.0,23.725347826086935,31.669057971014464,38.402681159420254,25.28663285024152,32.04419323671494,33.65818840579707,21.85106763285022
510.0,119.30035890473476,88.29095314086504,,,,115.43490311068544,,81.135158,72.622546,0.0,0.0,0.0,80.403126,0.0,23.73689371980674,31.703874396135237,38.484874396135226,25.300550724637656,32.0667874396135,33.677657004830884,21.855942028985485
512.0,119.42654877819311,88.38266491951445,,,,115.64594754749162,,81.17508142867327,72.86846582888843,0.0,0.0,0.0,80.42436709268489,0.0,23.7462028985507,31.7342028985507,38.5653719806763,25.31351207729466,32.08815942028982,33.69638647342992,21.861299516908193
514.0,119.39587799061194,88.46903571228366,,,,115.85911053143606,,81.20498095238095,72.73405238095238,0.0,0.0,0.0,80.69501904761906,0.0,23.754570048309155,31.761797101449247,38.64702898550721,25.328492753623166,32.1121062801932,33.71579227053137,21.86704347826085
516.0,119.18830581420197,88.55399428607682,,,,116.06867498297642,,81.3165464993962,72.55291621642587,0.0,0.0,0.0,80.55000400187215,0.0,23.76328985507244,31.788541062801905,38.72965217391301,25.34546859903379,32.13882125603862,33.737893719806735,21.873077294685967
518.0,118.7908225531594,88.64278070079061,,,,116.27519778463967,,81.48284561892311,72.96983596400095,0.0,0.0,0.0,80.49458739362338,0.0,23.77248309178742,31.81524154589369,38.81304830917871,25.362637681159395,32.16489371980673,33.761710144927505,21.88052657004829
520.0,118.19316283174037,88.72897587849879,,,,116.47908269088242,,81.50088222141444,72.98015061129679,0.0,0.0,0.0,80.77368824306473,0.0,23.782318840579688,31.843420289855043,38.89702415458934,25.378198067632827,32.18991304347823,33.786879227053106,21.889961352656986
522.0,117.39388619946426,88.82467461713416,,,,116.68802223783464,,0.0001,72.8173134625074,0.0,0.0,0.0,80.73844394184721,0.0,23.79118840579708,31.872265700483062,38.979560386473395,25.393951690821233,32.21464251207726,33.811212560386444,21.897173913043456
524.0,116.4002473606546,88.9175558913162,,,,116.89616669017647,,0.0,72.77390445019843,0.0,0.0,0.0,80.6828701316681,0.0,23.79870531400964,31.89918840579707,39.06408212560383,25.409874396135244,32.23679710144924,33.83552173913041,21.901608695652154
526.0,115.21759098935388,89.00177228733855,,,,117.10867145440851,,0.0,72.73524887378696,0.0,0.0,0.0,80.7849341581531,0.0,23.80630917874394,31.924599033816396,39.14801449275359,25.42228985507244,32.25647342995166,33.86061835748789,21.90209178743959
528.0,113.8645796315234,89.0832906083284,,,,117.32128108782491,,0.0,72.86524286690036,0.0,0.0,0.0,80.81308576725286,0.0,23.81426570048307,31.950082125603835,39.229434782608664,25.43412560386471,32.2773719806763,33.883695652173884,21.9004492753623
530.0,112.3564840318906,89.17335715047389,,,,117.55996492743265,,0.000179518133604344,72.57673841699348,0.0,0.0,0.0,80.86636023329946,0.0,23.821062801932346,31.97539613526567,39.30824637681156,25.447086956521716,32.29836714975842,33.90494685990335,21.899729468599013
532.0,110.72166736403655,89.26288627246716,,,,117.87155718028663,,0.0,73.20438509389764,0.0,0.0,0.0,80.74169832260256,0.0,23.826410628019303,32.002125603864705,39.38435265700479,25.459275362318813,32.319555555555525,33.92573913043475,21.896980676328482
534.0,108.98457049635975,89.35031408832081,,,,118.237177788861,,0.0,72.64172411784067,0.0,0.0,0.0,81.0246998274838,0.0,23.828797101449254,32.02885507246374,39.46070531400963,25.470014492753602,32.34103381642509,33.9449951690821,21.892299516908192
536.0,107.17759159303318,89.43786275725269,,,,118.62038704864884,,0.0,73.01633536476754,0.0,0.0,0.0,81.01757643144796,0.0,23.830314009661816,32.05416908212557,39.53730434782605,25.482280193236694,32.36107246376808,33.96463768115939,21.88578260869563
538.0,105.33385694056912,89.5263220053919,,,,118.98292872370706,,0.000168072506546501,72.82954828156278,0.0,0.0,0.0,81.0307374176097,0.0,23.8330531400966,32.078429951690794,39.61424637681156,25.49547826086954,32.38094202898547,33.98598550724635,21.876304347826068
540.0,103.4967139269378,89.617998390137,,,,119.28275932660766,,0.0,73.24043397673805,0.0,0.0,0.0,81.08790691300669,0.0,23.834280193236697,32.101951690821224,39.691120772946825,25.506014492753597,32.40251690821253,34.007357487922675,21.864516908212543
542.0,101.71068717881012,89.71069838894856,,,,119.48314899050656,,0.0,73.01695438331377,0.0,0.0,0.0,81.05528202930824,0.0,23.83608695652172,32.12622222222219,39.765183574879195,25.51569082125602,32.42589371980673,34.0288985507246,21.854072463768095
544.0,100.01679269161532,89.79420796391082,,,,119.55303832175706,,0.00018535562567882828,73.21704771635207,0.0,0.0,0.0,81.16480460553517,0.0,23.840565217391283,32.152729468599,39.834342995169045,25.527483091787417,32.44939130434779,34.051975845410595,21.846845410628
546.0,98.46809116538708,89.8826234890895,,,,119.46185109146305,,7.692311731754099e-05,73.12083848282634,0.0,0.0,0.0,81.43439997899488,0.0,23.846202898550704,32.181787439613494,39.90198550724634,25.54136714975843,32.47315458937195,34.07617874396132,21.84115458937196
548.0,97.08174727083274,89.97126993410181,,,,119.19473443529553,,0.0,72.87897156297593,0.0,0.0,0.0,81.39045889137813,0.0,23.852710144927514,32.213154589371946,39.967942028985476,25.55554106280191,32.49732850241543,34.09809661835745,21.835367149758433
550.0,95.80868920121527,90.06049374307693,,,,118.73385435842891,,0.0,73.1916,0.0,0.0,0.0,81.4252,0.0,23.859797101449253,32.24846376811591,40.0303140096618,25.569425120772923,32.52205797101446,34.1191449275362,21.829676328502398
552.0,94.63538037041789,90.1398454491846,,,,118.07667241406341,,0.0,72.968275,0.0,0.0,0.0,81.35348166666667,0.0,23.86717391304346,32.285777777777746,40.092125603864694,25.581217391304325,32.54566183574876,34.13951690821253,21.824275362318822
554.0,93.54793230068215,90.22009795565373,,,,117.22060921273696,,0.000155,73.2437625,0.0,0.0,0.0,7.75e-05,0.0,23.87332850241544,32.322555555555525,40.150449275362284,25.59271980676326,32.56823671497582,34.158183574879196,21.819357487922684
556.0,92.535973428573,90.31313666099774,,,,116.17026181864243,,0.0,72.62630744596079,0.0,0.0,0.0,0.0,0.0,23.87974879227051,32.35982608695649,40.20423188405793,25.605734299516882,32.59287922705311,34.17833816425117,21.815115942028967
558.0,91.59077668862088,90.39969323960595,,,,114.93958446292129,,0.0,73.388203577344,0.0,0.0,0.0,7.100006399999999e-05,0.0,23.886096618357463,32.39674396135262,40.255468599033776,25.61723671497582,32.61725603864731,34.19957004830915,21.81174396135264
560.0,90.7091426174732,90.48373403027257,,,,113.54053084139103,,0.00043636351546638534,73.04721687826373,0.0,0.0,0.0,0.0001,0.0,23.8926376811594,32.432415458937164,40.30437681159417,25.627806763285,32.63963768115939,34.220294685990304,21.8106570048309
562.0,89.88135401973182,90.5633478575,,,,111.99035144393848,,0.008715840099378326,73.40656535300009,0.0,0.0,0.0,0.0,0.0,23.90146376811592,32.46589855072461,40.3530483091787,25.639801932367124,32.6625024154589,34.240753623188375,21.81149275362317
564.0,89.10387610130887,90.64519236133955,,,,110.31063997503571,,0.0,73.09110199587498,0.0,0.0,0.0,0.000294845430205077,0.0,23.91106280193234,32.496806763284994,40.40062318840576,25.65314975845408,32.68650241545891,34.259966183574846,21.812714975845395
566.0,88.37180388930024,90.7256875001561,,,,108.53214882562274,,6.326530612244899e-05,73.317,0.0,0.0,0.0,0.0,0.0,23.92114492753621,32.52713526570045,40.44873429951687,25.66595169082123,32.71108212560384,34.27995169082122,21.81216908212559
568.0,87.68063283266599,90.80525127185882,,,,106.68792825466218,,0.0,73.10972054762411,0.0,0.0,0.0,0.0,0.0,23.93142028985505,32.55887922705311,40.49606280193232,25.678086956521717,32.73690821256036,34.302125603864695,21.809429951690802
570.0,87.02782076633109,90.88466010593423,,,,104.81862001188989,,7.160483682357478e-05,73.31404136094133,0.0,0.0,0.0,0.0001,0.0,23.941599033816406,32.59165217391301,40.54194202898547,25.69121256038645,32.76225120772944,34.323077294685966,21.805768115942012
572.0,86.40884614255715,90.96048374241921,,,,102.96280370663841,,0.0,73.41465531450683,0.0,0.0,0.0,0.0,0.0,23.950169082125583,32.62328985507243,40.58997584541059,25.705763285024133,32.78538164251205,34.34422222222219,21.80297584541061
574.0,85.82220339998688,91.03048936397452,,,,101.1636770653261,,7.0000128e-05,73.361055007232,0.0,0.0,0.0,6.4999936e-05,0.0,23.95739613526568,32.6565024154589,40.63656038647339,25.721570048309154,32.807570048309145,34.36514975845407,21.800400966183556
576.0,85.26574137329051,91.10760358974053,,,,99.46708888346387,,0.0,73.26641568102421,0.0,0.0,0.0,0.0,0.0,23.96471980676326,32.69104830917871,40.681140096618314,25.73968599033814,32.83069082125601,34.383623188405764,21.798599033816405
578.0,84.7363274250325,91.18781069386921,,,,97.92329305286749,,6.304333913043478e-05,73.37308988549566,0.0,0.0,0.0,0.0,0.0,23.97175362318838,32.72251207729465,40.72558937198064,25.758768115942004,32.85484057971011,34.40283574879224,21.798125603864715
580.0,84.23338918386354,91.26192478387628,,,,96.53908375227013,,6.386139492207203e-05,73.21296086898114,0.0,0.0,0.0,6.386139492207203e-05,0.0,23.978111111111094,32.75130434782606,40.77060869565214,25.777473429951666,32.878338164251176,34.42298067632847,21.79710628019322
582.0,83.75553564999514,91.3330012676839,,,,95.26720515256665,,0.0,73.44192822385818,0.0,0.0,0.0,6.504856540671665e-05,0.0,23.98340579710143,32.7777874396135,40.81694685990334,25.796855072463746,32.901328502415424,34.44369565217388,21.79666666666665
584.0,83.29957901301641,91.39889732072929,,,,94.09424402127581,,0.0,73.30539951447021,0.0,0.0,0.0,6.359222456405465e-05,0.0,23.989077294685966,32.80227536231881,40.863574879227016,25.816140096618334,32.9239565217391,34.46649275362316,21.795487922705295
586.0,82.86483509173537,91.46650261710107,,,,93.00904154627223,,0.00011105759999999998,73.57804628480001,0.0,0.0,0.0,6.29808e-05,0.0,23.99416908212558,32.82685990338161,40.91190821256034,25.834555555555532,32.94636714975842,34.488710144927495,21.79525120772945
588.0,82.44883546643922,91.54213175983712,,,,91.99946050846704,,0.0005040816326530612,73.53771020408163,0.0,0.0,0.0,0.0,0.0,23.997724637681134,32.85363285024151,40.96158454106277,25.853154589371957,32.96992753623185,34.50768599033813,21.798859903381622
590.0,82.05067854710286,91.60961377933995,,,,91.05587597001777,,0.00010964470567137644,73.28923965610223,0.0,0.0,0.0,6.345176477620786e-05,0.0,24.003009661835726,32.884130434782584,41.00924154589368,25.87242028985505,32.99300483091784,34.52675845410625,21.805043478260853
592.0,81.6690912682767,91.67419446770461,,,,90.17361380343819,,6.410251024327869e-05,73.33171024052176,0.0,0.0,0.0,0.0001641025102432787,0.0,24.010289855072443,32.9163333333333,41.05451690821252,25.89166183574877,33.01396618357485,34.547439613526535,21.811357487922685
594.0,81.30311127325639,91.73995500506399,,,,89.34600420749285,,0.00041004794183286254,73.32293781892832,0.0,0.0,0.0,6.555022868523749e-05,0.0,24.018053140096598,32.94827053140094,41.100652173913,25.910806763285,33.03540096618354,34.56641545893717,21.816531400966166
596.0,80.9504725069102,91.81247647355136,,,,88.56852254408963,,0.00025929627037707886,73.51045146010003,0.0,0.0,0.0,0.00013517593240573028,0.0,24.026009661835726,32.97735265700479,41.14788888888886,25.927956521739105,33.05567632850238,34.5833719806763,21.821642512077275
598.0,80.61061664702058,91.88684478764559,,,,87.83669617219567,,0.0,73.61589114426667,0.0,0.0,0.0,0.0001,0.0,24.03386956521737,33.00271980676325,41.1940869565217,25.942990338164226,33.07376328502413,34.599772946859865,21.826497584541045
600.0,80.28556017100145,91.95714929641132,,,,87.1479755409538,,0.0,73.66558373433469,0.0,0.0,0.0,0.0,0.0,24.040120772946835,33.02763768115939,41.238932367149715,25.955739130434758,33.09041062801929,34.61585990338161,21.83145893719805
602.0,79.97171114188762,92.03603372656586,,,,86.49512834230522,,0.0,73.5044330807466,0.0,0.0,0.0,0.0001,0.0,24.045028985507226,33.05410144927533,41.28088888888885,25.967811594202878,33.10754106280189,34.63065217391301,21.83806280193235
604.0,79.668510940764,92.11470788188755,,,,85.87802441699624,,0.0001563217240851685,73.46321953896494,0.0,0.0,0.0,0.0002,0.0,24.051859903381622,33.084106280193204,41.321420289855034,25.97959420289853,33.128299516908186,34.64677294685987,21.846019323671477
606.0,79.3754061515414,92.18967418111095,,,,85.29365672674474,,0.0001293531476547336,73.32097835436524,0.0,0.0,0.0,0.0,0.0,24.059053140096598,33.116043478260835,41.362594202898514,25.989647342995145,33.14800483091784,34.664415458937164,21.855038647342976
608.0,79.09245615360544,92.27157155952521,,,,84.73893705948775,,0.0,73.226291568128,0.0,0.0,0.0,0.0,0.0,24.06627053140095,33.148304347826056,41.404700483091744,26.00075362318838,33.164975845410595,34.68134299516905,21.864830917874375
610.0,78.81652904921427,92.34669376314145,,,,84.21154595766409,,3.4715024532203575e-05,73.45064767404999,0.0,0.0,0.0,6.943004906440715e-05,0.0,24.07377777777776,33.179835748792236,41.446251207729425,26.012077294685966,33.18291304347823,34.698922705313976,21.87205797101447
612.0,78.54972322519463,92.43004683751788,,,,83.70998796242793,,6.698119245283019e-05,73.62091789596982,0.0,0.0,0.0,6.698119245283019e-05,0.0,24.0806183574879,33.21009178743958,41.486362318840534,26.02338647342993,33.204294685990305,34.718521739130395,21.877555555555535
614.0,78.29096113867857,92.51170493110773,,,,83.23328533056454,,0.0014551020408163264,73.61713061224489,0.0,0.0,0.0,3.673469387755102e-05,0.0,24.089454106280172,33.244478260869535,41.52837198067629,26.0362415458937,33.22921739130432,34.74155555555552,21.88333333333331
616.0,78.04034041685014,92.59113400088923,,,,82.7791765986827,,0.0,73.77897014453178,0.0,0.0,0.0,6.417909307195003e-05,0.0,24.09812077294684,33.28597101449272,41.57141062801929,26.051599033816398,33.25539613526567,34.76648792270528,21.88960869565215
618.0,77.79675370761818,92.67174129153479,,,,82.34542852010765,,0.0,73.53516051766154,0.0,0.0,0.0,0.00013557686153846155,0.0,24.105057971014467,33.33094202898547,41.614657004830875,26.069241545893696,33.281768115942,34.790004830917844,21.89785507246375
620.0,77.56043442356943,92.75072708438343,,,,81.93004277312174,,2.4852004677682245e-05,73.82155248456425,0.0,0.0,0.0,2.4852004677682245e-05,0.0,24.11170531400964,33.376985507246346,41.659768115941986,26.088999999999977,33.30787439613523,34.81361835748789,21.908386473429932
622.0,77.3328854432317,92.82824038710773,,,,81.5315904195462,,0.0010000006464650644,73.99306655849152,0.0,0.0,0.0,0.0,0.0,24.119502415458918,33.425917874396106,41.703623188405764,26.11075362318838,33.33263768115939,34.83884057971011,21.919753623188384
624.0,77.11281162436737,92.90580738155853,,,,81.15004164068625,,0.0,73.83107315508235,0.0,0.0,0.0,0.0001365854084949568,0.0,24.12871497584539,33.473507246376776,41.745545893719765,26.13260386473428,33.357980676328474,34.8635797101449,21.92933333333331
626.0,76.89830769759418,92.98060776055954,,,,80.78333895674318,,0.0,73.6571276277551,0.0,0.0,0.0,0.0,0.0,24.137830917874375,33.517299516908174,41.78668599033812,26.15265217391302,33.383999999999965,34.88757004830915,21.937536231884035
628.0,76.68981767549865,93.05491943316619,,,,80.43010851831667,,0.0014753255964465879,73.87378431817577,0.0,0.0,0.0,6.147189985194117e-05,0.0,24.145338164251186,33.56144444444441,41.82579710144923,26.171381642512053,33.40896618357485,34.91114975845407,21.94477294685988
630.0,76.48807598157478,93.12989207248091,,,,80.09236551286742,,0.016601181215007033,74.01301592682611,0.0,0.0,0.0,3.8823483349446294e-05,0.0,24.151502415458914,33.60709178743958,41.86345893719803,26.19105314009659,33.435371980676294,34.93283091787436,21.950850241545872
632.0,76.2906853381168,93.20147345925926,,,,79.76788749010444,,0.0,73.9424475342872,0.0,0.0,0.0,0.0,0.0,24.156541062801907,33.65243961352654,41.90147342995165,26.21149758454104,33.462710144927506,34.95229951690818,21.95557487922703
634.0,76.09954330847125,93.280800864681,,,,79.45419257378038,,0.0,73.53490153931193,0.0,0.0,0.0,0.0,0.0,24.160623188405776,33.6975603864734,41.939864734299476,26.23071980676326,33.4905217391304,34.96919323671494,21.959357487922684
636.0,75.91275490779235,93.36050271611529,,,,79.15080449391826,,2.9870126991620704e-05,73.49669479820867,0.0,0.0,0.0,0.0,0.0,24.166917874396113,33.74257487922702,41.9768792270531,26.248502415458912,33.51839613526567,34.98492753623185,21.96260869565215
638.0,75.73066415187304,93.43523437827342,,,,78.85736883219718,,3.3333333333333335e-05,73.66356666666667,0.0,0.0,0.0,6.666666666666667e-05,0.0,24.175594202898527,33.78582608695649,42.013207729468554,26.265801932367125,33.54292270531398,35.0015217391304,21.964531400966166
640.0,75.55248174747426,93.5131465785847,,,,78.5738600618358,,0.0,73.67509122422022,0.0,0.0,0.0,3.247423836751283e-05,0.0,24.185043478260845,33.825053140096585,42.04836714975842,26.28357487922703,33.56551690821252,35.0179951690821,21.96432850241544
642.0,75.37801397697018,93.5835255052416,,,,78.29949220517548,,0.0,73.28947283879467,0.0,0.0,0.0,7.13568252922773e-05,0.0,24.194879227053114,33.85794685990335,42.082526570048266,26.300381642512054,33.5863719806763,35.032763285024124,21.96485507246375
644.0,75.20680031104037,93.66388812490035,,,,78.03348849286807,,0.0,73.80503840890626,0.0,0.0,0.0,0.0,0.0,24.203492753623166,33.886975845410596,42.11590338164247,26.314782608695626,33.60385507246374,35.047241545893684,21.964792270531376
646.0,75.0394052371465,93.7445643097582,,,,77.77730441774607,,0.001610062245006392,74.20220740757438,0.0,0.0,0.0,0.000402515561251598,0.0,24.211053140096595,33.91521256038644,42.1469371980676,26.329560386473407,33.6193333333333,35.062845410627986,21.96286956521737
648.0,74.87558649314174,93.82696685336079,,,,77.52779696060291,,3.4499968e-05,74.08514062963201,0.0,0.0,0.0,0.0,0.0,24.220125603864712,33.942159420289826,42.176512077294646,26.34449758454104,33.63477777777774,35.07921256038644,21.9608647342995
650.0,74.7146238385942,93.90526517189105,,,,77.28480623758752,,6.716423233089985e-05,73.63909089760506,0.0,0.0,0.0,0.0001343284646617997,0.0,24.23027536231882,33.967367149758424,42.20433816425117,26.3582028985507,33.65098550724634,35.09602898550721,21.958159420289835
652.0,74.55638341571537,93.98347338164955,,,,77.05031298601092,,0.0,74.06819788193103,0.0,0.0,0.0,0.0,0.0,24.24049758454104,33.99160869565214,42.23077777777773,26.369888888888863,33.6669758454106,35.113632850241515,21.955357487922683
654.0,74.40085023375717,94.06295741457168,,,,76.82272124652363,,0.0035299404915198115,73.87357247157941,0.0,0.0,0.0,0.00012155687796622641,0.0,24.251009661835727,34.013830917874365,42.2574637681159,26.381768115942005,33.68238647342992,35.13301449275359,21.952458937198045
656.0,74.24840410934861,94.1332359660478,,,,76.60085416674345,,0.0,73.83986952885796,0.0,0.0,0.0,6.318413156111652e-05,0.0,24.261425120772923,34.032932367149726,42.28429951690817,26.39422705314007,33.695632850241516,35.1515603864734,21.94946376811592
658.0,74.09758896886213,94.20893921129297,,,,76.38514466573916,,0.0,74.14964321739883,0.0,0.0,0.0,3.5323426172633215e-05,0.0,24.271357487922685,34.052589371980645,42.30945893719803,26.405826086956495,33.70933816425117,35.1708792270531,21.946371980676304
660.0,73.95128865398313,94.28488114408493,,,,76.17503383221292,,0.0001633027307465575,74.31660366291591,0.0,0.0,0.0,3.165136537327876e-05,0.0,24.28224637681157,34.07525603864731,42.332990338164215,26.421173913043454,33.72734782608693,35.19135748792267,21.945009661835726
662.0,73.80874143815402,94.3519832325976,,,,75.9698696171148,,0.0,74.03322764542386,0.0,0.0,0.0,0.0,0.0,24.293135265700464,34.10281642512074,42.35742028985503,26.439483091787416,33.74690338164249,35.21155555555552,21.944202898550703
664.0,73.66854692578343,94.4179322297996,,,,75.76986643396611,,3.4825901061825854e-05,74.2434850947008,0.0,0.0,0.0,0.0001303481978763483,0.0,24.3012415458937,34.13537681159417,42.38171980676324,26.458188405797078,33.766468599033786,35.23242995169078,21.942173913043458
666.0,73.53104339515153,94.4857058887727,,,,75.57411199918006,,3.191489361702128e-05,73.96058936170212,0.0,0.0,0.0,3.191489361702128e-05,0.0,24.307956521739108,34.170009661835714,42.403700483091754,26.47834299516906,33.786903381642475,35.25188888888886,21.941971014492733
668.0,73.39586511279238,94.54719456260216,,,,75.38276907099468,,0.0,73.67967142780313,0.0,0.0,0.0,0.0,0.0,24.315227053140074,34.20796135265697,42.422999999999966,26.497951690821235,33.806019323671464,35.27144444444441,21.94302415458935
670.0,73.26205697911492,94.61703119412276,,,,75.19504394273315,,0.002796722916780328,73.93953283518199,0.0,0.0,0.0,0.00015409845238744733,0.0,24.323173913043455,34.24798550724635,42.43863768115938,26.516797101449253,33.82400966183572,35.29138647342992,21.944159420289836
672.0,73.13146276699649,94.67378740179339,,,,75.01126611714925,,3.567841264613865e-05,73.81955776798947,0.0,0.0,0.0,0.0,0.0,24.331314009661817,34.289961352656974,42.4526328502415,26.53583574879225,33.84467149758451,35.310178743961316,21.944169082125583
674.0,73.00364101868962,94.73840962394316,,,,74.83081236602108,,0.0,74.06329387755102,0.0,0.0,0.0,3.4693877551020405e-05,0.0,24.337942028985488,34.336115942028954,42.46517874396131,26.552975845410604,33.8669758454106,35.32745893719804,21.943623188405777
676.0,72.87908990997595,94.79573047405626,,,,74.65391601035498,,0.00038590307177704746,74.19553920344461,0.0,0.0,0.0,6.431717862950791e-05,0.0,24.343130434782587,34.38623188405794,42.47646859903377,26.56972946859901,33.891115942028954,35.34464251207726,21.94307729468597
678.0,72.75809844536221,94.86403932455646,,,,74.48079757641347,,0.0001343284646617997,74.17785045213945,0.0,0.0,0.0,0.0,0.0,24.349951690821236,34.437647342995135,42.489743961352616,26.58943478260867,33.91728502415456,35.3631449275362,21.941864734299497
680.0,72.63930474767302,94.92695146086977,,,,74.31040270035689,,0.0,74.02286579074732,0.0,0.0,0.0,3.631838768346673e-05,0.0,24.35725603864732,34.48760386473426,42.50651690821252,26.609429951690796,33.94262801932364,35.38138164251204,21.94171497584539
682.0,72.52331271437829,94.99405512868462,,,,74.14249159327264,,0.0,74.21158765246793,0.0,0.0,0.0,0.0001,0.0,24.365719806763263,34.53924637681156,42.52357004830914,26.628275362318817,33.96846376811591,35.39959420289852,21.942531400966164
684.0,72.40897018621563,95.06140041194344,,,,73.97695096888515,,0.0001519609073431751,74.37190099488502,0.0,0.0,0.0,6.078436293727004e-05,0.0,24.376019323671475,34.59379710144924,42.53956038647339,26.64753140096616,33.99423671497581,35.419246376811564,21.946043478260847
686.0,72.29736675953238,95.121583338857,,,,73.81545746108762,,0.00012763821422690598,74.00208541057755,0.0,0.0,0.0,0.0001,0.0,24.38700483091785,34.650603864734265,42.55619323671493,26.667536231884032,34.019342995169055,35.43880193236712,21.95098067632848
688.0,72.1874801775905,95.17945971783568,,,,73.65614856156289,,0.0,74.12288859372308,0.0,0.0,0.0,0.0,0.0,24.398700483091766,34.70774396135262,42.57157004830914,26.686801932367125,34.044956521739095,35.45732850241542,21.955468599033797
690.0,72.07962468886168,95.25175863825599,,,,73.50040366695406,,0.0,74.38482468937394,0.0,0.0,0.0,0.0001323232114274189,0.0,24.41108212560384,34.76502415458934,42.586840579710106,26.703792270531377,34.069806763284994,35.476893719806725,21.960632850241524
692.0,71.97364801668938,95.3244456416294,,,,73.34758535582783,,0.0001585902636573706,74.59443304665852,0.0,0.0,0.0,0.0,0.0,24.42529951690819,34.82520289855069,42.601980676328466,26.721748792270507,34.09562318840577,35.49896135265697,21.964550724637657
694.0,71.86922171408088,95.39415855414843,,,,73.1983617435597,,0.0,74.42058192006317,0.0,0.0,0.0,7.530122432865491e-05,0.0,24.442502415458915,34.886164251207695,42.61823671497581,26.742086956521714,34.12353140096615,35.523217391304314,21.968299516908193
696.0,71.7668109981958,95.46149147371662,,,,73.0514520883211,,0.0,74.19671545738039,0.0,0.0,0.0,0.0,0.0,24.462666666666642,34.946966183574844,42.63634782608691,26.7626183574879,34.152879227053106,35.54634782608692,21.97173429951689
698.0,71.66590996301167,95.52395368912693,,,,72.90761696490581,,0.0,74.6506396920797,0.0,0.0,0.0,0.0,0.0,24.48094202898549,35.00844444444441,42.65232367149755,26.782376811594176,34.18306280193233,35.56803864734296,21.974710144927514
700.0,71.5653889624694,95.588328378809,,,,72.76639494130644,,5.2631578947368424e-05,74.42116842105263,0.0,0.0,0.0,0.00015263157894736842,0.0,24.498478260869543,35.070212560386445,42.664652173913005,26.800999999999977,34.21108212560383,35.58914975845408,21.97890821256037
702.0,71.46709750743193,95.65661693926036,,,,72.62793502131686,,3.246747633660371e-05,74.22036302027055,0.0,0.0,0.0,0.0,0.0,24.516980676328483,35.131884057970986,42.67547342995165,26.820555555555533,34.2375410628019,35.609318840579675,21.98300966183573
704.0,71.3695499253447,95.71812927314387,,,,72.49163277457029,,0.0001,74.09760527254802,0.0,0.0,0.0,0.00012820502048655738,0.0,24.535106280193215,35.19429468599031,42.68454589371977,26.84133333333331,34.26361352657002,35.6287874396135,21.986917874396116
706.0,71.27276830987712,95.79878463678548,,,,72.35830907143156,,3.6180892886547017e-05,74.09946479988268,0.0,0.0,0.0,0.0,0.0,24.553908212560362,35.25832850241543,42.68862801932364,26.861845410627996,34.29047342995166,35.64901932367147,21.989314009661815
708.0,71.17783433679384,95.86386264113932,,,,72.22689628328678,,5.4621824334426536e-05,74.3219155877193,0.0,0.0,0.0,2.7310912167213268e-05,0.0,24.572613526570027,35.3219178743961,42.68930434782605,26.882429951690796,34.31872463768113,35.66847826086953,21.990657004830897
710.0,71.08393472324812,95.92632787025165,,,,72.09771663310744,,0.00020727318426393102,74.72548590822488,0.0,0.0,0.0,0.0001539392923857931,0.0,24.58922705314007,35.384265700483056,42.688159420289814,26.9015990338164,34.345367149758424,35.68623188405794,21.99257971014491
712.0,70.98964050409288,95.9922651256463,,,,71.97062165031102,,0.0005300971308134332,74.2852175439425,0.0,0.0,0.0,6.504856540671665e-05,0.0,24.60535748792268,35.44644927536229,42.68315942028982,26.920864734299492,34.37162318840576,35.704347826086924,21.99488888888887
714.0,70.89686993029434,96.05641769414528,,,,71.84542686817124,,0.0,74.63351290316858,0.0,0.0,0.0,0.0,0.0,24.621391304347803,35.50781642512074,42.67404830917871,26.940516908212537,34.39871497584539,35.72246376811591,21.997391304347808
716.0,70.80371767489459,96.12501699387177,,,,71.72210623661942,,0.0002,74.62249511455661,0.0,0.0,0.0,0.0001340313687015309,0.0,24.637714975845387,35.567207729468564,42.6629178743961,26.95779710144925,34.42181642512074,35.74021739130431,21.99867149758452
718.0,70.71190076313728,96.19826956414457,,,,71.59954339361492,,0.0002825874093810657,74.35604783151373,0.0,0.0,0.0,0.0,0.0,24.655937198067612,35.62478260869562,42.65303381642508,26.975946859903356,34.44270531400963,35.756628019323635,22.002140096618337
720.0,70.6228376986111,96.26487570784406,,,,71.47905504569431,,0.000132367046997628,74.47969703732652,0.0,0.0,0.0,0.0001,0.0,24.674062801932344,35.68084541062798,42.646487922705276,26.99515942028983,34.46615942028982,35.77371497584538,22.00760386473428
722.0,70.53503889697652,96.33021076785654,,,,71.3599550833554,,6.585362807855322e-05,74.50646324342955,0.0,0.0,0.0,0.0001,0.0,24.691318840579687,35.73040096618354,42.64242028985503,27.01380193236713,34.489130434782574,35.79289371980673,22.012487922705294
724.0,70.4484505711173,96.4024924120345,,,,71.2423976081696,,0.0,74.65457163467099,0.0,0.0,0.0,0.0001,0.0,24.708758454106256,35.77277294685987,42.64124154589368,27.03446376811592,34.5116183574879,35.81380193236712,22.018487922705294
726.0,70.36314314590525,96.47605830441489,,,,71.12625309793158,,0.0,74.59143193098244,0.0,0.0,0.0,6.761906735599705e-05,0.0,24.726260869565195,35.80977777777775,42.64341062801928,27.056734299516883,34.53484541062799,35.83490338164248,22.024951690821236
728.0,70.27878607356614,96.54556583370541,,,,71.01067332727052,,6.363638714415377e-05,74.69486371680729,0.0,0.0,0.0,7.272722571169247e-05,0.0,24.74192753623186,35.8397101449275,42.648830917874356,27.078425120772923,34.55703381642509,35.85466183574876,22.02948309178742
730.0,70.1945193578213,96.620147372591,,,,70.89645682121215,,0.0,74.62477762026481,0.0,0.0,0.0,6.548222228864075e-05,0.0,24.75690821256036,35.86399516908209,42.655024154589334,27.099173913043455,34.58005797101446,35.87576328502412,22.031512077294664
732.0,70.11186975872646,96.69381485924481,,,,70.782534569407,,0.0,74.50577990789178,0.0,0.0,0.0,7.070715429032451e-05,0.0,24.769956521739108,35.88293236714973,42.66256038647339,27.1192222222222,34.60279227053137,35.897893719806724,22.032864734299494
734.0,70.03033873438028,96.76738109954582,,,,70.67003659072432,,0.0002928566857142857,74.61197823238095,0.0,0.0,0.0,0.0001,0.0,24.7804299516908,35.896265700483056,42.67143961352652,27.138811594202874,34.6253333333333,35.91773913043475,22.03231884057969
736.0,69.94978686156773,96.84852558888535,,,,70.55797014949336,,0.0,74.602698476,0.0,0.0,0.0,6.614586666666667e-05,0.0,24.79068599033814,35.90618357487919,42.680487922705275,27.15696135265698,34.64777777777775,35.93558937198064,22.0304299516908
738.0,69.86997286644981,96.92373022366257,,,,70.44836177041276,,0.0,74.156540727552,0.0,0.0,0.0,3.5500031999999996e-05,0.0,24.80125603864732,35.91492270531398,42.690975845410584,27.175690821256016,34.670222222222186,35.955338164251174,22.02770531400964
740.0,69.79144499784837,96.99464643086765,,,,70.3396613554325,,6.439026400476535e-05,74.69377417571096,0.0,0.0,0.0,0.0,0.0,24.812671497584518,35.92359420289852,42.701173913043434,27.198241545893694,34.69458937198065,35.97605314009658,22.024603864734285
742.0,69.71388623986348,97.05814040140581,,,,70.23209912929696,,0.0,74.57648667252093,0.0,0.0,0.0,4.534891162790698e-05,0.0,24.824859903381622,35.931579710144895,42.71117874396131,27.221855072463747,34.71980193236711,35.99619806763282,22.02275845410626
744.0,69.63722058252914,97.11892126588549,,,,70.12630338285987,,3.264253103172014e-05,74.3548051343271,0.0,0.0,0.0,0.0,0.0,24.837144927536208,35.94075362318837,42.719260869565176,27.2449951690821,34.74540096618354,36.01541062801929,22.021975845410605
746.0,69.56147334474723,97.19389863564898,,,,70.02150078649757,,0.0,74.42230738693112,0.0,0.0,0.0,0.0,0.0,24.84762801932365,35.95248309178741,42.72426086956517,27.26852173913041,34.76910144927533,36.035106280193204,22.020840579710125
748.0,69.48674334579286,97.26084064689506,,,,69.91767395079253,,0.0,74.77962795650612,0.0,0.0,0.0,0.0001362245224489796,0.0,24.8580144927536,35.965231884057935,42.724971014492716,27.29024637681157,34.79039613526567,36.05670048309175,22.019714975845393
750.0,69.41352378717376,97.33863478973437,,,,69.81572331405219,,0.0,74.4765129671178,0.0,0.0,0.0,0.00013128200819462297,0.0,24.870009661835724,35.978164251207694,42.723169082125565,27.310362318840557,34.812381642512044,36.07678260869562,22.021357487922685
752.0,69.34016958170879,97.40608979304697,,,,69.71437630868283,,0.00019393926856451323,74.6976940054665,0.0,0.0,0.0,0.0,0.0,24.88354106280191,35.99231884057967,42.72063285024151,27.3296183574879,34.83453623188403,36.096768115942,22.02492270531399
754.0,69.26845060039277,97.4773399181594,,,,69.61494496531202,,6.865667459715013e-05,74.77527454123766,0.0,0.0,0.0,0.0,0.0,24.89858454106278,36.00817874396132,42.716154589371946,27.348111111111088,34.855734299516875,36.11807246376808,22.028391304347807
756.0,69.19787934091903,97.53771702656526,,,,69.51623479912385,,0.0,74.76093563245715,0.0,0.0,0.0,0.0,0.0,24.913338164251186,36.02567149758451,42.71040096618354,27.368333333333307,34.87846859903379,36.13728502415455,22.033396135265683
758.0,69.12718211292203,97.59876711381966,,,,69.41866488902632,,0.00048571428571428566,74.91187755102041,0.0,0.0,0.0,0.0,0.0,24.9272222222222,36.04599516908209,42.700468599033776,27.389777777777756,34.90223188405794,36.155821256038614,22.04039613526568
760.0,69.05718700630642,97.6624091257902,,,,69.32191099757348,,0.0005035534630833586,74.46218631335189,0.0,0.0,0.0,3.705581711458018e-05,0.0,24.941483091787415,36.06739613526567,42.68650241545889,27.411985507246353,34.926565217391264,36.17692270531398,22.046850241545872
762.0,68.98844405769712,97.727357160531,,,,69.2260306005595,,3.5121962184417466e-05,74.6871594851776,0.0,0.0,0.0,0.0001297560756311651,0.0,24.95497101449273,36.08877294685987,42.67229951690817,27.434545893719783,34.94983574879224,36.19783091787436,22.053217391304326
764.0,68.91985769998345,97.79251005921499,,,,69.1308855826431,,0.0,74.75220642496227,0.0,0.0,0.0,0.0,0.0,24.96836231884056,36.11024637681156,42.65930917874392,27.455874396135236,34.967966183574845,36.21700966183571,22.06113043478259
766.0,68.85180520940922,97.85117911908264,,,,69.0370713658695,,0.000450495587804776,74.78574737568483,0.0,0.0,0.0,6.534649324578647e-05,0.0,24.983555555555533,36.1313333333333,42.647251207729425,27.478038647342974,34.9864830917874,36.235922705313975,22.073444444444423
768.0,68.78392779029889,97.90828580911668,,,,68.94488307157917,,0.0,74.91774397410815,0.0,0.0,0.0,6.473434133817467e-05,0.0,24.997623188405775,36.15094685990335,42.63651207729465,27.50010628019321,35.009086956521706,36.25785990338161,22.088236714975828
770.0,68.71809418271108,97.97409817571142,,,,68.85355853705884,,3.2275109341835965e-05,74.65058306119215,0.0,0.0,0.0,3.2275109341835965e-05,0.0,25.0106376811594,36.166173913043444,42.626922705313966,27.52236714975843,35.032270531400926,36.2813333333333,22.100584541062783
772.0,68.65328889492741,98.04097175841649,,,,68.76383327090812,,6.73468961265582e-05,74.9892540218175,0.0,0.0,0.0,0.0001326531038734418,0.0,25.023845410627995,36.17830917874393,42.617140096618314,27.54633333333331,35.05679710144924,36.303077294685956,22.11034299516906
774.0,68.58960094648677,98.09945477239484,,,,68.6751322395496,,0.0003182738577133345,74.72541975839829,0.0,0.0,0.0,0.0001,0.0,25.03544444444442,36.18620289855069,42.606425120772904,27.568690821256013,35.079811594202866,36.32282608695649,22.116666666666646
776.0,68.5265366954808,98.1715651294676,,,,68.5871781659182,,0.0010059404635624786,74.79504996457824,0.0,0.0,0.0,0.0,0.0,25.0454106280193,36.188053140096585,42.59581642512073,27.58912560386471,35.100236714975814,36.34086956521736,22.11983574879225
778.0,68.46439378258269,98.240974801291,,,,68.50052655694547,,0.0,74.71709807379519,0.0,0.0,0.0,3.5858595000504244e-05,0.0,25.054893719806742,36.18805797101446,42.586922705313974,27.608497584541034,35.12239130434779,36.359275362318805,22.122512077294665
780.0,68.4038235892301,98.31564258364664,,,,68.41424329222997,,0.0,75.06684001168858,0.0,0.0,0.0,3.5121962184417466e-05,0.0,25.063217391304324,36.18801932367146,42.578922705313964,27.62766666666664,35.14576811594199,36.377681159420256,22.12496135265698
782.0,68.343837735006,98.38998463816294,,,,68.32907280897783,,0.0005492953988493217,74.85819854632821,0.0,0.0,0.0,6.948358895281547e-05,0.0,25.07153140096616,36.188613526570016,42.569772946859864,27.64509661835746,35.168685990338126,36.395120772946825,22.12567149758452
784.0,68.28484967418112,98.45953606797109,,,,68.24454202736632,,0.0002680203916411425,75.1966938567777,0.0,0.0,0.0,0.0,0.0,25.08041545893718,36.191835748792236,42.5622560386473,27.661077294685963,35.19006763285021,36.41123188405794,22.12617874396133
786.0,68.22678333433319,98.52419301078261,,,,68.16089429661265,,0.0001,74.71251963828571,0.0,0.0,0.0,6.570046277860088e-05,0.0,25.08927536231882,36.196173913043445,42.55615458937194,27.677724637681134,35.21183574879223,36.42808212560383,22.12806763285022
788.0,68.16968508868509,98.5869601558306,,,,68.07802809874299,,6.435641305752906e-05,75.09505455667615,0.0,0.0,0.0,0.0,0.0,25.099961352656983,36.20143478260866,42.54947342995165,27.694154589371955,35.235309178743925,36.44596135265697,22.131193236714953
790.0,68.11248715337138,98.64285968794016,,,,67.99591339975171,,0.00035806475968463655,75.29515146987521,0.0,0.0,0.0,0.00013225809496057958,0.0,25.111323671497562,36.20507729468596,42.54204347826083,27.708879227053114,35.25758454106277,36.46338164251205,22.13428502415457
792.0,68.0555267151227,98.70900799709528,,,,67.91472155516746,,0.0013477609545109507,75.3616985225866,0.0,0.0,0.0,3.582090692804997e-05,0.0,25.12221256038645,36.20699033816422,42.533077294685945,27.722188405797077,35.27936231884054,36.47945893719803,22.13612077294684
794.0,67.99941153329576,98.78408621952943,,,,67.8340204327641,,0.0,75.11818764220104,0.0,0.0,0.0,0.0,0.0,25.13265217391302,36.20823671497581,42.52600966183571,27.736149758454083,35.300690821256,36.49630917874393,22.136700483091765
796.0,67.94380531165018,98.84496803729638,,,,67.75436644417842,,0.0,75.06530757333823,0.0,0.0,0.0,0.0,0.0,25.14444444444442,36.206178743961324,42.518845410627975,27.75040096618355,35.322792270531366,36.51422222222219,22.139072463768095
798.0,67.88841911059944,98.91664177135058,,,,67.67498001344421,,0.00023686876000403393,74.99096822667104,0.0,0.0,0.0,0.00016616160571370945,0.0,25.159391304347803,36.20413043478258,42.512637681159376,27.765801932367125,35.34688888888885,36.53166183574876,22.142111111111088
800.0,67.83337508636777,98.97813653462835,,,,67.59625678890183,,0.0,75.41046799973157,0.0,0.0,0.0,3.5436884154957145e-05,0.0,25.17446859903379,36.20413526570045,42.50909178743957,27.78264251207727,35.37120289855069,36.5513140096618,22.140468599033795
802.0,67.77858652965362,99.03720039614424,,,,67.51832399882805,,0.0,74.85322153528108,0.0,0.0,0.0,0.0,0.0,25.1884299516908,36.204570048309144,42.50513526570044,27.801864734299492,35.39638647342992,36.572864734299486,22.13597101449273
804.0,67.72367739080102,99.09616449468561,,,,67.43986504223098,,0.0,74.97881132075472,0.0,0.0,0.0,6.60377358490566e-05,0.0,25.20175845410626,36.20187439613523,42.49709178743957,27.821410628019297,35.421869565217364,36.59299999999996,22.13279227053138
806.0,67.66869570538853,99.1481471804956,,,,67.36191811315226,,0.0003451777771135926,74.93497909830793,0.0,0.0,0.0,6.548222228864075e-05,0.0,25.21484057971012,36.19767632850238,42.48606280193232,27.840396135265674,35.44765217391301,36.61323188405794,22.130280193236693
808.0,67.61401254111297,99.1968063177561,,,,67.28444389734743,,0.0012314814814814814,74.94001111111112,0.0,0.0,0.0,3.518518518518519e-05,0.0,25.227966183574853,36.19693236714973,42.474927536231846,27.860285024154564,35.474304347826056,36.63507246376809,22.12538647342993
810.0,67.55913337723747,99.25039890478756,,,,67.20733435498505,,0.0,75.1108058058809,0.0,0.0,0.0,0.00012673275357323,0.0,25.242550724637656,36.20559420289852,42.46356521739126,27.880666666666638,35.50057004830914,36.655207729468565,22.120492753623168
812.0,67.50419639225599,99.29961299641039,,,,67.13127507691819,,6.268657096606157e-05,75.20009703575208,0.0,0.0,0.0,7.462685806787687e-05,0.0,25.259961352656983,36.22591304347823,42.4531256038647,27.902304347826057,35.52701932367147,36.67514975845407,22.117980676328482
814.0,67.44902806615966,99.34889176547411,,,,67.05633713612924,,0.00041886770580251264,75.39190745588824,0.0,0.0,0.0,6.981128430041879e-05,0.0,25.280342995169057,36.2553140096618,42.44180676328498,27.92596135265698,35.55547826086953,36.696410628019294,22.11662801932365
816.0,67.39467068035702,99.40104554519446,,,,66.98142179841544,,0.00022931940120065458,75.05106230067832,0.0,0.0,0.0,4.71203991995636e-05,0.0,25.30323671497582,36.29366666666663,42.42845893719803,27.950004830917848,35.58420289855069,36.7175024154589,22.11460869565215
818.0,67.34165168877195,99.46243390048991,,,,66.9073131614111,,0.00012864317470772272,75.20554214556233,0.0,0.0,0.0,0.00012864317470772272,0.0,25.328183574879205,36.337236714975816,42.411932367149724,27.973405797101424,35.61206763285021,36.736937198067594,22.111270531400944
820.0,67.28866820866756,99.50672520630498,,,,66.83425782378957,,0.0,75.21314545419284,0.0,0.0,0.0,0.00012727277428830754,0.0,25.35532850241544,36.384115942028956,42.393473429951655,27.999357487922683,35.63851690821252,36.755623188405764,22.109565217391282
822.0,67.23624608619889,99.56796864974075,,,,66.76129281461495,,0.00018975401967213115,75.314200064,0.0,0.0,0.0,0.0,0.0,25.384212560386448,36.43482608695649,42.374328502415416,28.02562318840577,35.661724637681125,36.77324637681156,22.110048309178723
824.0,67.18440693039021,99.62565572224864,,,,66.6884942665071,,0.0013506491433966908,75.32365060525764,0.0,0.0,0.0,1.5584428537706838e-05,0.0,25.415599033816406,36.488714975845376,42.35517391304344,28.05179227053138,35.68646859903378,36.79009661835745,22.112719806763266
826.0,67.13293717827345,99.68003664953571,,,,66.61673643390655,,0.0,75.19249493376,0.0,0.0,0.0,0.0,0.0,25.449077294685967,36.54640096618354,42.33856038647339,28.079280193236688,35.71452657004827,36.80828985507243,22.11580193236713
828.0,67.08181784736182,99.7393131241405,,,,66.5451566926145,,0.0001,75.39912,0.0,0.0,0.0,7.2e-05,0.0,25.482458937198047,36.60616908212557,42.32165700483088,28.10589855072461,35.74107246376808,36.82694202898547,22.11812077294684
830.0,67.03135009011794,99.79413301638748,,,,66.47397462415847,,3.083328e-05,75.17734689024,0.0,0.0,0.0,0.0001,0.0,25.51355555555553,36.66457487922702,42.302855072463736,28.130681159420263,35.765502415458904,36.84578743961349,22.120280193236695
832.0,66.98110110627172,99.84922697848184,,,,66.4034682674604,,0.0,75.242650885729,0.0,0.0,0.0,0.0002,0.0,25.54195652173911,36.71882608695648,42.28414975845406,28.153265700483065,35.78899033816422,36.86273429951687,22.124057971014473
834.0,66.9313361427261,99.90047057523937,,,,66.3334350228,,0.0004070484641114762,75.12952510989965,0.0,0.0,0.0,0.0001,0.0,25.57025120772944,36.766130434782575,42.26448792270528,28.17389371980674,35.81209178743958,36.878072463768085,22.130628019323648
836.0,66.88150698457575,99.94975718707754,,,,66.26394085629443,,0.0,75.40323721247752,0.0,0.0,0.0,0.0,0.0,25.598028985507224,36.80486956521736,42.24399033816421,28.19402898550722,35.835362318840545,36.89386956521736,22.137560386473407
838.0,66.83192810360686,100.02051446857612,,,,66.19514333162829,,0.0,75.271313160192,0.0,0.0,0.0,0.000135500032,0.0,25.623101449275335,36.83459903381639,42.22395169082122,28.213357487922682,35.85814975845407,36.90976328502412,22.143647342995145
840.0,66.78324412593257,100.09227533717421,,,,66.12727453807318,,0.0,75.25815609382909,0.0,0.0,0.0,0.0,0.0,25.646328502415436,36.857922705313975,42.20688888888885,28.23161352657002,35.88285024154586,36.92661352657001,22.148285024154564
842.0,66.73516282120232,100.16603779773706,,,,66.06028346097075,,0.0,75.2433279055651,0.0,0.0,0.0,3.505152326497434e-05,0.0,25.667396135265673,36.87392270531398,42.19297101449271,28.250405797101426,35.908289855072425,36.94593236714972,22.15269565217389
844.0,66.68702874776118,100.2306701788275,,,,65.99322083168927,,0.0,75.76581235967595,0.0,0.0,0.0,0.0,0.0,25.684816425120747,36.88060386473427,42.17819323671494,28.2683913043478,35.93334299516905,36.96628019323668,22.15632367149756
846.0,66.63904821928003,100.30022196050518,,,,65.92667955348564,,0.0,75.34516892762545,0.0,0.0,0.0,7.290837344168964e-05,0.0,25.700149758454085,36.88033816425118,42.163995169082085,28.283671497584518,35.959328502415424,36.98626570048305,22.154391304347804
848.0,66.59146562204828,100.36569734874797,,,,65.8609105073803,,0.0006150288333054643,75.19150171963994,0.0,0.0,0.0,4.624279167363392e-05,0.0,25.712574879227027,36.870816425120736,42.149990338164216,28.29557004830916,35.982739130434744,37.006323671497555,22.148724637681138
850.0,66.54355031922564,100.42480879269259,,,,65.79518947113904,,0.0,75.66821715465854,0.0,0.0,0.0,0.0,0.0,25.720096618357466,36.849874396135235,42.13457004830914,28.3040144927536,36.003671497584506,37.02506280193233,22.144753623188382
852.0,66.49664306935396,100.4905644276435,,,,65.73021764041692,,6.565654345473516e-05,75.16692417701765,0.0,0.0,0.0,0.0,0.0,25.724975845410604,36.81970048309175,42.119125603864696,28.30953623188403,36.025826086956485,37.04104347826083,22.141908212560363
854.0,66.44949326513047,100.55652381819019,,,,65.66597250904265,,0.0,75.51210283883592,0.0,0.0,0.0,7.095432687456116e-05,0.0,25.728299516908187,36.78748792270528,42.1050483091787,28.314492753623163,36.0511256038647,37.05760386473427,22.136014492753603
856.0,66.4025761672888,100.61635935832068,,,,65.60234575857868,,0.0,75.5701159101888,0.0,0.0,0.0,7.175147453160661e-05,0.0,25.7312028985507,36.75887922705311,42.09255555555552,28.318845410627997,36.07671497584538,37.07625603864731,22.127072463768094
858.0,66.35609530989062,100.68419758181352,,,,65.53864510725239,,3.401019582057123e-05,75.64318710084454,0.0,0.0,0.0,0.0,0.0,25.73609178743959,36.73315458937194,42.0800869565217,28.323777777777757,36.10096135265697,37.09368599033813,22.1186376811594
860.0,66.30995878718831,100.7487435864583,,,,65.47573072978155,,0.0,75.55121950458364,0.0,0.0,0.0,0.0001,0.0,25.74181642512075,36.707975845410594,42.06608212560382,28.33109178743959,36.12340579710141,37.11018357487919,22.11426570048307
862.0,66.2640723984134,100.8125433211253,,,,65.41308328015604,,7.025864827586207e-05,75.78798283144828,0.0,0.0,0.0,5.9482703448275864e-05,0.0,25.74727536231882,36.68167149758451,42.05015458937194,28.33776328502413,36.14231884057968,37.12781642512074,22.11213043478259
864.0,66.2181964181784,100.87211909464345,,,,65.35049175124126,,0.0,75.25425587790768,0.0,0.0,0.0,0.0,0.0,25.75197101449273,36.655570048309144,42.03309178743958,28.343768115942005,36.160748792270496,37.146222222222185,22.109231884057948
866.0,66.17222273026088,100.9298371148409,,,,65.28817323486109,,6.553397093034816e-05,75.29958977591315,0.0,0.0,0.0,3.446602906965184e-05,0.0,25.756579710144905,36.6291256038647,42.016285024154556,28.350859903381618,36.1805217391304,37.16503864734296,22.106173913043456
868.0,66.12712034976516,100.99360795627008,,,,65.22662379783837,,6.453203088645332e-05,75.60374971379713,0.0,0.0,0.0,0.00012906406177290664,0.0,25.764173913043457,36.6029178743961,41.99995169082121,28.361396135265675,36.20046376811591,37.184507246376775,22.10473429951689
870.0,66.08250863553909,101.05934975031893,,,,65.16578655734901,,5.6387649300398435e-05,75.61567311245163,0.0,0.0,0.0,0.0,0.0,25.774826086956498,36.579256038647316,41.98130917874393,28.374130434782582,36.22062318840576,37.20304347826083,22.106086956521718
872.0,66.03803926273282,101.10880641995597,,,,65.10531483709603,,0.0,75.71488367119188,0.0,0.0,0.0,0.00017544914952846965,0.0,25.78560869565215,36.559178743961326,41.96179710144924,28.38721256038645,36.242874396135235,37.22206280193233,22.10840579710143
874.0,65.99400538058052,101.16504507812851,,,,65.04567837107328,,0.0,75.31449229515042,0.0,0.0,0.0,0.0,0.0,25.796594202898525,36.544898550724604,41.94407729468595,28.402396135265672,36.266091787439585,37.242980676328465,22.111086956521717
876.0,65.95010142580678,101.22077253453666,,,,64.98624369599897,,0.0,75.35206484736,0.0,0.0,0.0,6.8999936e-05,0.0,25.809028985507222,36.533753623188375,41.92481159420286,28.419608695652144,36.28854589371977,37.26421256038644,22.11352657004829
878.0,65.90638950076135,101.27683366495972,,,,64.92726896752357,,0.0,75.22263850045184,0.0,0.0,0.0,7.264955768864695e-05,0.0,25.82111111111109,36.52298550724635,41.902487922705276,28.43695169082123,36.31150724637678,37.28599999999996,22.115106280193217
880.0,65.86346805974301,101.33607614166225,,,,64.86897176315749,,0.0012345682445971315,75.62632410684374,0.0,0.0,0.0,0.00015432103057464144,0.0,25.83342028985505,36.51573913043475,41.879198067632814,28.45430434782606,36.33502415458934,37.30798067632847,22.118811594202874
882.0,65.82092474556562,101.40028130806195,,,,64.81094962625536,,0.00013197960835885754,75.36605410165413,0.0,0.0,0.0,0.0,0.0,25.848314009661813,36.51506280193233,41.85581159420286,28.47454589371978,36.3591449275362,37.32979227053137,22.125198067632827
884.0,65.77887637004137,101.46241897416515,,,,64.75366234371182,,0.0,75.53044473559291,0.0,0.0,0.0,0.0001743718024089752,0.0,25.865719806763263,36.520956521739095,41.83319806763282,28.49755555555553,36.385743961352624,37.3535024154589,22.132391304347802
886.0,65.73697167654295,101.53480829090383,,,,64.69681138268572,,0.0,75.77909129599756,0.0,0.0,0.0,0.0,0.0,25.884961352656983,36.53219806763281,41.81100483091783,28.520212560386447,36.4149178743961,37.378178743961314,22.138468599033796
888.0,65.69526969809907,101.59018628002832,,,,64.64008362458233,,0.0,75.71156023952705,0.0,0.0,0.0,0.0,0.0,25.905362318840556,36.54751690821253,41.78883091787436,28.542396135265676,36.443159420289824,37.40228502415456,22.143236714975824
890.0,65.65356114133479,101.64504968931985,,,,64.58360582278834,,3.2804267204130675e-05,75.47498829769654,0.0,0.0,0.0,6.719573279586932e-05,0.0,25.926246376811573,36.56494202898548,41.766797101449235,28.563937198067606,36.46873913043475,37.42545893719803,22.14945410628017
892.0,65.61188191663804,101.7032633298802,,,,64.5276172833719,,6.494847673502567e-05,75.5807772624645,0.0,0.0,0.0,0.00013505152326497434,0.0,25.94693719806761,36.58662801932363,41.746149758454074,28.584618357487894,36.49470531400963,37.447289855072434,22.153782608695632
894.0,65.57067051188234,101.75641316081787,,,,64.47225042772871,,3.114037894736842e-05,75.7385832448,0.0,0.0,0.0,3.114037894736842e-05,0.0,25.967362318840557,36.614077294685956,41.72991304347822,28.605396135265675,36.52228019323668,37.4685410628019,22.15583574879225
896.0,65.52978175191863,101.81761355031765,,,,64.41683244151605,,0.0009496938990259423,75.63181623921422,0.0,0.0,0.0,0.0,0.0,25.986227053140073,36.64214009661833,41.71628502415455,28.624178743961327,36.54785990338161,37.488753623188366,22.161227053140074
898.0,65.48832394654539,101.88066030935917,,,,64.36165264278395,,0.0,75.58383688709164,0.0,0.0,0.0,0.0,0.0,26.00158454106278,36.66866666666663,41.70346376811591,28.640652173913015,36.572666666666635,37.50807246376808,22.168347826086936
900.0,65.44744825931274,101.93841791284588,,,,64.30716806140556,,3.316579682328136e-05,76.1861000964825,0.0,0.0,0.0,0.0,0.0,26.01626570048307,36.69206280193234,41.693251207729425,28.65750241545891,36.599748792270496,37.527864734299484,22.175637681159397
902.0,65.40700774973716,102.00155305256402,,,,64.25244098254868,,0.0,75.29430930089373,0.0,0.0,0.0,0.00017004219135822473,0.0,26.03310144927534,36.71189371980673,41.68684541062798,28.675637681159394,36.62737681159417,37.550768115941985,22.18398067632848
904.0,65.36713914045632,102.05562657029354,,,,64.19777456262155,,0.0,75.56011535667899,0.0,0.0,0.0,0.00017457629815188184,0.0,26.051367149758434,36.7295024154589,41.681840579710105,28.693014492753594,36.65204347826084,37.57346859903378,22.193086956521718
906.0,65.32741246580726,102.11482810829096,,,,64.1431916739488,,0.0010049257915504893,75.920319414252,0.0,0.0,0.0,0.00016699505277003264,0.0,26.067990338164226,36.74318357487919,41.67399033816421,28.708845410627994,36.67384541062798,37.591478260869536,22.20331884057969
908.0,65.2876807623271,102.17550964628326,,,,64.08901720329868,,6.417909307195003e-05,76.08461935156835,0.0,0.0,0.0,6.417909307195003e-05,0.0,26.082946859903355,36.75423188405794,41.666826086956476,28.724169082125577,36.69465700483089,37.60813526570044,22.21630917874394
910.0,65.24793398175676,102.23014226431216,,,,64.0349809745717,,0.0,76.01246862536962,0.0,0.0,0.0,6.868691309052967e-05,0.0,26.09560869565215,36.763338164251174,41.663227053140055,28.738816425120746,36.715748792270496,37.62677777777775,22.22830917874394
912.0,65.20809252899366,102.28675301166155,,,,63.98063290446487,,0.0004039601400648617,75.61189799838543,0.0,0.0,0.0,0.0,0.0,26.105951690821232,36.77001932367146,41.661246376811555,28.75384057971012,36.73843961352653,37.64596618357485,22.236792270531378
914.0,65.16873957304107,102.34608909678553,,,,63.9270049213093,,0.00012843143529411765,75.9922417984,0.0,0.0,0.0,3.578428235294118e-05,0.0,26.116381642512053,36.774444444444406,41.660159420289816,28.769120772946835,36.761096618357456,37.66370531400963,22.244661835748772
916.0,65.1296400793546,102.40950865814536,,,,63.874453666366755,,0.0,75.63569352306916,0.0,0.0,0.0,0.00016584159419665375,0.0,26.126304347826068,36.776830917874356,41.65801932367145,28.784584541062777,36.782135265700454,37.681048309178706,22.252425120772926
918.0,65.09071497359011,102.45955826856513,,,,63.822045218075225,,0.0,75.771061884928,0.0,0.0,0.0,0.00023100006399999997,0.0,26.13452173913041,36.77744444444441,41.653434782608656,28.79898550724635,36.80057487922702,37.69665217391301,22.2600338164251
920.0,65.05170092459528,102.51845309334871,,,,63.76919461505012,,0.0001,75.82064858440785,0.0,0.0,0.0,3.676473725490197e-05,0.0,26.14100966183572,36.77659903381639,41.64857004830913,28.81229951690819,36.81843478260866,37.709777777777745,22.26505797101447
922.0,65.01214065562345,102.5819602448785,,,,63.717268635754756,,0.0,75.81005109089412,0.0,0.0,0.0,0.0,0.0,26.148743961352633,36.774657004830885,41.64371497584537,28.826946859903355,36.83590821256035,37.72268599033813,22.266893719806742
924.0,64.97255609246218,102.64179254788377,,,,63.665661440976486,,0.0,76.18308596707465,0.0,0.0,0.0,6.634148412612188e-05,0.0,26.156478260869537,36.76898067632847,41.63545893719803,28.83995169082123,36.85196618357485,37.73398550724634,22.262492753623167
926.0,64.934306468288,102.70069261335631,,,,63.61385365764285,,0.0,75.80723416854443,0.0,0.0,0.0,6.584159419665375e-05,0.0,26.162966183574852,36.76175845410624,41.62512077294682,28.84894202898548,36.8685797101449,37.74650724637677,22.253584541062782
928.0,64.89752904894436,102.76084005783575,,,,63.56230747662596,,0.00020689655172413795,75.7848172413793,0.0,0.0,0.0,0.0,0.0,26.1711835748792,36.75822705314006,41.61574879227049,28.85632367149756,36.88467149758451,37.76252657004827,22.244280193236698
930.0,64.86058989074724,102.81729471536616,,,,63.51077695608842,,0.00013300494722996738,76.06516154666828,0.0,0.0,0.0,3.349752638501631e-05,0.0,26.182932367149736,36.755845410627984,41.608565217391266,28.864454106280164,36.900942028985476,37.776541062801904,22.234468599033793
932.0,64.82362360481838,102.87574946177244,,,,63.45981155439096,,0.0,76.00066691194633,0.0,0.0,0.0,0.00026381910711345297,0.0,26.19706280193234,36.752120772946824,41.60301449275358,28.87326086956519,36.92048792270528,37.78852657004827,22.224657004830895
934.0,64.78688123749707,102.9301767866114,,,,63.40906751891648,,0.0,75.85473328764981,0.0,0.0,0.0,3.484847505355963e-05,0.0,26.21064734299514,36.747560386473396,41.59736714975842,28.88084541062799,36.94280193236711,37.80028502415455,22.214748792270512
936.0,64.75065136375552,102.9838326523564,,,,63.358618616283096,,0.0,76.02610495690463,0.0,0.0,0.0,6.585362807855322e-05,0.0,26.223758454106257,36.74200483091784,41.59354589371977,28.886468599033787,36.963154589371946,37.81061835748788,22.20647342995167
938.0,64.71501800914719,103.0385205482798,,,,63.30865761231878,,0.00013030304989288075,76.0292000665859,0.0,0.0,0.0,3.484847505355963e-05,0.0,26.236420289855047,36.73640579710141,41.59229951690817,28.892946859903354,36.982198067632815,37.820154589371946,22.199164251207712
940.0,64.6792366018751,103.09496267262402,,,,63.25876178776589,,0.0,76.0911756095596,0.0,0.0,0.0,3.6548235223792155e-05,0.0,26.248608695652152,36.73217391304344,41.59382125603861,28.902444444444416,37.00414009661832,37.8295217391304,22.19215458937196
942.0,64.64377150512726,103.14287118223156,,,,63.20912060833732,,0.0,75.79870312811515,0.0,0.0,0.0,0.00016969695010711928,0.0,26.260251207729446,36.731748792270494,41.597748792270494,28.915299516908185,37.02953623188402,37.839347826086914,22.190222222222204
944.0,64.60828071794232,103.20048320172957,,,,63.15986004299611,,0.0,76.06737744601601,0.0,0.0,0.0,1.7500032e-05,0.0,26.273053140096597,36.73556521739127,41.600719806763244,28.92880193236712,37.05773429951687,37.84965700483088,22.193367149758433
946.0,64.57257884318551,103.24814065604821,,,,63.111134347178385,,6.363638714415377e-05,76.00024536808381,0.0,0.0,0.0,0.0001,0.0,26.28871980676326,36.74692753623185,41.60359420289851,28.94501932367147,37.08808212560383,37.860473429951654,22.195589371980656
948.0,64.53761131825497,103.28781876244095,,,,63.062607496670616,,0.0,75.98930903864037,0.0,0.0,0.0,8.877543023729662e-05,0.0,26.307178743961327,36.762995169082096,41.60723188405793,28.96597101449273,37.11930917874393,37.87242512077291,22.19749275362317
950.0,64.50301056297349,103.34344111362877,,,,63.01417589528899,,0.0,75.80505294117647,0.0,0.0,0.0,7.058823529411765e-05,0.0,26.327183574879207,36.78203864734296,41.610096618357446,28.988801932367128,37.15009661835745,37.8843140096618,22.202632850241528
952.0,64.46865552102675,103.38877817739352,,,,62.966062993755465,,7.425744205469018e-05,76.04181782798078,0.0,0.0,0.0,3.712872102734509e-05,0.0,26.34566183574877,36.80766183574875,41.608826086956476,29.011782608695626,37.18147342995166,37.893067632850205,22.21030917874394
954.0,64.43394851257813,103.43536384634443,,,,62.91808463822409,,0.0006333333333333333,75.85666666666667,0.0,0.0,0.0,0.0001,0.0,26.361888888888867,36.839768115942,41.605454106280156,29.036086956521714,37.21564251207727,37.901565217391266,22.218599033816403
956.0,64.39909685512033,103.48791168156824,,,,62.870262012003785,,6.584159419665375e-05,76.16043168724384,0.0,0.0,0.0,0.0001,0.0,26.377473429951667,36.87943478260866,41.60444444444441,29.06644444444442,37.252410628019284,37.91446376811591,22.227961352656987
958.0,64.36382544631377,103.5332265938907,,,,62.823050840735824,,6.417909307195003e-05,76.28115073259328,0.0,0.0,0.0,0.0001,0.0,26.39275362318838,36.92469082125601,41.6030869565217,29.10275845410625,37.29041062801929,37.930420289855036,22.23942512077293
960.0,64.32878874839379,103.58036938322255,,,,62.77594545207638,,6.066348870870485e-05,75.97610659994491,0.0,0.0,0.0,0.00013933651129129516,0.0,26.408637681159394,36.97535748792267,41.59933816425117,29.140106280193212,37.32767149758451,37.9463140096618,22.252811594202875
962.0,64.29385034972807,103.62733380258122,,,,62.729377301014594,,0.0007718590482463361,76.42730897003129,0.0,0.0,0.0,0.0,0.0,26.426033816425093,37.03187439613523,41.59237681159417,29.178342995169057,37.36339613526567,37.962024154589336,22.267990338164232
964.0,64.25849005370402,103.67965997485685,,,,62.68261117712002,,0.0,76.13742845657958,0.0,0.0,0.0,0.0,0.0,26.443454106280168,37.091729468599,41.58138164251204,29.219671497584514,37.39796135265697,37.977381642512036,22.28248309178742
966.0,64.22311747388963,103.7309385040071,,,,62.63595987447954,,0.0,75.99976670989363,0.0,0.0,0.0,0.00016666670976433763,0.0,26.462458937198043,37.153729468598996,41.56613526570044,29.262642512077267,37.43174396135262,37.99339130434779,22.295685990338146
968.0,64.18714868474937,103.78265690826612,,,,62.58979985318976,,0.000474,75.923734,0.0,0.0,0.0,0.0,0.0,26.48283091787437,37.21377777777774,41.550072463768075,29.30763285024152,37.465772946859865,38.01105797101445,22.30643961352655
970.0,64.15112999568458,103.82539107550413,,,,62.544420426052696,,0.0005295237305760119,75.96589571626929,0.0,0.0,0.0,6.619046632200148e-05,0.0,26.503178743961328,37.26725603864731,41.532454106280156,29.35079710144925,37.4981256038647,38.02959420289851,22.309362318840563
972.0,64.11613211299809,103.86948735872856,,,,62.49885180022018,,0.0,75.91780693912519,0.0,0.0,0.0,0.00013415840580334627,0.0,26.52211111111109,37.314420289855036,41.512589371980646,29.389463768115917,37.526927536231845,38.05003864734296,22.305057971014474
974.0,64.08213542728934,103.9139404731454,,,,62.453243641150976,,7.142860874630694e-05,76.32437137740882,0.0,0.0,0.0,3.571430437315347e-05,0.0,26.54123671497582,37.355574879227014,41.49528019323668,29.426961352656978,37.553956521739096,38.074048309178714,22.298908212560367
976.0,64.04794775881525,103.96014239348872,,,,62.408038677930115,,3.609750980605184e-05,76.13572548262259,0.0,0.0,0.0,0.0,0.0,26.562164251207708,37.38745410628016,41.47937681159416,29.464222222222194,37.576768115941995,38.09845410628016,22.291468599033795
978.0,64.0134083753484,104.00669780981922,,,,62.363131618504404,,0.0009872444081632653,76.14729710249796,0.0,0.0,0.0,3.418370612244898e-05,0.0,26.58167632850239,37.405570048309144,41.46260386473426,29.49983091787437,37.59774396135262,38.11943478260866,22.28334299516906
980.0,63.978864552553176,104.05954495018067,,,,62.31862493824883,,0.0,76.38271632653061,0.0,0.0,0.0,3.673469387755102e-05,0.0,26.599555555555533,37.41138647342992,41.443908212560345,29.532420289855047,37.61926570048306,38.14034299516904,22.273961352656986
982.0,63.94465497896028,104.09599031677593,,,,62.27393268951922,,0.0,75.83823401179617,0.0,0.0,0.0,0.0001,0.0,26.615536231884033,37.40687439613523,41.42341062801928,29.560019323671472,37.63584057971011,38.159642512077255,22.262753623188384
984.0,63.91034047298453,104.15015619631467,,,,62.22924506916167,,6.30136217677087e-05,76.41319728406289,0.0,0.0,0.0,0.0001,0.0,26.63113043478258,37.39395652173909,41.40300966183571,29.581212560386447,37.64914975845407,38.17513043478257,22.251545893719783
986.0,63.876163873619596,104.19384537835815,,,,62.18523643943686,,0.0,76.04400038452245,0.0,0.0,0.0,0.0001,0.0,26.647850241545868,37.376381642512044,41.38338164251204,29.60057004830915,37.66504830917871,38.19177777777774,22.24156038647341
988.0,63.842073877353805,104.23715367294362,,,,62.141733535845255,,6.464642285483775e-05,76.10052018726776,0.0,0.0,0.0,0.00013535357714516226,0.0,26.6654299516908,37.357376811594165,41.365202898550685,29.620835748792242,37.68521739130431,38.210903381642474,22.23406763285022
990.0,63.80809057193526,104.28816723396056,,,,62.098534488554414,,0.0,76.37059991996763,0.0,0.0,0.0,6.666658047132475e-05,0.0,26.682429951690796,37.34214009661833,41.34732367149755,29.641768115942,37.70721256038644,38.23204830917871,22.226768115942008
992.0,63.774178153940525,104.33974717877217,,,,62.05506228309529,,3.301888843002152e-05,76.42131603669007,0.0,0.0,0.0,0.0,0.0,26.699236714975818,37.33123671497581,41.33099033816422,29.661347826086928,37.728637681159384,38.25357971014489,22.214917874396114
994.0,63.74015635543851,104.3941167423815,,,,62.0117030909519,,0.0,76.03450439891094,0.0,0.0,0.0,6.650247361498369e-05,0.0,26.717458937198046,37.32299516908209,41.317449275362286,29.68120772946857,37.74949275362315,38.27386473429949,22.20212077294684
996.0,63.70614428629992,104.44456783103607,,,,61.96875527475765,,0.0,76.35881679666207,0.0,0.0,0.0,0.0,0.0,26.733879227053116,37.31463285024151,41.30372463768112,29.701806763284996,37.77095169082122,38.29427053140093,22.193106280193213
998.0,63.67280126798287,104.501594098007,,,,61.92655742440149,,0.0,76.2123239205647,0.0,0.0,0.0,6.960790588235295e-05,0.0,26.74828019323669,37.3088599033816,41.2898405797101,29.721826086956494,37.79479227053137,38.31494202898548,22.188985507246358
1000.0,63.6399070099069,104.56289967282095,,,,61.88519502981391,,0.00014141430858064901,76.16887107124295,0.0,0.0,0.0,0.0,0.0,26.76344444444442,37.30786473429948,41.278821256038604,29.742995169082096,37.82284057971011,38.33724637681156,22.187869565217373
1002.0,63.606852346353584,104.62185436156065,,,,61.84289490399415,,0.002615270981931175,76.35578719443912,0.0,0.0,0.0,0.0,0.0,26.777932367149734,37.30909178743958,41.270690821256,29.76464734299514,37.8521449275362,38.36259903381639,22.18843961352655
1004.0,63.573910142704705,104.68913083178653,,,,61.79984481943088,,0.0,76.25022805998431,0.0,0.0,0.0,0.0,0.0,26.792130434782585,37.314256038647315,41.262473429951655,29.7891642512077,37.880975845410596,38.388241545893685,22.195376811594183
1006.0,63.54108285028002,104.74492450810855,,,,61.75672733346402,,3.194441481481482e-05,76.52078476954074,0.0,0.0,0.0,0.00013611117037037038,0.0,26.80947342995167,37.324468599033786,41.25419323671494,29.81532367149756,37.91060386473426,38.41263768115938,22.209140096618338
1008.0,63.508441263187564,104.79790337533026,,,,61.71376286215093,,0.0003168729239511641,76.3376787062838,0.0,0.0,0.0,2.8806629450105826e-05,0.0,26.827396135265676,37.33961835748789,41.245826086956484,29.841299516908187,37.94107729468595,38.43664734299514,22.22658454106278
1010.0,63.47619343394371,104.85931183152074,,,,61.671129815751705,,0.00035031117527897646,76.5224299720467,0.0,0.0,0.0,8.07452942093095e-05,0.0,26.84333333333331,37.35771980676325,41.23852173913039,29.87131400966181,37.972444444444406,38.45990821256035,22.245135265700462
1012.0,63.444030499930285,104.92387235872351,,,,61.6290250874453,,6.666666666666667e-05,76.6729,0.0,0.0,0.0,3.3333333333333335e-05,0.0,26.85889371980674,37.37848309178741,41.23160386473426,29.90419323671495,38.00475362318837,38.48143961352654,22.264565217391283
1014.0,63.41197299941519,104.98129366075106,,,,61.587474607916946,,0.0,76.66084266377833,0.0,0.0,0.0,0.0,0.0,26.875637681159393,37.40209178743958,41.223173913043446,29.936985507246348,38.03744927536228,38.50203864734296,22.284599033816406
1016.0,63.37989209761345,105.03006708692408,,,,61.54655088638457,,8.83116638443875e-05,76.41950951699131,0.0,0.0,0.0,0.0002294372212814625,0.0,26.890855072463747,37.42620289855069,41.21371497584538,29.96913526570046,38.069371980676294,38.52062801932363,22.30251690821254
1018.0,63.34831571083324,105.08160167005781,,,,61.50584145913492,,0.0005321638162307177,76.14322046984287,0.0,0.0,0.0,4.795319536265211e-05,0.0,26.90600966183572,37.44959903381639,41.20366183574876,30.001260869565186,38.09936231884055,38.53847826086953,22.31555072463766
1020.0,63.31663607608674,105.13311112127087,,,,61.46544876775377,,6.815919384173336e-05,76.50720696829674,0.0,0.0,0.0,0.00013631838768346673,0.0,26.923739130434758,37.473444444444404,41.19462318840576,30.035202898550697,38.126260869565186,38.55985990338161,22.32753623188404
1022.0,63.28493182101395,105.18425511929746,,,,61.42524087694871,,0.0,76.56760740853333,0.0,0.0,0.0,0.0,0.0,26.942458937198044,37.4971256038647,41.185763285024116,30.067405797101426,38.15073429951687,38.58304347826084,22.34051690821254
1024.0,63.253103787527394,105.23519751945682,,,,61.38546529091373,,0.00028611128888888886,76.41572087786668,0.0,0.0,0.0,0.0,0.0,26.963632850241517,37.51647342995165,41.17559420289851,30.09858454106277,38.17227536231881,38.6045217391304,22.351758454106257
1026.0,63.22185190477982,105.28562053185969,,,,61.3456421451492,,6.666666666666667e-05,76.4037,0.0,0.0,0.0,6.666666666666667e-05,0.0,26.98634299516906,37.53040096618354,41.16497584541059,30.129516908212533,38.192251207729434,38.62561352657001,22.360971014492733
1028.0,63.19073961099501,105.33537859762714,,,,61.3060299659216,,6.538461538461539e-05,76.66843076923077,0.0,0.0,0.0,0.0,0.0,27.00971980676326,37.54334782608692,41.15532367149755,30.155632850241517,38.210903381642474,38.64641545893716,22.367864734299495
1030.0,63.15965354349573,105.3837858303058,,,,61.26678819319536,,0.0,76.26903501312,0.0,0.0,0.0,0.0,0.0,27.033545893719783,37.55507246376808,41.14683091787436,30.175444444444416,38.2255217391304,38.66397584541059,22.373975845410605
1032.0,63.12841411776502,105.44511356590924,,,,61.227958834312204,,0.0,76.3640451890196,0.0,0.0,0.0,0.00016715683137254902,0.0,27.0564299516908,37.563082125603835,41.139690821256,30.19051207729466,38.24009661835745,38.683169082125566,22.379666666666648
1034.0,63.09736098542871,105.48867777311787,,,,61.18973598154725,,0.0,76.68498768426667,0.0,0.0,0.0,0.0,0.0,27.078806763285,37.56680676328499,41.13531884057968,30.204270531400937,38.25444444444441,38.707695652173875,22.383521739130416
1036.0,63.06626747978319,105.53816635456133,,,,61.151826576617424,,0.00012727277428830754,76.49970917384458,0.0,0.0,0.0,0.0,0.0,27.100507246376786,37.56694685990334,41.13335265700479,30.21785507246374,38.26599999999996,38.73470048309175,22.384743961352633
1038.0,63.03514451850336,105.59847281656175,,,,61.113969627223014,,6.896562160689763e-05,76.32078287587535,0.0,0.0,0.0,0.0,0.0,27.12075845410625,37.56547342995166,41.132256038647306,30.230115942028956,38.27581642512073,38.76199516908209,22.380710144927512
1040.0,63.00393092459369,105.64649413384909,,,,61.07630385107853,,0.0,76.6369228992,0.0,0.0,0.0,0.00014083328,0.0,27.14061352657002,37.56080193236711,41.13231884057967,30.238792270531373,38.283724637681125,38.78861352657002,22.374227053140075
1042.0,62.9728184823604,105.69714287582858,,,,61.03937731867281,,0.0,76.37706038163913,0.0,0.0,0.0,7.664667721324945e-05,0.0,27.161173913043452,37.55384057971011,41.13322705314007,30.243497584541036,38.29198550724634,38.81541545893716,22.369357487922684
1044.0,62.94203296639423,105.74703807725993,,,,61.002594082925064,,0.0,76.774921883648,0.0,0.0,0.0,3.5500031999999996e-05,0.0,27.17876328502413,37.54499033816421,41.132840579710106,30.244497584541037,38.2998599033816,38.842086956521705,22.36176811594201
1046.0,62.91199403357521,105.8025151786968,,,,60.96606572578681,,0.0001,76.43076633815446,0.0,0.0,0.0,0.00013463414512314214,0.0,27.193357487922682,37.5317487922705,41.13262318840576,30.24332850241543,38.30783091787436,38.868362318840546,22.352570048309158
1048.0,62.88171227709738,105.85831170292349,,,,60.929050095758406,,0.0002200873977536832,76.61135367606042,0.0,0.0,0.0,0.0,0.0,27.205536231884032,37.509265700483056,41.13403864734296,30.239797101449245,38.31760386473426,38.89402415458934,22.345270531400946
1050.0,62.8512775608436,105.91034482892424,,,,60.89061048394651,,0.0,76.62744261168177,0.0,0.0,0.0,2.071007351281589e-05,0.0,27.214053140096592,37.47934299516905,41.134946859903344,30.23258454106277,38.327280193236675,38.91707729468595,22.340376811594183
1052.0,62.82140369626016,105.96585550187885,,,,60.85240256404723,,0.0002571427825073861,76.3478071956804,0.0,0.0,0.0,6.428569562684653e-05,0.0,27.22188405797099,37.44743478260866,41.13442995169079,30.22407246376809,38.33678743961349,38.93552657004827,22.338444444444423
1054.0,62.791078870384226,106.01295972786755,,,,60.814760929996154,,0.0,76.41683634982552,0.0,0.0,0.0,6.969695010711926e-05,0.0,27.229004830917848,37.411821256038614,41.13217391304344,30.213690821256012,38.345434782608656,38.95098067632847,22.33825120772945
1056.0,62.76112381016974,106.06159873280957,,,,60.777722067498324,,0.0,76.59311221769747,0.0,0.0,0.0,3.317074206306094e-05,0.0,27.2323913043478,37.37510144927533,41.129690821256006,30.203362318840554,38.35553140096614,38.96382608695649,22.339797101449253
1058.0,62.73147398804624,106.12453216190261,,,,60.74107278722038,,4.071845639487203e-05,76.71618133022045,0.0,0.0,0.0,2.0359228197436014e-05,0.0,27.233845410627993,37.33997101449272,41.125492753623156,30.192057971014467,38.36756038647339,38.972623188405755,22.343082125603846
1060.0,62.701838226488555,106.17811790383126,,,,60.70467675132501,,0.00027422685309812987,76.59371756820953,0.0,0.0,0.0,0.00013711342654906494,0.0,27.236995169082103,37.305603864734266,41.118091787439575,30.177574879227024,38.382004830917836,38.98015458937194,22.346884057970996
1062.0,62.6722002697253,106.22851260238433,,,,60.66849864978129,,0.0,76.6632125664,0.0,0.0,0.0,3.4499968e-05,0.0,27.239468599033792,37.27060386473426,41.10717391304344,30.16375845410625,38.39934782608692,38.98680676328499,22.349932367149737
1064.0,62.64253041487286,106.27829064100675,,,,60.63236826381741,,6.390249019394816e-05,76.91055071349095,0.0,0.0,0.0,0.00013609750980605185,0.0,27.24071980676326,37.23897101449272,41.09298067632846,30.151454106280166,38.41824637681156,38.99361835748788,22.35208212560384
1066.0,62.61305564820843,106.33377385682523,,,,60.59650544063311,,0.0,76.71347142857142,0.0,0.0,0.0,0.0,0.0,27.24502898550722,37.212845410627985,41.07935748792267,30.141555555555524,38.43975362318837,39.00167632850238,22.356140096618336
1068.0,62.583528889795765,106.38295901213318,,,,60.560640183231826,,6.532663187293126e-05,76.93945125510875,0.0,0.0,0.0,0.0001,0.0,27.25307246376809,37.190714975845374,41.065323671497545,30.13317874396132,38.46187439613523,39.009067632850204,22.364309178743937
1070.0,62.554194445608765,106.4295322591813,,,,60.52480774042963,,0.0,76.81768775510204,0.0,0.0,0.0,0.0,0.0,27.26314492753621,37.17406763285021,41.051120772946824,30.124835748792243,38.48439130434779,39.0162753623188,22.37279227053138
1072.0,62.52545736132448,106.4814595912424,,,,60.48891009764332,,0.0,76.67772324304046,0.0,0.0,0.0,0.0001,0.0,27.276589371980652,37.15891304347823,41.038816425120736,30.119864734299487,38.508260869565184,39.02435265700479,22.3802222222222
1074.0,62.49708902094478,106.53628113889187,,,,60.452734228946625,,0.0,76.61523516352905,0.0,0.0,0.0,6.761906735599705e-05,0.0,27.290526570048286,37.14543478260866,41.02747826086952,30.11555555555553,38.531391304347785,39.03435265700479,22.38823188405795
1076.0,62.468255369817,106.58189903233706,,,,60.41682508788815,,0.00043004947229967376,76.96441855078824,0.0,0.0,0.0,0.00016600989445993475,0.0,27.303251207729442,37.13619806763281,41.01739613526566,30.10794202898548,38.55224637681155,39.04493236714971,22.39662801932365
1078.0,62.43907321553619,106.63597386714427,,,,60.38072887681898,,0.0,76.67986704019955,0.0,0.0,0.0,7.389166537405624e-05,0.0,27.318454106280168,37.12894202898547,41.01008212560383,30.100835748792242,38.571019323671464,39.05779710144924,22.40766183574877
1080.0,62.40991943880391,106.68413400863643,,,,60.34498128660207,,0.0,76.73743333333334,0.0,0.0,0.0,6.666666666666667e-05,0.0,27.333777777777755,37.12080193236712,41.00649275362315,30.09620772946857,38.59085507246373,39.07470048309175,22.420028985507223
1082.0,62.381336191605314,106.72887241912946,,,,60.30943185208295,,0.0,76.84557309797269,0.0,0.0,0.0,0.000165420599877742,0.0,27.349294685990312,37.11189855072461,41.00463285024151,30.093028985507217,38.61307246376808,39.09322222222218,22.43007729468597
1084.0,62.353100026241556,106.78041554344101,,,,60.27425806976137,,0.00013300494722996738,76.91975221124659,0.0,0.0,0.0,6.650247361498369e-05,0.0,27.365681159420266,37.10473429951688,41.00255555555552,30.09149275362316,38.63721256038644,39.11216425120769,22.437806763285
1086.0,62.32495747565265,106.83173172410724,,,,60.23906605418815,,0.0,76.8668,0.0,0.0,0.0,0.0,0.0,27.383009661835725,37.099985507246345,40.999536231884015,30.091792270531375,38.66286473429948,39.131502415458904,22.441391304347803
1088.0,62.296725217405424,106.87392437334954,,,,60.203813394879475,,0.0,76.92625029877082,0.0,0.0,0.0,0.00016487803781558254,0.0,27.401971014492727,37.0965024154589,40.99545410628016,30.09107246376809,38.68661835748789,39.152386473429914,22.442004830917853
1090.0,62.26872607418792,106.92395795715741,,,,60.168683398804376,,0.0,77.15143919104102,0.0,0.0,0.0,0.00013431374517490803,0.0,27.419033816425095,37.095531400966145,40.99079227053136,30.089429951690796,38.709888888888855,39.174140096618316,22.439599033816403
1092.0,62.240461465146986,106.9801681263412,,,,60.13362438995276,,0.0,76.8980176907294,0.0,0.0,0.0,0.0001,0.0,27.432444444444418,37.09466666666663,40.98420772946856,30.091135265700455,38.73409178743958,39.19486473429948,22.434125603864715
1094.0,62.212480178975916,107.02225667340538,,,,60.09890221116609,,0.0,76.75176134941545,0.0,0.0,0.0,0.0,0.0,27.44462318840577,37.089628019323634,40.97735748792267,30.09563285024152,38.75764251207726,39.21443961352654,22.42918840579708
1096.0,62.18452388748421,107.0671053753989,,,,60.064204255562174,,0.0,76.97621199999999,0.0,0.0,0.0,0.00012800000000000002,0.0,27.456768115942005,37.08086473429948,40.97067632850238,30.09936714975843,38.77956038647339,39.23269565217388,22.42543961352655
1098.0,62.15657008599523,107.12410764109664,,,,60.02918805443975,,0.00010251252984521653,76.77897891705602,0.0,0.0,0.0,0.0001316583134365223,0.0,27.467681159420263,37.071159420289824,40.962772946859864,30.101782608695625,38.80003864734296,39.24941545893716,22.423642512077276
1100.0,62.12911416711786,107.17464293843456,,,,59.99448136063798,,0.0,77.15138235294118,0.0,0.0,0.0,3.529411764705883e-05,0.0,27.477990338164226,37.06207246376808,40.95342995169079,30.102879227053112,38.81984057971011,39.26677777777774,22.421053140096596
1102.0,62.10107423734362,107.22569413822401,,,,59.95983238789073,,0.0001,76.72079390866799,0.0,0.0,0.0,6.507179026121806e-05,0.0,27.48771980676326,37.0515603864734,40.94238164251204,30.101990338164224,38.83850724637678,39.28518357487919,22.411961352656984
1104.0,62.0734448029326,107.28115022207437,,,,59.92544982294023,,0.0,76.87195880127408,0.0,0.0,0.0,3.26316243323794e-05,0.0,27.496289855072437,37.039405797101416,40.93236231884054,30.100178743961326,38.85678743961349,39.3014637681159,22.397864734299493
1106.0,62.04536449465603,107.34284235199942,,,,59.89160859566026,,0.00010492616987549323,76.9218999667074,0.0,0.0,0.0,6.502461004150225e-05,0.0,27.503724637681135,37.021724637681125,40.921280193236676,30.096584541062775,38.874207729468566,39.31610144927532,22.38138647342993
1108.0,62.01726304142503,107.39180750865856,,,,59.85773304116035,,0.00039384602458386885,76.971022038442,0.0,0.0,0.0,3.435899590268853e-05,0.0,27.509429951690795,36.99569565217388,40.90886956521736,30.094473429951666,38.89146859903378,39.32957971014489,22.36449758454104
1110.0,61.989787043799,107.44788473023813,,,,59.82414823498787,,0.0,76.93912261358848,0.0,0.0,0.0,6.564100409731148e-05,0.0,27.512763285024132,36.9685603864734,40.89546859903378,30.095840579710117,38.90922222222218,39.340555555555525,22.350391304347806
1112.0,61.96277728350557,107.50550566244978,,,,59.7906065721541,,0.0,77.05832846642956,0.0,0.0,0.0,0.00023096444457728146,0.0,27.516033816425097,36.95046376811591,40.88263768115939,30.098410628019295,38.930516908212525,39.35068599033813,22.33564251207727
1114.0,61.93593184845813,107.5495861233286,,,,59.75759156692514,,0.0,77.14808288874679,0.0,0.0,0.0,5.957456079671536e-05,0.0,27.523328502415435,36.94007246376808,40.87198550724634,30.104082125603835,38.95479710144923,39.36040579710141,22.32225603864732
1116.0,61.908713942159864,107.59576056032992,,,,59.72438876385717,,0.0,76.72528316811606,0.0,0.0,0.0,6.3366376786615e-05,0.0,27.533908212560362,36.934845410627986,40.86094685990334,30.112879227053114,38.977285024154554,39.37137198067629,22.312806763285003
1118.0,61.88113194641943,107.65237622648333,,,,59.69118596847076,,6.553397093034816e-05,76.99327578191796,0.0,0.0,0.0,0.0001,0.0,27.546429951690797,36.93397101449273,40.85000483091784,30.12477777777775,38.99980676328499,39.38406763285021,22.303787439613508
1120.0,61.85342728478198,107.70945149121916,,,,59.657783006166994,,7.076914190140984e-05,76.87003060393663,0.0,0.0,0.0,0.00012923085809859016,0.0,27.561946859903358,36.93709661835745,40.84086473429948,30.139705314009635,39.02414009661832,39.3965797101449,22.29769082125602
1122.0,61.825499159834955,107.76037790941481,,,,59.62450208041845,,0.0009000003657140628,76.92241998481067,0.0,0.0,0.0,6.999998780953124e-05,0.0,27.57846376811592,36.947342995169045,40.83345410628016,30.15876328502413,39.04963285024151,39.409391304347785,22.296391304347807
1124.0,61.79787522808783,107.80656904972756,,,,59.59135863932905,,0.0005898057383731335,76.87818109478457,0.0,0.0,0.0,6.553397093034816e-05,0.0,27.597589371980654,36.96408212560383,40.82652657004827,30.18244927536229,39.07685507246374,39.42355555555552,22.299985507246358
1126.0,61.77069511039038,107.8554842214954,,,,59.558427576735234,,0.0,77.0115186275317,0.0,0.0,0.0,0.00013567841264613866,0.0,27.61971014492751,36.98658937198064,40.82066183574876,30.20703864734297,39.107028985507206,39.438903381642476,22.308014492753607
1128.0,61.74382801776618,107.89990981473431,,,,59.52609972361064,,0.0,77.38027961968554,0.0,0.0,0.0,0.00016763282933091267,0.0,27.641560386473408,37.01221739130432,40.81461352657001,30.233632850241516,39.13902898550722,39.45404347826083,22.313971014492733
1130.0,61.7175967801804,107.94883469373337,,,,59.493806239820536,,0.0002617529587911079,76.99819960631046,0.0,0.0,0.0,0.0,0.0,27.66527053140094,37.04122222222219,40.8064830917874,30.261507246376784,39.17177777777774,39.46875845410624,22.318521739130414
1132.0,61.69160171708232,107.99954280095476,,,,59.46162934284178,,0.0,77.0854962830103,0.0,0.0,0.0,0.0,0.0,27.690526570048284,37.07619323671494,40.79854589371977,30.288714975845384,39.20481642512073,39.484608695652135,22.324062801932346
1134.0,61.66588192059003,108.05456176501089,,,,59.42959551849834,,0.0006162562470916265,76.73105811299054,0.0,0.0,0.0,0.00013152708365648594,0.0,27.718840579710122,37.11667149758451,40.78880676328499,30.31508695652171,39.2358599033816,39.50193236714972,22.329323671497566
1136.0,61.63978200839717,108.1043783374675,,,,59.39784523809881,,6.7000064e-05,76.851366878464,0.0,0.0,0.0,0.000132999936,0.0,27.748120772946834,37.16159420289851,40.775826086956485,30.341628019323643,39.26440096618354,39.51984541062799,22.3360338164251
1138.0,61.612297321588414,108.15525442242483,,,,59.36623818321227,,0.0003690681491525424,77.39122331867118,0.0,0.0,0.0,0.00014322028474576272,0.0,27.773227053140072,37.2098985507246,40.76294202898547,30.369342995169053,39.2917101449275,39.53863768115938,22.344096618357465
1140.0,61.58403377596021,108.20582419214392,,,,59.33491782473582,,0.0,76.72386511627907,0.0,0.0,0.0,0.0,0.0,27.79862318840577,37.2599178743961,40.75166666666663,30.396840579710116,39.317835748792234,39.559169082125564,22.352193236714953
1142.0,61.55617814494892,108.24935251793124,,,,59.30337062553986,,0.0,77.09994704187119,0.0,0.0,0.0,7.029704852464251e-05,0.0,27.826946859903355,37.31060386473426,40.742956521739096,30.42334782608693,39.34222222222218,39.58229951690818,22.362004830917854
1144.0,61.528491920647824,108.30146675498557,,,,59.27174001429297,,7.02020071421368e-05,77.03611868372126,0.0,0.0,0.0,0.00012979799285786322,0.0,27.854231884057942,37.35973429951687,40.73603864734296,30.446884057970987,39.365536231884015,39.60771497584537,22.374608695652153
1146.0,61.50071723644648,108.35525485689635,,,,59.24024989431308,,0.000130705561681145,77.26344483294136,0.0,0.0,0.0,5.228222467245801e-05,0.0,27.877115942028954,37.4032946859903,40.729014492753585,30.466072463768086,39.389096618357456,39.63514975845407,22.386256038647325
1148.0,61.47341721404026,108.40494629601423,,,,59.208860742217254,,0.0015970061807880503,76.95396943146561,0.0,0.0,0.0,0.0001,0.0,27.89884057971012,37.43965217391301,40.721859903381606,30.48014009661833,39.41004830917871,39.66438647342991,22.39376811594201
1150.0,61.44625110213277,108.45344278881403,,,,59.177842446010594,,0.00016564100409731147,77.5564445701105,0.0,0.0,0.0,0.00013435899590268853,0.0,27.920821256038618,37.468299516908175,40.71459903381639,30.48891787439611,39.42553623188402,39.690381642512044,22.396314009661815
1152.0,61.41952478918452,108.50521606512325,,,,59.1469948366638,,0.0,77.1844207481539,0.0,0.0,0.0,0.0,0.0,27.938425120772923,37.48925120772943,40.7048599033816,30.493444444444417,39.438705314009624,39.71226570048306,22.399096618357465
1154.0,61.392954443684026,108.55116148831993,,,,59.116417642156605,,6.874997333333334e-05,76.88866245994666,0.0,0.0,0.0,0.00016874997333333333,0.0,27.95179710144925,37.50247342995166,40.693270531400934,30.49658454106277,39.45147826086953,39.73516908212556,22.403797101449253
1156.0,61.36707237183516,108.59444107982665,,,,59.085690516119485,,0.0001,77.51691009306892,0.0,0.0,0.0,7.810653845454712e-05,0.0,27.965256038647315,37.51036231884054,40.68102898550721,30.500647342995137,39.46460386473426,39.759444444444405,22.408637681159398
1158.0,61.34179874811222,108.6408268723686,,,,59.05521991699628,,0.0,77.19823388526025,0.0,0.0,0.0,0.0,0.0,27.97889855072461,37.51599999999997,40.668111111111074,30.503164251207696,39.47887922705309,39.78131884057968,22.408937198067612
1160.0,61.316470654353836,108.68295402755219,,,,59.02491378271861,,0.0,77.08862496,0.0,0.0,0.0,0.00016300006400000002,0.0,27.992251207729442,37.51955072463765,40.655096618357454,30.50349275362316,39.492705314009626,39.798275362318805,22.404285024154568
1162.0,61.291270456308,108.72356605888059,,,,58.99474450134723,,0.0,77.06645136911091,0.0,0.0,0.0,0.00013702133407700486,0.0,28.006666666666643,37.51879710144924,40.64196135265697,30.50459420289852,39.50565700483088,39.81262318840576,22.400367149758434
1164.0,61.266072686552704,108.77724561860465,,,,58.96460326964737,,0.0,77.50036278264868,0.0,0.0,0.0,7.627110554435455e-05,0.0,28.021671497584517,37.51509178743958,40.62807729468595,30.50638164251205,39.51905314009658,39.826067632850204,22.393903381642488
1166.0,61.240819739039,108.83234774180676,,,,58.934659930925655,,0.0,76.762508612864,0.0,0.0,0.0,0.0,0.0,28.039188405797077,37.51335748792266,40.613420289855036,30.511164251207703,39.53599033816421,39.83548792270528,22.379821256038625
1168.0,61.216061420265774,108.87895506565938,,,,58.904556972057314,,0.0,77.4544904423267,0.0,0.0,0.0,7.336674625391076e-05,0.0,28.05931400966181,37.51673913043474,40.59857004830914,30.519425120772915,39.55716908212557,39.84136714975842,22.35955555555553
1170.0,61.19149905004598,108.92087116574174,,,,58.87448435949025,,0.00013721963416118122,77.08006506645667,0.0,0.0,0.0,6.860981708059061e-05,0.0,28.080318840579686,37.52363768115938,40.58228019323668,30.530425120772918,39.58028985507242,39.84657004830915,22.3410144927536
1172.0,61.16751085023366,108.96432505091326,,,,58.84451991687999,,0.0,77.25050887928163,0.0,0.0,0.0,6.479595102040817e-05,0.0,28.104695652173888,37.533724637681125,40.56570048309175,30.5445990338164,39.60544927536228,39.85213526570045,22.32842028985505
1174.0,61.14351653449674,109.01066045009424,,,,58.814819208963904,,0.0,77.40630112812308,0.0,0.0,0.0,0.0002,0.0,28.130714975845386,37.548512077294646,40.54998067632847,30.55868115942026,39.633314009661795,39.857893719806725,22.316342995169062
1176.0,61.11970355735362,109.05948411855653,,,,58.78531370768756,,0.0,77.62321029132549,0.0,0.0,0.0,3.382349803921569e-05,0.0,28.158473429951663,37.568956521739096,40.53509661835746,30.57596135265698,39.6615024154589,39.864898550724604,22.301734299516884
1178.0,61.096170163671374,109.12057591154341,,,,58.75577558345397,,0.0001264955768864694,76.93302719202855,0.0,0.0,0.0,0.0001,0.0,28.188067632850217,37.59428502415455,40.52107246376808,30.597855072463737,39.691236714975815,39.87180676328499,22.289927536231865
1180.0,61.07227157241582,109.17332465840303,,,,58.72614130409375,,0.0035823537561251806,77.45972340203174,0.0,0.0,0.0,2.6470570519017807e-05,0.0,28.217768115942004,37.621376811594175,40.50675845410624,30.62212560386471,39.723739130434744,39.8778792270531,22.280159420289834
1182.0,61.04778778592363,109.22429007462691,,,,58.69721777563509,,0.0,77.42491081799427,0.0,0.0,0.0,0.0,0.0,28.248845410627993,37.65076328502412,40.49100483091784,30.64891787439611,39.756628019323635,39.88415458937195,22.27406280193235
1184.0,61.02194337791386,109.27094645764461,,,,58.66810660425762,,0.0,77.37410604725835,0.0,0.0,0.0,7.13568252922773e-05,0.0,28.278299516908188,37.682371980676294,40.475661835748745,30.681376811594173,39.790570048309135,39.89284541062799,22.274492753623168
1186.0,60.99546050343608,109.31677609344092,,,,58.63908107722143,,0.0,77.24930885521277,0.0,0.0,0.0,3.411214002969123e-05,0.0,28.30730434782606,37.716748792270494,40.46318357487919,30.718439613526538,39.826280193236684,39.90616425120769,22.277082125603844
1188.0,60.96951724139121,109.36269365898436,,,,58.61013727873447,,0.00034715024532203575,77.3113528598355,0.0,0.0,0.0,0.0001,0.0,28.340033816425095,37.75388405797098,40.454246376811554,30.757265700483064,39.86274396135262,39.92332367149754,22.282289855072445
1190.0,60.944303726314665,109.40909181213756,,,,58.581295301382426,,0.0,77.35285075774654,0.0,0.0,0.0,3.7313429033938435e-05,0.0,28.374661835748764,37.78899033816421,40.44714492753619,30.79866666666664,39.896599033816386,39.94415458937194,22.294797101449255
1192.0,60.91912495524484,109.45313660748248,,,,58.552400641393724,,0.0,77.25248238844328,0.0,0.0,0.0,0.0,0.0,28.406980676328473,37.8185024154589,40.43957004830914,30.839850241545864,39.92630917874392,39.96788405797098,22.312681159420272
1194.0,60.89406795894265,109.49862579552814,,,,58.5239665923795,,3.5858595000504244e-05,77.67307974782723,0.0,0.0,0.0,3.5858595000504244e-05,0.0,28.43700483091785,37.84307729468595,40.43038647342991,30.878642512077267,39.95273429951687,39.992516908212515,22.3322415458937
1196.0,60.86924719419089,109.53796745593341,,,,58.495348852878436,,0.0,77.34794475608275,0.0,0.0,0.0,0.00012887933793103448,0.0,28.465956521739102,37.86280193236711,40.41901449275359,30.91347342995166,39.973685990338126,40.016613526570005,22.35460386473428
1198.0,60.844325957721345,109.57569162123622,,,,58.467499843269614,,0.0,77.46170362273968,0.0,0.0,0.0,0.0001,0.0,28.492661835748766,37.8790676328502,40.40542995169079,30.943376811594174,39.990579710144885,40.041685990338124,22.37906763285022
1200.0,60.81941576151776,109.61412577951232,,,,58.43965955833832,,6.305416731297188e-05,77.55163692969082,0.0,0.0,0.0,0.0,0.0,28.5177874396135,37.890362318840545,40.38956038647339,30.969212560386445,40.00543478260865,40.070420289855036,22.40432850241544
1202.0,60.794345604011475,109.65074304826605,,,,58.41196920946216,,3.631838768346673e-05,77.24232079484841,0.0,0.0,0.0,6.368161231653328e-05,0.0,28.543270531400943,37.89466666666663,40.37615942028982,30.99249275362316,40.01849275362315,40.1025024154589,22.42785990338162
1204.0,60.769694350607935,109.6939718149281,,,,58.384491449797764,,0.0,77.34415715399976,0.0,0.0,0.0,2.8510657767310227e-05,0.0,28.567526570048283,37.89123188405794,40.36398067632847,31.01177777777775,40.029439613526534,40.134014492753586,22.447086956521716
1206.0,60.74479660937699,109.73599985678398,,,,58.357424908338814,,0.0003214724234709503,77.58165276644799,0.0,0.0,0.0,0.0001,0.0,28.587241545893693,37.87935748792267,40.34999999999996,31.025072463768083,40.035565217391266,40.16160869565214,22.46178260869563
1208.0,60.72031913352339,109.7782285287198,,,,58.33091572016014,,6.346153846153847e-05,77.61834807692307,0.0,0.0,0.0,0.0002,0.0,28.60214975845408,37.86204347826084,40.33601932367146,31.033429951690792,40.037763285024106,40.18671497584537,22.473497584541043
1210.0,60.69575879926612,109.83148101644373,,,,58.30455414104511,,0.0,77.42132973359757,0.0,0.0,0.0,7.024392436883493e-05,0.0,28.61441545893717,37.84181642512074,40.32261835748789,31.03855555555553,40.04053140096614,40.21074879227049,22.477115942028966
1212.0,60.67102949793915,109.88105956687166,,,,58.27835511531803,,0.0,77.52134170372668,0.0,0.0,0.0,0.0,0.0,28.626251207729442,37.82017391304344,40.30855072463764,31.041028985507214,40.04536714975841,40.232729468599,22.46925120772945
1214.0,60.64635018602134,109.92099126959441,,,,58.25208466211499,,0.0002865672554243998,77.738832818701,0.0,0.0,0.0,0.0,0.0,28.63814009661833,37.79758454106276,40.294966183574836,31.04152657004828,40.05260869565213,40.2522946859903,22.456072463768095
1216.0,60.621886506186,109.95975851488107,,,,58.22551687564991,,0.0,77.75456530612244,0.0,0.0,0.0,0.0,0.0,28.648835748792244,37.77100966183572,40.284236714975805,31.038995169082096,40.06081642512073,40.26908212560383,22.44617874396133
1218.0,60.59717824893906,109.99842933973446,,,,58.19928519703866,,0.0,77.43645708409396,0.0,0.0,0.0,0.0001,0.0,28.658362318840553,37.74107729468595,40.2745603864734,31.033652173913012,40.070376811594166,40.285159420289816,22.444140096618334
1220.0,60.57256043057825,110.04170250842195,,,,58.173221042500494,,0.0001,77.75415370494957,0.0,0.0,0.0,7.246380754742182e-05,0.0,28.666792270531374,37.71451207729465,40.26478743961349,31.027589371980646,40.083502415458895,40.302642512077256,22.443289855072443
1222.0,60.54803254513643,110.09261981698323,,,,58.14706579349291,,0.0003308826352941176,77.43799275243921,0.0,0.0,0.0,3.676473725490197e-05,0.0,28.672420289855044,37.690309178743924,40.25499033816421,31.019946859903353,40.09940579710141,40.31886956521735,22.438294685990314
1224.0,60.523387057848254,110.14530621441752,,,,58.12040918687826,,0.0001293531476547336,77.79713616402346,0.0,0.0,0.0,0.0001293531476547336,0.0,28.675367149758426,37.665782608695615,40.24585990338161,31.012961352656973,40.116695652173874,40.332400966183535,22.432314009661813
1226.0,60.498920214429305,110.19305536655081,,,,58.094007595972016,,0.0,77.55043333333333,0.0,0.0,0.0,6.666666666666667e-05,0.0,28.676357487922676,37.63829468599031,40.23386473429948,31.006521739130402,40.13453623188402,40.34297101449272,22.426763285024133
1228.0,60.4743863239542,110.2320667273302,,,,58.06749572146194,,6.666666666666667e-05,77.40903333333334,0.0,0.0,0.0,3.3333333333333335e-05,0.0,28.677338164251175,37.60576328502412,40.21907729468596,30.99751690821253,40.15442512077291,40.35209178743957,22.42198067632848
1230.0,60.45001904411589,110.28314305737223,,,,58.04130774419285,,0.0,77.42439096332646,0.0,0.0,0.0,0.00013429953722139912,0.0,28.677256038647315,37.57326570048306,40.204570048309144,30.990057971014462,40.17838164251204,40.36310144927533,22.417845410627997
1232.0,60.42581939199942,110.32907122031583,,,,58.01471810570975,,0.0002524270927702324,77.51084178991334,0.0,0.0,0.0,3.68932268074419e-05,0.0,28.676884057970987,37.544608695652144,40.189193236714935,30.98703381642509,40.20716908212556,40.37638647342991,22.41255555555553
1234.0,60.401865856158956,110.37983501654112,,,,57.98865931536544,,6.548222228864075e-05,77.77276952897284,0.0,0.0,0.0,6.903555542271851e-05,0.0,28.68004347826084,37.51994685990334,40.173623188405756,30.984062801932335,40.23728019323667,40.39060386473426,22.40380193236713
1236.0,60.37836142361465,110.42646771122845,,,,57.96256348905799,,0.0,77.58594061684478,0.0,0.0,0.0,0.00016517409893817417,0.0,28.68455555555553,37.49878260869562,40.15975845410624,30.98211111111108,40.26815942028981,40.405681159420254,22.391753623188382
1238.0,60.35493971135125,110.47800849919314,,,,57.936346827936276,,0.0005568632470588236,77.64864198851765,0.0,0.0,0.0,3.4803952941176475e-05,0.0,28.689463768115914,37.4799178743961,40.14589371980673,30.983222222222192,40.29977294685987,40.42159420289852,22.377835748792247
1240.0,60.33168076196664,110.5210771824179,,,,57.910020297108076,,0.00016701568435076547,77.67290573091326,0.0,0.0,0.0,0.0,0.0,28.69498550724635,37.46505797101446,40.13032367149755,30.98812077294683,40.33142028985503,40.43654106280189,22.35986956521737
1242.0,60.30855968463478,110.56038088467712,,,,57.88391594363661,,0.0,77.50982546143696,0.0,0.0,0.0,0.0,0.0,28.700067632850214,37.45458937198064,40.113120772946814,30.995608695652145,40.36356038647339,40.447497584541026,22.339294685990318
1244.0,60.284965480934716,110.60690449739884,,,,57.85752432649464,,6.249996800000001e-05,77.45833751027199,0.0,0.0,0.0,7.5000064e-05,0.0,28.70660869565215,37.44697584541059,40.09430917874393,31.00434299516905,40.39477777777774,40.45682125603861,22.31632850241544
1246.0,60.26147339571952,110.65454830598199,,,,57.831736864280344,,9.677428488173872e-05,77.6348934957182,0.0,0.0,0.0,0.0001,0.0,28.718903381642484,37.44602898550721,40.075690821256,31.01766183574876,40.42783091787436,40.469869565217344,22.290570048309156
1248.0,60.23792915775522,110.70454170223982,,,,57.8058503213597,,3.0049220083004507e-05,77.57882269117708,0.0,0.0,0.0,6.99507799169955e-05,0.0,28.736468599033792,37.45068599033813,40.05784541062798,31.035758454106254,40.46242995169079,40.48417391304344,22.26279227053138
1250.0,60.21430638007667,110.75958186608443,,,,57.77998646542585,,0.0,77.99235189506385,0.0,0.0,0.0,6.735746896827987e-05,0.0,28.752821256038622,37.45866183574876,40.04257487922701,31.058729468599005,40.498285024154555,40.49848792270527,22.230671497584517
1252.0,60.1912590948659,110.81223152333139,,,,57.754131420034305,,0.0,77.4923364936082,0.0,0.0,0.0,0.0,0.0,28.76747826086954,37.470671497584505,40.02807729468596,31.087797101449247,40.534502415458896,40.51396135265696,22.195995169082106
1254.0,60.168282175667244,110.86158139524287,,,,57.7286537549934,,0.00048506847712390295,77.77451766226756,0.0,0.0,0.0,0.0001,0.0,28.78290821256036,37.48438164251205,40.01255072463764,31.122309178743933,40.56958454106276,40.52747342995165,22.161009661835728
1256.0,60.14530219050355,110.91337630400817,,,,57.70322127662956,,0.0008475486117647058,77.66348691162354,0.0,0.0,0.0,3.4803952941176475e-05,0.0,28.797309178743937,37.49801449275358,39.99657487922701,31.160342995169056,40.60324154589368,40.53823671497581,22.12599033816423
1258.0,60.122407401516796,110.96330395142635,,,,57.67792171299919,,0.0,77.67418235294117,0.0,0.0,0.0,3.529411764705883e-05,0.0,28.81248309178741,37.513966183574844,39.98128502415455,31.202927536231854,40.63883574879223,40.54836714975841,22.094685990338142
1260.0,60.09981281094353,111.0067662020548,,,,57.65260932074711,,0.0,78.03357049215691,0.0,0.0,0.0,6.700509791028562e-05,0.0,28.830231884057945,37.53098067632847,39.970212560386436,31.250439613526538,40.6798405797101,40.5611062801932,22.07074879227051
1262.0,60.07710575477232,111.0603670545935,,,,57.62740133297618,,0.0017575768937870826,77.7489789584672,0.0,0.0,0.0,0.00016969695010711928,0.0,28.8499758454106,37.54902415458934,39.96328502415455,31.302652173913014,40.72022222222218,40.57786956521735,22.057212560386454
1264.0,60.054436671186686,111.11454381632522,,,,57.60224415979515,,0.00036470600784313723,77.78940732687059,0.0,0.0,0.0,6.617650196078431e-05,0.0,28.8705797101449,37.5693333333333,39.95742995169079,31.3575603864734,40.75586956521735,40.596468599033784,22.055333333333312
1266.0,60.03138943843897,111.17032321784045,,,,57.57721037023967,,0.0,77.63735925757469,0.0,0.0,0.0,0.0002,0.0,28.88973429951688,37.58779710144924,39.950748792270495,31.41320772946857,40.78754589371977,40.6165410628019,22.060937198067613
1268.0,60.008237451761744,111.22520498974633,,,,57.55228301112447,,0.0,77.38763862282052,0.0,0.0,0.0,0.0002,0.0,28.9069565217391,37.60278260869562,39.94429468599031,31.467685990338136,40.81361835748788,40.63832850241542,22.070975845410608
1270.0,59.98520173777681,111.28563694226455,,,,57.5270161438121,,0.0,77.70961218515333,0.0,0.0,0.0,0.0001,0.0,28.921763285024124,37.612053140096585,39.93967632850238,31.519135265700456,40.83428019323667,40.661468599033775,22.090748792270507
1272.0,59.96188139134781,111.33730606375909,,,,57.50169059720548,,0.0003861112888888889,78.15184334122667,0.0,0.0,0.0,0.0002,0.0,28.93244927536229,37.615164251207695,39.935454106280154,31.56574396135263,40.850946859903345,40.68559903381639,22.12007729468597
1274.0,59.93859063569382,111.38985755718636,,,,57.47697575176966,,0.0,78.25029447283889,0.0,0.0,0.0,0.0001,0.0,28.94091304347823,37.60922705314006,39.93075845410624,31.605748792270504,40.8632560386473,40.710961352656966,22.15151207729467
1276.0,59.91525454133697,111.44824718580601,,,,57.452445823159536,,0.0,78.1212564008197,0.0,0.0,0.0,6.534649324578647e-05,0.0,28.94905314009659,37.59311594202895,39.92771980676325,31.639260869565188,40.87454589371977,40.73901932367146,22.185985507246357
1278.0,59.89185498376303,111.50785502013473,,,,57.42799823745806,,0.00015949370370130334,78.00925695098846,0.0,0.0,0.0,7.341771604978279e-05,0.0,28.955164251207698,37.57291304347822,39.92607246376808,31.66709178743958,40.88585507246373,40.76945893719804,22.22128502415457
1280.0,59.86855370456573,111.5560048807089,,,,57.40376161393282,,7.386356363636364e-05,77.56062279272727,0.0,0.0,0.0,0.0001,0.0,28.960589371980653,37.55170048309175,39.922550724637645,31.68714975845408,40.89349275362315,40.79896618357484,22.25627536231882
1282.0,59.845438780254256,111.60656331056956,,,,57.379565413776845,,0.00013567841264613866,77.71908706981723,0.0,0.0,0.0,7.13568252922773e-05,0.0,28.965497584541033,37.52900483091784,39.91749275362315,31.697439613526544,40.89499033816421,40.827227053140064,22.289676328502395
1284.0,59.82255932803377,111.65152248925811,,,,57.355337161028736,,6.368161231653328e-05,77.89817564764199,0.0,0.0,0.0,0.00016368161231653327,0.0,28.967057971014466,37.505623188405764,39.91301449275358,31.701492753623157,40.895705314009625,40.853879227053106,22.321285024154566
1286.0,59.79978342621525,111.6965250239767,,,,57.33096829089088,,6.926405007402942e-05,77.64684676176714,0.0,0.0,0.0,0.0,0.0,28.966043478260843,37.48240096618353,39.90635748792266,31.69871497584538,40.89616908212557,40.877289855072426,22.352628019323653
1288.0,59.77707600153742,111.74453212982164,,,,57.30691601858089,,1.9375040000000003e-05,77.46866709728,0.0,0.0,0.0,0.00016124992,0.0,28.96500483091785,37.46023188405794,39.897714975845375,31.689830917874367,40.89330917874393,40.89877777777774,22.381565217391284
1290.0,59.75424130936072,111.78659720373807,,,,57.28294147875282,,6.752576163248718e-05,78.30297475023522,0.0,0.0,0.0,0.0,0.0,28.965888888888863,37.440057971014454,39.89023188405793,31.676884057970987,40.89070531400962,40.91900966183571,22.410178743961332
1292.0,59.73107761649592,111.84005774837456,,,,57.25912188523183,,3.5323426172633215e-05,77.78300358756731,0.0,0.0,0.0,6.46765738273668e-05,0.0,28.97069082125601,37.422869565217354,39.88400483091784,31.660236714975813,40.89076328502412,40.940478260869526,22.435120772946842
1294.0,59.70860624068923,111.87624207628944,,,,57.235655804175984,,0.0,78.04852974924657,0.0,0.0,0.0,6.83168116066925e-05,0.0,28.978454106280164,37.4084830917874,39.879130434782574,31.64099999999997,40.89415942028982,40.96332850241542,22.453647342995147
1296.0,59.686260273280595,111.91793251726793,,,,57.21208962844375,,0.0,78.0796249984,0.0,0.0,0.0,1.6249920000000003e-05,0.0,28.9846183574879,37.39488888888886,39.87570531400962,31.61920772946857,40.89984057971011,40.984149758454066,22.4672222222222
1298.0,59.66411718852915,111.94959667619105,,,,57.18857150502341,,0.0,77.92266326530613,0.0,0.0,0.0,0.0,0.0,28.98879710144925,37.38364734299514,39.873826086956484,31.597434782608666,40.90680193236711,41.00380193236711,22.474260869565196
1300.0,59.64229884478886,111.98032479681399,,,,57.16511215827702,,0.0,77.71912686701751,0.0,0.0,0.0,0.0001,0.0,28.99538164251205,37.37627053140093,39.87176328502412,31.5753526570048,40.915864734299475,41.020748792270496,22.478004830917854
1302.0,59.620720557463066,112.01305901738765,,,,57.141740844879926,,0.0,77.92021588692059,0.0,0.0,0.0,2.8744957734100022e-05,0.0,29.003318840579684,37.37122222222218,39.87018357487919,31.553951690821226,40.92724637681156,41.03467632850237,22.48357004830916
1304.0,59.5991147792495,112.04841937228412,,,,57.11844892260744,,0.00017770715592500675,77.89930136250534,0.0,0.0,0.0,0.0001,0.0,29.01155555555553,37.369966183574846,39.86975362318837,31.5349371980676,40.940560386473386,41.04831884057967,22.492613526570025
1306.0,59.57796925316053,112.07601870027239,,,,57.09546449720576,,6.44549567529989e-05,77.96841509234802,0.0,0.0,0.0,0.0,0.0,29.023260869565192,37.374570048309145,39.87057004830914,31.51771497584538,40.957850241545856,41.06266666666663,22.503985507246355
1308.0,59.556655818290906,112.10847266214306,,,,57.072447185074566,,0.0,77.87672268923077,0.0,0.0,0.0,6.971150769230769e-05,0.0,29.03738164251205,37.38227536231881,39.873381642512044,31.502391304347793,40.97693719806759,41.07880676328499,22.51490338164249
1310.0,59.535150670355584,112.14564898545535,,,,57.04962479488656,,0.0,77.83108155870188,0.0,0.0,0.0,6.462261132075472e-05,0.0,29.05286473429949,37.39149758454103,39.87655555555552,31.488516908212528,40.99133816425117,41.09549275362314,22.525125603864712
1312.0,59.513812046633696,112.18417692187442,,,,57.026649966741886,,3.609750980605184e-05,77.85372596177982,0.0,0.0,0.0,7.219501961210368e-05,0.0,29.068004830917847,37.40055555555552,39.87907729468595,31.475038647342963,41.003473429951654,41.110922705313975,22.532062801932348
1314.0,59.492011118853135,112.22313521231405,,,,57.003702800241456,,0.0,77.85555452239751,0.0,0.0,0.0,0.0001287805280095307,0.0,29.082222222222196,37.409463768115906,39.88053623188402,31.46207729468596,41.0174444444444,41.123294685990295,22.534951690821238
1316.0,59.47045820413887,112.26204769778856,,,,56.98069192721055,,0.0,78.30778310552297,0.0,0.0,0.0,0.0,0.0,29.096666666666636,37.41814009661832,39.881125603864696,31.44970531400963,41.032478260869524,41.13441062801929,22.53847342995167
1318.0,59.44901910786516,112.30804118049205,,,,56.95742194379142,,3.557686153846154e-05,77.67662257526155,0.0,0.0,0.0,0.0001,0.0,29.1099951690821,37.42521739130431,39.88103864734296,31.437946859903352,41.049628019323634,41.14485024154586,22.544357487922685
1320.0,59.427301809506595,112.34574297581081,,,,56.93417927816903,,0.00021561168354070778,78.12575578813995,0.0,0.0,0.0,3.080166907724397e-05,0.0,29.123816425120744,37.43228019323668,39.880468599033776,31.42677777777775,41.06755072463765,41.15336714975842,22.54533333333331
1322.0,59.40577804438329,112.39121180297653,,,,56.91120048737943,,0.00013473675133524122,78.15958037855638,0.0,0.0,0.0,6.736837566762061e-05,0.0,29.139690821256014,37.43905314009658,39.88083091787436,31.416125603864703,41.08490338164248,41.162937198067596,22.538304347826067
1324.0,59.38446224641033,112.4448201842208,,,,56.888260055193236,,6.485147573767875e-05,77.92070796248208,0.0,0.0,0.0,3.5148524262321255e-05,0.0,29.157956521739106,37.44648309178741,39.88115942028982,31.407091787439583,41.10151690821252,41.17353623188402,22.530951690821237
1326.0,59.36297403957996,112.49338266627292,,,,56.8653861908457,,0.0001,77.99744005248,0.0,0.0,0.0,6.5999872e-05,0.0,29.178347826086927,37.45559903381639,39.87748792270528,31.397729468599007,41.11717391304344,41.18336231884054,22.52613043478259
1328.0,59.341754237741064,112.53598009700244,,,,56.84277304700392,,0.0,78.13484420366588,0.0,0.0,0.0,6.198349118228566e-05,0.0,29.198772946859876,37.463908212560355,39.86945410628015,31.38786956521736,41.13160869565213,41.19061352657001,22.520743961352636
1330.0,59.320572766111695,112.58730489116982,,,,56.819905653429544,,0.0011800001170285286,78.01810857233973,0.0,0.0,0.0,0.0,0.0,29.21891787439611,37.470188405797074,39.85969565217387,31.37729468599031,41.14755555555552,41.197091787439575,22.51539613526568
1332.0,59.2991169367185,112.64334044670923,,,,56.797231342745036,,0.0,77.79219298781538,0.0,0.0,0.0,0.0001,0.0,29.239642512077268,37.474439613526535,39.84967632850238,31.367565217391277,41.166574879227014,41.20337681159416,22.511961352656986
1334.0,59.278156048724014,112.69298417018382,,,,56.774778972095234,,0.0,78.12927788626884,0.0,0.0,0.0,0.0001,0.0,29.260584541062777,37.47666183574876,39.83790821256035,31.360241545893693,41.186053140096575,41.2100483091787,22.506314009661818
1336.0,59.25711791335101,112.74662954264622,,,,56.75294403168944,,0.0003456521206805589,78.029760011264,0.0,0.0,0.0,0.0,0.0,29.28381159420287,37.476855072463735,39.82477777777774,31.35510628019321,41.20582125603862,41.22073429951687,22.499154589371962
1338.0,59.23610108632451,112.78889228044194,,,,56.73109963530224,,0.0004158733598724605,78.12238514224259,0.0,0.0,0.0,0.0001306877733545899,0.0,29.30961352657002,37.47501932367146,39.81254589371977,31.351990338164224,41.22693236714972,41.23428502415455,22.49418357487921
1340.0,59.21524551648461,112.84166415664929,,,,56.70937702966701,,0.0,78.24760748092419,0.0,0.0,0.0,3.7313429033938435e-05,0.0,29.335898550724608,37.47115458937195,39.799917874396094,31.347724637681132,41.24926570048305,41.248995169082086,22.490893719806746
1342.0,59.194854699947705,112.8926421129366,,,,56.68772368984243,,0.0,78.19424656906666,0.0,0.0,0.0,6.562506666666668e-05,0.0,29.36179710144925,37.465260869565185,39.785647342995134,31.34214009661833,41.269700483091746,41.26438164251204,22.48639613526568
1344.0,59.17421549262244,112.93064103373985,,,,56.666179652212044,,0.00010355036756407946,78.12634319169531,0.0,0.0,0.0,0.0001,0.0,29.38643961352654,37.459164251207696,39.7703140096618,31.33684541062799,41.28689371980673,41.278739130434744,22.48083574879225
1346.0,59.15311763860848,112.96973635659575,,,,56.644735843103206,,0.0,78.143747839232,0.0,0.0,0.0,0.0,0.0,29.4095603864734,37.45351690821253,39.75449758454103,31.33222705314007,41.30245410628015,41.29214009661832,22.476787439613503
1348.0,59.132049219477345,113.01534472589164,,,,56.623078829252805,,0.0,78.4580715975055,0.0,0.0,0.0,6.598980417942877e-05,0.0,29.431497584541038,37.44963768115939,39.73999999999996,31.32684541062799,41.319164251207695,41.30583091787435,22.47504830917872
1350.0,59.111357059265345,113.05161142550199,,,,56.601486657945365,,0.0,78.43856626911638,0.0,0.0,0.0,3.417084328173885e-05,0.0,29.45198550724635,37.44651207729465,39.7280676328502,31.322260869565188,41.33558454106277,41.31983574879223,22.47646376811592
1352.0,59.09044683339798,113.09943938708997,,,,56.58032063775344,,0.00031188156078792187,78.40385560620635,0.0,0.0,0.0,3.465350675421354e-05,0.0,29.470758454106257,37.44077777777775,39.71516908212557,31.31576328502413,41.350275362318804,41.33295652173909,22.477053140096597
1354.0,59.069517205250165,113.13798392393089,,,,56.55946926249976,,0.0005165049267603428,78.26927232849543,0.0,0.0,0.0,0.0,0.0,29.489376811594177,37.432724637681126,39.69959903381639,31.305768115941998,41.362971014492715,41.345169082125565,22.475183574879203
1356.0,59.04854033229061,113.18389606436477,,,,56.53849610969959,,0.0,77.97067382417472,0.0,0.0,0.0,6.38743427427948e-05,0.0,29.50701932367147,37.42142028985504,39.68325603864731,31.296642512077266,41.37518357487919,41.358227053140055,22.473347826086936
1358.0,59.02762637534313,113.22737189702785,,,,56.517610529216995,,0.0,78.33346417145128,0.0,0.0,0.0,3.582090692804997e-05,0.0,29.522913043478233,37.407710144927506,39.666816425120736,31.287260869565188,41.385980676328465,41.370835748792224,22.472164251207708
1360.0,59.00681634572425,113.27149241164227,,,,56.4967059869045,,0.00019365092695057846,78.2041265706418,0.0,0.0,0.0,0.0,0.0,29.53571497584538,37.395439613526534,39.64913043478257,31.277053140096587,41.39681159420286,41.38287439613523,22.469202898550705
1362.0,58.98591254986723,113.30593752259168,,,,56.47574713385801,,6.699505277003262e-05,78.1285330135226,0.0,0.0,0.0,6.699505277003262e-05,0.0,29.54590821256036,37.38423188405794,39.63144444444441,31.267178743961324,41.412125603864695,41.39539613526566,22.465019323671477
1364.0,58.96561736722336,113.34024815839263,,,,56.454584330936136,,0.00012893394946538936,78.3093417775999,0.0,0.0,0.0,3.5533025267305324e-05,0.0,29.553975845410598,37.36943961352654,39.61500483091784,31.25992270531398,41.42911594202895,41.40945410628015,22.462550724637655
1366.0,58.945448936395664,113.38080567418693,,,,56.433373172277804,,0.0,77.72084097199776,0.0,0.0,0.0,6.616160571370945e-05,0.0,29.560400966183547,37.3541449275362,39.59866183574876,31.255695652173888,41.44737198067629,41.423705314009624,22.460478260869543
1368.0,58.92519088914511,113.41102074384722,,,,56.412284669884976,,0.00010294123552472405,78.45739112208173,0.0,0.0,0.0,6.862749034981603e-05,0.0,29.567492753623164,37.34615942028982,39.5843140096618,31.254859903381615,41.467657004830876,41.43863285024151,22.4580531400966
1370.0,58.90491004837656,113.44818349950431,,,,56.39116652692059,,6.3000064e-05,78.215018994432,0.0,0.0,0.0,0.0,0.0,29.57333816425118,37.34481642512073,39.57208212560383,31.258951690821227,41.490734299516866,41.45471980676325,22.45813043478259
1372.0,58.884620354579496,113.5063065408683,,,,56.370341154599075,,0.0,78.38642018884538,0.0,0.0,0.0,0.0001,0.0,29.580246376811566,37.345193236714934,39.56030917874392,31.26768115942026,41.51497101449272,41.47062318840575,22.462995169082106
1374.0,58.86445551835898,113.5495228248552,,,,56.34970617863818,,0.00019899491087600854,78.38071753599436,0.0,0.0,0.0,6.633163695866952e-05,0.0,29.589922705313985,37.34649275362315,39.54673429951687,31.27893236714973,41.54178260869561,41.487396135265655,22.468932367149737
1376.0,58.8444652817016,113.58090933145644,,,,56.328971326675024,,0.00017602024489795918,78.26035664039183,0.0,0.0,0.0,3.520404897959184e-05,0.0,29.599246376811568,37.35082125603861,39.53270048309175,31.293589371980644,41.570806763284985,41.503043478260835,22.472797101449256
1378.0,58.82444936946881,113.62612819225126,,,,56.30811826340146,,0.0,78.24795852578181,0.0,0.0,0.0,6.564100409731148e-05,0.0,29.60870048309176,37.36023671497581,39.51893236714972,31.311314009661803,41.60050724637678,41.519173913043446,22.47739613526568
1380.0,58.8044882139533,113.65867860341717,,,,56.28741751017607,,0.0,78.32309464757535,0.0,0.0,0.0,0.0,0.0,29.619323671497558,37.37501932367147,39.504328502415426,31.331768115942,41.63057004830914,41.536173913043434,22.485487922705296
1382.0,58.78502506551381,113.68947731647978,,,,56.26673455070444,,0.0,78.24978297360678,0.0,0.0,0.0,0.00012953365538939868,0.0,29.63150241545891,37.392497584541026,39.488961352656965,31.354613526570024,41.65885507246372,41.554429951690786,22.495623188405776
1384.0,58.765274319846924,113.72391235432845,,,,56.24615676211775,,6.358972271927049e-05,78.1340257094808,0.0,0.0,0.0,0.0,0.0,29.646797101449252,37.41065217391301,39.47407729468595,31.377685990338136,41.686826086956486,41.574328502415426,22.50700483091785
1386.0,58.74540595122727,113.7569086845891,,,,56.2252780819817,,0.000131000064,78.144705995264,0.0,0.0,0.0,3.4499968e-05,0.0,29.665545893719777,37.42806763285021,39.46092270531397,31.3999951690821,41.712898550724596,41.59442995169078,22.520091787439593
1388.0,58.725502142636834,113.795125434205,,,,56.204666210903824,,0.0,78.656336,0.0,0.0,0.0,0.0001,0.0,29.687483091787414,37.44510628019321,39.4465217391304,31.420502415458905,41.736661835748755,41.615690821256,22.532342995169063
1390.0,58.705223005587484,113.83440092740116,,,,56.18419116008613,,6.517409893817415e-05,78.45208814300834,0.0,0.0,0.0,0.0,0.0,29.711739130434754,37.46330434782605,39.4308985507246,31.439946859903355,41.7588792270531,41.63724154589368,22.540565217391283
1392.0,58.68503954504983,113.86936964231262,,,,56.16376528450134,,0.00020198007003243085,78.38069492917549,0.0,0.0,0.0,0.00016633665499459486,0.0,29.737444444444417,37.481149758454066,39.41585507246373,31.45784541062799,41.780314009661794,41.65699033816421,22.545690821256013
1394.0,58.66472888680985,113.91136190737214,,,,56.14345237049431,,3.5353577145162254e-05,78.54201114375037,0.0,0.0,0.0,0.0,0.0,29.763729468599006,37.49890821256035,39.40197101449272,31.473714975845382,41.80238164251204,41.67644927536228,22.552207729468577
1396.0,58.64479171080619,113.95295388941786,,,,56.12310436409846,,0.0,78.54761170648096,0.0,0.0,0.0,6.903555542271851e-05,0.0,29.791550724637656,37.51801932367147,39.38982608695649,31.487072463768087,41.82354589371977,41.69713043478257,22.562222222222204
1398.0,58.62496680684022,113.99354222108182,,,,56.10309282577473,,0.0001,78.47470973725918,0.0,0.0,0.0,0.0,0.0,29.82069082125601,37.53444444444441,39.37817391304344,31.49865700483089,41.84171497584537,41.71816425120769,22.573729468599016
1400.0,58.60492580726815,114.05078549515777,,,,56.08318385523162,,0.00020669862788857501,78.46316122223502,0.0,0.0,0.0,0.0001,0.0,29.849154589371953,37.546492753623156,39.36633816425117,31.50742995169079,41.85784541062798,41.74117391304344,22.582425120772925
1402.0,58.58525116222592,114.09161039343853,,,,56.063479338550714,,0.0,78.33753285787235,0.0,0.0,0.0,0.0,0.0,29.876772946859877,37.55480676328499,39.35481642512073,31.513004830917843,41.87049758454102,41.763657004830876,22.587086956521716
1404.0,58.56584394505427,114.13404430684008,,,,56.04379140089737,,0.0,78.50020492303219,0.0,0.0,0.0,6.456311584504285e-05,0.0,29.90215458937195,37.55936231884055,39.34348792270528,31.514425120772913,41.88005797101446,41.78258937198064,22.588922705313987
1406.0,58.5462035309681,114.1711689210054,,,,56.02446289429256,,0.0,78.60853842374472,0.0,0.0,0.0,0.0001,0.0,29.923256038647313,37.56313526570045,39.33405797101446,31.510734299516876,41.88691304347822,41.799821256038605,22.58975845410626
1408.0,58.52653763330132,114.2141942503193,,,,56.00517874599032,,0.0,78.59517523404341,0.0,0.0,0.0,3.3663345005405144e-05,0.0,29.939763285024128,37.56610144927533,39.32645410628016,31.503975845410597,41.89205314009658,41.81542512077291,22.589657004830897
1410.0,58.507106178640804,114.25741125889257,,,,55.98580364770341,,3.3830856543158307e-05,78.3606467722338,0.0,0.0,0.0,0.0001,0.0,29.95491787439611,37.56645893719803,39.319429951690786,31.494352657004796,41.90012077294682,41.82829951690817,22.585729468599016
1412.0,58.48783536580803,114.30182728485957,,,,55.966632222180344,,0.0,78.77059710217677,0.0,0.0,0.0,0.0001725489851595108,0.0,29.96891304347823,37.56423188405793,39.311739130434745,31.48567149758451,41.91037681159416,41.83612077294682,22.57755072463766
1414.0,58.468244629640935,114.3497010409285,,,,55.947239369618806,,0.0,78.3665598084758,0.0,0.0,0.0,0.00013065326374586252,0.0,29.981942028985475,37.56492270531397,39.30453140096614,31.480531400966154,41.92152657004827,41.839516908212524,22.56712560386471
1416.0,58.44884925882935,114.39732641366248,,,,55.92794571061078,,3.171805273147412e-05,78.48042508314359,0.0,0.0,0.0,0.0002,0.0,29.99542028985504,37.5723526570048,39.30017874396131,31.479149758454074,41.934101449275325,41.84328985507242,22.555251207729448
1418.0,58.42956677168607,114.4515663695229,,,,55.90856236078689,,0.0002994845687320866,78.1041721498208,0.0,0.0,0.0,0.0001005154312679134,0.0,30.008985507246347,37.582057971014464,39.29505314009658,31.481792270531372,41.948028985507214,41.84619323671494,22.540898550724616
1420.0,58.41078170811969,114.51340234033694,,,,55.88950030369439,,0.0,78.35170757952,0.0,0.0,0.0,2.9500032e-05,0.0,30.024149758454076,37.589671497584504,39.28735265700479,31.485724637681127,41.96141062801929,41.847584541062766,22.52481642512075
1422.0,58.3918186265724,114.56995276328512,,,,55.870164267242764,,0.0,78.74235414807026,0.0,0.0,0.0,3.4634145123142135e-05,0.0,30.039473429951663,37.59870048309175,39.27705314009658,31.492434782608665,41.97717391304345,41.84982125603861,22.508927536231862
1424.0,58.373123482791996,114.60781280225244,,,,55.85092189950785,,0.0008186433084745763,78.62398185545761,0.0,0.0,0.0,0.0001,0.0,30.052961352656975,37.61209661835745,39.26408212560383,31.502806763284994,41.99342028985504,41.85160869565213,22.49515458937196
1426.0,58.35415356664635,114.65645902305765,,,,55.83172749841006,,0.00013935478116963875,78.71238063352543,0.0,0.0,0.0,0.0,0.0,30.06566666666664,37.62625603864731,39.251367149758416,31.51472463768113,42.00825120772943,41.854652173913,22.48302415458935
1428.0,58.3352048156326,114.6950281131498,,,,55.81267492277122,,0.0,78.34471110242055,0.0,0.0,0.0,3.567841264613865e-05,0.0,30.079294685990313,37.63762318840576,39.23883574879223,31.52789855072461,42.02459420289851,41.86065700483088,22.47388888888887
1430.0,58.31635526665144,114.7488156869974,,,,55.793527886967404,,0.0,78.797754115328,0.0,0.0,0.0,0.0001,0.0,30.093202898550697,37.64381642512074,39.22524154589369,31.542038647342963,42.04055072463764,41.86955072463764,22.46667149758452
1432.0,58.297287436667396,114.80176573894468,,,,55.77468489622239,,0.0,78.34670773268645,0.0,0.0,0.0,0.00020679617441791103,0.0,30.10679710144925,37.64540579710141,39.211164251207705,31.556855072463737,42.05727053140093,41.88008695652171,22.45903864734297
1434.0,58.278456272458136,114.85391588163462,,,,55.75593548468,,6.54639073227828e-05,78.48914589166456,0.0,0.0,0.0,0.0,0.0,30.120705314009633,37.643516908212526,39.19535748792267,31.572057971014463,42.07350724637677,41.89162318840576,22.453434782608674
1436.0,58.25964175216394,114.90988934300549,,,,55.73744925203442,,0.000533333678114701,78.56126650276623,0.0,0.0,0.0,0.0,0.0,30.13555555555553,37.63987922705311,39.17774879227049,31.587357487922677,42.089840579710106,41.906516908212524,22.449859903381622
1438.0,58.2406788707364,114.97030057880629,,,,55.71895286971187,,0.0,78.74256782865758,0.0,0.0,0.0,0.00013266327391733905,0.0,30.15259420289852,37.635048309178714,39.16004347826084,31.60246376811591,42.10685024154586,41.924695652173874,22.450140096618338
1440.0,58.222052796758916,115.02852337205788,,,,55.700211123459155,,0.0,78.59131676471557,0.0,0.0,0.0,0.00013564358694247093,0.0,30.169463768115918,37.62657971014489,39.14394685990335,31.617086956521707,42.12328985507243,41.94548309178741,22.452483091787418
1442.0,58.20364613830219,115.06744963047042,,,,55.681314893967226,,0.0,78.80369552665098,0.0,0.0,0.0,6.617650196078431e-05,0.0,30.184410628019297,37.616855072463736,39.12938647342991,31.630937198067603,42.14030917874393,41.96880676328498,22.458700483091768
1444.0,58.185372648609835,115.12126175055175,,,,55.662305615711055,,0.0001,78.5989668654599,0.0,0.0,0.0,5.0279240123623646e-05,0.0,30.198681159420264,37.608256038647305,39.11511594202895,31.644946859903353,42.15600966183571,41.99519806763281,22.471173913043458
1446.0,58.166946751433954,115.16358148370524,,,,55.6434796985232,,0.0004292928457096755,78.38167689200685,0.0,0.0,0.0,6.464642285483775e-05,0.0,30.210473429951662,37.59956038647339,39.10049275362315,31.658270531400937,42.170270531400924,42.024584541062765,22.48193236714974
1448.0,58.14814418477591,115.21035792783853,,,,55.624858130366874,,0.0003195124509697408,78.84341708519558,0.0,0.0,0.0,7.219501961210368e-05,0.0,30.21976328502413,37.59076811594199,39.08665217391301,31.66706280193234,42.18292270531397,42.053241545893684,22.49130434782607
1450.0,58.129567321698225,115.23690056769462,,,,55.60644003607472,,2.9508196721311474e-05,78.57480655737704,0.0,0.0,0.0,2.9508196721311474e-05,0.0,30.22770048309176,37.58187922705311,39.07407729468596,31.670478260869533,42.19374879227049,42.078570048309146,22.504917874396114
1452.0,58.11086042184835,115.26670187756189,,,,55.588291063429885,,0.00030188795898849455,78.6762830779238,0.0,0.0,0.0,1.886799743678091e-05,0.0,30.235434782608667,37.57471980676325,39.06259903381639,31.669449275362286,42.20553140096614,42.10209661835744,22.521734299516886
1454.0,58.09172131979108,115.29630448045779,,,,55.56999979750124,,0.00041840806158266637,78.62511882836021,0.0,0.0,0.0,7.263677536693346e-05,0.0,30.241719806763253,37.5711642512077,39.05382608695649,31.665512077294654,42.21805314009658,42.12468115942025,22.54074879227051
1456.0,58.07275250602703,115.32749721017083,,,,55.55206261130778,,0.00013014358052243613,78.86667613515823,0.0,0.0,0.0,3.492820973878193e-05,0.0,30.247135265700457,37.56953140096615,39.04631884057967,31.659028985507213,42.229922705313975,42.14473913043475,22.56035265700481
1458.0,58.053751692428584,115.35565112074052,,,,55.53388472179188,,0.0,78.338670777088,0.0,0.0,0.0,6.3000064e-05,0.0,30.255309178743932,37.56941062801929,39.03981159420286,31.65041062801929,42.243400966183536,42.161859903381604,22.575855072463746
1460.0,58.03454420586753,115.38825778587218,,,,55.516053257514145,,0.0,78.84454625975553,0.0,0.0,0.0,0.0,0.0,30.265091787439587,37.57043961352654,39.03703864734296,31.643768115942,42.258971014492715,42.17741062801928,22.58851690821254
1462.0,58.015372141117936,115.41217391271492,,,,55.497702240532576,,0.0006439999999999999,78.773712,0.0,0.0,0.0,6.4e-05,0.0,30.277826086956495,37.57290821256036,39.03773429951686,31.64030917874393,42.27473429951687,42.195806763284985,22.602584541062782
1464.0,57.99628813977715,115.431630127581,,,,55.47963513222265,,3.412321239864648e-05,78.63214500563564,0.0,0.0,0.0,6.587678760135352e-05,0.0,30.291903381642488,37.575932367149726,39.038632850241505,31.637130434782577,42.291840579710104,42.21551207729465,22.61690821256036
1466.0,57.977135494885715,115.45561895182391,,,,55.46154513818822,,0.0,78.55359340248359,0.0,0.0,0.0,0.0001,0.0,30.304541062801906,37.576198067632816,39.037642512077255,31.632599033816394,42.31026570048306,42.232038647342954,22.631004830917853
1468.0,57.95800721794526,115.48422933587601,,,,55.44359078583457,,0.0003748773281174926,78.8370134980056,0.0,0.0,0.0,0.0,0.0,30.317178743961325,37.57334299516905,39.03562318840576,31.625685990338134,42.32698550724634,42.248169082125564,22.645661835748772
1470.0,57.93871914569731,115.5098717318066,,,,55.425879292666664,,0.0,78.82340148684801,0.0,0.0,0.0,0.000136499968,0.0,30.3294299516908,37.5711642512077,39.03399033816421,31.61896618357485,42.34380193236711,42.26428985507243,22.659318840579687
1472.0,57.91977424086798,115.53215091869336,,,,55.4085355528782,,0.0,78.65805975581893,0.0,0.0,0.0,0.00016822428005938247,0.0,30.34090821256036,37.571632850241514,39.032937198067586,31.6144106280193,42.36191304347822,42.27961352657001,22.67046376811592
1474.0,57.900864707800764,115.56256665335204,,,,55.39115727387005,,0.0,78.81961140512205,0.0,0.0,0.0,0.0001,0.0,30.35122705314007,37.57190821256035,39.03265700483088,31.609782608695625,42.378913043478214,42.29579710144923,22.67758454106278
1476.0,57.88221085777648,115.59750924445025,,,,55.37395126108031,,0.00036792476981132075,78.62696834535849,0.0,0.0,0.0,0.0001,0.0,30.35999999999997,37.57037198067629,39.031516908212524,31.604671497584512,42.394826086956485,42.31271980676325,22.68277294685988
1478.0,57.86394971752824,115.64370921055999,,,,55.356640406702276,,0.0006143563948632746,78.90848704057852,0.0,0.0,0.0,0.0,0.0,30.365618357487893,37.56539130434779,39.02905797101446,31.59804830917872,42.40845410628016,42.32726086956518,22.686898550724614
1480.0,57.845355826232876,115.68768132773553,,,,55.339398277163376,,0.0,78.52868085106384,0.0,0.0,0.0,0.0002723404255319149,0.0,30.370077294685963,37.55771497584537,39.02659903381639,31.59066183574877,42.41855072463764,42.33807729468595,22.690227053140077
1482.0,57.82703772918991,115.73118298696288,,,,55.32233610002972,,3.571430437315347e-05,78.72091436367104,0.0,0.0,0.0,3.571430437315347e-05,0.0,30.375371980676302,37.549265700483055,39.02423671497581,31.58443478260867,42.42682125603861,42.34738164251203,22.69242028985505
1484.0,57.80854962459331,115.78541335105155,,,,55.30513345460192,,0.0,78.73939555367234,0.0,0.0,0.0,6.256158815792295e-05,0.0,30.380497584541033,37.54014009661832,39.02084541062798,31.57946376811591,42.434922705313966,42.35794202898546,22.690695652173893
1486.0,57.790132707726436,115.83072844830879,,,,55.287938415581685,,0.0,78.74223313223959,0.0,0.0,0.0,3.3333290235662375e-05,0.0,30.386275362318813,37.5328792270531,39.01829951690817,31.57584541062799,42.44328985507242,42.370700483091746,22.688270531400946
1488.0,57.771638357089195,115.88228176166596,,,,55.27038783815568,,0.0,79.16630680816327,0.0,0.0,0.0,0.00012755095510204081,0.0,30.38987439613524,37.526468599033784,39.01786956521735,31.57367632850239,42.45357971014489,42.385391304347785,22.685932367149736
1490.0,57.753696899292386,115.92183762941917,,,,55.25311488264311,,0.0,78.915981456896,0.0,0.0,0.0,0.0,0.0,30.392637681159393,37.520594202898515,39.01599999999996,31.573053140096594,42.4656714975845,42.40114492753619,22.68634299516906
1492.0,57.73552273845629,115.97796885133266,,,,55.235733148531864,,0.0,79.65998257007992,0.0,0.0,0.0,0.00013673464589760537,0.0,30.39646376811591,37.51686473429948,39.012135265700444,31.57407246376809,42.47766666666663,42.42014009661832,22.688642512077273
1494.0,57.71736839781657,116.02458697972608,,,,55.218569400175824,,0.000126000128,79.31024040192,0.0,0.0,0.0,6.3000064e-05,0.0,30.400202898550695,37.51215942028982,39.00749758454103,31.576227053140066,42.489492753623146,42.44038164251204,22.689019323671474
1496.0,57.699270354522085,116.07988245435014,,,,55.201235880814124,,0.0,78.48045331567651,0.0,0.0,0.0,0.0002,0.0,30.40692753623186,37.50400966183571,39.00391304347822,31.57840579710142,42.501681159420244,42.45870048309175,22.693980676328483
1498.0,57.68144782326319,116.13095163360694,,,,55.18377615646016,,0.0,79.06083333333333,0.0,0.0,0.0,6.666666666666667e-05,0.0,30.415487922705285,37.4911062801932,39.00203381642508,31.578879227053115,42.51476328502411,42.47797584541059,22.70225603864732
1500.0,57.66362202642121,116.18385914805462,,,,55.16662421146231,,0.00032238816235244974,79.04329846603733,0.0,0.0,0.0,3.582090692804997e-05,0.0,30.424734299516878,37.47564734299513,39.00073429951687,31.57829951690819,42.529270531400925,42.498086956521696,22.707193236714957
1502.0,57.645592673038436,116.23265398072465,,,,55.14938023289376,,0.0,78.77170617289113,0.0,0.0,0.0,6.534649324578647e-05,0.0,30.434690821256005,37.46213043478257,39.0013333333333,31.57849275362316,42.54390821256034,42.515913043478214,22.71118840579708
1504.0,57.6275599997153,116.27589025423237,,,,55.13268092894613,,0.0,79.04582,0.0,0.0,0.0,3.6e-05,0.0,30.445937198067604,37.44952657004827,39.00337198067629,31.579458937198037,42.558555555555515,42.53315942028981,22.716019323671475
1506.0,57.60937273701058,116.32449053043149,,,,55.11576432772625,,0.0001,78.92082436834903,0.0,0.0,0.0,6.700496796100482e-05,0.0,30.460830917874365,37.43793236714972,39.00521739130431,31.581198067632826,42.57609178743957,42.55030917874392,22.720463768115923
1508.0,57.59126245967263,116.37300097445896,,,,55.098904163260165,,3.247423836751283e-05,79.26212313499504,0.0,0.0,0.0,6.494847673502566e-05,0.0,30.479299516908185,37.42734782608692,39.00706280193233,31.58371014492751,42.59639613526566,42.56784541062798,22.725743961352634
1510.0,57.57299543076751,116.40958042093763,,,,55.08180301929785,,0.0001,79.1412877152,0.0,0.0,0.0,0.000131000064,0.0,30.500666666666636,37.418898550724606,39.008497584541026,31.586995169082098,42.61757004830913,42.58747342995165,22.732526570048286
1512.0,57.55491038141249,116.44354659264607,,,,55.064960198418376,,6.798029680895068e-05,79.27957881402529,0.0,0.0,0.0,0.00016798029680895068,0.0,30.522429951690793,37.41488405797098,39.00850724637677,31.58922705314007,42.63771497584537,42.606690821255995,22.73974879227051
1514.0,57.53702998106475,116.48295869770321,,,,55.04804915453981,,0.0,79.13835206608623,0.0,0.0,0.0,3.2835767669100156e-05,0.0,30.54386473429949,37.41460386473426,39.00668115942025,31.58975362318838,42.656710144927494,42.62543961352653,22.74399999999998
1516.0,57.519117695503574,116.51540859604468,,,,55.03127534210059,,0.0,78.84492811787094,0.0,0.0,0.0,3.4975389958497754e-05,0.0,30.566628019323645,37.41618357487919,39.00321256038644,31.589700483091757,42.674386473429905,42.64309178743957,22.742473429951666
1518.0,57.5015590354482,116.54971098875318,,,,55.01469374587184,,0.0001,79.05572775490731,0.0,0.0,0.0,3.3838394286290565e-05,0.0,30.58932850241543,37.420178743961316,38.9982946859903,31.589574879227026,42.69235265700479,42.65662318840575,22.737758454106256
1520.0,57.48380235943057,116.60177204578387,,,,54.99806862340191,,0.0,79.06712623608792,0.0,0.0,0.0,0.0,0.0,30.61297101449273,37.43019323671494,38.993342995169044,31.590487922705286,42.71221739130431,42.66783574879223,22.733062801932345
1522.0,57.46626223929501,116.63021111693057,,,,54.98156440284911,,0.0,78.81260607660408,0.0,0.0,0.0,0.0001,0.0,30.63551207729466,37.441400966183544,38.98799516908209,31.591120772946834,42.728937198067584,42.67853140096614,22.726864734299497
1524.0,57.448732378186946,116.66382191653787,,,,54.96502966542825,,0.0002758624864275905,79.05114493555233,0.0,0.0,0.0,3.4482810803448815e-05,0.0,30.65546376811591,37.450149758454074,38.98071497584537,31.59072463768113,42.74346859903377,42.68690821256034,22.717169082125583
1526.0,57.431249681168865,116.71381508156277,,,,54.948684549434574,,0.0,78.93406666813198,0.0,0.0,0.0,6.666658047132475e-05,0.0,30.675512077294655,37.45873913043475,38.97179227053137,31.58788405797099,42.757323671497545,42.69238647342991,22.70328502415457
1528.0,57.413337871958554,116.75389463368498,,,,54.932283211126936,,0.0,79.02593911668276,0.0,0.0,0.0,6.598980417942877e-05,0.0,30.69529468599031,37.468801932367114,38.96151690821253,31.585342995169057,42.770792270531366,42.69743478260866,22.685173913043457
1530.0,57.39563085896213,116.79366814027753,,,,54.91607010582074,,0.00017135682529227728,78.98056333772436,0.0,0.0,0.0,0.0,0.0,30.71383091787437,37.48013043478257,38.95140096618354,31.587019323671473,42.785990338164204,42.70217391304344,22.662797101449254
1532.0,57.3780588955952,116.83661380624176,,,,54.899875670105814,,0.00013842981107844705,78.92023848122263,0.0,0.0,0.0,0.0001,0.0,30.73131400966181,37.49246859903378,38.941178743961316,31.590178743961324,42.80203381642508,42.70620289855068,22.637289855072442
1534.0,57.36069717092118,116.8640269470227,,,,54.883722625701544,,0.0,78.7830876315952,0.0,0.0,0.0,2.294119684427532e-05,0.0,30.74911111111108,37.50790821256035,38.930014492753585,31.595086956521712,42.81926086956518,42.71099516908209,22.613391304347804
1536.0,57.34325917546501,116.91137372785013,,,,54.86753284501906,,0.00039104459362904485,79.29867266954253,0.0,0.0,0.0,6.517409893817415e-05,0.0,30.766144927536203,37.52423671497581,38.91767632850238,31.60196135265698,42.83678743961349,42.71502415458933,22.5910144927536
1538.0,57.326375799399734,116.9519871209996,,,,54.8514094394799,,0.0,79.0589737272593,0.0,0.0,0.0,6.46765738273668e-05,0.0,30.783115942028957,37.539763285024115,38.905724637681125,31.61097101449273,42.85368115942025,42.71915942028981,22.56764251207727
1540.0,57.309311615569015,117.00335274931577,,,,54.834926828629314,,0.00035109213654976743,79.12405402272252,0.0,0.0,0.0,0.0,0.0,30.80189855072461,37.552082125603825,38.89511594202896,31.62345893719804,42.87013526570044,42.724840579710104,22.543710144927513
1542.0,57.29231030109844,117.04690127648398,,,,54.818750225328685,,0.0016579235469556994,79.46797928093402,0.0,0.0,0.0,7.158470939113989e-05,0.0,30.822541062801903,37.55802415458933,38.88441062801929,31.63894202898548,42.888690821256,42.72985507246372,22.522603864734275
1544.0,57.27499475853373,117.09593358713713,,,,54.802747544492085,,0.0,78.90122311746552,0.0,0.0,0.0,3.467336812706875e-05,0.0,30.843869565217364,37.56149758454102,38.87277294685987,31.653888888888858,42.911285024154544,42.73499033816421,22.505265700483072
1546.0,57.257546869187934,117.1388174508283,,,,54.787058541225946,,3.3846121530540176e-05,79.05744930538599,0.0,0.0,0.0,0.0,0.0,30.864661835748763,37.5663140096618,38.861144927536195,31.66649758454103,42.93445893719802,42.74041545893716,22.48836714975843
1548.0,57.2401251085409,117.17676309862102,,,,54.77157261921677,,2.9113904908396263e-05,79.41507982265784,0.0,0.0,0.0,0.0,0.0,30.886647342995136,37.57571497584537,38.851642512077255,31.68274396135263,42.95840579710141,42.743855072463724,22.47270531400964
1550.0,57.22249814206015,117.21561869191338,,,,54.755946013321,,0.0001508570876865508,79.18420291810637,0.0,0.0,0.0,0.0,0.0,30.911507246376782,37.589420289855035,38.844555555555516,31.702555555555527,42.98331884057967,42.747207729468556,22.463202898550705
1552.0,57.2049762550478,117.2630146825611,,,,54.740795633500525,,0.0,78.93916470588235,0.0,0.0,0.0,0.0001,0.0,30.937874396135236,37.60297584541059,38.83834782608692,31.72163768115939,43.00939130434778,42.75232367149754,22.461130434782586
1554.0,57.187702514521675,117.3143803132627,,,,54.72543524990709,,7.485377315414339e-05,78.89134218519122,0.0,0.0,0.0,0.0,0.0,30.966763285024125,37.61792753623185,38.83265700483088,31.741695652173885,43.03681642512073,42.75983091787435,22.46475845410626
1556.0,57.170491746704144,117.35377265061311,,,,54.710216539032935,,6.975803870967742e-05,79.06146586828386,0.0,0.0,0.0,6.975803870967742e-05,0.0,31.00036231884055,37.63694685990335,38.8288985507246,31.762560386473396,43.06396135265697,42.77035748792266,22.472961352656988
1558.0,57.153056467788865,117.39177730895682,,,,54.69511341108902,,0.0004621303146529002,79.34852902177667,0.0,0.0,0.0,0.00015739643357024706,0.0,31.03660386473427,37.66083091787436,38.82726570048306,31.784014492753595,43.09158937198063,42.78575362318837,22.485787439613507
1560.0,57.135807303658,117.42569570995606,,,,54.67975144410718,,3.5500031999999996e-05,79.43367002368,0.0,0.0,0.0,0.000128999936,0.0,31.0733719806763,37.689724637681124,38.826125603864696,31.807014492753595,43.11985990338161,42.80426570048305,22.502028985507227
1562.0,57.11856774478523,117.46772635093131,,,,54.6646045437254,,0.0,79.08464780781689,0.0,0.0,0.0,0.00013160632757930034,0.0,31.111502415458908,37.722516908212526,38.82501932367147,31.830690821256013,43.14898067632846,42.822314009661795,22.518603864734278
1564.0,57.101273412968894,117.50730226914892,,,,54.6493452702565,,0.0,79.49915032604444,0.0,0.0,0.0,0.00014999988148148147,0.0,31.151782608695623,37.758666666666635,38.82526570048306,31.85417391304345,43.175589371980635,42.84049275362315,22.5390338164251
1566.0,57.084069559713775,117.55077708329154,,,,54.634296212056846,,0.00047499999999999994,79.35755,0.0,0.0,0.0,0.0,0.0,31.193777777777747,37.797632850241506,38.82696135265697,31.87659420289852,43.19997584541059,42.85934782608692,22.564444444444423
1568.0,57.066715774315995,117.603739528239,,,,54.6192012729577,,0.00012871282611505813,78.91877917349967,0.0,0.0,0.0,6.435641305752906e-05,0.0,31.237053140096588,37.83830434782605,38.830202898550695,31.898908212560357,43.223652173913,42.88002898550721,22.58873913043476
1570.0,57.04962626494924,117.63983722129872,,,,54.6043169534475,,0.0,79.39105940640988,0.0,0.0,0.0,0.0001,0.0,31.279347826086923,37.87657004830915,38.83326086956519,31.92089855072461,43.24330434782605,42.90128985507243,22.60816908212558
1572.0,57.03237836794861,117.68500939699261,,,,54.589734640295994,,0.00014482758620689654,79.3609275862069,0.0,0.0,0.0,0.0002,0.0,31.322623188405768,37.91376328502412,38.836801932367116,31.940570048309148,43.2604444444444,42.92188405797098,22.622458937198044
1574.0,57.01504589820387,117.73670645167223,,,,54.575082310145135,,0.00017875008000000001,79.27803555967999,0.0,0.0,0.0,0.00012124992,0.0,31.36888888888886,37.95004347826084,38.84149275362316,31.957149758454076,43.27780676328498,42.942961352656965,22.634236714975824
1576.0,56.997780507147056,117.7650547601111,,,,54.5602645898791,,0.0001297029514753575,79.28318616878501,0.0,0.0,0.0,6.485147573767875e-05,0.0,31.412376811594175,37.98261835748789,38.845603864734265,31.97473913043475,43.293347826086915,42.96262318840576,22.644908212560367
1578.0,56.980634460426344,117.80188188719173,,,,54.545653736388495,,0.0,79.44754822347885,0.0,0.0,0.0,6.963354434366761e-05,0.0,31.45341545893717,38.01423671497581,38.85045410628016,31.993314009661805,43.306898550724604,42.97892270531397,22.65597584541061
1580.0,56.963797537794214,117.84105444787485,,,,54.531046084549565,,3.1063827932999845e-05,79.7363932001987,0.0,0.0,0.0,0.0001,0.0,31.49298550724635,38.04479227053136,38.85375845410625,32.008120772946825,43.318338164251166,42.9940869565217,22.663642512077274
1582.0,56.94659604036194,117.87354027058558,,,,54.51614604187761,,0.0009461545452892952,78.86267742533583,0.0,0.0,0.0,4.615393937190603e-05,0.0,31.526671497584513,38.06953140096615,38.85445410628016,32.021724637681125,43.32759420289851,43.009120772946815,22.664193236714954
1584.0,56.92954581756679,117.92118401137921,,,,54.50121864094897,,9.90291877462914e-05,79.41638254650566,0.0,0.0,0.0,0.0001669902707512362,0.0,31.55610628019321,38.086227053140064,38.853908212560356,32.033739130434746,43.335864734299484,43.023855072463725,22.660565217391284
1586.0,56.91218516925045,117.96244426491879,,,,54.48634202286275,,0.0,79.21750512888833,0.0,0.0,0.0,6.73468961265582e-05,0.0,31.581700483091762,38.091429951690785,38.85169565217388,32.04265217391301,43.34322222222218,43.03877294685986,22.653265700483068
1588.0,56.89477859793859,118.00239919330679,,,,54.471501054926826,,0.0,79.17492321602012,0.0,0.0,0.0,0.0,0.0,31.604468599033787,38.08519806763281,38.84800966183572,32.04882608695649,43.349217391304315,43.05196135265697,22.642801932367128
1590.0,56.87723209319933,118.0354479060909,,,,54.45703274934101,,0.0003774566354238497,79.54785081757136,0.0,0.0,0.0,0.0,0.0,31.62604347826084,38.076541062801894,38.84061352657002,32.04962318840577,43.354053140096575,43.063903381642476,22.629062801932346
1592.0,56.85978977734782,118.07588725049636,,,,54.442669712880154,,0.00014010143840858911,79.17242112325559,0.0,0.0,0.0,0.00012994928079570545,0.0,31.643231884057943,38.06964251207726,38.830874396135236,32.04540579710142,43.35732850241541,43.07442995169078,22.611888888888867
1594.0,56.84247482106858,118.11415383349015,,,,54.428413178986965,,6.683676734693878e-05,79.10048842305306,0.0,0.0,0.0,0.0,0.0,31.657048309178712,38.062130434782574,38.821985507246346,32.03953623188403,43.35860869565213,43.083323671497546,22.595294685990314
1596.0,56.825370490622106,118.15361226174232,,,,54.41393295141377,,0.0,79.46923479342459,0.0,0.0,0.0,0.00014347828506617604,0.0,31.67028502415456,38.05229951690818,38.81174396135262,32.03420289855069,43.3592367149758,43.09214492753619,22.583294685990317
1598.0,56.80820198924187,118.19208149176602,,,,54.39968812011767,,0.0002,79.51798344476676,0.0,0.0,0.0,0.0001,0.0,31.68513043478258,38.039666666666626,38.79977294685987,32.02681642512074,43.3599371980676,43.103057971014444,22.57450724637679
1600.0,56.79121925688323,118.24105631466922,,,,54.38603997417573,,0.0001297560756311651,79.54654338302232,0.0,0.0,0.0,0.0002,0.0,31.702613526570016,38.02435265700479,38.788091787439576,32.017231884057935,43.36265700483088,43.116449275362285,22.56755072463766
1602.0,56.77439179603908,118.2856733854873,,,,54.37222520831727,,0.0,79.4609462111977,0.0,0.0,0.0,0.00013476189547391725,0.0,31.723256038647314,38.011956521739094,38.778115942028954,32.007734299516876,43.36756521739126,43.13214975845407,22.56400966183573
1604.0,56.7574823489315,118.32177000532408,,,,54.358406931096745,,0.0,79.73446116340368,0.0,0.0,0.0,3.004294863413675e-05,0.0,31.747106280193204,38.00517391304344,38.76948309178741,31.996990338164224,43.373657004830875,43.15003864734295,22.564816425120753
1606.0,56.74060916678634,118.36293724639536,,,,54.34453011663223,,0.0,79.00101503156532,0.0,0.0,0.0,0.0,0.0,31.77130917874393,38.00079710144924,38.76065700483088,31.986666666666636,43.37930917874392,43.17004347826083,22.571507246376793
1608.0,56.723801809662085,118.39927324030863,,,,54.33049816461438,,0.0004,79.29787008809572,0.0,0.0,0.0,0.00013350514375597115,0.0,31.796724637681127,37.99809661835746,38.75192753623185,31.978381642512044,43.3834057971014,43.1903140096618,22.583840579710124
1610.0,56.70704438491067,118.44934732116494,,,,54.31662209276726,,3.36734480632791e-05,79.3345694063927,0.0,0.0,0.0,0.0,0.0,31.82308695652171,37.996898550724595,38.743584541062766,31.97187922705311,43.387082125603825,43.21022222222218,22.597971014492735
1612.0,56.69037829667025,118.49396015013298,,,,54.30275206178596,,0.0,79.54375396225312,0.0,0.0,0.0,7.047243062806646e-05,0.0,31.847782608695628,37.999328502415416,38.7359178743961,31.968028985507214,43.3918985507246,43.22974396135261,22.6136570048309
1614.0,56.673715211125746,118.5390525263221,,,,54.28905780557261,,2.181819028099502e-05,79.45944364382784,0.0,0.0,0.0,0.000178181809719005,0.0,31.872468599033784,38.004937198067594,38.72921739130431,31.96760386473427,43.40354106280189,43.246410628019284,22.630608695652153
1616.0,56.657329865303225,118.59445442016889,,,,54.27509750202171,,0.00038316836953243213,79.49938466812495,0.0,0.0,0.0,0.0,0.0,31.897024154589342,38.01430434782605,38.72377294685987,31.972502415458905,43.42409178743957,43.26070531400962,22.647884057970995
1618.0,56.641079078279105,118.62531924208099,,,,54.261586460150184,,6.407770971818857e-05,79.50361667530356,0.0,0.0,0.0,0.0001,0.0,31.921376811594172,38.03208695652171,38.71987439613523,31.98397101449272,43.44907729468595,43.2742367149758,22.668144927536208
1620.0,56.624805743794965,118.65970769295184,,,,54.24804017601592,,0.00013267330998918974,79.5144039256688,0.0,0.0,0.0,0.0,0.0,31.946724637681132,38.0604637681159,38.717811594202864,32.00142995169079,43.47894685990334,43.28978743961349,22.691657004830898
1622.0,56.60866100618935,118.69844977877167,,,,54.234046491858024,,3.4343456545264836e-05,79.35179710810318,0.0,0.0,0.0,6.868691309052967e-05,0.0,31.969487922705287,38.09618357487919,38.71604830917871,32.02429951690818,43.51302415458933,43.30714009661832,22.71813043478259
1624.0,56.59231722599857,118.72618503804274,,,,54.2200865873438,,0.0001954545748393211,79.7782409282204,0.0,0.0,0.0,0.00013030304989288075,0.0,31.98730917874393,38.13721739130431,38.715444444444415,32.05322222222219,43.54585507246373,43.32429951690818,22.744893719806743
1626.0,56.57591475489533,118.77701156195315,,,,54.206020674374244,,0.0,79.47234757504,0.0,0.0,0.0,0.0,0.0,32.00205314009659,38.181536231884024,38.71685990338161,32.085236714975814,43.578033816425084,43.34231884057967,22.767449275362296
1628.0,56.55928496561022,118.81486433441421,,,,54.191769875437735,,0.0,79.52403677944281,0.0,0.0,0.0,0.0001357487635930561,0.0,32.01258454106278,38.222236714975814,38.716932367149724,32.11860386473427,43.61015458937194,43.36107729468595,22.781202898550703
1630.0,56.54265354895691,118.84598258775905,,,,54.17737386077892,,0.0,79.65819802957448,0.0,0.0,0.0,6.565654345473516e-05,0.0,32.01781642512074,38.25776328502412,38.71407729468596,32.15463285024152,43.64103381642508,43.377454106280155,22.788067632850222
1632.0,56.52625656052697,118.88921813784722,,,,54.16305002057408,,6.487803781558255e-05,79.7870901868301,0.0,0.0,0.0,6.487803781558255e-05,0.0,32.01791787439611,38.28889371980673,38.70843961352653,32.18863285024151,43.667091787439574,43.39132850241542,22.79656038647341
1634.0,56.50956921542987,118.9198660369945,,,,54.14898350560196,,0.00013333333333333334,79.32173333333334,0.0,0.0,0.0,0.00016666666666666666,0.0,32.01248792270528,38.31516908212557,38.70311594202895,32.21773913043475,43.68652657004827,43.40253140096614,22.804420289855052
1636.0,56.49335506450186,118.95169224804164,,,,54.13481787643628,,0.00012736322463306656,79.69340148097957,0.0,0.0,0.0,7.263677536693346e-05,0.0,32.00539613526568,38.341608695652134,38.699980676328465,32.242690821256005,43.701710144927496,43.412671497584505,22.80648309178742
1638.0,56.47727394220737,118.98522787537759,,,,54.12093008632244,,6.418604429637444e-05,79.6288246556797,0.0,0.0,0.0,0.0001679069778518128,0.0,31.998782608695624,38.37093236714973,38.69608212560383,32.26300483091784,43.71257004830914,43.425183574879185,22.80428502415457
1640.0,56.46175340104704,119.00829660491092,,,,54.10711980308155,,0.0004531403893672226,79.52931441019844,0.0,0.0,0.0,6.473434133817467e-05,0.0,31.989454106280164,38.39813043478257,38.692690821256,32.28124637681156,43.7214637681159,43.43872463768111,22.800014492753604
1642.0,56.44622000706798,119.04516019382007,,,,54.093257185659574,,3.5748763593056086e-05,79.81632521268425,0.0,0.0,0.0,0.00012850247281388782,0.0,31.979140096618327,38.420637681159384,38.691077294685954,32.29702898550722,43.728971014492714,43.45322222222218,22.797178743961336
1644.0,56.43062417542662,119.0760992523647,,,,54.07970813220163,,0.00016633163695866951,79.8118406530442,0.0,0.0,0.0,0.0002,0.0,31.970874396135237,38.440062801932335,38.68890821256035,32.30823671497582,43.73328985507243,43.46865217391301,22.792777777777758
1646.0,56.415279997899795,119.10893998096886,,,,54.06654082156808,,2.6086971039705625e-05,79.70933911159047,0.0,0.0,0.0,0.0,0.0,31.964787439613495,38.457362318840545,38.6875024154589,32.31402415458934,43.735666666666624,43.48503864734296,22.783908212560366
1648.0,56.39993940349225,119.15114001222855,,,,54.05356892865,,0.0016444441635114378,79.06399263857196,0.0,0.0,0.0,0.0,0.0,31.960502415458905,38.47166666666663,38.68760869565214,32.3123719806763,43.73495169082122,43.50245410628016,22.775589371980654
1650.0,56.38472518122638,119.1824373806535,,,,54.04053278011943,,0.002038341650020029,79.48181608662088,0.0,0.0,0.0,0.0,0.0,31.95648309178741,38.48393236714973,38.68819806763282,32.30308695652171,43.72999516908209,43.517971014492716,22.767492753623166
1652.0,56.369562127781535,119.20639862634962,,,,54.02753594929644,,0.0,80.03815551639552,0.0,0.0,0.0,0.0,0.0,31.95058937198064,38.492115942028946,38.68763768115939,32.2865797101449,43.72204347826084,43.53166183574875,22.756338164251186
1654.0,56.35424375264013,119.23615157891145,,,,54.01447708340751,,0.00027301583001594247,79.6814221742128,0.0,0.0,0.0,0.0001,0.0,31.943062801932335,38.49234782608692,38.68424637681156,32.26569082125601,43.71112077294682,43.54355072463764,22.741845410628
1656.0,56.33888017835124,119.27101142340341,,,,54.00138059284199,,0.0,79.52781637722956,0.0,0.0,0.0,0.0,0.0,31.935922705313978,38.488584541062764,38.6798985507246,32.243309178743935,43.70028502415455,43.553613526570004,22.726685990338144
1658.0,56.323436472805724,119.32403349746785,,,,53.98826601183326,,7.100006399999999e-05,79.703808472064,0.0,0.0,0.0,7.100006399999999e-05,0.0,31.92753623188403,38.48543478260866,38.677642512077256,32.2193719806763,43.69385024154586,43.56299999999996,22.709830917874374
1660.0,56.3083153983918,119.37339618438516,,,,53.97533731307306,,0.0,79.91663209062399,0.0,0.0,0.0,7.2999936e-05,0.0,31.920492753623158,38.482811594202865,38.67692270531398,32.19569082125601,43.69317874396132,43.571033816425086,22.691980676328484
1662.0,56.29322465062112,119.41344945804137,,,,53.96243433809375,,6.701028751194227e-05,79.70683808701895,0.0,0.0,0.0,3.298971248805773e-05,0.0,31.914985507246346,38.478932367149724,38.676009661835714,32.1741256038647,43.69907729468595,43.577642512077254,22.677391304347807
1664.0,56.27841918846881,119.47897840532136,,,,53.94965667081146,,0.000136,79.7664,0.0,0.0,0.0,3.6e-05,0.0,31.908811594202867,38.47688888888885,38.67622222222219,32.15536231884055,43.709922705313964,43.58518357487919,22.667888888888868
1666.0,56.26375184489276,119.55240115837415,,,,53.93702212911796,,0.0011024750875405385,79.54140252261227,0.0,0.0,0.0,0.0,0.0,31.902768115942,38.479772946859875,38.67710144927533,32.14008695652171,43.722787439613484,43.59606280193233,22.662917874396115
1668.0,56.24898399122154,119.65104741488051,,,,53.92423804657327,,0.0,80.22969006383923,0.0,0.0,0.0,6.80628286286026e-05,0.0,31.896381642512043,38.48580193236711,38.677014492753585,32.127111111111084,43.738821256038605,43.60913043478257,22.66074879227051
1670.0,56.234115630068345,119.75123191993565,,,,53.911521821813466,,0.0,79.2198587789744,0.0,0.0,0.0,0.00016825395750398562,0.0,31.890304347826056,38.49611111111108,38.67615458937195,32.1193719806763,43.75902898550721,43.62268115942025,22.66270048309177
1672.0,56.21889999195828,119.84265024713994,,,,53.898774732130924,,0.0,80.02454439376271,0.0,0.0,0.0,0.00013008477288135593,0.0,31.886314009661806,38.511705314009625,38.67471497584537,32.11910628019321,43.78371497584537,43.63500966183572,22.665265700483072
1674.0,56.20325114891249,119.9182694177814,,,,53.88601795855928,,0.001116854591895437,79.67396944364545,0.0,0.0,0.0,0.00025280909864923944,0.0,31.883695652173884,38.53166666666663,38.672285024154554,32.124850241545865,43.81435748792266,43.644966183574844,22.667937198067612
1676.0,56.18785036449341,119.947232282891,,,,53.87336422089218,,0.0007581629387755103,79.72707131611429,0.0,0.0,0.0,3.418370612244898e-05,0.0,31.88285990338161,38.55620289855069,38.66785024154586,32.13748792270528,43.849434782608654,43.65435265700479,22.673207729468576
1678.0,56.17247637168064,119.93938237192647,,,,53.860631720095014,,0.0,80.02550876204911,0.0,0.0,0.0,0.0001,0.0,31.884739130434752,38.585473429951655,38.66222222222219,32.157251207729445,43.88564734299512,43.664318840579675,22.681173913043455
1680.0,56.156853999622086,119.88311442945627,,,,53.84807371207324,,3.177968813559322e-05,79.80171776488136,0.0,0.0,0.0,0.0,0.0,31.8883913043478,38.61658937198064,38.65686473429948,32.18071980676325,43.920917874396096,43.67601449275358,22.693806763285007
1682.0,56.141500477377164,119.75569076379973,,,,53.83536812790392,,0.0024674289124831405,79.82341829916588,0.0,0.0,0.0,7.257143860244532e-05,0.0,31.896478260869536,38.64966183574876,38.65089371980673,32.20625120772944,43.955599033816384,43.689415458937155,22.70586956521737
1684.0,56.12629013595908,119.56265784814227,,,,53.82248139307473,,0.0,79.73391825888982,0.0,0.0,0.0,3.604060649849519e-05,0.0,31.90926570048306,38.68540579710142,38.64469565217387,32.23580676328499,43.989473429951644,43.70332367149754,22.715743961352636
1686.0,56.11140307498038,119.29311732588019,,,,53.80989617906917,,3.5121962184417466e-05,79.74178051527197,0.0,0.0,0.0,0.0001297560756311651,0.0,31.92524154589369,38.72275845410624,38.638101449275325,32.26834782608693,44.02054589371976,43.71836714975841,22.724193236714953
1688.0,56.09665865289417,118.9393876835674,,,,53.797340955118656,,0.0,0.0015079629638020326,0.0,0.0,0.0,0.0,0.0,31.941067632850206,38.76132367149755,38.62976811594199,32.30166183574876,44.04986956521735,43.73334782608691,22.730140096618335
1690.0,56.08175660783411,118.52671351142185,,,,53.784742255285664,,0.0007358288989676496,0.00043582889896764954,0.0,0.0,0.0,0.0001,0.0,31.957579710144895,38.80080193236711,38.62017874396132,32.333536231884025,44.077323671497545,43.74824154589368,22.73550724637679
1692.0,56.066814852413295,118.02638317799075,,,,53.772583761264514,,0.0,0.0011395942463656434,0.0,0.0,0.0,6.497464039785273e-05,0.0,31.976787439613496,38.84164251207726,38.60921256038644,32.36415458937195,44.101009661835704,43.764198067632805,22.73551690821254
1694.0,56.052215536725086,117.45534649773774,,,,53.76039225226211,,0.0,0.0004084158152337839,0.0,0.0,0.0,6.386139492207203e-05,0.0,31.997700483091755,38.88021739130431,38.596144927536194,32.391874396135236,44.12025120772943,43.77931884057967,22.731342995169058
1696.0,56.03735329109702,116.81874875939197,,,,53.74839689320418,,0.0002793103448275862,0.0010241379310344826,0.0,0.0,0.0,0.0001,0.0,32.01937681159417,38.91421739130431,38.580855072463734,32.413830917874364,44.134371980676285,43.7934830917874,22.729555555555535
1698.0,56.02262851000459,116.11531200972956,,,,53.7365791536189,,0.00010000033684210527,0.00011250037894736841,0.0,0.0,0.0,0.0,0.0,32.03970048309176,38.943826086956484,38.56382608695649,32.43076328502412,44.14329951690817,43.807743961352614,22.72651690821254
1700.0,56.007708103574096,115.36452915895873,,,,53.724781446831976,,0.0,0.0003937504,0.0,0.0,0.0,3.4374933333333335e-05,0.0,32.056555555555526,38.966275362318804,38.54431884057968,32.44341062801929,44.14756521739127,43.82315458937194,22.715623188405775
1702.0,55.9925447672027,114.57757212618256,,,,53.712668879825614,,0.0,0.0002804875490302592,0.0,0.0,0.0,0.0,0.0,32.06960386473427,38.979449275362285,38.523371980676295,32.451338164251176,44.145874396135234,43.83959420289851,22.69868599033814
1704.0,55.977422765354234,113.7681091027883,,,,53.700594341098615,,0.0,0.00047350442311353057,0.0,0.0,0.0,6.837610577838265e-05,0.0,32.07966666666663,38.983661835748755,38.50380193236711,32.453541062801904,44.13993236714972,43.85576811594199,22.682294685990318
1706.0,55.96260875411266,112.9492693283919,,,,53.68872164640885,,0.00033602156457397995,0.00036236549668163215,0.0,0.0,0.0,3.279568708520401e-05,0.0,32.08751690821253,38.97800483091784,38.48842512077291,32.45145893719804,44.1320483091787,43.87220772946856,22.668830917874374
1708.0,55.948071469636,112.12443122946802,,,,53.677135468053514,,0.0,0.0006707691419014098,0.0,0.0,0.0,6.461542904929508e-05,0.0,32.09449758454103,38.963362318840545,38.47585024154586,32.445975845410594,44.12335748792267,43.89006280193233,22.65834299516906
1710.0,55.93377790653859,111.31095438286091,,,,53.66569422116352,,6.716423233089985e-05,6.716423233089985e-05,0.0,0.0,0.0,6.716423233089985e-05,0.0,32.09829951690818,38.940618357487885,38.465304347826056,32.43562801932364,44.11626570048305,43.906879227053096,22.650357487922683
1712.0,55.91961553927461,110.53835856777985,,,,53.654219980206484,,2.9237261016949152e-05,2.9237261016949152e-05,0.0,0.0,0.0,0.0001,0.0,32.09961352657002,38.912516908212524,38.45784057971011,32.42204830917871,44.111449275362276,43.9226328502415,22.646275362318818
1714.0,55.90557438574724,109.78756360315015,,,,53.64262488931114,,2.5000000000000005e-05,7.5e-05,0.0,0.0,0.0,0.0001,0.0,32.09973429951688,38.881280193236684,38.45151207729465,32.406966183574845,44.10845893719802,43.94034782608691,22.64573429951689
1716.0,55.89144793679492,109.06171331495608,,,,53.631285953724955,,3.401019582057123e-05,0.0006401019582057123,0.0,0.0,0.0,0.0001,0.0,32.09878260869562,38.84922705314006,38.44559420289852,32.38858937198064,44.10871980676325,43.95644444444441,22.647212560386453
1718.0,55.876964814875,108.36046673111584,,,,53.619782857000295,,0.0,3.380282705812644e-05,0.0,0.0,0.0,6.760565411625288e-05,0.0,32.0999758454106,38.823043478260836,38.439966183574846,32.36942995169079,44.11370531400962,43.970391304347785,22.64984057971012
1720.0,55.862200890397084,107.67991219491057,,,,53.60809799623951,,0.00012100833828122984,0.0001605041691406149,0.0,0.0,0.0,0.0002,0.0,32.10180193236712,38.80113043478258,38.4363333333333,32.35204830917871,44.12188888888885,43.9828792270531,22.649130434782585
1722.0,55.847467656099305,107.01910606495028,,,,53.596524385996304,,0.0,0.00013821667683056081,0.0,0.0,0.0,0.0,0.0,32.10162318840577,38.780207729468565,38.43340096618354,32.33662318840576,44.1329178743961,43.993425120772905,22.64719806763283
1724.0,55.83293676576172,106.37747038953749,,,,53.58531703345755,,0.0001056121469387755,0.0001056121469387755,0.0,0.0,0.0,0.0,0.0,32.10228019323668,38.76186956521736,38.42987439613523,32.322111111111084,44.14573913043474,44.002801932367106,22.646111111111093
1726.0,55.818004692405886,105.75302257329814,,,,53.57386565914781,,0.0,0.0014288664881705647,0.0,0.0,0.0,7.010304652994868e-05,0.0,32.10483574879224,38.74710628019321,38.428077294685956,32.31042028985504,44.16159903381638,44.01060869565213,22.644285024154566
1728.0,55.80298763458889,105.14636574325625,,,,53.56259975482883,,0.0,0.00038801656171024834,0.0,0.0,0.0,2.9338853903416118e-05,0.0,32.10797101449272,38.73630434782605,38.42428502415455,32.30337681159417,44.18226570048305,44.0158405797101,22.64313526570046
1730.0,55.78818159781679,104.5540774472465,,,,53.55135088612166,,0.001235502820545447,0.0001562130769090942,0.0,0.0,0.0,0.00015207102563636474,0.0,32.11158937198064,38.72862801932364,38.418376811594165,32.300328502415425,44.20585507246373,44.01744444444439,22.641028985507223
1732.0,55.77338056381984,103.97770460820497,,,,53.540139448331125,,0.0,0.001616000512,0.0,0.0,0.0,0.000136499968,0.0,32.11559420289852,38.726241545893686,38.413231884057936,32.303623188405766,44.23230917874392,44.01731884057966,22.63628502415457
1734.0,55.758634441330834,103.41707929762772,,,,53.52906967095672,,0.0,0.00040521318389066964,0.0,0.0,0.0,0.0,0.0,32.118666666666634,38.73192753623185,38.405681159420254,32.31078260869562,44.26039613526566,44.01853623188401,22.627729468599014
1736.0,55.74419195150389,102.87062492708556,,,,53.517976632219586,,0.0,0.0006,0.0,0.0,0.0,7.191492513900267e-05,0.0,32.12126570048306,38.74186473429948,38.39677777777774,32.31932850241543,44.287710144927495,44.019946859903335,22.621362318840557
1738.0,55.72973543339649,102.3391809696091,,,,53.506809753186694,,0.0,0.0,0.0,0.0,0.0,0.0001214724234709503,0.0,32.12685024154586,38.75345410628016,38.38757487922702,32.33160869565214,44.316115942028944,44.023449275362275,22.620801932367126
1740.0,55.71524132282621,101.82079628891293,,,,53.49571674013772,,0.0,0.0,0.0,0.0,0.0,0.0001333332520635416,0.0,32.13405314009658,38.764048309178705,38.376729468598995,32.34819323671494,44.34270048309175,44.03160869565213,22.619492753623167
1742.0,55.70084101809484,101.31640762650477,,,,53.484762892223124,,2.6162753488372093e-05,0.0009,0.0,0.0,0.0,0.0001738372465116279,0.0,32.14090338164249,38.76906280193233,38.36289855072461,32.36365217391301,44.36031400966179,44.04043478260865,22.616961352656986
1744.0,55.68639069084444,100.82397323517665,,,,53.47385365109922,,0.00012203389830508474,9.152542372881355e-05,0.0,0.0,0.0,3.0508474576271185e-05,0.0,32.14660386473427,38.76975362318837,38.34591304347823,32.374937198067606,44.3695217391304,44.049637681159375,22.615115942028964
1746.0,55.67192844158163,100.34432929664376,,,,53.46274443613334,,0.0004402598568393615,1.5584428537706838e-05,0.0,0.0,0.0,1.5584428537706838e-05,0.0,32.14908695652171,38.768961352656966,38.327381642512044,32.3843333333333,44.376140096618315,44.058357487922656,22.609734299516887
1748.0,55.65743361183395,99.87594876147382,,,,53.4513511347437,,7.236178577309403e-05,0.00024472357154618806,0.0,0.0,0.0,0.0002,0.0,32.14861835748789,38.765681159420254,38.307690821255996,32.392806763284995,44.38345893719803,44.06451207729464,22.599463768115918
1750.0,55.64272352664212,99.41910570435216,,,,53.43987462598974,,0.0,0.0005968752,0.0,0.0,0.0,0.0,0.0,32.14597101449272,38.76171497584537,38.2902753623188,32.40062318840577,44.39171980676324,44.070193236714935,22.59311111111109
1752.0,55.62844946320212,98.97257559687104,,,,53.42856005112793,,2.9583360000000003e-05,0.00058875008,0.0,0.0,0.0,0.00014083328,0.0,32.14486956521736,38.76171980676325,38.27561835748789,32.411618357487896,44.40238647342991,44.0768405797101,22.594690821256016
1754.0,55.61440425698722,98.53767029186044,,,,53.41746126714794,,0.00012749952,0.00039375040000000003,0.0,0.0,0.0,0.0,0.0,32.14781642512074,38.769700483091746,38.26307729468596,32.42662801932364,44.41758937198063,44.08589371980672,22.60048792270529
1756.0,55.60025547168175,98.11267557469782,,,,53.40638508394415,,0.0,0.00023538448612216072,0.0,0.0,0.0,0.0,0.0,32.153091787439585,38.7861062801932,38.25205797101446,32.44048792270528,44.43595169082122,44.09639613526566,22.608676328502394
1758.0,55.586459957329645,97.6966701643977,,,,53.39530039144219,,0.0,0.0003,0.0,0.0,0.0,3.5500031999999996e-05,0.0,32.16137198067629,38.80605314009659,38.241362318840544,32.45347826086954,44.45501932367146,44.106787439613484,22.619270531400947
1760.0,55.57249040306789,97.28932498080434,,,,53.384079100792704,,0.0001297560756311651,0.000626829432766262,0.0,0.0,0.0,0.0002,0.0,32.17390338164248,38.82775362318837,38.23096618357484,32.46587922705311,44.47243478260865,44.11790338164247,22.63171497584539
1762.0,55.55851041061929,96.89025077700884,,,,53.37294967465198,,0.0006148513044602326,0.0006074256522301162,0.0,0.0,0.0,0.0001,0.0,32.190106280193206,38.85067632850238,38.22079710144924,32.473748792270506,44.485888888888844,44.13118357487919,22.643661835748773
1764.0,55.544747863176646,96.50003238340605,,,,53.361885295404946,,0.0,0.0005,0.0,0.0,0.0,0.0,0.0,32.21062318840577,38.87494202898547,38.2119565217391,32.476144927536204,44.49672463768111,44.14324154589368,22.652111111111086
1766.0,55.53089393829094,96.11741627094978,,,,53.350745442449806,,3.712872102734509e-05,0.0002257425579453098,0.0,0.0,0.0,0.0001628712789726549,0.0,32.23431884057968,38.90071980676325,38.20249758454103,32.473285024154556,44.5014444444444,44.152468599033774,22.655140096618336
1768.0,55.517574742312945,95.74275874021828,,,,53.3396508121213,,0.0,0.0006053658865532524,0.0,0.0,0.0,0.0001,0.0,32.25705797101446,38.924574879227016,38.194077294685954,32.468371980676295,44.49948792270527,44.15958937198063,22.655507246376793
1770.0,55.504196662600215,95.37607856699914,,,,53.329148130030866,,0.0003266327391733904,6.733672608266096e-05,0.0,0.0,0.0,0.00013467345216532192,0.0,32.27770531400963,38.943024154589345,38.18652657004827,32.462782608695626,44.49802415458933,44.16462801932364,22.656478260869545
1772.0,55.49052502105386,95.01722301941008,,,,53.318892172084766,,0.000135500032,0.000171000064,0.0,0.0,0.0,0.0,0.0,32.29750724637678,38.95729951690818,38.179676328502374,32.456067632850214,44.50052173913039,44.16873429951687,22.65765217391302
1774.0,55.47704300013894,94.66552819250559,,,,53.30833478951082,,0.0,0.0003663315936465627,0.0,0.0,0.0,3.316579682328136e-05,0.0,32.31586956521736,38.9709178743961,38.17396135265697,32.45442995169079,44.509845410627975,44.17361352657001,22.663468599033795
1776.0,55.463657805997094,94.32172352555804,,,,53.298178288106314,,0.0,0.0009857142857142857,0.0,0.0,0.0,3.061224489795918e-05,0.0,32.3333719806763,38.9873140096618,38.16616425120769,32.45807246376808,44.526478260869524,44.17974879227049,22.6748260869565
1778.0,55.45038793919038,93.98504071845666,,,,53.288113776024694,,0.00027064685234526645,0.0003676617130863166,0.0,0.0,0.0,0.0001661691434568417,0.0,32.3511642512077,39.00688888888885,38.1590676328502,32.464816425120745,44.54791787439609,44.18640096618354,22.689164251207707
1780.0,55.437413038828026,93.6553146812539,,,,53.27776502713737,,0.0015999999999999999,0.0013333333333333333,0.0,0.0,0.0,3.3333333333333335e-05,0.0,32.36734782608693,39.03009178743958,38.15300966183571,32.476101449275326,44.57350241545889,44.19765700483088,22.7004492753623
1782.0,55.424335571872234,93.3335105795991,,,,53.26743969052726,,0.0002705318120094881,0.00019855057049644195,0.0,0.0,0.0,0.000167632953002372,0.0,32.38180193236712,39.05564251207726,38.146502415458905,32.4909371980676,44.59957004830913,44.21522222222219,22.70633333333331
1784.0,55.41126758186557,93.01641161521108,,,,53.25728839514355,,0.0,0.00010812181949548557,0.0,0.0,0.0,0.0,0.0,32.39740579710142,39.076879227053105,38.14228019323668,32.507729468599,44.6218405797101,44.23664251207726,22.710502415458915
1786.0,55.3979824192251,92.70714153315541,,,,53.24704203488366,,0.0,0.00037811144463146976,0.0,0.0,0.0,0.0001,0.0,32.41403864734296,39.09196618357485,38.13825120772943,32.52426570048306,44.640193236714936,44.260115942028946,22.709942028985484
1788.0,55.38493765934628,92.40323057095937,,,,53.23680157571072,,0.0004,0.0003924420465116279,0.0,0.0,0.0,0.0,0.0,32.43102415458934,39.10084541062798,38.132323671497545,32.54011111111108,44.65258454106276,44.2844444444444,22.70395169082123
1790.0,55.37185680560544,92.10496015811025,,,,53.22695940353206,,6.485147573767875e-05,0.00024059409704928504,0.0,0.0,0.0,3.5148524262321255e-05,0.0,32.445908212560354,39.103458937198035,38.127231884057935,32.55357487922702,44.66171497584537,44.307173913043435,22.69595652173911
1792.0,55.358731414348036,91.81097075420489,,,,53.21689489717094,,0.00013110045737047498,0.0,0.0,0.0,0.0,3.4449771314762516e-05,0.0,32.458062801932336,39.10160869565214,38.122710144927495,32.564743961352626,44.67209661835744,44.326975845410594,22.689367149758436
1794.0,55.34553090922409,91.5220458596611,,,,53.20668656536139,,0.0,0.0007188525312551148,0.0,0.0,0.0,5.4098312496590165e-05,0.0,32.468082125603836,39.09778260869562,38.11731884057967,32.57429468599031,44.684086956521696,44.34485507246373,22.68280193236713
1796.0,55.332135678548696,91.23771959567051,,,,53.19642576924651,,0.0001,0.0001283782918918919,0.0,0.0,0.0,1.4189145945945947e-05,0.0,32.47538647342992,39.09456521739127,38.11266666666663,32.58288888888886,44.69809178743957,44.36359420289851,22.679149758454088
1798.0,55.31842208060565,90.95877644803502,,,,53.186348720738245,,0.0011584154350355231,0.0004920794563671802,0.0,0.0,0.0,3.564358694247094e-05,0.0,32.48187439613523,39.09403381642509,38.10858454106277,32.59296618357485,44.71570531400962,44.383579710144886,22.682584541062784
1800.0,55.3049964512076,90.68379639497468,,,,53.17610508019041,,0.0,0.0004290640617729066,0.0,0.0,0.0,6.453203088645332e-05,0.0,32.48831884057967,39.09591787439611,38.10190338164248,32.602647342995134,44.73786956521735,44.40402415458933,22.68772463768114
1802.0,55.29142676709309,90.41368992214613,,,,53.165804249059384,,0.0,0.00023596042216026102,0.0,0.0,0.0,0.00016600989445993475,0.0,32.49376328502412,39.09994685990335,38.092454106280165,32.612304347826054,44.763652173913,44.42475845410624,22.689840579710125
1804.0,55.27774137849695,90.14816153131738,,,,53.15565349398249,,3.174604249601439e-05,0.0007047618725119568,0.0,0.0,0.0,0.0002317460424960144,0.0,32.49729951690818,39.10454589371977,38.081845410627984,32.62390821256035,44.79081642512073,44.4450096618357,22.690806763285003
1806.0,55.26427848529742,89.88755810565331,,,,53.145330209843394,,0.0,0.00047475717296641676,0.0,0.0,0.0,0.0002,0.0,32.50167149758451,39.10856521739127,38.07168599033813,32.639236714975816,44.817599033816386,44.46460869565213,22.689400966183552
1808.0,55.250554551787566,89.62914728047278,,,,53.13490268231141,,0.0,0.00036666666666666667,0.0,0.0,0.0,0.00014666666666666666,0.0,32.505400966183544,39.11061352657001,38.06180676328499,32.65687439613523,44.8439178743961,44.48094202898546,22.68247826086954
1810.0,55.236935481555776,89.37473136446785,,,,53.12465461934354,,0.0,0.000606185175214961,0.0,0.0,0.0,6.804115004776911e-05,0.0,32.50696135265697,39.111439613526535,38.05086473429948,32.67521256038644,44.86837198067629,44.49557004830913,22.674623188405775
1812.0,55.22363706387909,89.12462743871704,,,,53.11441880439095,,0.0,0.0005,0.0,0.0,0.0,3.155338659627905e-05,0.0,32.50895169082122,39.11759903381639,38.039342995169044,32.69727536231881,44.89128985507242,44.50940096618353,22.670371980676308
1814.0,55.21042333903107,88.87821871298037,,,,53.10405952779057,,0.0,0.0005,0.0,0.0,0.0,2.995780864177528e-05,0.0,32.50899999999997,39.13007246376808,38.02712077294683,32.72411594202895,44.91417391304344,44.520294685990294,22.671927536231863
1816.0,55.197347354932866,88.63560431498027,,,,53.09376257077232,,0.00012168676371027563,0.00026024116452330755,0.0,0.0,0.0,0.0,0.0,32.50881159420287,39.147966183574844,38.0165217391304,32.76096135265698,44.942845410627974,44.53154106280189,22.678637681159397
1818.0,55.18413622560885,88.39720694823235,,,,53.08384741389349,,6.548222228864075e-05,0.0007248733319385444,0.0,0.0,0.0,0.0001690355554227185,0.0,32.512391304347794,39.17400483091783,38.00569565217388,32.80826086956519,44.98097101449271,44.5452560386473,22.686376811594183
1820.0,55.17060686668228,88.16240785662626,,,,53.074052491512205,,0.0,0.0002000002976744186,0.0,0.0,0.0,0.0001,0.0,32.518869565217365,39.210405797101416,37.99161835748789,32.864178743961325,45.02350724637677,44.55999999999995,22.69716425120771
1822.0,55.15717510762885,87.93118161450259,,,,53.06417804846223,,0.00012771082479314373,7.228917520685628e-05,0.0,0.0,0.0,0.0001,0.0,32.52920289855069,39.25900966183571,37.97609178743958,32.92946859903379,45.065700483091746,44.57560386473426,22.71556038647341
1824.0,55.14380193820744,87.7033484481701,,,,53.05455073358283,,8.35443714789845e-05,4.9366885563046526e-05,0.0,0.0,0.0,0.000167088742957969,0.0,32.54499999999997,39.317724637681124,37.95969565217388,32.999028985507216,45.10354589371977,44.591946859903345,22.731743961352635
1826.0,55.13043489200724,87.47891377311649,,,,53.044897602284955,,3.414637192144679e-05,0.00010243911576434035,0.0,0.0,0.0,0.0001,0.0,32.56614009661833,39.37804830917871,37.944231884057935,33.06972946859901,45.136086956521694,44.60895652173909,22.73828985507244
1828.0,55.11696611981269,87.25836503409559,,,,53.03516271688072,,3.385413333333333e-05,0.0006984376,0.0,0.0,0.0,0.00023229173333333332,0.0,32.59016908212557,39.435797101449246,37.92972463768112,33.13914009661833,45.16171497584536,44.62843478260866,22.733628019323653
1830.0,55.103245616276624,87.04105909318854,,,,53.02584523139342,,0.0,0.0,0.0,0.0,0.0,3.253589513060904e-05,0.0,32.61650724637678,39.48856521739126,37.91502415458934,33.20365700483089,45.176898550724594,44.64923188405793,22.720202898550703
1832.0,55.0895085589549,86.82691347731115,,,,53.01664423803933,,0.0,0.0007208950832700762,0.0,0.0,0.0,0.0,0.0,32.64522705314007,39.53262801932364,37.899584541062765,33.26085024154586,45.1840096618357,44.66659420289851,22.70395169082123
1834.0,55.07611393965686,86.61679150561102,,,,53.007601313641835,,0.0,0.0004319796083588575,0.0,0.0,0.0,0.0,0.0,32.67340096618354,39.570164251207686,37.88281159420286,33.310637681159385,45.18714975845406,44.67871980676324,22.688367149758434
1836.0,55.063109843926554,86.4080266136698,,,,52.99862574659654,,6.600989445993475e-05,0.0003,0.0,0.0,0.0,0.0001320197889198695,0.0,32.69987922705311,39.60203381642508,37.86768115942025,33.3559371980676,45.18802415458933,44.68914009661831,22.676386473429933
1838.0,55.05000536381365,86.2025937787903,,,,52.989930604091256,,0.0,0.001460952418104331,0.0,0.0,0.0,0.00013047620905216553,0.0,32.72463768115939,39.62599999999997,37.855342995169046,33.39366666666663,45.186608695652126,44.700115942028944,22.665565217391283
1840.0,55.036914342989476,85.99953793059929,,,,52.98101074631236,,0.00027826078353289786,0.0008869566185254898,0.0,0.0,0.0,3.478259794161223e-05,0.0,32.74999999999997,39.64339613526567,37.84272463768112,33.42018840579707,45.17871980676324,44.71147826086952,22.655903381642492
1842.0,55.02393733492743,85.79848289108816,,,,52.97185967982505,,0.0,0.00016570046277860088,0.0,0.0,0.0,0.00013285023138930044,0.0,32.77524154589369,39.656777777777734,37.829753623188374,33.434913043478225,45.1650483091787,44.72428019323667,22.646178743961332
1844.0,55.01064341422058,85.60050032321917,,,,52.96281699976123,,0.0,0.00062499968,0.0,0.0,0.0,0.0,0.0,32.799033816425094,39.66517874396132,37.81813526570045,33.43850724637678,45.15119323671494,44.738400966183534,22.641821256038625
1846.0,54.99754679425089,85.40465908298117,,,,52.95358522174635,,0.0,0.00023939390021423854,0.0,0.0,0.0,0.0001,0.0,32.82127053140094,39.667777777777744,37.80530434782605,33.4341642512077,45.13623188405792,44.75194202898546,22.640434782608676
1848.0,54.98467380169891,85.2110528371858,,,,52.94425481680999,,0.00014200012799999999,0.002184501248,0.0,0.0,0.0,0.0,0.0,32.83944927536229,39.664516908212526,37.791647342995134,33.42222222222219,45.121782608695604,44.766053140096574,22.63414492753621
1850.0,54.97171911831091,85.0204402905727,,,,52.934855128509966,,3.418370612244898e-05,0.00023163258775510203,0.0,0.0,0.0,0.0001,0.0,32.85289371980674,39.65613526570044,37.7805024154589,33.40686473429948,45.11017874396131,44.77948792270527,22.627028985507224
1852.0,54.95900853530671,84.83248987080627,,,,52.925572146789904,,0.0,6.521740205838777e-05,0.0,0.0,0.0,6.521740205838777e-05,0.0,32.86214975845408,39.64299516908209,37.77093719806759,33.38829468599031,45.099628019323625,44.790999999999954,22.624893719806742
1854.0,54.946331820094755,84.64624892311735,,,,52.91642632563385,,0.0002646765738273668,0.00010149256962947489,0.0,0.0,0.0,6.61691434568417e-05,0.0,32.866589371980645,39.62447826086953,37.763797101449235,33.3663526570048,45.090212560386426,44.80051690821252,22.627545893719784
1856.0,54.93352760031048,84.46072555719743,,,,52.907369178417255,,0.0,6.417909307195003e-05,0.0,0.0,0.0,0.00033582090692804993,0.0,32.86623671497581,39.60198550724633,37.7592753623188,33.34351690821252,45.08445893719803,44.809743961352616,22.632444444444424
1858.0,54.92089562285116,84.27835731967754,,,,52.898538865211,,0.0015449497502705457,0.00026262617381894065,0.0,0.0,0.0,0.0,0.0,32.86421256038644,39.58015942028982,37.758135265700446,33.319458937198036,45.08311594202895,44.82221256038643,22.642526570048286
1860.0,54.90839669120421,84.09830793688865,,,,52.88967269847981,,3.090909090909091e-05,3.090909090909091e-05,0.0,0.0,0.0,0.0001,0.0,32.86133816425118,39.5627101449275,37.76114009661832,33.29769565217388,45.08698067632846,44.837898550724596,22.658951690821237
1862.0,54.89567928584548,83.91990175845991,,,,52.88106252179435,,0.0001056121469387755,0.00019438785306122446,0.0,0.0,0.0,0.0002,0.0,32.858579710144895,39.54698550724634,37.76787922705311,33.28015942028982,45.096898550724596,44.854444444444404,22.679893719806742
1864.0,54.88315270429326,83.7426234864706,,,,52.87260006900407,,7.142857142857143e-05,7.142857142857143e-05,0.0,0.0,0.0,7.142857142857143e-05,0.0,32.85827053140093,39.53114492753619,37.77616425120769,33.2653719806763,45.11011111111106,44.87136714975841,22.70049275362317
1866.0,54.87044544964358,83.56828906826513,,,,52.86424728136698,,0.0002291208644366519,0.00021263740669004425,0.0,0.0,0.0,0.0,0.0,32.858666666666636,39.516492753623154,37.78198067632846,33.25139613526567,45.12138164251203,44.888835748792225,22.71639613526568
1868.0,54.857566407078615,83.39631406319464,,,,52.85623021620178,,3.640777543594536e-05,0.0006179611228202733,0.0,0.0,0.0,0.0001,0.0,32.85751690821253,39.50017391304344,37.78609178743958,33.238183574879194,45.12772463768111,44.905241545893674,22.732188405797082
1870.0,54.84506355623752,83.22672187543672,,,,52.84793333095156,,0.0,0.0012258878459737166,0.0,0.0,0.0,3.401019582057123e-05,0.0,32.85379227053137,39.476903381642465,37.788594202898516,33.22208212560383,45.130183574879176,44.91897584541058,22.747531400966164
1872.0,54.832661070142535,83.05963623004132,,,,52.83954763237723,,0.0001,0.0003,0.0,0.0,0.0,0.0001,0.0,32.84946376811591,39.4461256038647,37.790140096618316,33.19939130434779,45.129038647342945,44.930207729468556,22.75778260869563
1874.0,54.820374520326645,82.89552319436223,,,,52.83130296296952,,2.8795835377311706e-05,0.0005591625183958053,0.0,0.0,0.0,7.12041646226883e-05,0.0,32.84467632850238,39.40714009661832,37.7913333333333,33.17114009661832,45.12750724637677,44.93905797101445,22.767917874396115
1876.0,54.807702513774764,82.73349346815321,,,,52.82314004597003,,3.6180892886547017e-05,0.00022763821422690597,0.0,0.0,0.0,0.000163819107113453,0.0,32.83652657004828,39.36153140096614,37.79090338164247,33.13886473429949,45.128806763284985,44.945599033816386,22.77873913043476
1878.0,54.79501363925512,82.5731799505639,,,,52.815007112526665,,6.368161231653328e-05,0.0006184080615826665,0.0,0.0,0.0,0.0,0.0,32.826285024154565,39.31199516908209,37.78992753623185,33.104657004830884,45.13259903381638,44.95229951690817,22.78635265700481
1880.0,54.78225516335449,82.41569577615618,,,,52.8066709648504,,9.785410413159941e-05,0.0014133049718949278,0.0,0.0,0.0,0.0,0.0,32.81517391304345,39.263004830917836,37.78821256038644,33.07121256038644,45.13802415458933,44.95924637681155,22.789995169082108
1882.0,54.76983303314145,82.25949968647184,,,,52.798290788719804,,0.000132,0.0,0.0,0.0,0.0,0.0,0.0,32.80319323671495,39.21908212560383,37.78794685990334,33.04005314009659,45.143652173913004,44.96540096618353,22.791381642512057
1884.0,54.75758263751508,82.10521538473077,,,,52.78978522080303,,0.00012780498038789632,0.0006082925294181556,0.0,0.0,0.0,7.219501961210368e-05,0.0,32.792169082125575,39.177574879227016,37.79131884057967,33.01092270531398,45.14922705314005,44.9710289855072,22.7904492753623
1886.0,54.745208563800674,81.95225498423353,,,,52.781294356972175,,0.0,0.0009258697634610192,0.0,0.0,0.0,0.0001,0.0,32.7845797101449,39.13826086956518,37.79508695652171,32.981739130434754,45.15439613526566,44.97709661835745,22.785309178743937
1888.0,54.73299801330289,81.8008295311829,,,,52.77251733218898,,0.0,0.003500861131034483,0.0,0.0,0.0,0.0,0.0,32.778729468599,39.10447342995165,37.79840579710142,32.95214975845408,45.158661835748745,44.98284057971011,22.779468599033798
1890.0,54.72062464035076,81.65112686377695,,,,52.763673641844996,,0.0,0.0008677969239491701,0.0,0.0,0.0,7.231641032909753e-05,0.0,32.772922705313974,39.077019323671465,37.802207729468556,32.922260869565186,45.16499999999996,44.98571980676324,22.774004830917853
1892.0,54.7083097322626,81.50309334519504,,,,52.75497277121174,,0.0,0.000247999744,0.0,0.0,0.0,0.0001,0.0,32.76963768115939,39.05657487922702,37.80620289855069,32.89503381642509,45.1744637681159,44.98619323671494,22.768821256038628
1894.0,54.696345777639664,81.35668938238513,,,,52.7456661840886,,0.0,0.00019187818050451442,0.0,0.0,0.0,6.39593935015048e-05,0.0,32.76887439613523,39.04856038647339,37.81010144927532,32.87450724637678,45.186835748792234,44.98589371980672,22.762647342995145
1896.0,54.68425210005714,81.2116054855839,,,,52.73684967220195,,9.315065770939683e-05,0.0003757991230541376,0.0,0.0,0.0,0.0002689497807635344,0.0,32.76875845410625,39.04869565217387,37.81543961352653,32.85857487922703,45.203676328502375,44.98462801932363,22.755434782608678
1898.0,54.67241094142623,81.06780733165031,,,,52.728049212483064,,0.0,0.0002364584,0.0,0.0,0.0,6.82292e-05,0.0,32.77097101449272,39.05020772946856,37.82257971014489,32.848033816425094,45.2222753623188,44.980980676328464,22.750787439613507
1900.0,54.66080926691049,80.9249566477849,,,,52.71934786706758,,0.0,0.00041739117529934674,0.0,0.0,0.0,0.00016956519588322446,0.0,32.775922705313974,39.05460869565214,37.830106280193206,32.844758454106255,45.242270531400926,44.97836231884054,22.749357487922687
1902.0,54.64883493906361,80.78258275865436,,,,52.7108893940729,,0.0,0.0012046390072484902,0.0,0.0,0.0,6.958761594219155e-05,0.0,32.78092753623185,39.06077294685986,37.839652173913,32.847478260869536,45.26747342995165,44.977183574879184,22.7476376811594
1904.0,54.636915390985074,80.64108592033121,,,,52.702510639207766,,0.0,0.0002125561650063024,0.0,0.0,0.0,2.9147944997899195e-05,0.0,32.78802898550721,39.07098550724635,37.85167632850238,32.85660386473427,45.29747342995165,44.97545893719803,22.743342995169062
1906.0,54.62490426751458,80.50071393214438,,,,52.694188192864786,,0.0,7.836261862451702e-05,0.0,0.0,0.0,0.00025672523724903397,0.0,32.79917391304345,39.08856038647339,37.86485990338161,32.87301932367147,45.332526570048266,44.97725120772943,22.74206280193235
1908.0,54.61306991466676,80.36079529304612,,,,52.68590278619034,,6.368161231653328e-05,0.00045920403079133314,0.0,0.0,0.0,0.0001,0.0,32.81383091787436,39.1112367149758,37.87728019323668,32.896908212560355,45.37055555555551,44.98119323671494,22.744657004830895
1910.0,54.60092894068838,80.22164302635818,,,,52.67776324908681,,0.0,0.00023163258775510203,0.0,0.0,0.0,0.0001,0.0,32.832642512077264,39.139053140096586,37.88818840579707,32.927183574879194,45.40591304347822,44.984091787439574,22.746082125603845
1912.0,54.58923248218221,80.08358598986686,,,,52.66962557839485,,0.0,6.564100409731148e-05,0.0,0.0,0.0,3.435899590268853e-05,0.0,32.85442512077291,39.1701256038647,37.89678743961349,32.960884057970986,45.438381642512034,44.98692753623184,22.743169082125583
1914.0,54.57751123385492,79.94744351026087,,,,52.6617039129746,,0.0,6.600989445993475e-05,0.0,0.0,0.0,0.00013399010554006525,0.0,32.87616908212557,39.20429951690818,37.901009661835715,32.99799999999997,45.46769565217387,44.989410628019286,22.73697101449273
1916.0,54.56600258869005,79.81250340414263,,,,52.65381607218124,,0.0,0.0001676767885725811,0.0,0.0,0.0,0.0,0.0,32.898468599033784,39.24137198067629,37.90234299516905,33.03847342995166,45.49658937198063,44.991806763284984,22.73097101449273
1918.0,54.55448595941736,79.6786963174677,,,,52.64588862050734,,0.0,0.0001676617130863166,0.0,0.0,0.0,0.0001338308565431583,0.0,32.92191787439611,39.277487922705276,37.90222705314007,33.07981642512074,45.52724154589368,44.99433333333329,22.72141545893718
1920.0,54.54300493836889,79.54637031361526,,,,52.63803816868603,,0.0,0.001943902390291478,0.0,0.0,0.0,0.0001687804780582956,0.0,32.945937198067604,39.31361835748788,37.90332367149755,33.1195410628019,45.55405314009658,44.99898550724633,22.71055072463766
1922.0,54.53154160206173,79.41493812194699,,,,52.63032126596293,,6.55171891965512e-05,0.0010827578379482678,0.0,0.0,0.0,6.55171891965512e-05,0.0,32.9699951690821,39.348338164251174,37.90534299516905,33.15636714975842,45.57568115942024,45.00653623188401,22.699922705313988
1924.0,54.519963422684285,79.28473266236122,,,,52.62258657560333,,0.0,0.0002694298758731195,0.0,0.0,0.0,6.735746896827987e-05,0.0,32.99300483091784,39.38027053140093,37.906869565217356,33.19084057971011,45.59438647342991,45.017758454106236,22.684280193236695
1926.0,54.50836013067024,79.15589001369435,,,,52.61474738530934,,0.0,0.0009622006697647984,0.0,0.0,0.0,0.00013205733421851383,0.0,33.01453140096615,39.40991304347823,37.908362318840545,33.221729468599,45.60817391304344,45.03464734299512,22.666019323671474
1928.0,54.49667098636915,79.02870827322067,,,,52.60685598655088,,6.584159419665375e-05,0.00023168318839330746,0.0,0.0,0.0,6.831681160669251e-05,0.0,33.03296618357485,39.4378599033816,37.90972463768112,33.246628019323644,45.61439613526566,45.05254589371977,22.648565217391283
1930.0,54.48537279333381,78.90291302290437,,,,52.59907479912179,,0.0,0.00022758598620689657,0.0,0.0,0.0,0.0,0.0,33.049144927536204,39.46242028985504,37.9133526570048,33.2649565217391,45.615787439613484,45.069144927536186,22.634676328502394
1932.0,54.47372362436018,78.77770864701439,,,,52.591499193832746,,0.0,0.0002004950175081077,0.0,0.0,0.0,3.316832749729743e-05,0.0,33.0621256038647,39.477173913043444,37.91751690821253,33.27491304347823,45.61446376811589,45.08381642512072,22.62471497584539
1934.0,54.46194927605396,78.65310744755519,,,,52.583829673439794,,0.0,0.0002393036042473034,0.0,0.0,0.0,6.517409893817415e-05,0.0,33.069792270531366,39.48178260869562,37.91936231884054,33.27647342995165,45.611367149758415,45.0982173913043,22.619091787439594
1936.0,54.45016644430191,78.53066302535963,,,,52.57611788921462,,0.0,0.0001666667479364584,0.0,0.0,0.0,0.0,0.0,33.070632850241516,39.481990338164216,37.91908212560383,33.271391304347794,45.609314009661794,45.115130434782564,22.618869565217366
1938.0,54.43811386157363,78.4092962893569,,,,52.56826431112534,,5.5084691525423726e-05,0.0005796612338983051,0.0,0.0,0.0,0.00017245765423728814,0.0,33.066739130434755,39.47941545893716,37.91686956521736,33.26324637681156,45.60999516908209,45.13490821256035,22.62211111111109
1940.0,54.4263828654529,78.28938992040052,,,,52.56048441696433,,2.514622684585662e-05,0.0008485377315414339,0.0,0.0,0.0,0.0,0.0,33.06202898550721,39.47521739130431,37.9129178743961,33.25571497584538,45.611545893719764,45.156729468598996,22.6274492753623
1942.0,54.41434829353321,78.17143197598458,,,,52.55269724341872,,0.0,0.0005950495651799226,0.0,0.0,0.0,6.83168116066925e-05,0.0,33.05564251207726,39.4670483091787,37.90742028985503,33.24534782608693,45.61332367149755,45.17920289855068,22.635246376811573
1944.0,54.40241616072169,78.05425976617151,,,,52.54523695882374,,0.0,0.0008178747307053972,0.0,0.0,0.0,0.0,0.0,33.0461642512077,39.44895652173909,37.90057004830914,33.23057004830915,45.6164637681159,45.200937198067585,22.646371980676307
1946.0,54.390716323508435,77.93831786909053,,,,52.537695147784554,,0.0,0.0004317540605106167,0.0,0.0,0.0,0.0,0.0,33.03522705314007,39.423386473429915,37.89256038647339,33.214632850241514,45.622053140096575,45.22171497584537,22.662821256038626
1948.0,54.378926289816455,77.82331863925606,,,,52.53032038795898,,0.0,0.0,0.0,0.0,0.0,0.0,0.0,33.023289855072434,39.395164251207696,37.88358454106277,33.199565217391275,45.63417874396131,45.24309661835745,22.687159420289838
1950.0,54.367147945755654,77.70979194596744,,,,52.523227779475825,,6.731703174775626e-05,0.00023463406349551248,0.0,0.0,0.0,6.536593650448749e-05,0.0,33.010859903381615,39.36432367149755,37.87261352657001,33.185570048309145,45.65332367149754,45.262371980676285,22.716521739130414
1952.0,54.35543227395009,77.59755081552262,,,,52.51597666462657,,0.0,0.0005050505729619866,0.0,0.0,0.0,0.00012626264324049665,0.0,33.00031884057967,39.335821256038614,37.86039613526566,33.177072463768084,45.67881159420286,45.28100483091783,22.74682125603863
1954.0,54.34412713732309,77.48653321553756,,,,52.508572805240654,,0.0,0.00015882360533856518,0.0,0.0,0.0,0.00014117639466143482,0.0,32.991700483091755,39.31293236714972,37.84885507246373,33.17794202898548,45.71185507246373,45.30345893719802,22.779352657004807
1956.0,54.332897726530376,77.37533849416914,,,,52.50120809870245,,0.0,0.00010838672169838588,0.0,0.0,0.0,0.0002,0.0,32.98508695652171,39.293647342995136,37.839309178743925,33.18488888888886,45.746507246376765,45.32637198067628,22.812932367149738
1958.0,54.3215650296411,77.26538971186463,,,,52.49378567616401,,0.0,0.0001708737683099143,0.0,0.0,0.0,0.0,0.0,32.98240096618355,39.279719806763254,37.831299516908174,33.198338164251176,45.776869565217346,45.34882608695648,22.84573913043476
1960.0,54.310514854586664,77.15638403799801,,,,52.48657100285585,,0.0,0.0001,0.0,0.0,0.0,0.0,0.0,32.98318357487919,39.269396135265666,37.82441545893716,33.21698550724635,45.80490338164247,45.37172946859899,22.875951690821232
1962.0,54.29953044368567,77.04800462535161,,,,52.479619821433474,,0.0,0.0002991375448275862,0.0,0.0,0.0,0.0001,0.0,32.9839758454106,39.26224154589369,37.8182946859903,33.23840096618354,45.83199999999996,45.39176811594199,22.900560386473412
1964.0,54.288653759645456,76.94051468621798,,,,52.47268578357003,,7.590363303816248e-05,0.000348192733923675,0.0,0.0,0.0,0.0,0.0,32.98614492753621,39.256695652173875,37.813227053140054,33.262028985507214,45.85904347826082,45.410454106280156,22.917159420289835
1966.0,54.277800687357505,76.83382086385049,,,,52.46583659432452,,0.0,0.0001,0.0,0.0,0.0,0.0,0.0,32.98983574879224,39.25002415458934,37.80893236714972,33.28553623188403,45.880966183574834,45.42929951690817,22.93000966183573
1968.0,54.267062913320245,76.72796850093724,,,,52.458792856598706,,0.0,0.00010492616987549323,0.0,0.0,0.0,0.0001300492200830045,0.0,32.99336714975842,39.24371497584538,37.80513043478257,33.30598550724635,45.89147826086952,45.44803864734295,22.94351690821254
1970.0,54.25640976342902,76.6224663915187,,,,52.451723277491936,,0.0,0.00016908238250593004,0.0,0.0,0.0,0.0001,0.0,32.999280193236686,39.237429951690785,37.802111111111074,33.320995169082096,45.89140096618353,45.466454106280146,22.95143961352655
1972.0,54.245667660314446,76.51825776936921,,,,52.44493660915639,,0.0,0.0009054455727869639,0.0,0.0,0.0,7.029704852464251e-05,0.0,33.004067632850216,39.2271642512077,37.798289855072426,33.33234299516905,45.88622222222218,45.483154589371935,22.95193719806761
1974.0,54.23437218255808,76.41447442706865,,,,52.4379600093796,,0.0,0.0007080000591644613,0.0,0.0,0.0,0.0,0.0,33.00477777777775,39.213024154589334,37.79563768115938,33.33748792270528,45.87950724637677,45.498574879227014,22.946251207729453
1976.0,54.223131720090386,76.31098181656509,,,,52.43103869431591,,0.0,0.0005,0.0,0.0,0.0,6.502461004150225e-05,0.0,33.005666666666656,39.201004459308805,37.79427926421403,33.340959308807115,45.885093645484936,45.513775362318825,22.94070791527313
1978.0,54.21180863078155,76.2081303707651,,,,52.42413293928267,,0.0,0.00024257434776988376,0.0,0.0,0.0,0.0002,0.0,33.0062564102564,39.188214604236336,37.79351170568561,33.34183500557412,45.888929765886274,45.5282614269788,22.931539576365658
1980.0,54.20040291463158,76.10592008966874,,,,52.41724274427991,,0.0,0.0003365384615384615,0.0,0.0,0.0,0.0,0.0,33.006547008546995,39.174654589371976,37.79333500557412,33.3401150130063,45.891015607580805,45.542033073206966,22.918746191007056
1982.0,54.18891457164049,76.004350973276,,,,52.410368109307626,,0.0,0.0007134020047188485,0.0,0.0,0.0,0.0,0.0,33.00653846153845,39.16032441471571,37.79374916387958,33.33579933110365,45.89135117056854,45.55509030100332,22.90232775919732
1984.0,54.177343601808275,75.9034230215869,,,,52.40350903436581,,0.0,0.0009010525635014309,0.0,0.0,0.0,0.00016684209391690515,0.0,33.00623076923075,39.14522408026755,37.79475418060199,33.328887959866194,45.889936454849476,45.567433110367865,22.88228428093645
1986.0,54.16569000513494,75.80313623460142,,,,52.39666551945448,,0.0,0.00020246315109815274,0.0,0.0,0.0,0.0,0.0,33.00562393162391,39.12935358602749,37.79635005574134,33.31938089929391,45.88677146042361,45.57906150130059,22.858615756224445
1988.0,54.15395378162049,75.70349061231957,,,,52.38983756457362,,0.0,0.0012507318480333574,0.0,0.0,0.0,3.560973599523465e-05,0.0,33.004717948717925,39.11271293199553,37.798536789297636,33.30727814938681,45.88185618729094,45.58997547380152,22.831322185061307
1990.0,54.142134931264906,75.60448615474135,,,,52.383025169723226,,0.0,0.00010050745194150723,0.0,0.0,0.0,0.00013350248398050243,0.0,33.003512820512796,39.095302118171674,37.80131438127088,33.29257971014489,45.875190635451474,45.600175027870634,22.800403567447038
1992.0,54.1302334540682,75.50612286186674,,,,52.37622833490332,,0.0,0.0,0.0,0.0,0.0,3.382349803921569e-05,0.0,33.00200854700852,39.07712114455592,37.80468283166107,33.27528558156815,45.866774804905205,45.60966016350794,22.76585990338163
1994.0,54.118249350030375,75.40840073369577,,,,52.36944706011388,,0.0,0.00010251252984521653,0.0,0.0,0.0,0.0001316583134365223,0.0,33.000205128205096,39.058170011148256,37.8086421404682,33.25539576365659,45.856608695652135,45.61843088071343,22.727691192865095
1996.0,54.10618261915142,75.31131977022842,,,,52.362681345354915,,0.00016987448505453122,9.037654483640641e-05,0.0,0.0,0.0,0.0001,0.0,32.99810256410253,39.038448717948704,37.813192307692276,33.23291025641021,45.84469230769227,45.62648717948712,22.685897435897424
1998.0,54.09403326143135,75.21487997146471,,,,52.35593119062643,,0.0,0.0,0.0,0.0,0.0,0.0,0.0,32.99570085470082,39.017957264957246,37.8183333333333,33.20782905982901,45.8310256410256,45.63382905982899,22.64047863247862
