t_s,Tm_ELBOW,Tm_J1,Tm_J2,Tm_PITCH,Tm_ROLL,Tm_TWIST,Tm_YAW,P_ELBOW,P_J1,P_J2,P_PITCH,P_ROLL,P_TWIST,P_YAW,Ts_humerus_u,Ts_humerus_l,Ts_forearm_u,Ts_forearm_l,Ts_wrist,Ts_hand,T_amb
0.0,49.58943966970681,54.39431309600692,,,,49.93329050978781,,65.45702802328702,65.28005019679009,0.0,0.0,0.0,65.34932691166655,0.0,32.67902564102563,38.55975213675215,36.16444444444445,33.328589743589745,50.32873504273506,51.16066666666668,23.174940170940168
2.0,51.44082200285785,55.239278598796474,,,,51.73810683193324,,65.64620975008704,65.25984177023723,0.0,0.0,0.0,65.74203260498034,0.0,32.69957692307691,38.535794871794884,36.16379487179488,33.30965384615385,50.317974358974375,51.16153846153847,23.168435897435895
4.0,53.24129518063984,56.07200003593423,,,,53.49313441231254,,66.11989999443914,65.2923238695482,0.0,0.0,0.0,66.12636829742695,0.0,32.71843645484949,38.51328037904126,36.163442586399114,33.29143143812709,50.30778316610927,51.162354515050176,23.16259587513935
6.0,54.99085920305277,56.89247740742018,,,,55.19837325092573,,66.45030202128993,65.75126530578925,0.0,0.0,0.0,66.63086502357272,0.0,32.735604236343356,38.49220865849128,36.16338758825716,33.273922519509476,50.29816146413974,51.16311482720179,23.157420104050537
8.0,56.68951407009666,57.70071071325433,,,,56.85382334777279,,66.78811451578846,65.91877187434014,0.0,0.0,0.0,66.82175325291671,0.0,32.751080267558514,38.472579710144934,36.16362987736901,33.257127090301005,50.28910925306579,51.163819397993315,23.15290858416945
10.0,58.33725978177151,58.496699953436675,,,,58.45948470285373,,67.31561516591468,66.20924072321769,0.0,0.0,0.0,67.26685777116012,0.0,32.76486454849497,38.454393534002236,36.16416945373467,33.24104515050167,50.28062653288741,51.16446822742475,23.149061315496095
12.0,59.9340963380773,59.28044512796721,,,,60.01535731616855,,67.64246094677829,65.81327027410852,0.0,0.0,0.0,67.63474515428217,0.0,32.776957079152716,38.437650130063176,36.16500631735415,33.22567670011148,50.27271330360462,51.1650613154961,23.145878298030468
14.0,61.480023739014044,60.05194623684595,,,,61.521441187717244,,68.10515765257227,66.29766101161377,0.0,0.0,0.0,68.04166964857234,0.0,32.78735785953176,38.42234949832776,36.166140468227425,33.21102173913043,50.2653695652174,51.16559866220736,23.14335953177257
16.0,62.97504198458174,60.81120328007289,,,,62.97773631749981,,68.43291730438847,66.50594461376858,0.0,0.0,0.0,68.16260404849953,0.0,32.796066889632094,38.40849163879599,36.16757190635452,33.197080267558526,50.25859531772576,51.16608026755852,23.1415050167224
18.0,64.41915107478039,61.55821625764802,,,,64.38424270551626,,68.73801500117334,66.75031585937569,0.0,0.0,0.0,68.6404461605898,0.0,32.80308416945372,38.39607655146785,36.16930063173542,33.18385228539576,50.252390561129694,51.1665061315496,23.140314752879966
20.0,65.81235100961,62.29298516957135,,,,65.74096035176659,,68.9421903534563,66.86748244037213,0.0,0.0,0.0,69.03505530205501,0.0,32.80840969899664,38.38510423634336,36.17132664437012,33.171337792642134,50.24675529542921,51.16687625418059,23.139788740245255
22.0,67.15464178907055,63.01551001584288,,,,67.04788925625078,,69.37722197574726,67.07513126831768,0.0,0.0,0.0,69.42969252584807,0.0,32.812043478260854,38.375574693422514,36.173649944258635,33.159536789297654,50.2416895206243,51.16719063545149,23.139926978818277
24.0,68.44602341316201,63.725790796462555,,,,68.30502941896881,,69.82493290049514,66.98638827406374,0.0,0.0,0.0,69.76361791844617,0.0,32.81398550724634,38.36748792270527,36.17627053140093,33.148449275362296,50.23719323671493,51.167449275362266,23.140729468599012
26.0,69.72428005916909,64.46709915734928,,,,69.5275198858612,,70.02468884297521,67.53210454545454,0.0,0.0,0.0,69.65144958677686,0.0,32.815048309178714,38.357995169082095,36.17751690821253,33.13692753623185,50.23266183574875,51.16764251207725,23.13667149758452
28.0,70.92383318942701,65.18947820323346,,,,70.67501532129442,,70.38228413270468,67.53511251827292,0.0,0.0,0.0,70.22648881845123,0.0,32.812729468599,38.34969565217388,36.17934299516905,33.12627536231881,50.22700483091783,51.16706280193232,23.131971014492734
30.0,72.05334592655544,65.8905700465193,,,,71.76136267708507,,70.38533851604494,67.13466761590115,0.0,0.0,0.0,70.22207826750864,0.0,32.80885507246373,38.34278260869562,36.181555555555526,33.1169758454106,50.22219323671492,51.16571014492749,23.13121256038645
32.0,73.1200723726445,66.56136182371391,,,,72.79517831437464,,70.54233977554286,67.87373907474286,0.0,0.0,0.0,70.60426695451429,0.0,32.802251207729434,38.339227053140064,36.183961352656965,33.10768599033813,50.219594202898506,51.162362318840536,23.1354106280193
34.0,74.1314787533618,67.20860129004411,,,,73.78226044438854,,70.86983199603664,67.98128607671258,0.0,0.0,0.0,70.94060099425495,0.0,32.79114009661833,38.340396135265664,36.18636714975842,33.09823671497582,50.21757487922701,51.157574879227006,23.14202415458935
36.0,75.0937907146857,67.82770880527502,,,,74.7291065011961,,70.9696541539649,68.1745736716189,0.0,0.0,0.0,70.96808478350448,0.0,32.77857004830915,38.34465700483088,36.19040579710142,33.090236714975816,50.216328502415415,51.15490338164246,23.150956521739108
38.0,76.01429298228476,68.42486130245605,,,,75.63777395927572,,71.34019141737262,67.94116989819628,0.0,0.0,0.0,71.0977343687001,0.0,32.76701932367147,38.35220289855069,36.19531400966181,33.08407246376809,50.217874396135215,51.15490338164246,23.16333333333331
40.0,76.90104386756143,68.99968270871236,,,,76.51211757214325,,71.44742099291835,68.28420188731873,0.0,0.0,0.0,71.53738477418888,0.0,32.75723671497582,38.360797101449236,36.20155072463765,33.0813526570048,50.22123188405793,51.15635265700478,23.177898550724617
42.0,77.75493632997997,69.55611553301635,,,,77.35610135793698,,71.5717414885795,68.41277130492463,0.0,0.0,0.0,71.67783263030866,0.0,32.74763768115939,38.36877294685987,36.208971014492725,33.08008212560384,50.22481642512073,51.15925120772941,23.19039613526568
44.0,78.57843608819606,70.08757867421356,,,,78.17679836791706,,71.89654926774006,68.55537298972553,0.0,0.0,0.0,72.07457299512026,0.0,32.739734299516876,38.376845410627986,36.21620772946857,33.07948792270528,50.22943961352653,51.16359903381637,23.20077777777776
46.0,79.37170711471944,70.58778556478799,,,,78.97568910812869,,71.83834089408782,68.56514091978902,0.0,0.0,0.0,72.20150004290278,0.0,32.73391304347823,38.38206280193233,36.22489371980674,33.07879710144925,50.23103864734295,51.16879227053135,23.211995169082105
48.0,80.1355877873272,71.07774563377151,,,,79.75193294693698,,72.32602418237289,68.71194147172244,0.0,0.0,0.0,72.51120421098375,0.0,32.727608695652144,38.38442512077291,36.23178743961349,33.07601449275359,50.229106280193186,51.17362318840575,23.22279227053138
50.0,80.87139003339169,71.56327910883705,,,,80.50303065778571,,72.43421419956825,68.4009947691399,0.0,0.0,0.0,72.08613216711089,0.0,32.72252657004828,38.38688405797098,36.23659903381639,33.07092270531398,50.2260869565217,51.17748792270526,23.231357487922683
52.0,81.58359839381988,72.02858297281166,,,,81.22813467452085,,72.55888016109877,68.96108395079185,0.0,0.0,0.0,72.57855084751819,0.0,32.716768115942,38.389342995169045,36.241990338164214,33.06325603864731,50.22077294685987,51.1803864734299,23.235309178743943
54.0,82.273281834109,72.48151202647524,,,,81.92723027784915,,72.77431236268946,69.08372271556034,0.0,0.0,0.0,72.6722341718555,0.0,32.70843478260866,38.39170531400963,36.249400966183536,33.054526570048274,50.21438647342991,51.18231884057966,23.23407729468597
56.0,82.93960812583101,72.92127035765733,,,,82.59743518861676,,72.83112344975117,68.9203324840819,0.0,0.0,0.0,72.81723328720629,0.0,32.69923188405794,38.39509661835746,36.25604830917871,33.04502415458934,50.20757971014489,51.18328502415454,23.230695652173893
58.0,83.57998854334829,73.35118645725257,,,,83.237012557758,,72.98659468905826,68.95542821588661,0.0,0.0,0.0,73.10621921431182,0.0,32.68964251207726,38.39886473429948,36.26032367149755,33.03626086956519,50.201053140096576,51.18450724637676,23.225768115942007
60.0,84.19519080985025,73.77429220547816,,,,83.84564966507394,,73.16676821550917,69.39920188124302,0.0,0.0,0.0,72.8486632743012,0.0,32.67832367149755,38.40362801932364,36.26661835748789,33.02797101449272,50.19860386473425,51.18542995169077,23.22113526570046
62.0,84.78860689319147,74.18906810766698,,,,84.42847177565683,,73.56835566889949,69.27502936156671,0.0,0.0,0.0,73.23444900011128,0.0,32.66510628019321,38.40644927536228,36.275101449275326,33.01871497584538,50.19869565217387,51.18432367149753,23.21385990338162
64.0,85.36174110644885,74.60369354249609,,,,84.98598246437527,,73.6545500022994,69.45535538581147,0.0,0.0,0.0,73.53311199163427,0.0,32.652821256038614,38.40504347826083,36.28416425120769,33.01010144927533,50.19745893719802,51.18128502415454,23.200420289855053
66.0,85.91220130192715,75.01236497116824,,,,85.51582103728026,,73.86877799732319,69.55669356186891,0.0,0.0,0.0,73.492955373351,0.0,32.64007729468596,38.40015942028982,36.29219806763282,33.00196135265697,50.19345410628014,51.178236714975796,23.18816908212558
68.0,86.44191712821907,75.40996260675907,,,,86.02174729850795,,73.7083403031512,69.7699209224256,0.0,0.0,0.0,73.82813571264316,0.0,32.62608695652171,38.39010144927533,36.29814975845407,32.99295169082122,50.18884541062797,51.17592753623183,23.17847342995167
70.0,86.95044924172684,75.7952596073027,,,,86.50621100115222,,73.75413935816414,70.23840735265657,0.0,0.0,0.0,73.73850417226454,0.0,32.614285024154555,38.37917391304344,36.305743961352626,32.984777777777744,50.1833671497584,51.17332850241541,23.167971014492732
72.0,87.44567115979571,76.18110677581593,,,,86.97879204721349,,73.94168068178921,69.86009739165908,0.0,0.0,0.0,73.79992977622152,0.0,32.60572463768113,38.36985507246373,36.31565700483088,32.974318840579684,50.17248309178739,51.1700289855072,23.15639613526568
74.0,87.93100906882188,76.56582774032705,,,,87.44375028241278,,74.36468669963169,70.46330013666426,0.0,0.0,0.0,73.99312735430456,0.0,32.59668115942026,38.361019323671464,36.326739130434746,32.959009661835715,50.1575942028985,51.16501449275358,23.14535748792268
76.0,88.4075802918346,76.95385510226706,,,,87.90226736628084,,74.1718268720474,70.10221938869759,0.0,0.0,0.0,74.03290298060361,0.0,32.58525603864731,38.3515410628019,36.33901449275359,32.9416183574879,50.143004830917825,51.159096618357445,23.135338164251188
78.0,88.8790602445297,77.32936063971962,,,,88.35075602757755,,74.22666102276374,70.55859541570122,0.0,0.0,0.0,74.11181593838762,0.0,32.57315458937195,38.34085024154586,36.35123671497581,32.924816425120746,50.133589371980634,51.15191304347822,23.125091787439594
80.0,89.34810373084508,77.69141841090276,,,,88.78808692360275,,74.49876653435871,70.05448819121865,0.0,0.0,0.0,74.19287872550606,0.0,32.56085990338161,38.333154589371944,36.36511111111108,32.910623188405765,50.12639613526566,51.140705314009615,23.113420289855053
82.0,89.81420397335488,78.0502306813548,,,,89.21410186504357,,74.6071488973859,70.66580478668963,0.0,0.0,0.0,74.22322135198677,0.0,32.54885507246374,38.32900966183571,36.38046859903378,32.89923188405794,50.11847342995164,51.12814492753619,23.099729468599012
84.0,90.27976985762689,78.40669053041121,,,,89.63387949920195,,74.7377101330506,70.45891905526747,0.0,0.0,0.0,74.49030963546988,0.0,32.53762318840576,38.326541062801894,36.397091787439585,32.89083574879224,50.11409178743956,51.11690338164246,23.086425120772923
86.0,90.74391230291457,78.76799511091059,,,,90.05198336959614,,74.8214831543286,70.63934518481977,0.0,0.0,0.0,74.48037838298247,0.0,32.52764734299514,38.32687439613523,36.41349275362315,32.884405797101415,50.11269565217386,51.10604830917869,23.07653140096616
88.0,91.20375923487435,79.10764350647445,,,,90.47124646051401,,74.9423972423111,70.69183193102222,0.0,0.0,0.0,74.66519156307302,0.0,32.52063285024151,38.32991304347823,36.43051690821253,32.880690821256,50.11255555555551,51.09586956521734,23.066468599033794
90.0,91.6592956770112,79.4388128148585,,,,90.89185129954474,,74.95433025582655,70.64341453906243,0.0,0.0,0.0,74.76978523788105,0.0,32.514681159420256,38.33373429951687,36.450135265700446,32.879787439613494,50.11254589371976,51.08665700483087,23.0526570048309
92.0,92.11082566287563,79.75789332029508,,,,91.31277618014164,,75.05760411929256,70.94540957435032,0.0,0.0,0.0,74.98615251936629,0.0,32.50789371980673,38.336367149758416,36.47184057971011,32.881140096618324,50.110874396135216,51.07747826086951,23.03689855072462
94.0,92.55868270127755,80.07285722669613,,,,91.73392824351782,,75.28230074654721,70.65804842050561,0.0,0.0,0.0,74.779992041728,0.0,32.50014975845408,38.33817391304344,36.49568115942026,32.88292270531398,50.107429951690776,51.07040096618352,23.020932367149737
96.0,93.00247712558334,80.40039598916684,,,,92.15770140884061,,75.34861767516712,70.83752903303524,0.0,0.0,0.0,75.24187066234516,0.0,32.49128019323668,38.34307246376808,36.52043478260866,32.88503864734297,50.107400966183526,51.06506280193232,23.004623188405773
98.0,93.44558078860044,80.71838491033971,,,,92.58589546488233,,75.40329579723917,71.18144116132386,0.0,0.0,0.0,74.96977330836047,0.0,32.48289371980673,38.35193236714972,36.54783091787436,32.88912077294683,50.115323671497535,51.0592753623188,22.98653140096616
100.0,93.88796544973815,81.01468900528442,,,,93.02102285041103,,75.28022843996851,71.15736049715105,0.0,0.0,0.0,75.13049252249964,0.0,32.47477294685988,38.36379710144924,36.578328502415424,32.895531400966156,50.128526570048265,51.05323188405792,22.96873913043476
102.0,94.32976826772915,81.30491742608177,,,,93.46108545779069,,75.64225784136397,71.06856418390481,0.0,0.0,0.0,75.33943883218171,0.0,32.46609661835746,38.3801062801932,36.61051207729465,32.90458454106277,50.14133816425116,51.04768115942024,22.952057971014472
104.0,94.77682607090836,81.59050583856678,,,,93.90697302954972,,75.47427785720946,71.46372622483149,0.0,0.0,0.0,75.52198161824252,0.0,32.45664734299514,38.39925120772943,36.645314009661796,32.91532367149755,50.15285024154584,51.04454589371976,22.939111111111092
106.0,95.22225473660674,81.86983240565434,,,,94.35604918128236,,75.56164130165682,71.35794877571827,0.0,0.0,0.0,75.63445258974775,0.0,32.44681159420286,38.41957487922702,36.68361835748789,32.92974396135263,50.168106280193186,51.04392270531396,22.931347826086938
108.0,95.67070709680867,82.15966765391751,,,,94.80666810785948,,75.65366226793435,71.46822031256086,0.0,0.0,0.0,75.75216625279576,0.0,32.4369758454106,38.44054589371977,36.72264251207726,32.94736231884055,50.189115942028934,51.0428599033816,22.925391304347805
110.0,96.12107181943414,82.44567012309975,,,,95.257088419932,,76.16620001886581,71.2040714151679,0.0,0.0,0.0,75.65264282695611,0.0,32.42752657004828,38.45848792270528,36.761333333333305,32.96704347826084,50.21250724637677,51.04013526570044,22.915942028985484
112.0,96.5744585763894,82.72284877295294,,,,95.70521480064247,,76.21211426398942,71.18891432971276,0.0,0.0,0.0,76.05185712073387,0.0,32.41885024154586,38.4725797101449,36.8009371980676,32.98820772946856,50.23313043478257,51.03925603864729,22.908999999999978
114.0,97.02248047024466,82.99147349141688,,,,96.14304797480557,,76.10342832063529,71.30197168414544,0.0,0.0,0.0,75.9908770926324,0.0,32.40950724637678,38.48790338164248,36.840777777777745,33.01022705314006,50.250661835748744,51.04185507246372,22.915342995169063
116.0,97.46249667763422,83.26221558733188,,,,96.57150811013075,,76.44957378057356,71.60126191266444,0.0,0.0,0.0,75.99793539285277,0.0,32.39983574879224,38.507714975845374,36.881908212560354,33.03426570048306,50.269652173912995,51.047739130434735,22.928318840579685
118.0,97.89370315687016,83.53351521296084,,,,96.98986392944482,,76.28743259228904,71.30570883027828,0.0,0.0,0.0,76.14091344281373,0.0,32.392555555555525,38.52992270531397,36.92715942028981,33.0597101449275,50.285700483091745,51.05793719806759,22.940719806763266
120.0,98.31809597516089,83.80898549627712,,,,97.39519312263297,,76.27472775039823,71.84311666379398,0.0,0.0,0.0,76.04198861194115,0.0,32.38673429951688,38.54946859903378,36.97575845410625,33.08177294685987,50.29328019323667,51.07170048309174,22.952497584541042
122.0,98.7298758370636,84.08133892239873,,,,97.78687524248436,,76.46414969526062,72.15135156430892,0.0,0.0,0.0,76.37708481999722,0.0,32.3801835748792,38.56607246376809,37.02515458937195,33.1005410628019,50.297169082125556,51.08528019323667,22.964062801932347
124.0,99.13025378150559,84.35347925305129,,,,98.16341375870897,,76.59641110286749,71.7516055421893,0.0,0.0,0.0,76.27992500764445,0.0,32.37366666666664,38.58419806763281,37.07340096618354,33.11857971014489,50.30040096618353,51.097927536231836,22.976903381642494
126.0,99.52310936840182,84.60450341783095,,,,98.52561478887263,,76.54769068825911,71.68290647773279,0.0,0.0,0.0,76.5129024291498,0.0,32.368502415458906,38.6058792270531,37.12032850241542,33.13493236714973,50.30128019323668,51.10884541062797,22.993028985507227
128.0,99.90745719352272,84.85214682375307,,,,98.87355879973269,,76.84003392050428,71.87535064560866,0.0,0.0,0.0,76.6150070303774,0.0,32.3647874396135,38.63080193236711,37.16754589371977,33.14996135265697,50.2969516908212,51.11718840579706,23.010797101449253
130.0,100.28170049726374,85.09606648638182,,,,99.21091914797425,,77.0819,71.94271412591958,0.0,0.0,0.0,76.75878713840662,0.0,32.3626183574879,38.65630434782605,37.21361352657001,33.16169565217388,50.288782608695605,51.12571497584536,23.029169082125584
132.0,100.64573957767406,85.33025557920902,,,,99.54260523480534,,76.85864427167871,72.14327201341686,0.0,0.0,0.0,76.53638853269076,0.0,32.36209178743959,38.679724637681126,37.25704347826083,33.16821256038644,50.277521739130385,51.13478743961348,23.04953623188404
134.0,100.99917795697432,85.56300590141575,,,,99.87452716880807,,76.9264054092434,72.07625471293888,0.0,0.0,0.0,76.76552365008754,0.0,32.36330434782606,38.702574879227015,37.29929951690818,33.17063768115939,50.26086956521734,51.14421256038643,23.07028985507244
136.0,101.34341140878188,85.78154835225537,,,,100.205602401219,,77.05729880847088,72.41869556313154,0.0,0.0,0.0,77.18502646651982,0.0,32.3663526570048,38.72449275362315,37.34179710144924,33.16892270531398,50.24009661835744,51.152019323671446,23.087391304347804
138.0,101.67763125547889,86.0011960045761,,,,100.53736671294502,,77.44926764115787,72.37375460495885,0.0,0.0,0.0,77.24221758782237,0.0,32.36950724637678,38.7450676328502,37.38533333333329,33.162449275362285,50.216425120772904,51.15806280193232,23.102198067632827
140.0,102.00330642440719,86.213951643412,,,,100.87058599316615,,77.28133345928232,72.32190215359091,0.0,0.0,0.0,76.91651375335573,0.0,32.372212560386444,38.76506280193233,37.42765700483088,33.151821256038616,50.19168115942024,51.1621980676328,23.113623188405775
142.0,102.32572998089807,86.42708490506291,,,,101.20944388139941,,77.37768424988447,72.5815500777213,0.0,0.0,0.0,77.15786602108979,0.0,32.37446859903378,38.78279710144924,37.46886473429948,33.13703864734296,50.17016908212556,51.164884057970966,23.121787439613506
144.0,102.64464259730529,86.63750227050537,,,,101.55409465004172,,77.63495299035266,72.23381102581452,0.0,0.0,0.0,77.07874870349725,0.0,32.37805314009658,38.79835265700479,37.51200483091784,33.119927536231856,50.15511594202894,51.16657971014488,23.1292415458937
146.0,102.9671981439324,86.84284721542761,,,,101.90168534399173,,77.3587876861471,71.90402745322275,0.0,0.0,0.0,77.40775486013139,0.0,32.3829178743961,38.8135410628019,37.55585507246373,33.10114009661833,50.1444637681159,51.16409178743957,23.134314009661814
148.0,103.29264425208125,87.04142696555938,,,,102.25375520379784,,77.67686482214138,72.39239685547095,0.0,0.0,0.0,77.32432243207839,0.0,32.387792270531364,38.83069565217388,37.60097101449272,33.081376811594176,50.132599033816376,51.15900483091783,23.139555555555535
150.0,103.62083205865666,87.24666191570479,,,,102.60693323836398,,77.66994057710528,72.45304766629027,0.0,0.0,0.0,77.60276561207237,0.0,32.392579710144894,38.85027536231881,37.64908212560383,33.06260869565214,50.11808212560381,51.15590338164247,23.144483091787418
152.0,103.95632664367234,87.44873497607426,,,,102.95708841407263,,77.68662021589164,72.33243384623427,0.0,0.0,0.0,77.57679752457689,0.0,32.39653140096615,38.869642512077256,37.69886956521736,33.043855072463735,50.10725120772942,51.15459420289851,23.14923188405795
154.0,104.28891349356789,87.64873594522135,,,,103.29726725469901,,77.65917607691377,72.30428176755204,0.0,0.0,0.0,77.59322676373758,0.0,32.39945410628016,38.88966666666663,37.748966183574844,33.02661352657002,50.104652173912996,51.15193236714971,23.15336714975843
156.0,104.62325626787174,87.84691476364706,,,,103.62605517612594,,77.99611002811379,72.58525444601673,0.0,0.0,0.0,77.65994081562067,0.0,32.4017101449275,38.91412077294682,37.800352657004794,33.01242995169079,50.107053140096575,51.147821256038604,23.155280193236692
158.0,104.95174875012,88.03558721278873,,,,103.94108779783565,,78.31665470472298,72.47349855828892,0.0,0.0,0.0,77.96161962734506,0.0,32.40483574879224,38.9455217391304,37.85578743961349,33.00046859903379,50.11245893719802,51.14399033816421,23.159458937198043
160.0,105.27759891058963,88.2255088268105,,,,104.24073001815162,,78.42858373967688,72.69878500458806,0.0,0.0,0.0,77.97361667544722,0.0,32.408541062801895,38.9821642512077,37.91563285024151,32.991115942028955,50.11822222222218,51.1428212560386,23.168091787439593
162.0,105.59400649403875,88.42028596803834,,,,104.5219011625182,,78.17750368146886,73.27892559202623,0.0,0.0,0.0,77.88139659918689,0.0,32.4113140096618,39.023550724637644,37.97725120772943,32.98658454106277,50.1240289855072,51.14496618357483,23.17746376811592
164.0,105.90491969833138,88.62223073393805,,,,104.7915953760355,,78.38732922777082,72.57184276141541,0.0,0.0,0.0,77.9266407790618,0.0,32.41342028985504,39.069753623188376,38.041004830917835,32.98608695652171,50.13129468599029,51.148743961352615,23.182700483091764
166.0,106.2085460799054,88.81695403294279,,,,105.0576847987801,,78.34642885375494,72.85410909090909,0.0,0.0,0.0,78.50467826086957,0.0,32.41812560386471,39.11593719806759,38.10842995169078,32.985183574879194,50.135908212560345,51.15252173913039,23.182497584541036
168.0,106.4990824487281,89.00501345276572,,,,105.32478485848982,,78.20864549245563,72.73938007805108,0.0,0.0,0.0,78.0718701328992,0.0,32.42447342995166,39.16321739130431,38.17741062801929,32.9835603864734,50.13666183574875,51.153444444444396,23.179710144927512
170.0,106.7782477716377,89.18452904970745,,,,105.59452595834313,,78.68462476947369,72.83732825476267,0.0,0.0,0.0,78.17854734022873,0.0,32.43150724637678,39.21447342995166,38.24517874396131,32.983806763284996,50.13645893719803,51.15160869565212,23.17717874396133
172.0,107.0512671186734,89.35769078915449,,,,105.87004888052307,,78.67501424077118,73.0482347971615,0.0,0.0,0.0,78.10188933679669,0.0,32.44066666666664,39.270792270531366,38.31069565217388,32.98541545893717,50.13815458937194,51.15006280193232,23.176570048309156
174.0,107.32601701038483,89.51364353809633,,,,106.15150484586084,,78.5292468033792,73.01509542336687,0.0,0.0,0.0,78.22625413163411,0.0,32.452787439613495,39.32905314009658,38.37525603864731,32.98783091787436,50.140999999999956,51.14880676328497,23.177772946859882
176.0,107.6016537174849,89.67387935421098,,,,106.43546799833929,,78.73796365810938,72.82427276189667,0.0,0.0,0.0,78.30391366488882,0.0,32.46570531400963,39.38610144927533,38.440106280193206,32.99227536231881,50.143072463768064,51.1478405797101,23.179468599033797
178.0,107.87707106130868,89.83160295590915,,,,106.72254242931383,,78.67511853480558,72.62335414768275,0.0,0.0,0.0,78.29195868378892,0.0,32.47908212560383,39.441734299516874,38.50466666666664,32.99692270531398,50.144275362318794,51.14594202898546,23.180908212560364
180.0,108.15003852279591,89.98609498091707,,,,107.01254115671505,,78.71231299883993,72.96565722312273,0.0,0.0,0.0,78.18999708890027,0.0,32.49380193236712,39.496304347826054,38.56713526570045,33.00112077294683,50.14573429951687,51.143666666666626,23.18312077294684
182.0,108.42120985424,90.14201318651595,,,,107.30468869305606,,78.98320811333652,73.09504212201253,0.0,0.0,0.0,78.42166396529592,0.0,32.50897101449272,39.55199033816422,38.629314009661805,33.007217391304316,50.14862318840576,51.14396618357483,23.185913043478237
184.0,108.69432013924992,90.29163613597964,,,,107.60138508241724,,78.8863944217527,72.9669006020211,0.0,0.0,0.0,78.48303937920387,0.0,32.52374396135263,39.60619323671494,38.68995652173909,33.01273429951688,50.15176811594199,51.14436231884053,23.19031400966181
186.0,108.9685269756092,90.43754277423105,,,,107.90533621894551,,79.00581975337808,72.90749729268423,0.0,0.0,0.0,78.93780141318175,0.0,32.53610144927533,39.65758454106276,38.74899033816421,33.01701932367147,50.154043478260824,51.144202898550674,23.196797101449253
188.0,109.253769096243,90.59463824175714,,,,108.21600115067348,,79.06151184929031,73.59494934689032,0.0,0.0,0.0,78.8653094672516,0.0,32.54707246376808,39.70366183574876,38.80934299516905,33.02307246376809,50.15676811594199,51.14466183574874,23.201057971014468
190.0,109.54864962431398,90.75544194577526,,,,108.52567766050606,,79.17914744268307,73.22555305778796,0.0,0.0,0.0,78.69817191854423,0.0,32.555908212560354,39.741922705313975,38.87094202898547,33.02911594202895,50.15826086956517,51.14513526570043,23.202444444444424
192.0,109.85257007891732,90.92070098605616,,,,108.83168611256562,,78.97239150378847,73.23019878892511,0.0,0.0,0.0,78.93426428481176,0.0,32.56128985507243,39.77469082125601,38.93376328502412,33.03342028985504,50.157444444444394,51.145671497584495,23.202734299516887
194.0,110.16286940366417,91.09349712281467,,,,109.12842568185697,,78.93826556016597,73.36380871369295,0.0,0.0,0.0,78.89160082987551,0.0,32.56372463768113,39.80432367149754,38.99600483091784,33.03608212560383,50.15441545893716,51.14514492753618,23.202531400966162
196.0,110.4754156658556,91.25556660124028,,,,109.42307522172356,,79.29369557797807,73.33661020966677,0.0,0.0,0.0,79.37494200079433,0.0,32.56311594202895,39.83205314009659,39.05891304347823,33.037198067632815,50.14861835748787,51.14547826086952,23.204314009661815
198.0,110.7862745800613,91.41844295762623,,,,109.7122305779904,,79.38564446684516,73.4408445164484,0.0,0.0,0.0,79.35189055756499,0.0,32.559971014492724,39.856777777777744,39.12133816425117,33.036864734299485,50.14310144927531,51.14742028985502,23.20760869565215
200.0,111.09856685985518,91.59407275210798,,,,109.99825712540029,,79.36352856379759,73.52490515520728,0.0,0.0,0.0,79.09926732030249,0.0,32.554797101449246,39.877444444444414,39.18213043478257,33.03213043478257,50.138516908212516,51.14811594202894,23.210782608695634
202.0,111.4020366856428,91.77362492396212,,,,110.27693887145615,,79.53085424583325,73.19327668680059,0.0,0.0,0.0,78.94336358199429,0.0,32.54749758454103,39.896652173913004,39.243140096618326,33.024821256038614,50.13373913043474,51.147106280193185,23.211599033816405
204.0,111.70010751353134,91.9561635316906,,,,110.55286377408875,,79.46644425910372,73.48878176932071,0.0,0.0,0.0,79.29745354077946,0.0,32.53980193236712,39.91887439613523,39.30499516908209,33.0185410628019,50.12886473429947,51.14571014492749,23.2102028985507
206.0,111.99285178704801,92.14066831631754,,,,110.82756134053157,,79.4761230452675,73.79476666666667,0.0,0.0,0.0,79.0526316872428,0.0,32.53226570048306,39.94325120772944,39.36771980676325,33.01206763285021,50.123990338164205,51.144024154589324,23.20973913043476
208.0,112.2800308935862,92.33126373665411,,,,111.10399265193674,,79.67979717601574,73.51508027831376,0.0,0.0,0.0,79.41190986151274,0.0,32.52244444444442,39.965985507246344,39.429512077294646,33.005400966183544,50.116164251207685,51.14214492753618,23.20914492753621
210.0,112.56096909843417,92.51573391458102,,,,111.38564428175948,,79.83433955837056,72.93932637823146,0.0,0.0,0.0,79.39676263734746,0.0,32.512115942028956,39.98937681159417,39.49034782608692,32.9985410628019,50.10721256038643,51.14016908212556,23.20435748792268
212.0,112.83905245470612,92.70613255484582,,,,111.67760240888224,,79.831572892795,73.44621624479943,0.0,0.0,0.0,79.40901116835809,0.0,32.50428019323668,40.013980676328465,39.55320289855069,32.9927101449275,50.10073913043474,51.13636714975841,23.195521739130413
214.0,113.1117023549003,92.88395009145984,,,,111.97955014477691,,79.8224241857342,73.54534342199999,0.0,0.0,0.0,79.72405470171955,0.0,32.498985507246346,40.038623188405765,39.61683091787436,32.9873526570048,50.09552173913039,51.130183574879176,23.184560386473407
216.0,113.38048436824141,93.05889690076143,,,,112.29192371710627,,79.98935073989799,74.0535222842777,0.0,0.0,0.0,79.50081727658508,0.0,32.49332850241543,40.062797101449235,39.67998550724634,32.982565217391276,50.09156038647338,51.12284057971009,23.172792270531378
218.0,113.65330539318211,93.23125784455763,,,,112.60960319454084,,79.99638075807792,73.78532790977353,0.0,0.0,0.0,79.55769344343275,0.0,32.48805797101446,40.08482125603861,39.743816425120734,32.977874396135235,50.09068115942024,51.116164251207685,23.16158454106278
220.0,113.92442713131435,93.39401501214483,,,,112.93746711519758,,79.97455101262223,74.03473073528889,0.0,0.0,0.0,79.6192562416,0.0,32.4857487922705,40.10666666666663,39.80642512077291,32.972806763285,50.09353623188401,51.11080676328498,23.14751207729466
222.0,114.19740833328393,93.55185158851877,,,,113.26739301063782,,79.90842710246127,73.83256715752563,0.0,0.0,0.0,79.86586797037062,0.0,32.4853719806763,40.129130434782574,39.8682946859903,32.96928502415456,50.09717391304343,51.10442028985503,23.132579710144903
224.0,114.46813713269401,93.71388079595879,,,,113.59823839758587,,80.4153199436534,73.81762712021475,0.0,0.0,0.0,79.83621743075904,0.0,32.48529468599031,40.15123188405793,39.931685990338124,32.96740579710142,50.101038647342946,51.09765700483087,23.1224106280193
226.0,114.74004103138145,93.86703177728943,,,,113.9250361751022,,80.19483054201905,74.51217365500952,0.0,0.0,0.0,80.02230554361905,0.0,32.48688405797098,40.17321256038643,39.99642995169078,32.96726570048306,50.106352657004784,51.092342995169034,23.114198067632827
228.0,115.01874336652729,94.01087621115605,,,,114.2416071388174,,80.4220419758043,74.08757647222325,0.0,0.0,0.0,79.94254157544381,0.0,32.49028502415456,40.19653623188402,40.06053140096614,32.968961352656976,50.113115942028934,51.08908212560382,23.106961352656985
230.0,115.31248008597589,94.14404482136081,,,,114.5484429856305,,80.29144713663472,74.32764587884958,0.0,0.0,0.0,80.13448242031075,0.0,32.49381642512074,40.22088888888885,40.12559903381639,32.972589371980646,50.11950241545888,51.08908212560382,23.101497584541043
232.0,115.61677628776435,94.26835510990512,,,,114.85317489511674,,80.34198179243825,74.36305193649365,0.0,0.0,0.0,80.19044746436442,0.0,32.49697101449272,40.24540096618353,40.19324154589368,32.97764251207727,50.1248599033816,51.092342995169034,23.09855555555553
234.0,115.92849312535807,94.39395964824361,,,,115.15755836396467,,80.40034066146175,74.23751029492188,0.0,0.0,0.0,80.13362239021383,0.0,32.49919323671495,40.26864734299513,40.262067632850204,32.983009661835716,50.13031400966179,51.09643478260865,23.09823188405795
236.0,116.24208276451529,94.5223839005883,,,,115.46445803417636,,80.6361230973248,73.71309782680882,0.0,0.0,0.0,80.44990353860419,0.0,32.501705314009634,40.286806763284986,40.33251207729465,32.988183574879194,50.1369903381642,51.102531400966136,23.09814492753621
238.0,116.57891528227368,94.64452893543148,,,,115.76506574655349,,80.63515928163632,74.20818351651047,0.0,0.0,0.0,80.41479610133922,0.0,32.50390338164248,40.300265700483045,40.40318357487919,32.991434782608664,50.14241062801928,51.109980676328455,23.100086956521718
240.0,116.98632431404992,94.76208620905267,,,,116.06018925590647,,80.71529879241724,74.11037522597866,0.0,0.0,0.0,80.5501818737809,0.0,32.504579710144895,40.309966183574836,40.473864734299475,32.99220772946857,50.145922705313964,51.116304347826045,23.103405797101427
242.0,117.44699214317251,94.881037657387,,,,116.35462040714377,,80.5853495384573,74.14748289835448,0.0,0.0,0.0,80.48521453294468,0.0,32.504956521739096,40.316801932367106,40.545512077294646,32.99294685990335,50.149304347826046,51.123850241545846,23.106830917874376
244.0,117.92797541190896,94.99825188737634,,,,116.64815269484936,,80.83500150155906,74.39475936093794,0.0,0.0,0.0,80.4582808806707,0.0,32.50385990338162,40.32222222222219,40.61603381642509,32.993096618357455,50.152555555555516,51.13074396135261,23.110869565217367
246.0,118.38978515088232,95.12798962873265,,,,116.93912161999074,,81.27082553511545,74.20490302277724,0.0,0.0,0.0,80.78226520241951,0.0,32.50133816425118,40.32762801932363,40.683893719806726,32.98970531400963,50.15389855072459,51.13571497584537,23.117202898550705
248.0,118.79279969185787,95.26164093991653,,,,117.22596143593957,,80.94783449072241,74.05447902214806,0.0,0.0,0.0,80.86868045574815,0.0,32.49926570048306,40.336212560386436,40.75111111111108,32.982202898550696,50.15093719806759,51.14049275362314,23.126908212560362
250.0,119.0956886812304,95.38530176999586,,,,117.57016034579098,,81.31188402880001,74.31214316937142,0.0,0.0,0.0,80.85609692388572,0.0,32.49651690821253,40.35061352657,40.81965700483089,32.976019323671466,50.146053140096576,51.146202898550676,23.13990338164249
252.0,119.27227776120472,95.509349578522,,,,117.97063675986583,,81.0257322377813,74.42856738850416,0.0,0.0,0.0,80.75966147237664,0.0,32.494410628019295,40.36934299516905,40.8908985507246,32.97175845410626,50.14097584541059,51.15219323671492,23.153154589371958
254.0,119.29387242236287,95.63089581964202,,,,118.39670418813486,,81.34530020952533,74.26852352393041,0.0,0.0,0.0,81.08773083052257,0.0,32.49126570048306,40.387342995169035,40.96320289855069,32.96702415458934,50.13560869565213,51.15663768115937,23.16304347826085
256.0,119.13755245474836,95.7498009992394,,,,118.81313094722651,,81.37649570611713,74.1881317507872,0.0,0.0,0.0,81.03646849418666,0.0,32.48600483091785,40.40311111111107,41.034937198067595,32.963642512077264,50.1286328502415,51.159536231884005,23.170729468599014
258.0,118.78986941926985,95.8710940817408,,,,119.17961534508571,,81.19623003846036,74.24590117116243,0.0,0.0,0.0,80.88709859018921,0.0,32.48237681159418,40.41799999999996,41.10746859903377,32.96161352657002,50.12111111111106,51.16088888888884,23.176685990338143
260.0,118.2436154624925,95.99823529234459,,,,119.45863169315042,,81.6074949270611,74.26991451641182,0.0,0.0,0.0,81.24449872627484,0.0,32.47930434782605,40.434391304347784,41.18094202898547,32.95971497584538,50.11588405797097,51.160695652173864,23.18256038647341
262.0,117.49825699325943,96.11846016607224,,,,119.61669579644273,,0.0,74.49276980605666,0.0,0.0,0.0,81.2688449154821,0.0,32.473884057970984,40.45574396135262,41.2548985507246,32.95667632850238,50.11336231884053,51.15773429951686,23.186985507246355
264.0,116.55571679665731,96.23738282389407,,,,119.62941084446308,,0.0,74.38737916912191,0.0,0.0,0.0,81.02896990949482,0.0,32.4661642512077,40.47692753623184,41.32887922705311,32.952352657004795,50.11213043478256,51.15378260869561,23.190420289855048
266.0,115.42226428512444,96.35901005799373,,,,119.4713488416318,,0.0006993104140567483,74.47656735515126,0.0,0.0,0.0,81.37795195325515,0.0,32.45914492753621,40.49682608695648,41.403028985507206,32.94832850241543,50.112550724637636,51.150014492753584,23.192115942028963
268.0,114.1124987978655,96.47274523188871,,,,119.1313533534819,,0.00017405191844176203,74.8020247683864,0.0,0.0,0.0,81.31610655794415,0.0,32.45338164251205,40.521908212560355,41.47566666666662,32.94796618357485,50.11493719806759,51.14460386473426,23.18949758454104
270.0,112.64979750552311,96.5887120650732,,,,118.59253379660846,,1.4172455210145825e-05,74.38351714002566,0.0,0.0,0.0,81.196904687921,0.0,32.44820772946857,40.55479710144924,41.54688888888885,32.95162801932364,50.11955555555551,51.13632850241542,23.187246376811572
272.0,111.06041534539423,96.70656055575934,,,,117.85145608800768,,0.00017390436972111555,74.42294280852909,0.0,0.0,0.0,10.620025507034264,0.0,32.445352657004804,40.596144927536194,41.61917391304344,32.95667632850239,50.12906763285019,51.12757004830913,23.185251207729447
274.0,109.37310235826514,96.81839007529275,,,,116.91048361242336,,0.0,74.60938064359365,0.0,0.0,0.0,0.00013978063634500424,0.0,32.443497584541035,40.64645893719803,41.69317391304344,32.96347342995166,50.142531400966135,51.11948792270527,23.179797101449253
276.0,107.62072294938565,96.92489890037955,,,,115.77803575693102,,2.6787501424370683e-05,74.53894802627339,0.0,0.0,0.0,8.660624928781467e-05,0.0,32.44310144927533,40.70732367149755,41.76711111111108,32.97355555555552,50.15783091787436,51.111415458937145,23.173787439613502
278.0,105.83299375391574,97.02739524928543,,,,114.47359522578985,,0.0,74.58976111111112,0.0,0.0,0.0,8.611111111111112e-05,0.0,32.445797101449244,40.77901932367146,41.84220772946856,32.985410628019295,50.17467632850237,51.106908212560334,23.167681159420265
280.0,104.04351514614284,97.13005027154695,,,,113.0191668584035,,0.0,74.75046006626727,0.0,0.0,0.0,2.708125135446312e-05,0.0,32.4513913043478,40.85812560386469,41.919685990338124,32.999304347826055,50.19155555555551,51.106521739130386,23.16376328502413
282.0,102.29833519160238,97.23779264087224,,,,111.43745103738908,,1.2916245381796467e-05,74.76544762643324,0.0,0.0,0.0,0.00013874873614538936,0.0,32.458468599033786,40.93990338164247,41.99594202898546,33.014850241545865,50.211178743961305,51.10720772946855,23.164985507246353
284.0,100.64202433630743,97.33761387091069,,,,109.75036902780849,,0.0007735208117310068,74.50570059019046,0.0,0.0,0.0,0.0002525703043991275,0.0,32.46739130434779,41.02491304347823,42.07219806763281,33.032231884057936,50.23387439613522,51.1101400966183,23.167743961352638
286.0,99.13016081959556,97.43585003436121,,,,107.98490335984594,,6.331009765518818e-05,74.4450693933515,0.0,0.0,0.0,0.00012532403906207525,0.0,32.47969565217388,41.11361835748789,42.148454106280155,33.05041062801929,50.25274879227048,51.11527053140092,23.171531400966163
288.0,97.77552186323157,97.5429133779836,,,,106.17552587822898,,1.2938810860665895e-05,74.78046578604715,0.0,0.0,0.0,0.0,0.0,32.493265700483065,41.20586473429948,42.22471014492749,33.067729468599005,50.26751207729464,51.12194685990334,23.17650724637679
290.0,96.53438076523656,97.65795052491002,,,,104.36320148738444,,0.0,74.71095490903886,0.0,0.0,0.0,4.783864477903959e-05,0.0,32.507159420289824,41.300323671497544,42.30341062801928,33.085531400966154,50.280826086956466,51.13073913043473,23.17987922705312
292.0,95.3907712418126,97.76535418392743,,,,102.58250946607033,,2.6957385257951107e-05,74.96233835240521,0.0,0.0,0.0,2.6957385257951107e-05,0.0,32.52221256038644,41.39571497584537,42.38161835748788,33.10150724637678,50.29230434782604,51.1392173913043,23.179492753623165
294.0,94.33248201638422,97.87413179566767,,,,100.88118969001768,,1.3232327986123246e-05,75.02451695195579,0.0,0.0,0.0,0.00018676767201387677,0.0,32.53803864734296,41.49385507246373,42.4570483091787,33.11329951690818,50.30095652173908,51.14799999999995,23.177400966183555
296.0,93.34893341368185,97.97857999141492,,,,99.30223535113404,,8.407336525096526e-05,74.83721923133282,0.0,0.0,0.0,1.5926634749034746e-05,0.0,32.55547342995166,41.59060869565213,42.531671497584504,33.12393236714973,50.30579227053135,51.15713526570044,23.17378260869563
298.0,92.43344411820911,98.08865816991633,,,,97.89643441262555,,9.309995520000004e-05,74.6397277899776,0.0,0.0,0.0,0.0001531999744,0.0,32.5723526570048,41.68006280193233,42.60750724637678,33.137033816425095,50.31007729468595,51.165497584541015,23.169338164251187
300.0,91.58035767805647,98.20063399672011,,,,96.61346340967016,,0.0,74.8653314975518,0.0,0.0,0.0,0.0,0.0,32.58711594202896,41.756207729468564,42.68179710144924,33.14840579710142,50.31290338164246,51.17013526570043,23.1616376811594
302.0,90.78234070102855,98.31753812376691,,,,95.43142997516424,,0.0,75.05017835641563,0.0,0.0,0.0,0.00018334937748130942,0.0,32.59937681159417,41.82071497584538,42.754227053140056,33.158072463768086,50.31036231884053,51.171048309178694,23.152376811594184
304.0,90.0337746415877,98.43310840297053,,,,94.3377419600276,,0.00035421212633258287,74.77473675561463,0.0,0.0,0.0,0.00013052524911161143,0.0,32.60992270531398,41.87998550724634,42.82692753623185,33.16905797101446,50.304545893719755,51.171188405797054,23.148062801932348
306.0,89.32824838591614,98.55313643457008,,,,93.32290880824587,,0.0,74.8575779585555,0.0,0.0,0.0,0.0001,0.0,32.6201449275362,41.93380193236712,42.897855072463734,33.1795603864734,50.29871980676324,51.169236714975796,23.145584541062778
308.0,88.66408829109538,98.68294084891122,,,,92.37783661397184,,8.255813953488372e-05,74.21808372093022,0.0,0.0,0.0,0.0,0.0,32.628434782608664,41.981425120772904,42.965618357487884,33.18777777777775,50.29375362318835,51.165652173912996,23.142449275362296
310.0,88.0386871222714,98.8041145360076,,,,91.4969620101561,,1.4371259320879438e-05,75.36034070134811,0.0,0.0,0.0,1.4371259320879438e-05,0.0,32.6331835748792,42.01971980676324,43.030652173913005,33.194289855072434,50.288120772946804,51.16084541062797,23.138512077294664
312.0,87.4458556614793,98.9276475543778,,,,90.67278991100963,,1.3672650049999213e-05,75.3609239769324,0.0,0.0,0.0,8.63273499500008e-05,0.0,32.636386473429916,42.04972463768112,43.094009661835706,33.20023188405794,50.28269082125599,51.15700483091783,23.138405797101427
314.0,86.88493181791476,99.05364815399754,,,,89.90143144503693,,8.282442748091604e-05,75.10847938931298,0.0,0.0,0.0,0.00011717557251908397,0.0,32.64003864734296,42.080922705313974,43.15496618357484,33.20791304347823,50.280729468598985,51.154492753623146,23.143159420289834
316.0,86.35429258524053,99.1704052553969,,,,89.17901560853072,,0.0002278787139075509,75.20201031175891,0.0,0.0,0.0,0.00011424241961922193,0.0,32.640086956521706,42.11505314009658,43.21100483091783,33.217816425120745,50.28005797101445,51.15001932367145,23.14719806763283
318.0,85.84996141273633,99.29767006857696,,,,88.49769293071881,,0.0,75.31783771736306,0.0,0.0,0.0,0.00025770789676814323,0.0,32.639082125603835,42.14793719806759,43.26443478260865,33.22737681159417,50.28087922705309,51.14507246376807,23.152821256038624
320.0,85.37011416236612,99.42733989129103,,,,87.8552657484167,,0.0,75.56258651048705,0.0,0.0,0.0,8.521478426947673e-05,0.0,32.6407487922705,42.18144444444441,43.318787439613494,33.23575845410625,50.28634782608691,51.14291787439608,23.16055072463766
322.0,84.91138156834958,99.54987088919458,,,,87.25180592980672,,0.0006491768888888888,75.14410803413332,0.0,0.0,0.0,0.0006806584888888889,0.0,32.640937198067604,42.21612560386469,43.37342028985504,33.24563285024151,50.29531400966178,51.14504347826082,23.16978260869563
324.0,84.47631910893102,99.66713376450174,,,,86.68143948497121,,0.0,74.97542564173034,0.0,0.0,0.0,0.0001,0.0,32.64087922705311,42.25721256038643,43.42896135265697,33.2583526570048,50.30837198067628,51.15242995169077,23.18183574879225
326.0,84.06155088277143,99.77823908191489,,,,86.14236004265948,,0.0,75.07625681125784,0.0,0.0,0.0,0.00018664659277108434,0.0,32.64353623188403,42.30736231884054,43.48670531400962,33.273347826086926,50.32728985507242,51.16437681159415,23.193299516908194
328.0,83.66626089708537,99.87805673425149,,,,85.63150250071988,,8.508683343888868e-05,75.40081687168461,0.0,0.0,0.0,0.0001,0.0,32.64816908212558,42.36360869565213,43.54621739130431,33.294173913043444,50.35083574879222,51.17728019323666,23.202019323671475
330.0,83.28917197225778,99.98076178895705,,,,85.1456683901309,,0.0,74.7962044958686,0.0,0.0,0.0,1.3432839622780886e-05,0.0,32.6551642512077,42.4312367149758,43.60533333333329,33.32128985507243,50.37720772946855,51.189410628019274,23.205777777777755
332.0,82.92811924659813,100.07789944147714,,,,84.68435895366832,,0.0,75.24230219319519,0.0,0.0,0.0,0.0006465863710843373,0.0,32.66785990338161,42.51478260869561,43.66376328502411,33.353280193236685,50.40338164251204,51.200864734299465,23.20460869565215
334.0,82.58243810363358,100.17360433768606,,,,84.24762585013913,,1.5369060650778448e-05,74.76433984354232,0.0,0.0,0.0,3.0738121301556896e-05,0.0,32.68532367149755,42.60903381642508,43.721869565217354,33.38925120772944,50.42807729468595,51.21051690821251,23.204415458937177
336.0,82.25006632892766,100.2704103155563,,,,83.83148905332311,,0.0,75.91279680765923,0.0,0.0,0.0,0.00018608349723527598,0.0,32.70657487922702,42.71290338164248,43.780062801932324,33.42943478260866,50.45479227053136,51.21901932367145,23.20435265700481
338.0,81.93137267176786,100.35756813931769,,,,83.4358583447571,,0.00011366335539495989,75.72436655189755,0.0,0.0,0.0,8.633664460504012e-05,0.0,32.732980676328474,42.83004830917871,43.84002415458933,33.473396135265666,50.4834057971014,51.22514975845405,23.1974299516908
340.0,81.62573018243135,100.43491016102816,,,,83.05866224483995,,0.0004501542459218621,75.2744765719414,0.0,0.0,0.0,0.00014356331412147054,0.0,32.762811594202866,42.95564734299513,43.896830917874354,33.52065217391301,50.510797101449235,51.22881159420285,23.18738647342993
342.0,81.33153254386347,100.52290567952798,,,,82.69738266354749,,0.0,75.30270002414805,0.0,0.0,0.0,0.00028666665647761384,0.0,32.797289855072435,43.0854830917874,43.94856038647339,33.57128985507243,50.53684541062797,51.22981159420284,23.180294685990315
344.0,81.0500684220248,100.6071737794898,,,,82.35133284181921,,0.0,75.4506903676928,0.0,0.0,0.0,2.5400012800000003e-05,0.0,32.83698550724635,43.22017874396131,44.00111594202895,33.62417391304344,50.56077777777774,51.22785990338159,23.178053140096598
346.0,80.77878383239894,100.69331042887542,,,,82.02065876712263,,0.0003423313069717866,75.8663334293377,0.0,0.0,0.0,0.0005423313069717866,0.0,32.878816425120746,43.357420289855035,44.054400966183536,33.67755072463765,50.582995169082075,51.225618357487875,23.18087922705312
348.0,80.51652635917394,100.77740656411787,,,,81.70284000203249,,0.0,75.52316288633985,0.0,0.0,0.0,0.00012647944001472833,0.0,32.923922705313984,43.49142028985503,44.10658937198064,33.73206280193234,50.60512077294681,51.22392270531396,23.18853140096616
350.0,80.26375354738155,100.86166577289013,,,,81.39781884044498,,0.0,75.4126712342921,0.0,0.0,0.0,0.00012585169389681044,0.0,32.97227053140094,43.621396135265655,44.15895169082121,33.7877487922705,50.62522222222218,51.222434782608644,23.197260869565195
352.0,80.01844424507114,100.94201441223261,,,,81.10496968749331,,0.000871635620258136,75.2739130349069,0.0,0.0,0.0,0.0002,0.0,33.01965217391301,43.74431400966179,44.20980676328498,33.84225120772944,50.64267149758449,51.220246376811545,23.20274879227051
354.0,79.78227458268366,101.02556746189525,,,,80.82405454378119,,0.0,75.30828472458812,0.0,0.0,0.0,0.00027264620797755925,0.0,33.064908212560354,43.85485507246373,44.256917874396095,33.89443478260866,50.656318840579665,51.21767149758449,23.206057971014467
356.0,79.55241689184521,101.11241665201659,,,,80.55382593275748,,1.2774452729670613e-05,75.74870219725696,0.0,0.0,0.0,1.2774452729670613e-05,0.0,33.106879227053106,43.95201932367146,44.29987439613522,33.94133816425117,50.66445893719802,51.21502415458932,23.20998067632848
358.0,79.32982059081105,101.19267428768919,,,,80.293805572893,,0.0001711951119954166,75.3097369540029,0.0,0.0,0.0,0.00011440244400229171,0.0,33.14440579710142,44.03550724637677,44.341917874396096,33.98482608695649,50.66843478260865,51.21322222222217,23.217260869565198
360.0,79.1133435312159,101.27894147066802,,,,80.04241198807493,,0.0001129353114705074,75.07089493812823,0.0,0.0,0.0,8.706468852949261e-05,0.0,33.176932367149725,44.10759420289851,44.38333816425116,34.02681159420287,50.670241545893674,51.2144057971014,23.230038647342973
362.0,78.90268582685759,101.361194870874,,,,79.79995620980475,,0.0,75.35182090600038,0.0,0.0,0.0,0.0001,0.0,33.20450724637678,44.16530434782605,44.42086956521735,34.06508212560384,50.670144927536185,51.218937198067586,23.248072463768093
364.0,78.69757814064937,101.44943606547876,,,,79.56460525345554,,8.548222606178932e-05,75.70886858949969,0.0,0.0,0.0,8.548222606178932e-05,0.0,33.225352657004805,44.20215458937194,44.45429468599029,34.0975217391304,50.66607729468595,51.22540096618353,23.264468599033798
366.0,78.49863709060317,101.53987011503712,,,,79.33697802135465,,3.0185015450982483e-05,75.91309901822635,0.0,0.0,0.0,1.5092507725491242e-05,0.0,33.24251690821252,44.22075845410624,44.48642995169078,34.123285024154555,50.6596714975845,51.23542995169077,23.281937198067613
368.0,78.3042126404484,101.62581215310699,,,,79.11627138884697,,0.0001,76.13135334881049,0.0,0.0,0.0,0.0001,0.0,33.25665217391301,44.22558937198063,44.52014009661831,34.14340096618354,50.65386473429947,51.24948309178739,23.302536231884034
370.0,78.1137115408818,101.70956599361045,,,,78.902288239429,,0.0001728215634854772,75.75738464690457,0.0,0.0,0.0,0.0001,0.0,33.26358454106277,44.21820289855068,44.55535265700479,34.160821256038616,50.648690821256,51.26624154589367,23.32106763285022
372.0,77.9297669427566,101.79740165190567,,,,78.69457314457951,,0.0,75.60112477850903,0.0,0.0,0.0,0.0001262686583892479,0.0,33.26696618357485,44.209396135265656,44.59209178743957,34.17442028985504,50.643676328502366,51.283782608695596,23.33593719806761
374.0,77.75149637302816,101.88383316069552,,,,78.49269356286432,,0.0,75.97047809301196,0.0,0.0,0.0,0.0001133599321485188,0.0,33.27105314009659,44.20299999999996,44.6292560386473,34.18504347826084,50.639014492753574,51.29953140096613,23.344280193236692
376.0,77.57795456603692,101.97537085410575,,,,78.29553664812447,,8.480750450330936e-05,75.66919124080358,0.0,0.0,0.0,3.0384990993381298e-05,0.0,33.27654589371978,44.19775362318836,44.66641062801928,34.193681159420265,50.6312946859903,51.31203864734294,23.344961352656984
378.0,77.40958000462578,102.07937326650521,,,,78.1021381117654,,0.0001,75.7424878270707,0.0,0.0,0.0,0.0003,0.0,33.282415458937166,44.196338164251166,44.70256521739127,34.197198067632826,50.618884057970966,51.32280676328498,23.344053140096594
380.0,77.24529115627051,102.18565221424743,,,,77.91580643223821,,2.7490021352037322e-05,75.52552867817784,0.0,0.0,0.0,0.0,0.0,33.28950724637678,44.19623188405793,44.73677777777774,34.19855555555553,50.60675362318836,51.33211594202894,23.348328502415434
382.0,77.08571081082809,102.2962487474377,,,,77.73467830535579,,0.0,75.49468232665349,0.0,0.0,0.0,3.2132410071592754e-05,0.0,33.29688888888886,44.19623188405793,44.76875845410624,34.198937198067604,50.59442995169078,51.337850241545844,23.35692753623186
384.0,76.93057143098369,102.40835526664853,,,,77.55900077351815,,0.0,75.92643384061998,0.0,0.0,0.0,1.3359932148518786e-05,0.0,33.306676328502384,44.20362801932363,44.79886956521735,34.1977487922705,50.58266183574875,51.34154589371976,23.363753623188384
386.0,76.78000711637013,102.51897343024727,,,,77.3884356919973,,0.0,75.86290128218972,0.0,0.0,0.0,0.0003,0.0,33.31981159420286,44.22337681159416,44.828743961352615,34.19684057971011,50.57159420289851,51.34356521739125,23.365806763285004
388.0,76.63309999432167,102.63195948807677,,,,77.22221101398084,,0.0,76.1260283328,0.0,0.0,0.0,0.0001,0.0,33.33545893719804,44.2496714975845,44.85645893719803,34.19811111111108,50.56014975845406,51.34431884057966,23.369787439613507
390.0,76.48973796010299,102.74920945772556,,,,77.05996413349705,,0.0003156628048192771,76.02001163882409,0.0,0.0,0.0,0.00018684738313253012,0.0,33.35705314009659,44.28586473429947,44.88318840579706,34.20050724637678,50.55207729468594,51.34426570048304,23.378285024154568
392.0,76.35031374240113,102.86707750135123,,,,76.90244416734056,,0.0,75.94981175718542,0.0,0.0,0.0,0.00021374876906041424,0.0,33.38325120772944,44.331183574879184,44.91080676328498,34.20119806763282,50.54690338164246,51.34391304347821,23.388048309178725
394.0,76.21350511122698,102.98524626609546,,,,76.7490202077579,,0.0,75.85741932956185,0.0,0.0,0.0,0.0001,0.0,33.412154589371944,44.36974396135262,44.936458937198026,34.2009565217391,50.54415458937192,51.346260869565164,23.394193236714955
396.0,76.07997748848175,103.0922998600255,,,,76.59873080708044,,0.0006926440979538325,75.72474167251954,0.0,0.0,0.0,8.658051224422906e-05,0.0,33.441864734299486,44.39745410628015,44.95856038647339,34.20415942028983,50.54697584541057,51.350198067632796,23.39498067632848
398.0,75.94909699506212,103.1977088770694,,,,76.45204135526025,,0.0,75.72460403936141,0.0,0.0,0.0,5.3707459243933097e-05,0.0,33.47043478260866,44.42366183574875,44.97857487922701,34.20853140096615,50.55125603864729,51.351106280193186,23.385719806763262
400.0,75.82094117309136,103.30163525801109,,,,76.30814330689162,,0.0001,75.63215357718373,0.0,0.0,0.0,0.0002598401291815137,0.0,33.497043478260835,44.454946859903345,44.99618840579706,34.212971014492716,50.55405797101444,51.34928985507241,23.364149758454083
402.0,75.69563246376123,103.40205695882095,,,,76.1676042419256,,0.00018609406770965305,76.33798731496276,0.0,0.0,0.0,8.609406770965304e-05,0.0,33.521376811594166,44.48982125603861,45.00991304347822,34.21993236714973,50.55782608695647,51.34453140096614,23.33709178743959
404.0,75.57188122017087,103.49706467904058,,,,76.03003083468028,,0.0001273537920224407,76.22735206822134,0.0,0.0,0.0,0.00018632310398877965,0.0,33.54485024154586,44.52598550724633,45.02130917874392,34.229995169082095,50.561338164251154,51.334265700483044,23.304797101449253
406.0,75.4507802053895,103.59643664680178,,,,75.89538723384285,,0.0,75.96987373861003,0.0,0.0,0.0,8.652130737102445e-05,0.0,33.567004830917845,44.565724637681114,45.03198550724633,34.244913043478235,50.565149758454055,51.322024154589315,23.26821739130433
408.0,75.33100373434942,103.68955325937482,,,,75.76252268717523,,0.00311431493376297,75.97156777413683,0.0,0.0,0.0,0.0001,0.0,33.587333333333305,44.61170048309175,45.04059903381638,34.262169082125574,50.5709903381642,51.30716425120767,23.230797101449255
410.0,75.21386582393548,103.77667125104148,,,,75.63259222947185,,0.00041169506219479473,76.17500814323412,0.0,0.0,0.0,0.0002,0.0,33.60832850241543,44.66277777777774,45.04707729468595,34.28037198067629,50.57876328502411,51.287869565217335,23.18815458937196
412.0,75.09922563600861,103.86489788592293,,,,75.50501698743503,,1.3160517604912137e-05,76.49189282804433,0.0,0.0,0.0,0.00028683948239508785,0.0,33.62826086956519,44.71828019323668,45.051396135265655,34.30103381642509,50.58654589371976,51.26410144927531,23.1382415458937
414.0,74.98581500946109,103.94029324637238,,,,75.37947265121706,,0.0,76.1508146802655,0.0,0.0,0.0,0.00011528723721676419,0.0,33.64600483091784,44.78226086956518,45.0554057971014,34.32434782608692,50.593589371980634,51.23755072463763,23.088516908212537
416.0,74.87378127840616,104.01437505234426,,,,75.2564560654761,,3.8622740263184394e-05,76.01915209324738,0.0,0.0,0.0,0.0003613772597368156,0.0,33.66343478260866,44.85756521739127,45.06165700483088,34.35285507246373,50.60092270531396,51.20981159420285,23.042072463768097
418.0,74.76289874881405,104.09830791043417,,,,75.13468001097588,,8.618289798070483e-05,76.33026887674035,0.0,0.0,0.0,0.0001,0.0,33.68059903381639,44.94597584541059,45.067971014492706,34.38544444444442,50.60835265700479,51.1811594202898,22.996425120772926
420.0,74.65446865832456,104.18681268697655,,,,75.01454142010311,,0.0,76.32300725964014,0.0,0.0,0.0,3.188404363229101e-05,0.0,33.69937198067629,45.04651690821252,45.07283574879223,34.41795652173909,50.615685990338115,51.155995169082075,22.955565217391282
422.0,74.54828718231751,104.2731124949201,,,,74.8959258743506,,0.0002659702362408907,76.0998173937619,0.0,0.0,0.0,0.0002585074409397773,0.0,33.72167632850238,45.1494057971014,45.07778743961349,34.45100966183571,50.621507246376765,51.136241545893675,22.923338164251188
424.0,74.44352795206593,104.36390216918768,,,,74.77903417657674,,0.0,76.51657186702714,0.0,0.0,0.0,0.0001,0.0,33.744657004830884,45.24862318840575,45.081966183574835,34.48395169082122,50.62313043478257,51.12077294685985,22.899270531400948
426.0,74.34048638566432,104.45935714737436,,,,74.66333479116422,,0.0,76.32647232540624,0.0,0.0,0.0,1.644099545884663e-05,0.0,33.76668115942026,45.34242028985503,45.08328985507242,34.517304347826055,50.6238212560386,51.11024154589367,22.886444444444425
428.0,74.23895656567818,104.56111711890614,,,,74.55063046415717,,0.00011097808083313936,76.4105268211319,0.0,0.0,0.0,0.0002,0.0,33.78911594202895,45.42970048309174,45.083850241545846,34.55219323671494,50.62557487922701,51.104647342995115,22.887289855072442
430.0,74.13972231128423,104.66634766222356,,,,74.4394728819456,,0.0,75.8310960466944,0.0,0.0,0.0,0.0001864999936,0.0,33.812106280193206,45.511893719806714,45.083864734299475,34.587347826086926,50.627338164251164,51.103338164251156,22.900599033816405
432.0,74.04146221087089,104.7669901874721,,,,74.33069482813598,,0.0,76.30129001856251,0.0,0.0,0.0,0.0003162745182683562,0.0,33.83701932367147,45.58878260869561,45.085328502415415,34.62271980676325,50.63228019323667,51.107439613526516,22.921512077294665
434.0,73.94546373327502,104.87522121438872,,,,74.22329091106525,,5.174124588202959e-05,76.2796716439353,0.0,0.0,0.0,0.0002258706229410148,0.0,33.86344444444441,45.65851690821252,45.0902367149758,34.65826086956518,50.6387439613526,51.116855072463714,22.94932850241544
436.0,73.85157294535038,104.98416985590336,,,,74.1174324862087,,0.0,76.33341595403637,0.0,0.0,0.0,0.00027252963162055336,0.0,33.891019323671465,45.71513526570044,45.09698067632846,34.69331884057968,50.646294685990284,51.13148792270526,22.98872946859901
438.0,73.75858584579785,105.09253669174748,,,,74.01306001535487,,0.0,76.30887174493597,0.0,0.0,0.0,0.00014239132332015807,0.0,33.92065217391301,45.756946859903344,45.10517391304344,34.72663768115938,50.65632367149753,51.15124154589367,23.036521739130414
440.0,73.66773804108296,105.21112598946908,,,,73.91083582194807,,1.3114754098360662e-05,76.38199836065574,0.0,0.0,0.0,0.0004,0.0,33.94969565217389,45.77983091787435,45.114429951690774,34.75573913043475,50.66599999999995,51.17601932367146,23.0864299516908
442.0,73.5779967905795,105.31238169649579,,,,73.80975448687191,,0.0,76.6365756200868,0.0,0.0,0.0,0.0002,0.0,33.97555072463766,45.78206280193233,45.123140096618314,34.7817487922705,50.67609661835744,51.20572463768111,23.136874396135244
444.0,73.4894828460043,105.39571837125541,,,,73.71009493776728,,0.0,76.69128696366265,0.0,0.0,0.0,0.00018684738313253012,0.0,33.99866666666663,45.77347826086952,45.13269565217387,34.80761835748789,50.68916425120768,51.23660869565212,23.186130434782587
446.0,73.40217606935163,105.48815048230215,,,,73.61197475714793,,0.0009533332773196618,76.27265469120626,0.0,0.0,0.0,2.9333344536067636e-05,0.0,34.01831884057968,45.75872946859899,45.14571014492749,34.82907729468596,50.70105314009657,51.2654444444444,23.23115458937196
448.0,73.3171064350047,105.57313387147835,,,,73.5151539492704,,1.3858430222393286e-05,76.05868865519355,0.0,0.0,0.0,0.0001138584302223933,0.0,34.03321256038644,45.73614009661832,45.15879710144924,34.84545893719804,50.71173913043473,51.291908212560344,23.27307729468597
450.0,73.23340977320773,105.66363125532003,,,,73.4200681903375,,0.0,76.70624122904364,0.0,0.0,0.0,0.0002571853292961953,0.0,34.04387922705311,45.703019323671455,45.170396135265655,34.85965217391301,50.72532367149753,51.314357487922656,23.311855072463747
452.0,73.15069096237573,105.74649529904696,,,,73.32610609721947,,0.0001855670122138376,76.71250516251644,0.0,0.0,0.0,0.0002567010366415127,0.0,34.052676328502386,45.66277294685987,45.182550724637636,34.87327536231881,50.7422560386473,51.334101449275316,23.342096618357466
454.0,73.06916288912558,105.8242157456535,,,,73.23352147719766,,0.0,76.54563700681574,0.0,0.0,0.0,0.0001,0.0,34.0601835748792,45.62428502415455,45.19547826086952,34.88729468599031,50.76303381642508,51.35122705314004,23.363333333333312
456.0,72.98924397476588,105.90366915230005,,,,73.1415335947297,,0.0,76.6307488810496,0.0,0.0,0.0,0.0004,0.0,34.065202898550694,45.5917101449275,45.20879227053136,34.90202415458934,50.784584541062756,51.36037681159415,23.374574879227033
458.0,72.91088513803884,105.98594429910636,,,,73.05125897522034,,8.639175437304685e-05,76.56180494180224,0.0,0.0,0.0,1.360824562695315e-05,0.0,34.06714009661833,45.56509178743958,45.22332850241541,34.91955555555552,50.805661835748744,51.362797101449225,23.368212560386453
460.0,72.83332818899731,106.06763000499664,,,,72.96161687521736,,0.00017162835149586066,76.65703057498713,0.0,0.0,0.0,0.0003141858242520697,0.0,34.0653526570048,45.546966183574845,45.23814492753619,34.94075845410625,50.82741545893715,51.361512077294634,23.348671497584522
462.0,72.75491773738467,106.14315889460565,,,,72.87251776746486,,1.2935311470507398e-05,76.97023636359236,0.0,0.0,0.0,0.00012587062294101478,0.0,34.0633719806763,45.541743961352616,45.25112560386469,34.966502415458905,50.84794685990333,51.358371980676274,23.32336231884056
464.0,72.6782828471991,106.22755926546189,,,,72.78596437305717,,0.0,76.55827017475703,0.0,0.0,0.0,0.0001,0.0,34.064729468599,45.547835748792224,45.261980676328456,34.99887922705311,50.86835748792265,51.35410144927531,23.293695652173895
466.0,72.60343223234297,106.32564420260624,,,,72.70017660948896,,8.127490039840635e-05,76.55075856573706,0.0,0.0,0.0,0.0001,0.0,34.066956521739094,45.563618357487876,45.270420289855025,35.03699516908209,50.88914492753619,51.34952173913038,23.26357487922703
468.0,72.53012171993186,106.42408441627872,,,,72.61621701343608,,1.5421925715806745e-05,76.55662639560961,0.0,0.0,0.0,0.0,0.0,34.070632850241516,45.58673429951686,45.276154589371934,35.07879710144925,50.90780676328498,51.34615458937193,23.23639613526568
470.0,72.45833701863421,106.51413023731423,,,,72.53401619795227,,0.0,76.59837386845932,0.0,0.0,0.0,0.0003489543543726236,0.0,34.076338164251176,45.61525120772942,45.27889371980672,35.122884057970985,50.9224444444444,51.34257004830913,23.212048309178723
472.0,72.3878325190838,106.61787758408404,,,,72.45284209817778,,2.7888446215139455e-05,76.7173920318725,0.0,0.0,0.0,0.0003442231075697211,0.0,34.08160386473426,45.65069565217387,45.27712560386469,35.16728502415456,50.933541062801886,51.339178743961305,23.19480193236713
474.0,72.3186562927218,106.71928158093925,,,,72.37275354628028,,0.0,76.91941213627302,0.0,0.0,0.0,0.0001,0.0,34.08873913043475,45.69083091787435,45.271719806763244,35.21063285024151,50.94518357487918,51.33761352657,23.183690821256018
476.0,72.25117084836063,106.8279942821269,,,,72.29407585685223,,0.0,77.27037871532647,0.0,0.0,0.0,0.0003837967433259585,0.0,34.10000483091784,45.73510144927531,45.26714975845406,35.25151207729465,50.95785507246372,51.33955555555551,23.17248309178742
478.0,72.18506617527531,106.94456643405552,,,,72.21643124160364,,7.947426035020487e-05,77.02026783506041,0.0,0.0,0.0,1.3245710058367489e-05,0.0,34.11583574879224,45.784028985507206,45.264285024154546,35.29145893719803,50.972705314009616,51.34313043478256,23.165314009661813
480.0,72.11973095666913,107.06816702138654,,,,72.14013327712706,,8.60257735437557e-05,77.0470864667583,0.0,0.0,0.0,0.0001860257735437557,0.0,34.136666666666635,45.83743478260866,45.26343961352652,35.33196135265697,50.989154589371935,51.34651207729464,23.159125603864712
482.0,72.0563705416363,107.19175783607531,,,,72.0641807848938,,1.2990930948055972e-05,77.10527402556288,0.0,0.0,0.0,8.700906905194403e-05,0.0,34.1611062801932,45.896314009661786,45.26497584541058,35.37145893719803,51.00367149758449,51.34970048309174,23.152734299516887
484.0,71.99386683842701,107.29856154111343,,,,71.98932984232195,,1.4759042570281129e-05,76.77223040794216,0.0,0.0,0.0,0.0001,0.0,34.1889371980676,45.95928019323667,45.267478260869524,35.41016908212557,51.01699516908208,51.35391787439608,23.14681642512075
486.0,71.9314386323123,107.41472583899527,,,,71.91567475812703,,1.2990930948055972e-05,76.75874591892662,0.0,0.0,0.0,0.00021299093094805598,0.0,34.22111594202895,46.02443961352653,45.27075362318836,35.44765700483088,51.02808695652169,51.358608695652116,23.13965217391302
488.0,71.8701792362932,107.52823647824482,,,,71.84239697216543,,0.0,76.8572870221183,0.0,0.0,0.0,0.00021281534367287387,0.0,34.254946859903356,46.090043478260824,45.27583091787435,35.48283574879223,51.03595652173908,51.3608212560386,23.132521739130414
490.0,71.80989698826585,107.62767045193563,,,,71.76992245087652,,9.444440493827163e-05,77.14353987423868,0.0,0.0,0.0,0.0002157407341563786,0.0,34.28890821256036,46.14966183574875,45.281961352656964,35.51884057971011,51.041487922705265,51.36120772946855,23.126657004830896
492.0,71.75004819815042,107.71336172666616,,,,71.6982998189534,,0.0,77.2880673246054,0.0,0.0,0.0,0.0003131262572343077,0.0,34.32325603864731,46.195120772946815,45.287826086956485,35.55402898550721,51.04626570048304,51.3615942028985,23.120193236714957
494.0,71.6909539441504,107.79916026003787,,,,71.62740559213017,,8.662673544089608e-05,77.23792302520424,0.0,0.0,0.0,0.00011337326455910393,0.0,34.35519806763281,46.22423188405792,45.29271014492749,35.58380676328499,51.0489710144927,51.359536231884015,23.114169082125585
496.0,71.63205076312158,107.88165664601172,,,,71.55684239245879,,0.0,76.95787685135227,0.0,0.0,0.0,0.0003,0.0,34.38494202898548,46.24136231884054,45.29646859903377,35.60905797101446,51.047763285024104,51.356144927536185,23.109478260869547
498.0,71.57347798935471,107.97133986772786,,,,71.48674193888067,,0.0,77.03687746602895,0.0,0.0,0.0,0.0002602193636549957,0.0,34.413299516908175,46.2508792270531,45.30013043478257,35.631922705313976,51.04383574879222,51.35365700483087,23.100772946859884
500.0,71.51505464757676,108.0559856898984,,,,71.41698454084579,,0.0,76.95796150793652,0.0,0.0,0.0,8.531746031746032e-05,0.0,34.439908212560354,46.255468599033776,45.30655072463764,35.654637681159386,51.0389516908212,51.35243478260865,23.089685990338143
502.0,71.45711510630731,108.14353201736904,,,,71.34741972726427,,6.70671268345384e-05,77.66629341390713,0.0,0.0,0.0,0.0002731731492661846,0.0,34.46567632850238,46.25561352657001,45.3156328502415,35.67775845410624,51.03179227053135,51.35218840579705,23.078782608695633
504.0,71.39947068454373,108.22828608471048,,,,71.2777963920661,,0.0,77.29182188471651,0.0,0.0,0.0,8.594872543516059e-05,0.0,34.48795652173909,46.25081642512073,45.32432850241542,35.6989371980676,51.02216425120768,51.35075362318835,23.068608695652152
506.0,71.34123398298802,108.30132050021312,,,,71.2086489057623,,8.619661815632219e-05,77.11711293122778,0.0,0.0,0.0,0.00018619661815632218,0.0,34.507198067632814,46.238946859903336,45.332637681159376,35.71892270531397,51.01465217391299,51.35134782608691,23.059565217391285
508.0,71.28290683531148,108.37749910210286,,,,71.13991684255537,,0.0,77.741728797164,0.0,0.0,0.0,0.0001,0.0,34.52455072463765,46.22224154589368,45.338734299516865,35.74095652173909,51.01084057971009,51.355966183574836,23.057434782608677
510.0,71.22449404385594,108.46179013289992,,,,71.07217406978232,,0.0010345262572427779,77.23166724690631,0.0,0.0,0.0,0.00017242104287379633,0.0,34.53886473429948,46.202478260869526,45.34196618357484,35.764772946859864,51.008758454106236,51.36299999999995,23.06565217391302
512.0,71.16832758367241,108.54766279218792,,,,71.00601449195756,,0.0,77.0517312187033,0.0,0.0,0.0,0.0002,0.0,34.549086956521705,46.17857971014489,45.34345893719803,35.789028985507215,51.008309178743914,51.37206280193232,23.082971014492735
514.0,71.11285318282566,108.64049075729052,,,,70.94007923313781,,8.677354539780943e-05,77.16719799750516,0.0,0.0,0.0,0.00011322645460219058,0.0,34.55483091787436,46.15448792270527,45.343115942028945,35.81247826086953,51.00822222222217,51.38276811594198,23.11195652173911
516.0,71.0573267535629,108.72956251507459,,,,70.87515983983738,,0.00034716201921400336,76.75421104556852,0.0,0.0,0.0,0.0001396284855894975,0.0,34.55698067632847,46.12951207729464,45.34084057971011,35.83149275362316,51.00540096618353,51.39350724637677,23.147492753623165
518.0,71.00290828628077,108.82662085876439,,,,70.81118162700358,,1.3877946456692913e-05,77.24341959309606,0.0,0.0,0.0,0.00021387794645669292,0.0,34.55407246376809,46.10377294685986,45.33653623188402,35.844840579710116,51.00030434782604,51.406275362318794,23.187608695652152
520.0,70.94947733106979,108.91802648148015,,,,70.74721961219724,,2.7888446215139455e-05,77.14669402390437,0.0,0.0,0.0,0.00012788844621513943,0.0,34.54651690821253,46.07698067632846,45.328884057970974,35.85184541062799,50.99694685990333,51.42306763285019,23.2328260869565
522.0,70.89625042397381,109.0002489338998,,,,70.68411202298758,,5.572758427922124e-05,76.74056508762122,0.0,0.0,0.0,1.393189606980531e-05,0.0,34.536599033816394,46.047816425120736,45.32016908212556,35.854212560386436,50.99934299516903,51.44227536231879,23.270966183574856
524.0,70.84347281125437,109.09153500093406,,,,70.62189554652441,,0.0001,77.25437235566794,0.0,0.0,0.0,2.683897551154188e-05,0.0,34.52670048309175,46.01875845410624,45.315724637681114,35.85669565217388,51.009173913043426,51.46351207729463,23.303024154589348
526.0,70.7910629199112,109.1862165530758,,,,70.56012300739745,,0.0,77.7406472,0.0,0.0,0.0,0.0001272,0.0,34.51569565217388,45.9912560386473,45.31432850241542,35.859318840579675,51.025231884057916,51.48456521739126,23.33715458937196
528.0,70.73972549100115,109.27928513189794,,,,70.49888714311098,,0.0005183800278542867,77.39854558668524,0.0,0.0,0.0,0.0001136033286909522,0.0,34.50377777777774,45.96390338164247,45.3130289855072,35.86102898550722,51.04402415458932,51.50439613526566,23.36397101449273
530.0,70.68893665396357,109.35776048968246,,,,70.43798740256118,,0.0,77.5564681067264,0.0,0.0,0.0,0.00011310000640000001,0.0,34.49123671497581,45.93783574879223,45.31192270531396,35.86086956521736,51.060932367149704,51.52374396135261,23.379434782608673
532.0,70.63844167428684,109.43138030402123,,,,70.3779381138833,,0.0,77.51122821585271,0.0,0.0,0.0,0.00011440244400229171,0.0,34.47723671497581,45.91185507246372,45.311106280193194,35.860980676328474,51.07314975845406,51.54212560386468,23.38596618357486
534.0,70.58841786350247,109.52238339292194,,,,70.3185924348315,,0.0027749278472472346,77.38299421701642,0.0,0.0,0.0,0.0003,0.0,34.46281642512074,45.87871497584537,45.310676328502375,35.86359903381639,51.080202898550674,51.55723188405792,23.38644444444442
536.0,70.53875591220265,109.59929969586634,,,,70.25980819262759,,1.2925846948405225e-05,77.2932627102349,0.0,0.0,0.0,0.00018707415305159477,0.0,34.44845893719803,45.83889855072459,45.31195169082121,35.86867632850238,51.08514009661831,51.567927536231835,23.384922705313986
538.0,70.49003538889741,109.67520354429514,,,,70.20143633154315,,0.0,77.11864989219332,0.0,0.0,0.0,0.00021434183598797153,0.0,34.43286956521736,45.79209178743957,45.31264734299512,35.874483091787404,51.08853140096614,51.57668115942024,23.381898550724614
540.0,70.44197435659484,109.74099853602979,,,,70.1435176365942,,0.0,77.4381692777508,0.0,0.0,0.0,0.0001504835898821088,0.0,34.41535748792268,45.73778743961349,45.30925603864729,35.875115942028955,51.08667632850237,51.582342995169036,23.372521739130413
542.0,70.39432290041182,109.80564499711328,,,,70.08630223820866,,4.161678031242727e-05,77.87465638468262,0.0,0.0,0.0,0.00012774452020828482,0.0,34.398231884057935,45.68197101449271,45.30547826086952,35.87067149758451,51.07942995169077,51.58376328502411,23.35802415458935
544.0,70.34677352061668,109.88272282203907,,,,70.02903899797865,,0.0,77.60049017196815,0.0,0.0,0.0,0.00017323944605095482,0.0,34.3819758454106,45.63178743961348,45.30501449275358,35.865420289855045,51.06655072463764,51.585840579710094,23.342685990338143
546.0,70.29978449805802,109.96438818723081,,,,69.97208456634306,,0.0,77.66125251776,0.0,0.0,0.0,4.932694153846154e-05,0.0,34.36585024154586,45.58899999999996,45.30496135265696,35.85941062801929,51.053178743961304,51.58807729468594,23.327231884057948
548.0,70.25334446504445,110.03550159572053,,,,69.91519419609418,,8.460784941176472e-05,77.15436117037176,0.0,0.0,0.0,0.0001846078494117647,0.0,34.35089371980673,45.54999033816421,45.3054637681159,35.85334299516905,51.04388405797096,51.59124637681155,23.316135265700463
550.0,70.20698087103602,110.09457658276314,,,,69.85853884003092,,0.0,77.35731872137902,0.0,0.0,0.0,0.00014247526115165006,0.0,34.33931884057968,45.51353623188401,45.30606280193232,35.847362318840545,51.03668115942024,51.59678743961348,23.311014492753603
552.0,70.16076744045598,110.14308101107848,,,,69.80264365991694,,8.66799094482819e-05,77.51147735484344,0.0,0.0,0.0,0.0003,0.0,34.329685990338135,45.48136714975841,45.30447342995164,35.83983574879224,51.03207729468594,51.602584541062754,23.31247342995167
554.0,70.11486559735583,110.20283408231032,,,,69.74771339320587,,0.0001379170710077781,77.50639444464434,0.0,0.0,0.0,0.0003,0.0,34.321729468599,45.45516425120769,45.30201449275358,35.832782608695624,51.03062801932362,51.609618357487875,23.321323671497563
556.0,70.06970014122278,110.26730136040622,,,,69.69267905775185,,8.698285290928094e-05,77.48016194104302,0.0,0.0,0.0,1.3017147090719061e-05,0.0,34.31391304347822,45.437830917874365,45.30000483091783,35.82827053140093,51.03111111111106,51.616521739130384,23.337410628019303
558.0,70.02482749021257,110.32732233716399,,,,69.63798754794345,,0.0,77.49204525877093,0.0,0.0,0.0,0.00018371628044602814,0.0,34.30642995169079,45.426270531400924,45.29798550724633,35.822985507246344,51.03170048309173,51.623198067632806,23.354772946859878
560.0,69.98013645975244,110.38018904905779,,,,69.58423151540083,,0.00018698699729880229,78.12920495807262,0.0,0.0,0.0,0.00018698699729880229,0.0,34.30242512077291,45.4161642512077,45.29432367149754,35.81483574879224,51.0317439613526,51.6302173913043,23.36819806763283
562.0,69.93594613485409,110.43947986691882,,,,69.53081513445218,,0.0,77.85699710592509,0.0,0.0,0.0,0.00018675299442231076,0.0,34.30199516908209,45.410971014492716,45.29043478260865,35.80411111111108,51.0323671497584,51.63519806763281,23.37612560386471
564.0,69.89237503945655,110.49636648698929,,,,69.47789055784703,,0.0,77.31694538749338,0.0,0.0,0.0,0.00011313942551747567,0.0,34.302188405797075,45.410449275362275,45.28595652173909,35.792879227053106,51.03469565217386,51.6376328502415,23.376342995169058
566.0,69.84954746568346,110.55249698531378,,,,69.42508464658349,,8.965159344262292e-05,77.47870214119344,0.0,0.0,0.0,0.0001,0.0,34.30300483091784,45.411260869565176,45.279352657004786,35.78260386473427,51.03868115942024,51.64011111111106,23.3720338164251
568.0,69.8069027282726,110.59948568196812,,,,69.37257957877333,,0.0,77.7272320402642,0.0,0.0,0.0,8.629190863376302e-05,0.0,34.30617391304345,45.41052657004826,45.27091304347822,35.770526570048276,51.045531400966134,51.642318840579655,23.35971497584539
570.0,69.76351396004843,110.6605253453151,,,,69.32094610545482,,0.0,77.86004865596195,0.0,0.0,0.0,0.0,0.0,34.31215458937195,45.40939613526566,45.263975845410584,35.759318840579674,51.05528019323666,51.64103864734295,23.336458937198046
572.0,69.7202747538339,110.70987982164095,,,,69.2696294344979,,0.0001,77.73680268307018,0.0,0.0,0.0,0.0,0.0,34.321357487922675,45.40882608695648,45.25892753623184,35.751652173913016,51.06613526570043,51.63370531400961,23.307719806763263
574.0,69.67815002706054,110.75999673901757,,,,69.21868656277904,,0.0,77.77261773191688,0.0,0.0,0.0,0.00034423266883740303,0.0,34.332318840579674,45.405961352656966,45.25259903381638,35.74354589371977,51.075603864734255,51.62013526570043,23.272236714975822
576.0,69.63691415232837,110.81674113469172,,,,69.16814932965501,,8.406219531582169e-05,77.76123838865777,0.0,0.0,0.0,0.0005203109765791082,0.0,34.344700483091756,45.40135748792266,45.244265700483055,35.735193236714935,51.0828405797101,51.601874396135216,23.229874396135244
578.0,69.595746890817,110.86840088552862,,,,69.11816547279554,,0.0003401639868852459,77.75768854651804,0.0,0.0,0.0,0.0001,0.0,34.35684541062799,45.40082125603861,45.23380676328498,35.72973913043475,51.0874251207729,51.5815942028985,23.185227053140075
580.0,69.55472562178686,110.932505943248,,,,69.06889441496952,,0.00029263991253292024,77.52329961233211,0.0,0.0,0.0,0.00017036309037955078,0.0,34.36999999999997,45.4040289855072,45.22292753623184,35.72728019323668,51.09061835748788,51.56131400966179,23.142222222222202
582.0,69.51377267271776,111.00588099252688,,,,69.01996620382752,,0.0,77.9175674988726,0.0,0.0,0.0,2.7162987246617344e-05,0.0,34.385314009661805,45.40578260869561,45.21155555555552,35.72791304347823,51.0954444444444,51.54000483091782,23.104787439613503
584.0,69.47293791343517,111.07663438504544,,,,68.97131611095959,,0.0,77.80862143474356,0.0,0.0,0.0,0.00014405381135528032,0.0,34.40266666666663,45.407473429951644,45.1984444444444,35.72990821256036,51.10313526570043,51.51719323671493,23.073246376811568
586.0,69.43330873473805,111.15805527420305,,,,68.92240136794844,,1.3799987200000003e-05,77.7268631979008,0.0,0.0,0.0,0.00011379998720000001,0.0,34.42128502415456,45.411652173913,45.18234782608691,35.73088405797098,51.11254106280188,51.494135265700436,23.045492753623165
588.0,69.39441594533665,111.24517613343349,,,,68.87406883499989,,1.3226454602190576e-05,78.14889018506648,0.0,0.0,0.0,0.0002867735453978094,0.0,34.441570048309146,45.41966183574875,45.16441545893716,35.732632850241515,51.122526570048265,51.47443478260864,23.021164251207708
590.0,69.35532683041265,111.33448537974078,,,,68.82635589570079,,0.0,77.62625356054257,0.0,0.0,0.0,0.0001,0.0,34.46452657004828,45.43473429951687,45.14762318840576,35.73755072463765,51.1337826086956,51.459869565217346,23.00345410628017
592.0,69.31593132466388,111.43508579708275,,,,68.77813141748096,,0.00011424332254048206,77.94046498381073,0.0,0.0,0.0,0.0001,0.0,34.488159420289826,45.45602415458933,45.13137681159416,35.74324154589369,51.145207729468545,51.449821256038604,22.996763285024134
594.0,69.27683795007205,111.53296960140952,,,,68.72998892864867,,0.0,77.92707853497635,0.0,0.0,0.0,0.000286359076356049,0.0,34.5129178743961,45.47983091787435,45.11330434782605,35.747309178743926,51.15874879227049,51.444893719806714,22.997666666666646
596.0,69.23815443998693,111.61891678312529,,,,68.68173465677808,,0.00025613495543427985,78.12405385550869,0.0,0.0,0.0,0.0001853783184780933,0.0,34.53929951690817,45.504391304347784,45.09647826086952,35.752753623188376,51.177019323671445,51.44691304347821,23.005739130434762
598.0,69.19966415696665,111.7127096011988,,,,68.63428677667535,,1.4045511277039843e-05,78.0042101657315,0.0,0.0,0.0,1.4045511277039843e-05,0.0,34.56545410628016,45.52681642512073,45.08097101449271,35.758304347826055,51.19607729468595,51.454705314009615,23.02350724637679
600.0,69.16167137869657,111.8043107706308,,,,68.58755365563366,,0.0,77.96347308430478,0.0,0.0,0.0,0.00018589743136600474,0.0,34.58957971014489,45.546695652173874,45.063855072463724,35.76264251207726,51.2126328502415,51.46649275362314,23.05101932367148
602.0,69.12382321048655,111.89793882565104,,,,68.54139659329792,,0.0,78.2828074074074,0.0,0.0,0.0,0.00011358024691358025,0.0,34.612318840579675,45.564888888888845,45.0470289855072,35.76862318840576,51.226999999999954,51.48167149758449,23.08706763285022
604.0,69.08621566550976,111.98636403780569,,,,68.4954139859786,,0.0,77.76661285662578,0.0,0.0,0.0,0.0001558415658888321,0.0,34.632536231884025,45.578700483091744,45.03116908212556,35.776053140096586,51.24066666666661,51.49958937198063,23.124917874396115
606.0,69.0488285405007,112.08115356657211,,,,68.45015213771812,,1.3891621938119613e-05,78.44721736885924,0.0,0.0,0.0,0.0001861083780618804,0.0,34.6497487922705,45.583657004830876,45.01512560386469,35.782913043478224,51.25451690821251,51.5225942028985,23.16008695652172
608.0,69.01124350990109,112.16700959131724,,,,68.40553251363148,,8.643891856709983e-05,78.32049750402683,0.0,0.0,0.0,0.0002,0.0,34.66534782608692,45.580111111111066,45.00014492753619,35.78957971014489,51.26643478260864,51.54820772946855,23.195169082125584
610.0,68.97427661046999,112.25271576590241,,,,68.36112177639315,,5.6338020914218655e-05,77.9361323889922,0.0,0.0,0.0,0.00017183098954289068,0.0,34.67716908212557,45.570845410627975,44.98747342995165,35.79642995169078,51.278574879227,51.57334782608691,23.22904347826085
612.0,68.9375329320038,112.33146182449892,,,,68.3171329769195,,0.0001724346169734718,78.17330183949159,0.0,0.0,0.0,0.0003137826915132641,0.0,34.68309661835745,45.554468599033775,44.97413526570044,35.80327053140093,51.28953623188401,51.59793236714971,23.260574879227033
614.0,68.90090554090256,112.41364543130825,,,,68.27370389790707,,8.656250666666667e-05,77.86210717722666,0.0,0.0,0.0,0.0005328125333333332,0.0,34.68466666666663,45.52903381642508,44.961376811594164,35.80751207729465,51.293743961352604,51.61943478260864,23.287405797101428
616.0,68.86449457566022,112.50129226547833,,,,68.23072258458866,,1.4114110420329534e-05,78.20764715461966,0.0,0.0,0.0,8.588588957967047e-05,0.0,34.683463768115914,45.496246376811555,44.95044444444441,35.80773913043475,51.29227536231878,51.63528019323667,23.304082125603845
618.0,68.82740884271188,112.57846916392984,,,,68.1878604500045,,0.0,77.71663653479523,0.0,0.0,0.0,0.00014213145498007967,0.0,34.67934299516905,45.45662318840576,44.94018840579706,35.8073140096618,51.28558937198063,51.64401932367145,23.31470531400964
620.0,68.79114496029929,112.65017070076672,,,,68.14537542309108,,0.0,77.78167447680333,0.0,0.0,0.0,0.0001846232134096015,0.0,34.67103381642509,45.41128502415455,44.92945893719802,35.80715458937195,51.27474879227048,51.64471014492749,23.322106280193218
622.0,68.7553425884494,112.73208380121213,,,,68.103627074562,,0.0,78.1567342232381,0.0,0.0,0.0,0.00011498016507936508,0.0,34.65914009661833,45.36497101449271,44.91950241545889,35.80757487922702,51.263864734299474,51.64057004830912,23.32367149758452
624.0,68.71955048753088,112.82296446081142,,,,68.06220906279896,,0.0,78.07068535314825,0.0,0.0,0.0,0.0003441584341111679,0.0,34.644314009661805,45.32124637681155,44.90973913043474,35.811333333333295,51.25287439613521,51.63542028985502,23.322217391304328
626.0,68.6838707550516,112.90471579877716,,,,68.02110919123012,,0.00017125256295721567,78.34921066834144,0.0,0.0,0.0,0.0001,0.0,34.62725603864731,45.28315458937193,44.89958937198064,35.81823671497581,51.241763285024106,51.62890821256033,23.32178260869563
628.0,68.64833266563662,113.00136989596615,,,,67.97966997379609,,0.0,78.10808974312013,0.0,0.0,0.0,1.3827644258455382e-05,0.0,34.609318840579675,45.249579710144886,44.89029951690817,35.82514009661833,51.23113526570044,51.62072946859899,23.322850241545876
630.0,68.6131225530752,113.09418672945807,,,,67.93809014991888,,0.0,78.15003747013759,0.0,0.0,0.0,0.0002724825725988574,0.0,34.59068115942026,45.21759420289851,44.87889371980672,35.833169082125565,51.2209903381642,51.6111980676328,23.32599999999998
632.0,68.57815845795307,113.19112510718949,,,,67.89686158057629,,8.562628147860783e-05,78.24497823392568,0.0,0.0,0.0,0.00018562628147860782,0.0,34.573966183574846,45.189048309178695,44.86661835748788,35.84167149758451,51.211932367149714,51.60185024154585,23.32885990338162
634.0,68.54388613421627,113.2869846235702,,,,67.85577014237768,,0.0,77.99902174164232,0.0,0.0,0.0,8.665998550274732e-05,0.0,34.56001932367147,45.16999999999996,44.85471980676324,35.84882125603862,51.20516908212555,51.59487439613522,23.33088405797099
636.0,68.50883587622299,113.37234264993876,,,,67.81482340516338,,1.3735184189723325e-05,78.16237319490277,0.0,0.0,0.0,0.00027252963162055336,0.0,34.54668599033813,45.160507246376774,44.8420483091787,35.85461835748789,51.20252657004826,51.59133333333328,23.335748792270508
638.0,68.47328613930442,113.45169604286102,,,,67.77418825252379,,8.655637044345722e-05,78.15402328157649,0.0,0.0,0.0,0.0002,0.0,34.53481159420286,45.15702415458933,44.82745410628015,35.85723671497581,51.20040096618353,51.58751207729463,23.34292270531399
640.0,68.43778837744506,113.53317499761826,,,,67.73291322791064,,0.0,78.14644544908998,0.0,0.0,0.0,0.0001281219415927279,0.0,34.52641545893716,45.158971014492714,44.81096135265696,35.85724637681156,51.19757004830913,51.58391787439609,23.351922705313985
642.0,68.40383055444387,113.60455059663796,,,,67.69134883862895,,0.00042828685258964146,78.3872250996016,0.0,0.0,0.0,0.00011434262948207172,0.0,34.521690821256,45.1650676328502,44.795594202898506,35.85582125603862,51.19819323671492,51.58283574879223,23.36109178743959
644.0,68.37082559587544,113.66844320455243,,,,67.65007358049543,,0.00017168492144782157,78.36388821920235,0.0,0.0,0.0,0.0002707876963804461,0.0,34.519004830917844,45.174541062801886,44.781376811594164,35.85234299516905,51.202777777777726,51.583502415458895,23.370599033816404
646.0,68.33837963204691,113.73677414193348,,,,67.60951461319883,,0.00011430019820529957,78.07888203614533,0.0,0.0,0.0,0.0002856998017947004,0.0,34.51912077294683,45.1859178743961,44.765333333333295,35.847415458937164,51.207574879227,51.58755072463763,23.38304347826085
648.0,68.30693520305738,113.7863588031652,,,,67.5690837542025,,8.632310398877964e-05,78.65540737823,0.0,0.0,0.0,0.00018632310398877965,0.0,34.522801932367116,45.19945410628016,44.74748792270527,35.84286473429948,51.2130096618357,51.594787439613484,23.39802415458935
650.0,68.27572426426036,113.83691586013651,,,,67.52872075093015,,0.0,78.38207368346787,0.0,0.0,0.0,8.315789370536383e-05,0.0,34.52841545893716,45.214739130434744,44.72964251207725,35.83934299516905,51.22188888888884,51.60501932367145,23.41575845410626
652.0,68.24483317357293,113.88835687103524,,,,67.48829224957133,,0.00012599999999999997,78.636188,0.0,0.0,0.0,0.00028599999999999996,0.0,34.5331062801932,45.229487922705275,44.71115458937194,35.835724637681125,51.232178743961306,51.61683091787435,23.4340338164251
654.0,68.21430416439819,113.92598178877107,,,,67.4482633318298,,0.0,78.48544133871304,0.0,0.0,0.0,1.4328056916996052e-05,0.0,34.536971014492714,45.24254106280189,44.69315942028982,35.8321062801932,51.24362318840575,51.63058454106275,23.452415458937175
656.0,68.18377852963552,113.94964586671398,,,,67.40881274983289,,1.6360110984556736e-05,78.16458417339999,0.0,0.0,0.0,0.0003,0.0,34.543057971014456,45.25446859903377,44.67796618357484,35.82858454106277,51.25893236714971,51.6459903381642,23.47102415458935
658.0,68.15395366160647,113.97730566596039,,,,67.36943082232035,,0.0,78.37079277108434,0.0,0.0,0.0,0.00011405622489959841,0.0,34.55076328502412,45.26579227053136,44.665454106280144,35.82465217391301,51.27960869565212,51.662106280193186,23.487502415458916
660.0,68.12461909957298,114.0011777673796,,,,67.3303062957497,,0.0,78.5464855359743,0.0,0.0,0.0,0.0002611445975903614,0.0,34.55887922705311,45.27398550724633,44.654898550724596,35.81919806763281,51.299328502415406,51.67794202898546,23.501840579710127
662.0,68.0950905294803,114.02735661335974,,,,67.29142043374215,,0.001338996237837838,78.34710569478918,0.0,0.0,0.0,0.0002,0.0,34.56680193236712,45.277077294685945,44.64617874396131,35.8129371980676,51.313545893719755,51.692458937198026,23.515806763285003
664.0,68.06582799571319,114.05501183866369,,,,67.25234541324525,,0.0,78.32298743131815,0.0,0.0,0.0,8.622755592527661e-05,0.0,34.57453140096615,45.2760483091787,44.63795169082121,35.80723671497581,51.32609661835744,51.706396135265656,23.534280193236693
666.0,68.03625423868677,114.08093773512215,,,,67.21372474560427,,2.8091022554079687e-05,78.53381566162828,0.0,0.0,0.0,0.0001719089774459203,0.0,34.58024154589369,45.271830917874354,44.62882608695648,35.80111594202895,51.33532367149754,51.719270531400916,23.558173913043458
668.0,68.00661185029833,114.12364584731014,,,,67.17569270467582,,0.0,78.46818603503804,0.0,0.0,0.0,0.000216166512521449,0.0,34.58328019323669,45.2690096618357,44.62341062801928,35.79546859903378,51.344396135265654,51.73304347826082,23.58151690821254
670.0,67.97678294805742,114.15571297296583,,,,67.1378765168228,,0.0,78.35985065187373,0.0,0.0,0.0,0.00018633165917062697,0.0,34.585995169082096,45.26926570048305,44.62393236714972,35.79123671497581,51.35592753623183,51.74794685990333,23.596231884057946
672.0,67.94697976006553,114.19083144302796,,,,67.10043933654268,,0.0,78.71180566843087,0.0,0.0,0.0,1.4001982411500125e-05,0.0,34.5889565217391,45.26899516908208,44.62484057971011,35.78758454106276,51.36597584541058,51.760690821255984,23.601072463768098
674.0,67.9171449376025,114.22512057781721,,,,67.06264626415609,,0.0,78.67422799259023,0.0,0.0,0.0,0.0001,0.0,34.58978260869562,45.26773913043474,44.625458937198026,35.78307246376808,51.37552173913039,51.76985990338159,23.596700483091766
676.0,67.88712784958567,114.26989754355283,,,,67.02470203125179,,8.547430197628458e-05,78.33252303787509,0.0,0.0,0.0,0.00012905139604743083,0.0,34.58674396135263,45.26696135265696,44.62511111111107,35.77743478260866,51.383198067632804,51.77708695652169,23.580777777777755
678.0,67.85653022900796,114.31322890602493,,,,66.98714305110614,,0.0,78.35628147990028,0.0,0.0,0.0,0.00018638638725852977,0.0,34.58298550724635,45.26461835748788,44.62312077294682,35.77340579710142,51.386463768115895,51.78283091787435,23.557584541062777
680.0,67.82547190579788,114.36037941117874,,,,66.95008298083106,,0.0001685328061776062,78.65871063578686,0.0,0.0,0.0,0.0002,0.0,34.57870048309176,45.257541062801884,44.6218599033816,35.76889371980673,51.38699999999996,51.78577294685986,23.528971014492733
682.0,67.79410856761892,114.40341336400972,,,,66.9134022694976,,0.0,78.56579303206165,0.0,0.0,0.0,0.0002,0.0,34.57113043478258,45.24803864734295,44.61770048309174,35.76302898550721,51.387710144927496,51.784594202898504,23.493169082125583
684.0,67.76172310673587,114.45142014530698,,,,66.87682229189235,,0.0,79.02862674088287,0.0,0.0,0.0,0.0004462151139442231,0.0,34.559342995169054,45.23542028985503,44.608840579710105,35.75554589371977,51.38610144927532,51.77853140096614,23.451999999999977
686.0,67.7301935727754,114.50979550327729,,,,66.84043204716171,,0.0,78.68841719182116,0.0,0.0,0.0,1.5748797480267592e-05,0.0,34.547231884057936,45.2202173913043,44.597082125603826,35.74556038647339,51.379681159420244,51.76977294685985,23.409632850241525
688.0,67.6994665580559,114.57364403633862,,,,66.8037708588704,,0.0001,78.466919716556,0.0,0.0,0.0,0.0001,0.0,34.53691304347823,45.20478743961348,44.58300483091784,35.73518840579707,51.37135265700479,51.761681159420235,23.366550724637662
690.0,67.66976624219537,114.63770220418856,,,,66.76707519128327,,0.0,78.46710132404311,0.0,0.0,0.0,0.0,0.0,34.524502415458905,45.185439613526526,44.56718840579706,35.72289371980673,51.36340096618353,51.75461835748788,23.321966183574858
692.0,67.6400347437789,114.70133640599798,,,,66.73091425241832,,0.0,78.5316839899377,0.0,0.0,0.0,0.00011649089064677182,0.0,34.510942028985475,45.1644830917874,44.548386473429915,35.710140096618325,51.35571497584536,51.74899516908207,23.27864734299515
694.0,67.61009454653946,114.76571094680317,,,,66.69467026796667,,4.079999999999999e-05,78.47351280000001,0.0,0.0,0.0,0.0002,0.0,34.49834782608692,45.144178743961305,44.52652657004826,35.698995169082096,51.35002415458932,51.744048309178694,23.240536231884036
696.0,67.58039806262141,114.82682426986597,,,,66.65793217497315,,8.64676608297814e-05,78.44429333414166,0.0,0.0,0.0,1.3532339170218614e-05,0.0,34.485183574879194,45.12435748792266,44.50331400966179,35.688526570048275,51.345676328502364,51.739014492753576,23.20735265700481
698.0,67.55028287438074,114.89860189254206,,,,66.6214304674566,,0.0001,78.38832358471925,0.0,0.0,0.0,8.383060734825904e-05,0.0,34.4710869565217,45.10607246376807,44.479231884057924,35.679024154589335,51.34328985507242,51.73552657004826,23.17942028985505
700.0,67.52028833934949,114.95633803299727,,,,66.58541004421244,,0.0001,78.73414839978304,0.0,0.0,0.0,0.0002583832196875727,0.0,34.457473429951655,45.08920289855068,44.45476328502411,35.670777777777744,51.34175362318836,51.73216908212556,23.157014492753603
702.0,67.49041058761104,115.01037815191228,,,,66.54945772249074,,0.0,78.57077107333757,0.0,0.0,0.0,0.0001,0.0,34.44636231884055,45.073676328502366,44.432217391304306,35.66407729468596,51.34003864734294,51.72990821256034,23.14275845410626
704.0,67.46080307707172,115.06910125257994,,,,66.51347166247517,,0.0,78.6812580568394,0.0,0.0,0.0,0.000133558359842618,0.0,34.43982125603861,45.05946859903377,44.41395169082122,35.66043478260866,51.33897584541058,51.73148792270526,23.139227053140075
706.0,67.43148256301257,115.12801918942999,,,,66.4776009961645,,0.0007756757670968441,78.57366871643522,0.0,0.0,0.0,0.00018618619634409378,0.0,34.43636231884055,45.04660386473426,44.39876811594199,35.658362318840545,51.33696618357483,51.73722222222217,23.146550724637663
708.0,67.40238625516832,115.18488225682464,,,,66.44206462201372,,0.0,79.09356216466924,0.0,0.0,0.0,0.0003,0.0,34.43271980676325,45.03088405797097,44.38491304347822,35.65514975845407,51.33355072463764,51.748043478260826,23.164811594202877
710.0,67.3732743277367,115.2500670693383,,,,66.40683616036806,,0.0,78.89515994201588,0.0,0.0,0.0,0.00018331734253853316,0.0,34.42862801932364,45.014714975845365,44.370632850241506,35.65226086956518,51.328173913043436,51.76188405797097,23.198884057970993
712.0,67.34454271280255,115.3069185699765,,,,66.37171019380382,,8.667335139698294e-05,78.8117729737841,0.0,0.0,0.0,0.00027334670279396587,0.0,34.4255990338164,45.00228019323667,44.35777777777774,35.64928502415455,51.32566183574874,51.77728019323666,23.24760869565215
714.0,67.3156211966577,115.3609911538745,,,,66.33701171849918,,0.0,79.07792324413755,0.0,0.0,0.0,0.0001864945390907145,0.0,34.42392270531398,44.99293719806759,44.34697584541059,35.645763285024124,51.32479227053135,51.79454589371976,23.29647342995167
716.0,67.28651744870942,115.42231982888065,,,,66.3024014332506,,0.0002518374930027088,78.5171944080595,0.0,0.0,0.0,0.0001,0.0,34.423888888888854,44.98848792270527,44.34068115942025,35.64301449275359,51.32739130434777,51.81516908212556,23.34161352657003
718.0,67.25803591909293,115.46197151641393,,,,66.26787558731027,,0.0,78.72972797397316,0.0,0.0,0.0,8.647294121389131e-05,0.0,34.424565217391276,44.98835265700478,44.3365217391304,35.64113526570045,51.33106280193232,51.83638164251203,23.380048309178722
720.0,67.22933592767342,115.4978897401333,,,,66.23349573638411,,0.0,78.94134292879241,0.0,0.0,0.0,0.0002720515470875114,0.0,34.426193236714944,44.98834782608691,44.32964734299513,35.64022222222219,51.33153623188401,51.854763285024106,23.41398550724636
722.0,67.2011993586346,115.53541370040197,,,,66.19897379929763,,0.0002711764580392157,78.69421738011607,0.0,0.0,0.0,8.558822901960785e-05,0.0,34.42775845410625,44.98728985507242,44.325381642512035,35.64159420289852,51.33166666666662,51.87227536231879,23.44796618357486
724.0,67.17302714489159,115.57499967654753,,,,66.16508523127227,,0.00030427428444046575,78.53982255525695,0.0,0.0,0.0,1.361828562936438e-05,0.0,34.429420289855045,44.986995169082086,44.32295169082121,35.64479227053137,51.33238647342991,51.88965700483087,23.47873913043476
726.0,67.14480417933116,115.61827302993616,,,,66.1312051643476,,0.0,78.5481688290229,0.0,0.0,0.0,8.596837034792213e-05,0.0,34.431942028985475,44.983231884057936,44.32036231884054,35.64818357487919,51.33457971014488,51.90464734299512,23.507405797101427
728.0,67.11688337946137,115.66878563574393,,,,66.09768703832867,,0.0,78.79050790963399,0.0,0.0,0.0,0.0002,0.0,34.43186473429948,44.974768115941984,44.31739613526566,35.65013526570045,51.33851207729464,51.91681159420286,23.530338164251184
730.0,67.0889446625282,115.7193394890358,,,,66.06439305036521,,2.8428452232811867e-05,78.41193555340072,0.0,0.0,0.0,4.2642678349217804e-05,0.0,34.428729468599,44.96397584541059,44.31318357487918,35.65141062801929,51.34567149758449,51.926937198067584,23.54457487922703
732.0,67.06093837190069,115.77532384906597,,,,66.03126468428151,,8.572844309873177e-05,78.74557056679774,0.0,0.0,0.0,0.00012854311380253644,0.0,34.42385507246374,44.94960869565213,44.3080289855072,35.65094685990335,51.353338164251156,51.935859903381605,23.553855072463744
734.0,67.03360435741301,115.82479471925824,,,,65.99823439416842,,0.00034904712555963084,78.84936689661299,0.0,0.0,0.0,0.00043630890694953847,0.0,34.4191642512077,44.932246376811555,44.301618357487875,35.64950724637678,51.361222222222175,51.94511594202895,23.563270531400942
736.0,67.00627431698314,115.87695746678176,,,,65.9653557284376,,0.0,78.947456,0.0,0.0,0.0,0.00011480000000000001,0.0,34.41235748792267,44.91002415458934,44.295463768115894,35.647285024154556,51.37268599033811,51.95211594202894,23.572120772946835
738.0,66.97951695693845,115.94494436164133,,,,65.93279542624278,,0.0,78.68661531119926,0.0,0.0,0.0,0.0002726530422457359,0.0,34.4010869565217,44.880966183574834,44.289299516908166,35.64329951690818,51.38571014492749,51.95798550724633,23.57513526570046
740.0,66.95259893090713,116.00628099144464,,,,65.90056489373892,,0.0,78.71460869565217,0.0,0.0,0.0,0.00027233201581027667,0.0,34.3895603864734,44.84893719806759,44.28168599033812,35.63779227053137,51.39892753623184,51.962739130434734,23.571492753623165
742.0,66.9253651446469,116.06383977653292,,,,65.86766358794834,,0.00015815911413312415,79.27738406502185,0.0,0.0,0.0,0.0001263598523555207,0.0,34.38071497584538,44.82183091787435,44.27545410628015,35.628560386473396,51.414623188405756,51.964710144927494,23.557502415458917
744.0,66.89792371384875,116.11408746320448,,,,65.83496846011603,,0.0,78.87666607207619,0.0,0.0,0.0,0.00018035718095238098,0.0,34.37383574879224,44.80014009661832,44.27110144927532,35.61817874396132,51.428429951690774,51.962980676328456,23.532570048309157
746.0,66.87061671723714,116.16414967527153,,,,65.80248663899218,,1.2662019531037637e-05,78.62833908624596,0.0,0.0,0.0,0.00047467596093792475,0.0,34.369381642512046,44.78238647342991,44.26622222222218,35.60734782608692,51.43893236714971,51.95493719806759,23.500371980676306
748.0,66.84316717134577,116.2030779873053,,,,65.77045046890812,,0.0006033984722785765,78.89852030554428,0.0,0.0,0.0,0.00015520087298367057,0.0,34.3665410628019,44.77112077294682,44.25788888888884,35.594275362318804,51.44212560386469,51.938618357487876,23.459792270531377
750.0,66.8158756955065,116.26942245652252,,,,65.73865958687111,,0.00015968236681264002,79.19231236274003,0.0,0.0,0.0,0.00018669313609894666,0.0,34.36500966183572,44.765652173913004,44.24682608695648,35.57945410628016,51.43981159420285,51.91566666666662,23.412748792270506
752.0,66.78904366934681,116.32383243876828,,,,65.70698347618513,,0.0,79.02089603643978,0.0,0.0,0.0,0.0001,0.0,34.36860869565214,44.76809661835745,44.23498067632846,35.56500966183572,51.4384251207729,51.89132850241541,23.36111111111109
754.0,66.76232248520526,116.3962290898268,,,,65.67530960291602,,0.00033868315390946503,79.42282973421564,0.0,0.0,0.0,0.00024598763456790124,0.0,34.375632850241516,44.77855072463764,44.219473429951655,35.552270531400936,51.43946376811589,51.866024154589326,23.30665217391302
756.0,66.73572466104149,116.46966129853497,,,,65.64392070283473,,8.737473829261874e-05,79.07571122121219,0.0,0.0,0.0,0.0002,0.0,34.384280193236684,44.79814009661832,44.200425120772906,35.54359420289851,51.44559903381638,51.83834782608691,23.255874396135244
758.0,66.70902632554086,116.54626366998043,,,,65.61220396411566,,8.687872596468879e-05,78.78217435192676,0.0,0.0,0.0,0.0002,0.0,34.39747826086953,44.83211594202894,44.17790821256035,35.54301932367146,51.45769082125599,51.80801932367145,23.21462801932365
760.0,66.6826339680989,116.61334685295941,,,,65.58068269029387,,0.0,78.57933942301116,0.0,0.0,0.0,0.00035091966704632984,0.0,34.41505797101446,44.87968115942025,44.15377294685986,35.55088405797098,51.47726570048304,51.77888405797096,23.18090338164249
762.0,66.65604284358392,116.69548469307017,,,,65.54939368920856,,7.88844621513944e-05,78.99106613545817,0.0,0.0,0.0,0.00011314741035856575,0.0,34.43680193236712,44.94070531400962,44.12986956521735,35.56687439613523,51.49989855072459,51.75351690821251,23.152657004830893
764.0,66.6293589320748,116.77438597008184,,,,65.51789358046732,,0.0,78.9684048,0.0,0.0,0.0,0.00028639999999999997,0.0,34.46366666666664,45.013946859903335,44.107492753623156,35.59307246376808,51.52548309178739,51.734492753623144,23.135671497584518
766.0,66.60281446921128,116.84788493100422,,,,65.48681031539314,,0.0,79.46452177489365,0.0,0.0,0.0,0.00013391136383366612,0.0,34.49600483091784,45.09221256038643,44.08498550724634,35.62917874396132,51.553405797101405,51.72078260869561,23.12728502415457
768.0,66.57607785684426,116.92748136162588,,,,65.45577152481604,,8.658051224422906e-05,79.22132933932669,0.0,0.0,0.0,0.0001,0.0,34.53421739130432,45.170135265700445,44.061342995169035,35.67194202898548,51.58197584541058,51.70953140096614,23.125439613526552
770.0,66.5498672572337,117.01617221016727,,,,65.42499152673446,,0.0,78.98537880561855,0.0,0.0,0.0,0.0001,0.0,34.57453140096615,45.24957004830913,44.03921256038643,35.71876328502412,51.61085507246372,51.70388405797097,23.129806763285004
772.0,66.52296870041063,117.10751458606428,,,,65.39423608695787,,0.0,78.96358257505504,0.0,0.0,0.0,8.622398042120492e-05,0.0,34.61317391304345,45.327545893719766,44.015193236714936,35.76704347826084,51.6374057971014,51.70271497584536,23.13748309178742
774.0,66.49657775648504,117.1989295581044,,,,65.36322320059736,,0.0001,79.23620004226318,0.0,0.0,0.0,0.0001,0.0,34.64932367149755,45.39686956521735,43.99005797101446,35.81657971014489,51.66026086956518,51.70362801932363,23.15264251207727
776.0,66.46996354860978,117.28935160321,,,,65.33276860363219,,8.657313518901673e-05,79.28449963318641,0.0,0.0,0.0,0.00011342686481098328,0.0,34.68328502415456,45.45817391304344,43.96753140096615,35.86839130434779,51.67927536231879,51.7101787439613,23.177536231884037
778.0,66.44310622958582,117.37316085893768,,,,65.30246106539587,,0.0007764529476813399,79.39461771204716,0.0,0.0,0.0,0.0002137274502576289,0.0,34.7153140096618,45.51026570048305,43.94828985507243,35.91932367149755,51.69613043478257,51.72404830917869,23.210763285024136
780.0,66.41645515593346,117.456651398742,,,,65.27233166930465,,0.0,79.40762425299063,0.0,0.0,0.0,0.00012715027413224615,0.0,34.74444444444441,45.54895169082121,43.92996135265697,35.96504830917872,51.706458937198015,51.742043478260825,23.25092270531399
782.0,66.38992017160042,117.53665270441142,,,,65.24215930713348,,0.0,79.14120156044342,0.0,0.0,0.0,0.00012868367197594303,0.0,34.76971014492751,45.57491304347821,43.91312560386469,36.00423671497581,51.71006763285019,51.76392270531396,23.296613526570027
784.0,66.36351861133531,117.6159543369854,,,,65.21178579146665,,1.4370658592390638e-05,79.36671594897861,0.0,0.0,0.0,0.00012874131718478127,0.0,34.790144927536204,45.58710144927532,43.90131400966179,36.03673429951688,51.7127632850241,51.79057004830913,23.342164251207706
786.0,66.33732782525534,117.68184658391952,,,,65.18156936034558,,0.0,79.50353456790124,0.0,0.0,0.0,0.0002,0.0,34.80783091787436,45.58521739130431,43.89318357487919,36.06360869565215,51.71070048309174,51.8228212560386,23.38115458937196
788.0,66.31065056417928,117.72764098322867,,,,65.1512931338347,,8.701299896986207e-05,79.45533770437804,0.0,0.0,0.0,0.00028701299896986203,0.0,34.823724637681124,45.57279227053136,43.889787439613485,36.08175362318837,51.7012560386473,51.85663768115937,23.412367149758435
790.0,66.28367086327707,117.78116335746195,,,,65.12112116741815,,0.0,79.29418202109306,0.0,0.0,0.0,0.00021326021211500143,0.0,34.83648309178741,45.5536328502415,43.89217874396131,36.08871497584538,51.687236714975796,51.88850241545889,23.436772946859882
792.0,66.25690867699655,117.8318856570037,,,,65.09160089133258,,0.0,79.42022199170124,0.0,0.0,0.0,1.3278008298755187e-05,0.0,34.84485990338161,45.525183574879186,43.89536231884054,36.08751690821253,51.66600483091783,51.91597584541058,23.45762801932365
794.0,66.23036442779936,117.89196785848479,,,,65.06206755148816,,0.0,79.1111488,0.0,0.0,0.0,0.0001128,0.0,34.84887922705311,45.48752657004827,43.896690821256,36.07700966183572,51.638526570048256,51.93829951690816,23.475140096618336
796.0,66.20369524574346,117.94291055434248,,,,65.03311437942926,,0.0,79.59918623667494,0.0,0.0,0.0,0.0002,0.0,34.84983574879224,45.445763285024114,43.897642512077255,36.0573140096618,51.60937198067627,51.95827053140092,23.488357487922684
798.0,66.17736110525823,118.00689121429738,,,,65.0041389965618,,0.00016074761584999186,79.29041028354598,0.0,0.0,0.0,0.0001,0.0,34.849120772946826,45.40036231884054,43.900251207729426,36.033473429951655,51.58620772946855,51.976289855072416,23.49825120772945
800.0,66.15145716052008,118.04541280968533,,,,64.97459062246115,,0.0,79.65511334954914,0.0,0.0,0.0,0.0002,0.0,34.84765217391301,45.35503381642508,43.902932367149724,36.00828019323668,51.57024154589367,51.992236714975796,23.502304347826065
802.0,66.1258102494558,118.11017836366103,,,,64.94460967188813,,0.0,79.7669558975747,0.0,0.0,0.0,0.0004418972079051383,0.0,34.843444444444415,45.31190338164247,43.904101449275316,35.982323671497554,51.55927053140092,52.00486473429947,23.503574879227028
804.0,66.10005389719251,118.17279626866237,,,,64.91537326926075,,0.0,79.19012925481627,0.0,0.0,0.0,0.0002719512455284553,0.0,34.83700483091784,45.27395652173909,43.905173913043434,35.95760869565214,51.55488888888885,52.01297584541057,23.506487922705293
806.0,66.07452074487084,118.22927130830749,,,,64.88648198300979,,0.00024718304671974856,79.2012429467355,0.0,0.0,0.0,0.0001133802769745226,0.0,34.8319371980676,45.23959420289851,43.90756521739126,35.936951690821225,51.55578743961348,52.01902415458932,23.510835748792246
808.0,66.04908496747764,118.29626020917951,,,,64.8584582188489,,8.50586e-05,79.4574080204,0.0,0.0,0.0,0.0001,0.0,34.827115942028954,45.205584541062755,43.910913043478224,35.918536231884026,51.558275362318795,52.02673429951686,23.512951690821236
810.0,66.023331839204,118.36770645496463,,,,64.83062149015662,,0.0,79.56317862211452,0.0,0.0,0.0,0.0003579875319502075,0.0,34.82151207729465,45.17301449275358,43.91368115942024,35.900690821256006,51.558565217391255,52.03449758454102,23.510439613526547
812.0,65.99757356766469,118.4315070983617,,,,64.80299747430136,,0.0,79.48009401924824,0.0,0.0,0.0,0.0001,0.0,34.81719323671494,45.13936714975841,43.915555555555514,35.884840579710115,51.560550724637636,52.0408019323671,23.50390338164249
814.0,65.9717776334395,118.51205616470396,,,,64.77596268046901,,0.0,79.79995983475906,0.0,0.0,0.0,0.0001281496188976378,0.0,34.81267149758451,45.103917874396096,43.91379227053136,35.868806763284994,51.565550724637625,52.044183574879185,23.493294685990314
816.0,65.94584237390707,118.59487970661455,,,,64.74884101296226,,0.0,79.47340079342314,0.0,0.0,0.0,4.3534078959704884e-05,0.0,34.804681159420255,45.06894202898547,43.907425120772906,35.85098067632847,51.57053140096613,52.044400966183524,23.482183574879205
818.0,65.92041031309046,118.67954200232839,,,,64.72204183371565,,8.555777529880478e-05,79.4782290842263,0.0,0.0,0.0,0.0001855577752988048,0.0,34.7929565217391,45.03370048309174,43.897869565217356,35.833927536231855,51.57536231884053,52.04426086956516,23.471792270531378
820.0,65.89458363627872,118.7489957124735,,,,64.6954291205541,,0.0,79.48548094663226,0.0,0.0,0.0,0.0,0.0,34.779009661835715,44.9950096618357,43.88531884057967,35.81899033816422,51.58042028985503,52.041792270531346,23.46042512077292
822.0,65.86913674890805,118.81775281173181,,,,64.66885189342553,,0.00018229665575788132,79.80703731617913,0.0,0.0,0.0,0.0001,0.0,34.76373429951688,44.95503381642508,43.87301449275358,35.80511594202895,51.58541545893715,52.03689855072458,23.450086956521716
824.0,65.84348477731108,118.88085226372127,,,,64.64232689781406,,0.00024447832416756547,79.62677384958872,0.0,0.0,0.0,0.00021286728021934555,0.0,34.74862801932364,44.91766666666662,43.86124637681156,35.79002898550722,51.59061352657,52.03196135265695,23.44589371980674
826.0,65.81822884876632,118.93321574229599,,,,64.61561123218827,,0.0,79.57781696159999,0.0,0.0,0.0,0.00011398808888888889,0.0,34.734584541062766,44.88375362318836,43.84735265700479,35.772579710144896,51.598676328502364,52.02641062801927,23.44464251207727
828.0,65.79305720985202,118.97540538195281,,,,64.5888721204392,,0.0,79.6065297925389,0.0,0.0,0.0,1.3919046881361303e-05,0.0,34.72189371980673,44.851710144927495,43.831719806763246,35.7545217391304,51.60866183574875,52.01912077294681,23.440227053140074
830.0,65.7682926839125,119.00595577297335,,,,64.56203363695776,,1.4534298883740647e-05,79.5185155001812,0.0,0.0,0.0,1.4534298883740647e-05,0.0,34.71084541062799,44.821729468598996,43.81778260869561,35.73933816425117,51.62028019323667,52.01201449275357,23.430797101449254
832.0,65.74367153044649,119.02840494369019,,,,64.53530916161151,,0.0,79.7320431448381,0.0,0.0,0.0,0.0001,0.0,34.701729468599005,44.792734299516866,43.80602415458933,35.72746376811591,51.63144927536227,52.005840579710096,23.41505797101447
834.0,65.71898132006571,119.05481550549118,,,,64.50874273559197,,0.0,79.47821686193684,0.0,0.0,0.0,0.0001,0.0,34.694835748792244,44.76294685990334,43.79397584541059,35.717507246376776,51.64126086956517,51.999570048309124,23.397096618357466
836.0,65.6942262327566,119.08457776724755,,,,64.48206227145324,,2.6831760698898533e-05,79.70107242903595,0.0,0.0,0.0,0.00011341588034944927,0.0,34.68862801932364,44.73227053140092,43.78221739130431,35.708647342995135,51.65177294685985,51.99217391304343,23.38099999999998
838.0,65.67010849939459,119.11767079694944,,,,64.45546070200812,,0.0002,79.55525758273238,0.0,0.0,0.0,0.0003,0.0,34.68029951690818,44.7016714975845,43.7695024154589,35.70001449275359,51.66199516908208,51.98440096618352,23.36607729468597
840.0,65.64628140614667,119.1418765698581,,,,64.42849327281675,,0.0,79.64158650833615,0.0,0.0,0.0,1.3813803655906212e-05,0.0,34.673599033816394,44.67501932367146,43.75575845410624,35.69312077294683,51.671541062801886,51.9769516908212,23.353512077294663
842.0,65.62264949967063,119.1575209929837,,,,64.40114070597807,,0.0,79.22489070015463,0.0,0.0,0.0,0.0001,0.0,34.67162318840577,44.65370531400962,43.742690821256,35.6882560386473,51.68307246376807,51.97047826086951,23.34637681159418
844.0,65.59919940263661,119.16745780127344,,,,64.37364960042696,,1.4441137460631453e-05,79.57856221895068,0.0,0.0,0.0,0.00018555886253936857,0.0,34.673864734299485,44.63912077294682,43.73200483091783,35.68693236714972,51.69690338164247,51.968028985507196,23.339362318840553
846.0,65.57573317884048,119.1941859239108,,,,64.34591748247232,,0.0,79.7128502999313,0.0,0.0,0.0,0.0001,0.0,34.67803864734296,44.63087922705309,43.72180193236711,35.68888405797098,51.710999999999956,51.96722222222218,23.32471497584539
848.0,65.55228823771763,119.2109937156425,,,,64.3179568760351,,7.259719295251467e-05,79.75251015021544,0.0,0.0,0.0,0.0001,0.0,34.681859903381614,44.62803864734295,43.71018357487919,35.69206763285021,51.723946859903336,51.96445410628015,23.302966183574856
850.0,65.52878867169353,119.24155487085305,,,,64.28988206855882,,0.00028673978788499856,79.76208883503162,0.0,0.0,0.0,1.3260212115001421e-05,0.0,34.68664734299514,44.62970531400962,43.69885507246373,35.69566183574876,51.73307246376807,51.961502415458895,23.282932367149733
852.0,65.50490578299289,119.27150318600782,,,,64.26242765524222,,0.0,79.43529204483715,0.0,0.0,0.0,0.0001262425480706224,0.0,34.69249758454103,44.631985507246334,43.688299516908174,35.69944927536229,51.73865700483088,51.96009661835745,23.26550724637679
854.0,65.48129355389203,119.31910359102747,,,,64.23551631588956,,0.0,79.72098969383724,0.0,0.0,0.0,1.360824562695315e-05,0.0,34.69950724637678,44.62971497584537,43.67777777777774,35.701990338164215,51.74153623188401,51.96196618357484,23.247932367149737
856.0,65.45753526169304,119.39873178361181,,,,64.20874289414462,,8.658051224422906e-05,79.54821442150114,0.0,0.0,0.0,0.00038658051224422905,0.0,34.70594685990335,44.62423671497581,43.66650241545889,35.69997101449272,51.7388792270531,51.967666666666624,23.22917874396133
858.0,65.43335866756382,119.49377780122812,,,,64.1820813901079,,1.3034833068884891e-05,79.68109731205077,0.0,0.0,0.0,0.0001,0.0,34.71126086956519,44.61979710144924,43.6572560386473,35.694806763284994,51.733236714975796,51.974149758454054,23.21294685990336
860.0,65.40880554684892,119.5977958112845,,,,64.15555605045317,,0.0,79.49155242726364,0.0,0.0,0.0,0.00018612538156621454,0.0,34.71667149758451,44.61576811594198,43.65099516908208,35.68964251207726,51.73076328502411,51.9807632850241,23.202888888888868
862.0,65.3845965204706,119.70892270236699,,,,64.12895470410565,,0.0,79.70236356284444,0.0,0.0,0.0,0.0002137896888888889,0.0,34.7203526570048,44.61152173913039,43.64445410628015,35.6833526570048,51.73161352657,51.9886328502415,23.19721256038645
864.0,65.36061425946752,119.80095576461783,,,,64.10240368681096,,0.0,79.83512684594808,0.0,0.0,0.0,0.00011351888495982378,0.0,34.721652173913014,44.605826086956476,43.63736714975841,35.67658937198064,51.73356038647338,51.99766183574874,23.198347826086934
866.0,65.33695032586704,119.85933848928612,,,,64.07581499924466,,8.677685950413224e-05,79.47968760330579,0.0,0.0,0.0,0.00011322314049586777,0.0,34.721695652173885,44.59562318840575,43.63124637681155,35.67117874396132,51.735550724637626,52.00653140096613,23.203864734299493
868.0,65.31277338201545,119.86757950596392,,,,64.04920968383917,,8.665337710830225e-05,79.50000536819624,0.0,0.0,0.0,8.665337710830225e-05,0.0,34.72038647342992,44.58206280193233,43.62760386473426,35.66407246376808,51.74070531400961,52.01387439613521,23.211285024154567
870.0,65.28869845404405,119.83581746285613,,,,64.02286796061365,,8.699105703333898e-05,80.20683630496691,0.0,0.0,0.0,0.00027398211406667796,0.0,34.71762801932364,44.567502415458904,43.62617391304344,35.65517391304345,51.74849275362314,52.02189371980671,23.22778260869563
872.0,65.26461769110695,119.73510675743805,,,,63.996797782690315,,8.441955642128637e-05,79.87324969195271,0.0,0.0,0.0,1.558044357871363e-05,0.0,34.71514975845407,44.55129951690817,43.623690821256,35.647338164251174,51.76020772946855,52.030966183574826,23.253975845410608
874.0,65.2409693105278,119.56168288818324,,,,63.971013115559806,,0.0001872745443174933,79.70651262074709,0.0,0.0,0.0,0.00027454908863498663,0.0,34.71350724637678,44.53403381642507,43.61988888888885,35.643420289855044,51.77719323671493,52.03907246376806,23.280323671497563
876.0,65.21733973828064,119.31663199956515,,,,63.94546839252554,,0.0,79.79656645900822,0.0,0.0,0.0,0.0002,0.0,34.711478260869534,44.51568115942025,43.6175024154589,35.643323671497555,51.795410628019276,52.046019323671445,23.30457004830916
878.0,65.19412922968596,118.9964316755999,,,,63.91960632854823,,0.0006221302587214721,10.572370448653862,0.0,0.0,0.0,0.00011323681401535047,0.0,34.70906280193234,44.49683574879223,43.61626570048305,35.64582608695649,51.81326570048305,52.05161352657,23.32750724637679
880.0,65.17083298204979,118.59889343537635,,,,63.893991693008246,,0.0,0.0,0.0,0.0,0.0,0.00046021936365499576,0.0,34.70748309178741,44.47814009661832,43.61291304347822,35.649753623188374,51.830990338164206,52.055661835748744,23.344565217391285
882.0,65.14777858147363,118.12409961882278,,,,63.868284903980594,,8.69959741935484e-05,6.502012903225809e-05,0.0,0.0,0.0,0.0001,0.0,34.7061835748792,44.45788888888885,43.60717874396131,35.655154589371946,51.8512946859903,52.05919323671493,23.35608212560384
884.0,65.1250295263729,117.56704449052741,,,,63.84267674272124,,0.0,0.0006449691538438895,0.0,0.0,0.0,0.00018624228846097238,0.0,34.70343478260867,44.43502898550721,43.60057487922702,35.66207729468596,51.870318840579664,52.06145893719802,23.365492753623165
886.0,65.10238911752042,116.94730461428009,,,,63.81723992362883,,1.3073857012521257e-05,1.3073857012521257e-05,0.0,0.0,0.0,0.0001261477140250425,0.0,34.69933333333331,44.41093719806759,43.59339130434778,35.66874396135262,51.884202898550676,52.06358454106275,23.367850241545874
888.0,65.07934573591297,116.26816834783459,,,,63.79178383594949,,0.0,0.00010399989760000002,0.0,0.0,0.0,0.0002740000256,0.0,34.697628019323645,44.38942028985504,43.585917874396095,35.67637681159417,51.89626086956517,52.06557004830913,23.364304347826064
890.0,65.05638648687393,115.53243420707729,,,,63.76618113845328,,0.0015978998784,0.003463999744,0.0,0.0,0.0,1.5900006400000003e-05,0.0,34.69911594202895,44.371903381642475,43.57966666666663,35.6849758454106,51.90793236714971,52.06628985507241,23.356053140096595
892.0,65.03338414135436,114.7621889620953,,,,63.740863619293464,,0.00011566147237354085,0.0008433852762645915,0.0,0.0,0.0,1.566147237354085e-05,0.0,34.70043478260867,44.355603864734256,43.575594202898515,35.6945410628019,51.91700483091783,52.06649275362314,23.335864734299495
894.0,65.01039793629734,113.96672813506086,,,,63.715555412983676,,0.0,6.590681091975812e-05,0.0,0.0,0.0,0.00011318136218395163,0.0,34.69944444444442,44.3382946859903,43.5698792270531,35.70202415458934,51.92304347826082,52.06210144927531,23.30311111111109
896.0,64.98728093768155,113.14332657441865,,,,63.68986641041233,,0.0,0.00032922602743475717,0.0,0.0,0.0,0.0002856415525072492,0.0,34.6945603864734,44.320652173913004,43.56052657004827,35.70732850241542,51.92799516908208,52.05321256038642,23.26130917874394
898.0,64.96459168308834,112.32151839593618,,,,63.66442310492008,,0.0,0.0,0.0,0.0,0.0,0.0002,0.0,34.68775362318837,44.30260386473426,43.54914492753619,35.71026086956519,51.93075845410623,52.04347826086951,23.21573913043476
900.0,64.94190821315298,111.52039108273469,,,,63.6393827985397,,8.57427662138215e-05,9.980063650324951e-05,0.0,0.0,0.0,0.0001,0.0,34.679724637681126,44.283932367149724,43.536120772946816,35.70808695652171,51.9314057971014,52.03410628019319,23.16802898550722
902.0,64.9194344851487,110.75367846402209,,,,63.61476887917212,,0.0013844401211141404,0.000985034731260875,0.0,0.0,0.0,0.00017125868281521873,0.0,34.6711256038647,44.26610144927532,43.52184057971011,35.7045797101449,51.93118357487918,52.02570048309174,23.118550724637657
904.0,64.89680471888839,110.01350061993264,,,,63.59041470211114,,1.4257233786178502e-05,0.0001427717013585355,0.0,0.0,0.0,1.4257233786178502e-05,0.0,34.66378260869562,44.25290821256034,43.50851690821252,35.70281159420287,51.929512077294646,52.01826086956516,23.071850241545874
906.0,64.87381389373928,109.29975225836029,,,,63.56589818730227,,0.0,0.000358250491705828,0.0,0.0,0.0,8.6083497235276e-05,0.0,34.657695652173885,44.24570531400962,43.498410628019286,35.704028985507215,51.92946376811589,52.01178743961348,23.03247342995167
908.0,64.85076372095743,108.6098585376642,,,,63.54144155631594,,0.0,0.0005141898115933384,0.0,0.0,0.0,0.0001,0.0,34.652864734299484,44.24219323671494,43.488400966183534,35.70585990338161,51.930541062801886,52.005057971014445,22.997743961352636
910.0,64.82771843654508,107.94323692542834,,,,63.516958253193216,,0.00010549451223940937,0.0008109890244788186,0.0,0.0,0.0,0.0001,0.0,34.64928985507243,44.24364251207725,43.47658937198064,35.7077101449275,51.93107246376807,51.998628019323625,22.966763285024133
912.0,64.80477295069954,107.29530070603401,,,,63.49244249434221,,1.2874246754394799e-05,0.0004287424675439478,0.0,0.0,0.0,0.00011287424675439481,0.0,34.64697101449273,44.24944927536228,43.46468115942025,35.714381642512045,51.93360869565213,51.993004830917826,22.9464106280193
914.0,64.7823822414543,106.66547525141958,,,,63.46757400920615,,0.0,8.454106375784727e-05,0.0,0.0,0.0,0.0002845410637578472,0.0,34.64590821256036,44.25591304347822,43.453159420289815,35.72462801932364,51.940096618357444,51.98864734299512,22.93808695652172
916.0,64.76074629967601,106.05537503733963,,,,63.44304483218662,,8.704819919678715e-05,0.0007424698088353413,0.0,0.0,0.0,0.00013885540240963855,0.0,34.64610144927533,44.264062801932326,43.443729468598995,35.73720289855069,51.953753623188355,51.989014492753576,22.94504830917872
918.0,64.73937056862238,105.46271550606056,,,,63.418855022923246,,0.0,0.0008872,0.0,0.0,0.0,8.72e-05,0.0,34.64755072463765,44.276657004830874,43.434492753623154,35.755082125603835,51.97124154589367,51.99578743961348,22.96826570048307
920.0,64.71825180717656,104.88070316226558,,,,63.39472704721136,,1.6299127832629476e-05,0.0013881113381758168,0.0,0.0,0.0,0.0001814956391631474,0.0,34.650256038647306,44.29340579710141,43.42355072463765,35.778241545893685,51.99049275362314,52.00404347826082,22.99736231884056
922.0,64.69786745422674,104.31068645101553,,,,63.370630943485814,,0.00021492543396449417,8.059703773668535e-05,0.0,0.0,0.0,1.3432839622780886e-05,0.0,34.6529951690821,44.315241545893684,43.41260869565214,35.8048792270531,52.01248792270526,52.01185990338159,23.030454106280175
924.0,64.67710272541454,103.75397748545134,,,,63.34664055007711,,0.0,1.2925846948405225e-05,0.0,0.0,0.0,0.00011292584694840523,0.0,34.65632367149755,44.34131884057967,43.40214975845407,35.83136714975842,52.033381642512026,52.022091787439564,23.066830917874373
926.0,64.6562607153077,103.20920812604788,,,,63.32255872496051,,0.0,0.00025217393455156343,0.0,0.0,0.0,0.0001,0.0,34.66197101449272,44.36901449275358,43.39083091787436,35.85702898550721,52.05110628019319,52.03454589371976,23.0972415458937
928.0,64.63543947648985,102.67580651285081,,,,63.29877745320204,,8.127490039840635e-05,0.0028051792828685256,0.0,0.0,0.0,1.3545816733067734e-05,0.0,34.66984057971011,44.39632367149755,43.37970531400963,35.884140096618324,52.06532367149754,52.0490289855072,23.122560386473406
930.0,64.61449845419466,102.15927494828598,,,,63.274925797935786,,1.3559321168697353e-05,0.00012711864233739468,0.0,0.0,0.0,0.0002,0.0,34.678009661835716,44.41941545893716,43.36982608695648,35.91192753623185,52.075599033816374,52.06534782608691,23.146565217391284
932.0,64.59334773061481,101.65692263960412,,,,63.251044667693684,,0.0,0.0018722272775141748,0.0,0.0,0.0,5.175358776091981e-05,0.0,34.685729468599,44.4368405797101,43.35985024154585,35.94084057971011,52.08262318840575,52.08148309178739,23.166971014492734
934.0,64.57212419254367,101.1674778261978,,,,63.22708528847376,,0.0,0.0005,0.0,0.0,0.0,0.0004464788921019097,0.0,34.69525120772944,44.45197584541059,43.350260869565176,35.96955072463764,52.08886473429947,52.09658937198063,23.1778260869565
936.0,64.5512529922718,100.6912843880997,,,,63.20338065791671,,0.0,0.000638446278884462,0.0,0.0,0.0,0.00011384462788844622,0.0,34.70582608695649,44.466468599033774,43.34154106280189,35.99555555555552,52.09622222222218,52.10977294685985,23.179685990338143
938.0,64.53037909020352,100.22598164002099,,,,63.18002847080796,,0.0,0.00044648163624858744,0.0,0.0,0.0,0.0003598612271864406,0.0,34.71430917874393,44.475444444444406,43.334173913043436,36.0169565217391,52.10364251207724,52.12131400966178,23.177183574879205
940.0,64.50984066936975,99.77226831552902,,,,63.156610578783045,,0.00011279188867406841,0.004024365009666921,0.0,0.0,0.0,0.0005744162226518631,0.0,34.72055555555553,44.47468115942025,43.32803864734296,36.034855072463735,52.11073913043473,52.13271497584536,23.168821256038626
942.0,64.48907350733768,99.33005555519841,,,,63.13301157430452,,0.0,0.00048643564818194357,0.0,0.0,0.0,0.0,0.0,34.72499033816422,44.46473429951687,43.31936231884055,36.0497487922705,52.11657004830912,52.14252657004826,23.15427536231882
944.0,64.46817662777535,98.89771988921825,,,,63.10953784275653,,0.0,0.0005310515555555555,0.0,0.0,0.0,0.00018621031111111112,0.0,34.726816425120745,44.446652173913,43.30914975845406,36.06096135265697,52.119623188405754,52.149999999999956,23.136874396135244
946.0,64.44713628507515,98.47641191319704,,,,63.08659782002279,,0.0,0.0004400611320733053,0.0,0.0,0.0,0.0001,0.0,34.72644444444442,44.42376811594199,43.300183574879185,36.06724637681156,52.12081642512073,52.15386473429947,23.117028985507226
948.0,64.42588272758911,98.06463637803525,,,,63.063719620625555,,0.0,8.298511812044534e-05,0.0,0.0,0.0,0.0001,0.0,34.72366666666664,44.401111111111064,43.29102415458932,36.06796135265697,52.12228985507242,52.153502415458895,23.095280193236693
950.0,64.40424526328613,97.6605213074502,,,,63.0408006310748,,0.0,0.00022668002899450538,0.0,0.0,0.0,1.3340014497252688e-05,0.0,34.721275362318806,44.38123188405793,43.282057971014446,36.06911594202895,52.124405797101396,52.15012077294682,23.074710144927515
952.0,64.38257421698434,97.26552960816754,,,,63.01821632871575,,0.00034092308080094653,0.00027723075759716057,0.0,0.0,0.0,0.00027046154040047323,0.0,34.72023671497582,44.367299516908176,43.273671497584495,36.071942028985475,52.125748792270485,52.14432367149754,23.056115942028967
954.0,64.36084303501673,96.87733845995128,,,,62.995184935438964,,0.0,5.336005798901075e-05,0.0,0.0,0.0,0.0,0.0,34.719690821256,44.360149758454064,43.266251207729425,36.072289855072434,52.12734782608691,52.13611111111107,23.037391304347807
956.0,64.3387282549726,96.49778162769168,,,,62.972590169595755,,0.0,0.0004736111238095238,0.0,0.0,0.0,0.00027361112380952377,0.0,34.721173913043444,44.35893719806759,43.258357487922666,36.07023188405794,52.12967632850237,52.125483091787395,23.01892270531399
958.0,64.31724061930629,96.12690935253288,,,,62.949841317327746,,0.00034227228444772386,0.004250563200036893,0.0,0.0,0.0,0.00017113614222386193,0.0,34.724396135265664,44.36296135265696,43.24972463768112,36.07188888888885,52.1308599033816,52.114265700483045,23.002971014492733
960.0,64.2962850063999,95.76214769195842,,,,62.92703436392367,,0.0,0.00023465749134252294,0.0,0.0,0.0,0.0001,0.0,34.73028985507243,44.371062801932325,43.241864734299476,36.07742995169078,52.13210628019319,52.10311111111106,22.994323671497565
962.0,64.27599487993716,95.40559979092482,,,,62.904374063439185,,0.0,8.625123093958577e-05,0.0,0.0,0.0,0.00018625123093958578,0.0,34.73800966183572,44.381623188405754,43.2350676328502,36.08351690821252,52.133449275362274,52.092719806763235,22.99430917874394
964.0,64.25549324231997,95.0566674172985,,,,62.88200790299477,,0.0003551829073170732,7.469515447154468e-05,0.0,0.0,0.0,0.00027012193821138213,0.0,34.745536231884024,44.39255072463764,43.22962318840576,36.09113043478257,52.13309661835744,52.08384057971009,22.997748792270507
966.0,64.2344177891455,94.71535835613524,,,,62.860032216511456,,1.3717682858711143e-05,0.0005862823171412889,0.0,0.0,0.0,0.00027256463428257773,0.0,34.75267632850239,44.403057971014455,43.22521739130431,36.09890338164248,52.13160386473425,52.075444444444386,22.99947826086954
968.0,64.21329134724247,94.3808111496814,,,,62.83782817279215,,0.0,0.00035932203649390797,0.0,0.0,0.0,0.0001,0.0,34.75923671497582,44.412405797101414,43.22093236714972,36.10551690821253,52.1300483091787,52.06589855072458,22.998473429951666
970.0,64.19214068526486,94.05334459076991,,,,62.815645722809876,,0.0,0.00024232365145228214,0.0,0.0,0.0,1.4107883817427387e-05,0.0,34.76502415458934,44.42107729468595,43.21645410628016,36.11209661835745,52.13068115942024,52.057792270531344,22.996043478260848
972.0,64.17044703368039,93.73224749060478,,,,62.79337177504761,,0.00017323944605095482,0.0004464788921019097,0.0,0.0,0.0,4.014083092356774e-05,0.0,34.771671497584514,44.426507246376765,43.2132946859903,36.116768115941994,52.13092753623184,52.0537632850241,22.988608695652154
974.0,64.14913559435178,93.41784656771233,,,,62.77114381044237,,0.0,0.00021404212728053776,0.0,0.0,0.0,0.0001280842545610755,0.0,34.77841545893717,44.426637681159384,43.21118840579706,36.12008695652171,52.13003864734294,52.051719806763224,22.975541062801913
976.0,64.12788622689455,93.11034053907449,,,,62.749035392508844,,8.477366255144033e-05,0.0004,0.0,0.0,0.0,0.00016954732510288066,0.0,34.78327053140094,44.42409178743957,43.2099178743961,36.12443478260867,52.12847342995164,52.04966666666662,22.962816425120753
978.0,64.10655484307911,92.80874543457543,,,,62.72695555606726,,0.0,0.00011383085302007423,0.0,0.0,0.0,0.00011383085302007423,0.0,34.788425120772914,44.421362318840536,43.208710144927494,36.12858937198064,52.127294685990286,52.046260869565174,22.94614009661834
980.0,64.08534265293463,92.51255566932709,,,,62.70504867577414,,8.4563102500896e-05,8.4563102500896e-05,0.0,0.0,0.0,0.000184563102500896,0.0,34.795415458937164,44.4184637681159,43.205014492753584,36.13132850241542,52.128787439613475,52.040763285024106,22.919946859903362
982.0,64.06440445805698,92.22129463475387,,,,62.68335137679157,,0.0,0.00025820300000000003,0.0,0.0,0.0,3.16406e-05,0.0,34.802729468599,44.41357004830914,43.198710144927496,36.131381642512046,52.131632850241495,52.03421256038642,22.887560386473407
984.0,64.04352615219308,91.93420908009759,,,,62.66187063325884,,0.0,0.0004127872136047769,0.0,0.0,0.0,0.0001,0.0,34.80758454106277,44.40236231884054,43.190280193236674,36.128603864734266,52.13328985507241,52.02759903381638,22.857589371980655
986.0,64.02243680220441,91.65178475456312,,,,62.640230341601104,,0.0,1.3518884959823782e-05,0.0,0.0,0.0,0.0002,0.0,34.811323671497554,44.38277294685986,43.180207729468556,36.12457971014489,52.13477294685986,52.020642512077245,22.836816425120748
988.0,64.00150167036794,91.37407430819337,,,,62.61818746829672,,8.30754311086507e-05,0.001844584053281665,0.0,0.0,0.0,0.0002169245688913493,0.0,34.818241545893684,44.35797101449271,43.168975845410586,36.12267149758451,52.138222222222176,52.01418840579706,22.824260869565197
990.0,63.980420494036046,91.10194161560801,,,,62.59596702918172,,0.0,0.0003614157644983318,0.0,0.0,0.0,0.0001,0.0,34.826584541062765,44.330966183574844,43.15524154589368,36.11897101449272,52.14085507246372,52.00777777777773,22.818449275362294
992.0,63.95940717400465,90.83355796377089,,,,62.573959175063194,,0.0,0.00044420427892126945,0.0,0.0,0.0,8.605106973031737e-05,0.0,34.83399516908209,44.30649758454102,43.14066183574875,36.111299516908176,52.14279227053135,52.00025120772942,22.81495652173911
994.0,63.9384312955141,90.56887787205129,,,,62.55239589506546,,0.0,0.00016915426510037113,0.0,0.0,0.0,0.00017233829395985157,0.0,34.83989371980673,44.29417874396131,43.1256714975845,36.104603864734266,52.150106280193185,51.992178743961304,22.809961352656988
996.0,63.91781083141576,90.3085880990935,,,,62.530669440599006,,0.0,0.0010134912518399175,0.0,0.0,0.0,1.4418124693347088e-05,0.0,34.846082125603836,44.29716425120768,43.1088792270531,36.10073429951687,52.16404347826082,51.984685990338114,22.806246376811576
998.0,63.89717679176885,90.05275730810718,,,,62.50905523267494,,0.0,0.0005533333740895444,0.0,0.0,0.0,0.00027333331295522777,0.0,34.85618840579706,44.31159420289851,43.09189371980672,36.1021449275362,52.18107246376807,51.979502415458896,22.805975845410607
1000.0,63.87693297786777,89.80087392413263,,,,62.48804934426292,,0.0,0.0004452000256,0.0,0.0,0.0,0.0002726000128,0.0,34.86906280193234,44.333753623188365,43.07510144927532,36.108289855072435,52.199487922705266,51.97718357487918,22.806487922705287
1002.0,63.8566420804494,89.55098849946366,,,,62.466997250738416,,0.0,0.0002267198642970376,0.0,0.0,0.0,0.0001133599321485188,0.0,34.88482608695649,44.35992753623184,43.06011111111108,36.116797101449244,52.218140096618306,51.97650724637676,22.80629468599032
1004.0,63.83608999208504,89.30583059724789,,,,62.44632529913293,,0.0,1.276171404112692e-05,0.0,0.0,0.0,0.0001872382859588731,0.0,34.90242512077291,44.38747826086952,43.04553140096614,36.12885024154586,52.23700483091782,51.975028985507194,22.803797101449256
1006.0,63.8158693288009,89.06444152527745,,,,62.42563102817536,,0.0,0.00017202382222222224,0.0,0.0,0.0,0.0001,0.0,34.920806763284986,44.41779710144924,43.03057487922701,36.14736231884054,52.25597584541058,51.97263768115938,22.799632850241522
1008.0,63.79500847315376,88.82704443052945,,,,62.4050480083096,,0.0,0.00011993795702479333,0.0,0.0,0.0,0.00036002068099173556,0.0,34.9413140096618,44.452700483091746,43.01745410628015,36.17216425120769,52.27612077294681,51.97334782608691,22.79969082125602
1010.0,63.77461549082757,88.59272812755148,,,,62.38437969648478,,0.0001710029990393007,7.249250240174822e-05,0.0,0.0,0.0,0.00014349550144104894,0.0,34.96041545893716,44.48720772946856,43.006555555555515,36.19938647342992,52.29549275362314,51.97869565217386,22.80672946859901
1012.0,63.75394584684173,88.36228933755358,,,,62.36369960842431,,0.0,0.0001536290064516129,0.0,0.0,0.0,0.00014022175483870968,0.0,34.97753140096615,44.52041545893715,42.99826570048305,36.22866666666663,52.314574879227,51.98839130434777,22.81864734299515
1014.0,63.733466888196446,88.13630016729364,,,,62.34351418254516,,8.645294153775776e-05,0.0002,0.0,0.0,0.0,0.00011354705846224225,0.0,34.99381159420287,44.55554589371977,42.99297101449271,36.26194202898547,52.336898550724584,52.002144927536186,22.836391304347806
1016.0,63.713132573089496,87.9125985719644,,,,62.32298583877433,,0.0,0.000427613415714514,0.0,0.0,0.0,0.0001,0.0,35.00913526570045,44.59159903381638,42.98923188405793,36.298053140096584,52.3612173913043,52.01966666666662,22.85795652173911
1018.0,63.692863563517854,87.69290381285884,,,,62.303045793807314,,0.0,2.6573415485213377e-05,0.0,0.0,0.0,0.0001,0.0,35.02455555555552,44.62522705314006,42.986782608695606,36.336396135265666,52.385729468598996,52.04066666666662,22.87533816425119
1020.0,63.672386637452405,87.4761147620252,,,,62.28319231904467,,0.0,0.00024158112307763472,0.0,0.0,0.0,0.00018613962564078843,0.0,35.03929951690818,44.65373429951686,42.987135265700445,36.375714975845376,52.40925120772942,52.06180676328498,22.885294685990317
1022.0,63.65199818177953,87.26347672883477,,,,62.26350894817514,,0.0,0.00018664659277108434,0.0,0.0,0.0,2.670681445783133e-05,0.0,35.05259420289851,44.679299516908166,42.988753623188366,36.41714975845408,52.42877294685985,52.08087439613522,22.89169565217389
1024.0,63.63146525284968,87.05352556862216,,,,62.243816204776344,,0.0,0.0001540755398392951,0.0,0.0,0.0,0.00017296223008035245,0.0,35.065492753623154,44.704801932367104,42.991275362318795,36.46066666666663,52.443666666666616,52.0991787439613,22.898932367149737
1026.0,63.610949704819106,86.84586453828123,,,,62.22390613758638,,0.0005158537365853658,0.00018597562276422765,0.0,0.0,0.0,8.597562276422764e-05,0.0,35.079700483091756,44.72904347826083,42.994289855072424,36.50205797101446,52.456908212560336,52.116154589371924,22.902917874396113
1028.0,63.590298651229176,86.6413285624744,,,,62.2040672395496,,0.00017272726332415183,0.0002363636833792409,0.0,0.0,0.0,0.0001,0.0,35.09397101449272,44.74671497584537,42.99551207729464,36.5401642512077,52.46847342995164,52.129396135265644,22.903169082125583
1030.0,63.569590210879575,86.43933623029446,,,,62.184193320984335,,0.0,0.0001,0.0,0.0,0.0,0.0001,0.0,35.10528019323668,44.75617391304344,42.996830917874355,36.57565217391301,52.475338164251156,52.14070531400961,22.907681159420267
1032.0,63.54891082647001,86.23983644405806,,,,62.164021467774255,,0.0,0.0005429162773939247,0.0,0.0,0.0,0.0001,0.0,35.115429951690786,44.756985507246334,42.99891304347822,36.6080144927536,52.47747826086951,52.15066183574874,22.920371980676308
1034.0,63.528554508648256,86.04336979685418,,,,62.143670167720956,,8.595618167330677e-05,0.00017191236334661354,0.0,0.0,0.0,0.0002,0.0,35.12682608695649,44.748082125603815,43.001251207729425,36.636792270531366,52.47969565217386,52.15984541062797,22.937526570048288
1036.0,63.50835167252435,85.8485940693707,,,,62.12344999943104,,0.0,0.00018602794589662967,0.0,0.0,0.0,0.00027205589179325935,0.0,35.13765217391301,44.732555555555514,43.00216425120768,36.66157487922702,52.48139613526565,52.170661835748746,22.95374879227051
1038.0,63.4882941440484,85.65578219280385,,,,62.102925079617606,,0.0003345595560617731,0.00041819944507721636,0.0,0.0,0.0,0.0002509196670463298,0.0,35.14726570048306,44.71644927536228,43.00057487922701,36.68017391304345,52.48325603864729,52.18251690821251,22.964816425120755
1040.0,63.46850654485309,85.46547548402233,,,,62.08302366529206,,0.0,0.0005197224543728811,0.0,0.0,0.0,0.00028662040906214686,0.0,35.15614975845408,44.7064251207729,42.998405797101405,36.69527536231881,52.48966666666662,52.19543478260864,22.96998067632848
1042.0,63.44898943109323,85.27732011284643,,,,62.063277897622356,,0.0,0.00043256739628802537,0.0,0.0,0.0,0.00018651347925760509,0.0,35.16591304347823,44.701985507246334,42.995753623188364,36.70904347826084,52.497893719806704,52.208835748792225,22.97257004830916
1044.0,63.42971112330438,85.09201201970248,,,,62.04331804892931,,0.0,6.344293218501419e-05,0.0,0.0,0.0,0.0003,0.0,35.17811594202895,44.69907729468596,42.99393719806759,36.71891304347823,52.50529951690816,52.220917874396086,22.97219806763283
1046.0,63.41017723242702,84.90833264874057,,,,62.02345625304831,,8.635015843642969e-05,0.00028635015843642966,0.0,0.0,0.0,1.3649841563570312e-05,0.0,35.19187439613523,44.69543961352653,42.9912753623188,36.723589371980644,52.50986473429946,52.23165700483088,22.97025603864732
1048.0,63.39045066420217,84.72663851325018,,,,62.00400084074487,,0.0,0.0001,0.0,0.0,0.0,0.00018605339082319587,0.0,35.20625603864731,44.69115942028981,42.98791304347822,36.723603864734265,52.51012560386468,52.2434251207729,22.96630917874394
1050.0,63.370595817642005,84.54494911651305,,,,61.98410485935335,,8.338136919923884e-05,0.0010667627383984777,0.0,0.0,0.0,3.323726160152232e-05,0.0,35.22267632850238,44.68870531400962,42.9852173913043,36.7207101449275,52.509999999999955,52.25499033816421,22.959922705313986
1052.0,63.35050836284,84.36645783238255,,,,61.96444647504941,,8.635907635604904e-05,0.0001,0.0,0.0,0.0,0.00027271815271209804,0.0,35.241898550724606,44.69119806763281,42.979729468599,36.716710144927504,52.513405797101406,52.263946859903335,22.953710144927513
1054.0,63.330852753324095,84.18998680272364,,,,61.94502180265573,,0.0,0.00020938120039999374,0.0,0.0,0.0,0.0001273453000999984,0.0,35.26346376811591,44.700681159420256,42.97281642512074,36.71410628019321,52.51948309178739,52.27336714975841,22.9540338164251
1056.0,63.31118631164913,84.0163639742329,,,,61.92580618155519,,8.676027999263584e-05,0.00017352055998527167,0.0,0.0,0.0,0.0001,0.0,35.28751690821253,44.716342995169036,42.967671497584504,36.71371980676326,52.52621256038642,52.2858019323671,22.96327536231882
1058.0,63.292146016958355,83.8434940530953,,,,61.906912148941984,,0.0,0.0002399602716551543,0.0,0.0,0.0,0.00027335981889656377,0.0,35.31237681159417,44.73753140096614,42.9627101449275,36.712260869565185,52.532193236714924,52.29907246376806,22.97623188405795
1060.0,63.2730343345098,83.67293577393671,,,,61.8882101301891,,0.0,8.63273499500008e-05,0.0,0.0,0.0,0.0001,0.0,35.33936231884055,44.76313526570044,42.956396135265656,36.71136231884055,52.53845410628014,52.31166666666662,22.989685990338145
1062.0,63.2538374464695,83.504218801921,,,,61.869666452831474,,0.0,0.00011412936327080821,0.0,0.0,0.0,4.2388089812424636e-05,0.0,35.36979227053137,44.788521739130395,42.94901932367146,36.71091304347823,52.544231884057915,52.32329468599029,23.00170531400964
1064.0,63.234662425083386,83.33744365002757,,,,61.85097412830916,,8.627648928184125e-05,0.0004097880857452699,0.0,0.0,0.0,0.00012744702143631747,0.0,35.40320772946857,44.81028019323667,42.940869565217355,36.70902415458934,52.5487632850241,52.333666666666616,23.007357487922686
1066.0,63.21560046165059,83.17341686149973,,,,61.83255435944789,,0.0,0.0009761715766948583,0.0,0.0,0.0,2.7517427401142636e-05,0.0,35.439198067632816,44.827347826086914,42.93101449275358,36.70802898550721,52.55245893719802,52.341270531400916,23.00104347826085
1068.0,63.1963661438232,83.0119655148159,,,,61.81392450951968,,1.3065316289990678e-05,6.532658144995339e-05,0.0,0.0,0.0,0.0002,0.0,35.47557487922702,44.84283574879223,42.92152173913039,36.71026086956518,52.556903381642464,52.3475942028985,22.98610144927534
1070.0,63.177120498318374,82.85268113763347,,,,61.794855215894614,,0.0,0.0001,0.0,0.0,0.0,0.00017277489044270047,0.0,35.511371980676294,44.85685507246373,42.913855072463726,36.71567149758451,52.56125120772942,52.3553478260869,22.9694106280193
1072.0,63.1576436397855,82.69526216863825,,,,61.775819617695525,,0.0,0.0001261477140250425,0.0,0.0,0.0,2.6147714025042514e-05,0.0,35.54562318840576,44.862898550724594,42.90647826086953,36.72060869565214,52.56343478260864,52.36306763285019,22.95240579710143
1074.0,63.137948878922195,82.5404901972837,,,,61.75699543262887,,0.0,2.542888392790256e-05,0.0,0.0,0.0,0.0,0.0,35.576140096618325,44.86106280193233,42.89968115942025,36.72442028985504,52.56681642512073,52.367512077294634,22.933487922705293
1076.0,63.11802401220878,82.38715776393865,,,,61.738344987430715,,0.0,7.979378537485003e-05,0.0,0.0,0.0,0.0002,0.0,35.60251207729465,44.851347826086915,42.89375362318837,36.727009661835716,52.57115458937193,52.36783574879222,22.917072463768097
1078.0,63.09873018806857,82.23534653403732,,,,61.72014710943013,,8.701299896986207e-05,0.0009701299896986207,0.0,0.0,0.0,0.0,0.0,35.625502415458904,44.833657004830876,42.89020772946856,36.73005797101445,52.574429951690774,52.36679710144922,22.905797101449256
1080.0,63.0797768393672,82.08504918545307,,,,61.702067613525706,,0.0,0.0004495999488,0.0,0.0,0.0,0.0003,0.0,35.645874396135234,44.810241545893675,42.88695169082122,36.73464251207726,52.5782753623188,52.36475845410622,22.894521739130415
1082.0,63.06134087860529,81.9361664464487,,,,61.684050343168224,,8.661175100870875e-05,2.6776497982582507e-05,0.0,0.0,0.0,0.0001732235020174175,0.0,35.663217391304315,44.784574879227016,42.881893719806726,36.74006280193234,52.58437198067627,52.363352657004775,22.88055072463766
1084.0,63.042724424887815,81.78845240075614,,,,61.66607098500953,,0.0,0.00047401813810388807,0.0,0.0,0.0,0.0002,0.0,35.67594685990335,44.76026086956518,42.874719806763245,36.74566666666664,52.592067632850195,52.36248309178739,22.864188405797083
1086.0,63.02410602637097,81.64294172895788,,,,61.648399994257844,,0.0,0.0004867000064,0.0,0.0,0.0,0.0001132999936,0.0,35.68490821256035,44.73808212560382,42.866893719806725,36.74840579710141,52.60080676328497,52.360927536231834,22.846946859903362
1088.0,63.0054281798926,81.49913149962653,,,,61.63075216739191,,0.0,0.001392879131005433,0.0,0.0,0.0,0.00011331268777297422,0.0,35.69155072463765,44.717792270531355,42.8604830917874,36.74883574879223,52.60768599033811,52.360560386473374,22.83159420289853
1090.0,62.986762330176255,81.35601988872017,,,,61.61321139759921,,0.0,6.469405430332948e-05,0.0,0.0,0.0,0.0,0.0,35.698545893719775,44.69803381642509,42.85577777777774,36.74990821256035,52.6091980676328,52.359700483091736,22.81794685990336
1092.0,62.96773272943755,81.21441573026983,,,,61.59540202950552,,1.33200905517181e-05,0.0004467196377931276,0.0,0.0,0.0,0.00011332009055171811,0.0,35.7061835748792,44.680512077294644,42.85251207729465,36.75219323671494,52.60661352657,52.35671497584536,22.804043478260848
1094.0,62.948553003259825,81.0734861204202,,,,61.5770151396833,,0.0,0.0001,0.0,0.0,0.0,0.00012611401097006208,0.0,35.71419806763282,44.664536231884014,42.84742028985504,36.75330917874393,52.59931400966179,52.35362318840575,22.791526570048287
1096.0,62.929343773204906,80.93351961512705,,,,61.55805536975589,,8.6083497235276e-05,0.00015566601105889604,0.0,0.0,0.0,0.0,0.0,35.7229758454106,44.647574879227015,42.84206280193233,36.7533526570048,52.58963285024149,52.350048309178696,22.778323671497564
1098.0,62.91007577040206,80.7939930938353,,,,61.538219840946255,,0.0,0.00024604104559128125,0.0,0.0,0.0,0.0001693059696058125,0.0,35.7323333333333,44.63182608695648,42.83677777777774,36.753072463768085,52.581681159420235,52.34378743961347,22.765821256038627
1100.0,62.89127997642236,80.65585419094123,,,,61.51873825012615,,0.0,0.0004535425295546559,0.0,0.0,0.0,0.0001,0.0,35.74330917874393,44.62300966183571,42.831299516908174,36.752661835748754,52.57657004830913,52.33620772946855,22.760657004830897
1102.0,62.87279895056963,80.51847480642721,,,,61.499311339631944,,0.0,0.0001,0.0,0.0,0.0,0.00011354062567723157,0.0,35.75451207729465,44.62076328502412,42.82658454106276,36.751758454106245,52.57425120772942,52.328628019323624,22.763289855072443
1104.0,62.85414522820914,80.38177871664416,,,,61.48006653617339,,0.0,0.00018641358554492455,0.0,0.0,0.0,1.358641445507545e-05,0.0,35.76755072463765,44.62289855072459,42.82119323671493,36.748826086956484,52.572898550724595,52.32114492753618,22.7704299516908
1106.0,62.835830603473866,80.24525350614431,,,,61.46090541929891,,0.0,0.000156082481627379,0.0,0.0,0.0,0.00021402062040684475,0.0,35.78281159420287,44.62778260869561,42.81490821256035,36.7411062801932,52.56946376811589,52.31385507246372,22.779816425120753
1108.0,62.81706757749305,80.1101899885792,,,,61.441810493240254,,0.0,0.0001522087973548716,0.0,0.0,0.0,0.0001869478006612821,0.0,35.79945893719803,44.630637681159385,42.806908212560344,36.728792270531365,52.56385024154584,52.305632850241494,22.793821256038626
1110.0,62.798529860210095,79.97599161189571,,,,61.42293913766803,,1.2890232452139855e-05,0.0,0.0,0.0,0.0,0.00018710976754786015,0.0,35.81965700483088,44.63254106280189,42.796975845410586,36.71502898550721,52.558913043478206,52.295908212560335,22.812845410628
1112.0,62.78026691415963,79.8438946166431,,,,61.40468900018545,,0.0,0.0001,0.0,0.0,0.0,0.0001,0.0,35.8419178743961,44.63925120772943,42.78549758454103,36.70173913043475,52.55628502415454,52.287062801932315,22.8378260869565
1114.0,62.76228064214362,79.71282216016245,,,,61.38643047208053,,0.0,0.00044698795180722893,0.0,0.0,0.0,0.00026024096385542165,0.0,35.86592753623185,44.651652173913,42.77285990338161,36.68967149758451,52.55642512077289,52.28082608695647,22.86609661835747
1116.0,62.743746522179464,79.58264725654612,,,,61.36846502957388,,0.0,0.0,0.0,0.0,0.0,0.0002,0.0,35.89132367149755,44.666405797101405,42.761275362318806,36.678400966183546,52.55861835748787,52.277705314009616,22.896898550724618
1118.0,62.7250818768136,79.45331497671143,,,,61.350657558804166,,0.0,0.0004326823881723257,0.0,0.0,0.0,0.00012692704473106975,0.0,35.91647342995166,44.67890338164246,42.74995652173909,36.667502415458905,52.56214975845405,52.27820772946855,22.93204830917872
1120.0,62.70660521185464,79.32538836920514,,,,61.333548473817864,,0.0,0.0001130869169703416,0.0,0.0,0.0,0.0002738261660593168,0.0,35.942695652173875,44.689835748792234,42.73751207729464,36.6558985507246,52.56687439613522,52.28041062801927,22.969333333333314
1122.0,62.68810514826587,79.19870828473762,,,,61.31719305471326,,0.0,8.71000064e-05,0.0,0.0,0.0,0.0001257999872,0.0,35.97065700483088,44.704623188405755,42.725550724637635,36.644241545893685,52.5744251207729,52.28416908212555,23.008560386473413
1124.0,62.669969653705735,79.07307851049804,,,,61.30115855399654,,1.374360196965074e-05,0.0005,0.0,0.0,0.0,0.00011374360196965075,0.0,35.99980193236712,44.722019323671454,42.71568115942025,36.63369082125601,52.5839903381642,52.29111594202893,23.047903381642488
1126.0,62.652076811647014,78.94907252281101,,,,61.28564312315712,,0.0,0.0003714285858409562,0.0,0.0,0.0,0.00011428570707952192,0.0,36.030178743961315,44.74260386473426,42.70773429951687,36.627135265700446,52.59532850241541,52.30105797101444,23.082028985507225
1128.0,62.63407523767835,78.82609213492712,,,,61.270515706229155,,0.0,0.00011340616240516942,0.0,0.0,0.0,8.659383759483059e-05,0.0,36.06123188405793,44.76695652173909,42.697318840579676,36.62558937198064,52.60937198067628,52.3138019323671,23.108048309178724
1130.0,62.61618533631998,78.70393677079652,,,,61.255625715391815,,0.0,0.00037175258678797025,0.0,0.0,0.0,0.0002141237066060149,0.0,36.090579710144894,44.79200483091784,42.686043478260835,36.62758937198065,52.62583091787435,52.32915458937194,23.124850241545875
1132.0,62.597849900214335,78.58260681356734,,,,61.24112327594074,,0.0,0.0003728444113598041,0.0,0.0,0.0,0.00011357779432009796,0.0,36.117618357487885,44.81764251207725,42.676690821255995,36.63279710144924,52.6413671497584,52.34509661835743,23.129434782608676
1134.0,62.57971564272148,78.46294461856526,,,,61.22671713542376,,0.0,0.0001,0.0,0.0,0.0,0.0001,0.0,36.144743961352624,44.84433333333329,42.6678212560386,36.64199999999997,52.6549903381642,52.36200483091782,23.12353140096616
1136.0,62.561435951578666,78.34462569333012,,,,61.21181257016139,,0.0,0.00011434468900497391,0.0,0.0,0.0,0.00028565531099502607,0.0,36.173178743961316,44.87136714975841,42.659821256038605,36.65776328502412,52.66805797101444,52.380256038647296,23.107550724637658
1138.0,62.543088290988514,78.22790944697589,,,,61.196791244328644,,0.0,0.0004567621279691769,0.0,0.0,0.0,0.00021441262401027437,0.0,36.20301932367146,44.89873429951687,42.65307729468595,36.68025603864731,52.67948309178738,52.396004830917825,23.081188405797082
1140.0,62.524586138799975,78.11258012111675,,,,61.18075141806585,,0.0,0.00044183974097156934,0.0,0.0,0.0,2.908012951421535e-05,0.0,36.232632850241515,44.92352173913039,42.646149758454065,36.70604347826083,52.69000483091782,52.40718357487918,23.04826570048307
1142.0,62.506131201279715,77.9980824163363,,,,61.16422501286222,,8.55975559977083e-05,1.4402444002291714e-05,0.0,0.0,0.0,1.4402444002291714e-05,0.0,36.25983091787436,44.941086956521694,42.639995169082084,36.733483091787406,52.701632850241495,52.41528019323666,23.009507246376792
1144.0,62.48777636960664,77.88451841603481,,,,61.14728138767759,,0.0,1.3902680347793904e-05,0.0,0.0,0.0,8.60973196522061e-05,0.0,36.28364734299513,44.955932367149714,42.635570048309134,36.763328502415426,52.71529951690817,52.42295652173908,22.966797101449252
1146.0,62.46984594766562,77.77271045655206,,,,61.13015767319845,,0.0,0.00044437871645017327,0.0,0.0,0.0,0.00011390532088745669,0.0,36.30494202898547,44.970309178743925,42.63143478260866,36.79515942028982,52.726637681159374,52.431096618357444,22.929893719806742
1148.0,62.45232491308743,77.6615226508524,,,,61.11356296932425,,0.0,0.00034356335197133225,0.0,0.0,0.0,0.00011410916200716695,0.0,36.32522705314006,44.97942512077291,42.62919806763281,36.82742995169079,52.734980676328455,52.43945893719802,22.90631884057969
1150.0,62.4346171046323,77.55139374975695,,,,61.0968750318368,,0.0,0.00015503485480228526,0.0,0.0,0.0,0.00011375871370057133,0.0,36.34184057971011,44.980410628019285,42.625642512077256,36.85564251207727,52.742106280193184,52.44607246376806,22.89057971014491
1152.0,62.41689701905602,77.44193944507359,,,,61.0804488707559,,0.0,0.0003589410754967321,0.0,0.0,0.0,0.0001,0.0,36.35516908212557,44.97341062801928,42.62055072463764,36.87834782608692,52.745584541062755,52.44901449275357,22.876154589371964
1154.0,62.39950386288751,77.33350532313034,,,,61.06397918666939,,0.0,0.0001,0.0,0.0,0.0,0.00011600000099902446,0.0,36.36682125603861,44.96096618357483,42.61670531400962,36.897144927536196,52.74481159420285,52.44941062801927,22.86560386473428
1156.0,62.38182856373191,77.22571275145462,,,,61.04752850465596,,0.0,0.0005173438825272294,0.0,0.0,0.0,0.0001,0.0,36.37662801932363,44.94688888888885,42.61084057971011,36.91128502415455,52.74039130434778,52.445386473429906,22.86204347826085
1158.0,62.364774156055276,77.11872056545494,,,,61.03124187861513,,0.0,1.3888895473251028e-05,0.0,0.0,0.0,0.00012777779094650204,0.0,36.38507246376808,44.929690821255996,42.602690821256,36.91949758454103,52.73230917874391,52.436275362318796,22.86976328502413
1160.0,62.347403141084975,77.01292440081276,,,,61.01476927300233,,0.0,0.0004171483520182939,0.0,0.0,0.0,0.0,0.0,36.39146376811591,44.90801449275358,42.593768115942,36.9205603864734,52.72050241545889,52.4268405797101,22.8912415458937
1162.0,62.32970817561524,76.90745987261249,,,,60.998103693807934,,0.0,0.0004286573237794214,0.0,0.0,0.0,0.0003,0.0,36.39755555555552,44.88177294685986,42.58436231884054,36.914473429951656,52.707256038647294,52.41824154589368,22.91988888888887
1164.0,62.3118361083049,76.80237780367962,,,,60.981812765455714,,0.0,0.00017313432075443823,0.0,0.0,0.0,2.6865679245561772e-05,0.0,36.40332367149755,44.849671497584495,42.57476328502412,36.901236714975816,52.69420289855067,52.40925603864729,22.952685990338146
1166.0,62.29423309651554,76.69832718509875,,,,60.965484261315595,,0.0,9.602325900724122e-05,0.0,0.0,0.0,0.0003,0.0,36.408792270531364,44.81768599033812,42.56526086956518,36.882676328502384,52.68297584541058,52.40048792270527,22.98772463768114
1168.0,62.27713994756489,76.59490321796616,,,,60.94938167917462,,0.0,0.0005,0.0,0.0,0.0,0.000241212115883686,0.0,36.41585990338161,44.786444444444406,42.55614492753619,36.85944444444441,52.674033816425066,52.391318840579665,23.01933333333331
1170.0,62.25997043744651,76.49223673628143,,,,60.93338710601179,,0.0,2.882524802054874e-05,0.0,0.0,0.0,0.00032882524802054874,0.0,36.423473429951656,44.753053140096576,42.548927536231844,36.83346376811591,52.66605797101444,52.38352657004826,23.04829951690819
1172.0,62.24306803494544,76.39019975403173,,,,60.917382009736684,,0.0001,0.0004341040297058615,0.0,0.0,0.0,0.0001,0.0,36.431246376811565,44.72011111111107,42.54334299516904,36.80797584541059,52.66199999999995,52.37888888888884,23.07643961352655
1174.0,62.22588831054582,76.28820793185065,,,,60.901608240946324,,1.3253012048192774e-05,6.626506024096387e-05,0.0,0.0,0.0,0.00018674698795180723,0.0,36.440062801932335,44.68966183574875,42.5361256038647,36.78336714975842,52.663082125603815,52.37618357487917,23.101821256038626
1176.0,62.20855016791629,76.18651914930331,,,,60.88613298479657,,0.0,0.0005,0.0,0.0,0.0,0.0001872617813899077,0.0,36.44845893719803,44.661400966183535,42.527009661835706,36.75899516908209,52.66579710144923,52.37541062801927,23.124241545893696
1178.0,62.191155483611695,76.08478435576441,,,,60.870610751192956,,0.0,8.433269902764553e-05,0.0,0.0,0.0,0.00011566730097235448,0.0,36.45624154589369,44.63567632850238,42.51933333333329,36.734362318840546,52.668512077294636,52.37657004830913,23.141004830917854
1180.0,62.173389698229194,75.98406577566793,,,,60.85515288068043,,0.0,0.00024075924336522633,0.0,0.0,0.0,0.00021358641445507544,0.0,36.46448792270528,44.61343961352653,42.51221256038644,36.71028985507243,52.67142028985502,52.378439613526524,23.15297101449273
1182.0,62.15548403903997,75.8840680802167,,,,60.839391404299576,,0.0,0.0005534653651053795,0.0,0.0,0.0,0.00017326731744731028,0.0,36.47192753623185,44.59499033816421,42.50415942028982,36.68769565217388,52.675318840579656,52.381574879227,23.163381642512057
1184.0,62.1375471543477,75.78511638780022,,,,60.82379216962625,,0.0,0.00018444444774235166,0.0,0.0,0.0,0.0001,0.0,36.47733816425117,44.580545893719766,42.49790821256035,36.665768115941994,52.6797826086956,52.38710144927531,23.173700483091768
1186.0,62.11949656393858,75.68649970670032,,,,60.8081462546114,,1.4527351372886059e-05,2.9054702745772117e-05,0.0,0.0,0.0,0.00018547264862711396,0.0,36.48194202898547,44.56962318840576,42.49319323671494,36.64374396135262,52.68495652173908,52.39371497584536,23.187328502415436
1188.0,62.10157694868751,75.58853430467832,,,,60.79250452054445,,0.0,0.00016913822129227692,0.0,0.0,0.0,0.00012765528851691076,0.0,36.485183574879194,44.56286473429948,42.488574879227016,36.62390821256035,52.69460386473425,52.40071497584537,23.20241545893718
1190.0,62.083655566815295,75.4914849437651,,,,60.77691422125836,,1.6226795465772327e-05,0.0002,0.0,0.0,0.0,0.00011622679546577233,0.0,36.4853333333333,44.55903864734295,42.48443961352653,36.606768115941996,52.70588405797096,52.409830917874345,23.217304347826065
1192.0,62.065933791051776,75.3949689559707,,,,60.761206137700455,,0.0,0.0001850746169807697,0.0,0.0,0.0,2.985076603846061e-05,0.0,36.48248792270528,44.55991304347822,42.48057004830914,36.58983091787436,52.711734299516856,52.42161835748787,23.232927536231866
1194.0,62.048422206147436,75.29940646521675,,,,60.74527629091564,,0.0,0.00024071856807582505,0.0,0.0,0.0,0.000186427143974725,0.0,36.476743961352625,44.56060386473426,42.47614492753619,36.572999999999965,52.71164734299512,52.4330289855072,23.2510144927536
1196.0,62.0307102403563,75.20405926475634,,,,60.729436195523284,,8.364167580032401e-05,0.000216358324199676,0.0,0.0,0.0,0.000267283351600648,0.0,36.46819806763282,44.55740096618353,42.46972463768112,36.55552657004828,52.70984541062797,52.44341062801927,23.26683574879225
1198.0,62.01298613037452,75.10923027737121,,,,60.713309051485176,,0.0,0.00035731342188639106,0.0,0.0,0.0,0.0002,0.0,36.456946859903354,44.555628019323635,42.461647342995136,36.53539130434779,52.70810628019319,52.452062801932314,23.27394685990336
1200.0,61.99551728176943,75.01532317207308,,,,60.697491010953236,,8.598598688378063e-05,0.0004859859868837806,0.0,0.0,0.0,0.0001,0.0,36.44491304347822,44.55337198067629,42.45464734299513,36.5153526570048,52.70338164251203,52.4582367149758,23.271347826086934
1202.0,61.97819481830776,74.92217335177722,,,,60.681313874008616,,0.0,0.0005861248752348781,0.0,0.0,0.0,0.0002277502495302438,0.0,36.43284541062798,44.55176811594198,42.4472367149758,36.4938985507246,52.69379710144922,52.462961352656954,23.261676328502393
1204.0,61.960723277845894,74.829584171518,,,,60.66534537488958,,5.9751037344398344e-05,1.4937759336099586e-05,0.0,0.0,0.0,0.00012987551867219916,0.0,36.41971497584537,44.551966183574834,42.43792753623184,36.46946859903378,52.68225603864728,52.464217391304295,23.2470338164251
1206.0,61.94324245663907,74.73808273338854,,,,60.64931269477872,,0.0,8.704819919678715e-05,0.0,0.0,0.0,0.0002740963983935743,0.0,36.405714975845385,44.54785990338161,42.42823188405793,36.44467632850238,52.67166183574874,52.46420772946855,23.231444444444424
1208.0,61.92564857609837,74.64711712903467,,,,60.633096288370155,,1.3518884959823782e-05,6.759442479911889e-05,0.0,0.0,0.0,0.0002729622300803524,0.0,36.392864734299486,44.53994685990334,42.42088405797098,36.42091304347823,52.66501449275357,52.46578743961348,23.21786956521737
1210.0,61.90801233753878,74.55667788576535,,,,60.61706558144541,,0.0,0.0,0.0,0.0,0.0,0.0001850305453320674,0.0,36.38200966183572,44.531710144927494,42.41384057971011,36.39839613526567,52.6612367149758,52.466463768115894,23.19788888888887
1212.0,61.89092919472388,74.46698112635319,,,,60.60120267307771,,0.0001,0.0,0.0,0.0,0.0,0.00017311933757380862,0.0,36.37221739130432,44.52241062801929,42.40448792270528,36.37616908212557,52.65572946859898,52.46501449275358,23.169082125603843
1214.0,61.87451068610842,74.37842695480563,,,,60.585342616609715,,0.0,0.0005289239836635092,0.0,0.0,0.0,5.6860813069192534e-05,0.0,36.36377777777775,44.513753623188364,42.396260869565175,36.35510144927533,52.64994202898545,52.46143961352652,23.13615458937196
1216.0,61.8584114730243,74.28973044845948,,,,60.569619605170956,,0.0,7.1354653257594e-05,0.0,0.0,0.0,0.0001285418613030376,0.0,36.358202898550694,44.503236714975806,42.38899033816421,36.33728502415455,52.64467149758449,52.45634299516903,23.10071497584539
1218.0,61.842639567494075,74.20135283525659,,,,60.55404732740145,,0.0,0.00017314627037803346,0.0,0.0,0.0,2.6853729621966548e-05,0.0,36.35522705314006,44.48957971014488,42.381333333333295,36.32303381642509,52.64066666666662,52.45093236714971,23.066801932367127
1220.0,61.826629911122126,74.11406828327773,,,,60.5385299525026,,0.0,0.0001,0.0,0.0,0.0,3.914344541832668e-05,0.0,36.35341062801929,44.47331400966179,42.37194685990334,36.30966183574876,52.63985024154584,52.445811594202844,23.03488405797099
1222.0,61.810052196735896,74.02783785850426,,,,60.52302982541969,,2.8795313068462326e-05,0.0003424093738630754,0.0,0.0,0.0,0.00018560234346576884,0.0,36.352536231884024,44.45252657004827,42.36066183574875,36.29565700483088,52.64171497584536,52.44098067632845,23.003652173913025
1224.0,61.79364878665168,73.94294714233975,,,,60.50781258232919,,0.0,1.408731428571429e-05,0.0,0.0,0.0,2.817462857142858e-05,0.0,36.3505603864734,44.42887439613523,42.349086956521695,36.281855072463735,52.642101449275316,52.43521739130429,22.975415458937174
1226.0,61.77700096601281,73.8594397966011,,,,60.492834878316884,,0.0,0.00017043657142857142,0.0,0.0,0.0,0.0002,0.0,36.347821256038614,44.40518840579706,42.338830917874354,36.267821256038616,52.6404057971014,52.42907729468594,22.95310144927534
1228.0,61.76010797742549,73.77658882986614,,,,60.47803865875967,,0.0,0.0003499517994184332,0.0,0.0,0.0,1.6682733527188955e-05,0.0,36.34460869565214,44.3831256038647,42.32972463768112,36.25367632850239,52.63957971014488,52.424289855072416,22.937908212560362
1230.0,61.74320837450731,73.69434617621616,,,,60.46310187940526,,1.3286707742606689e-05,0.00017342658451478663,0.0,0.0,0.0,0.00012657341548521337,0.0,36.341782608695624,44.36504347826083,42.321647342995135,36.24071497584538,52.63952657004826,52.422584541062754,22.927512077294665
1232.0,61.72616300323001,73.61378147966558,,,,60.448404887683914,,0.0,7.178215563179792e-05,0.0,0.0,0.0,0.00012871286225271916,0.0,36.34020289855069,44.350396135265655,42.31452657004827,36.22718357487919,52.64197584541057,52.42573913043474,22.92328985507244
1234.0,61.70888909544109,73.53362896800628,,,,60.43368154258711,,0.0,0.00033326937015413263,0.0,0.0,0.0,8.331734253853316e-05,0.0,36.3383333333333,44.336908212560346,42.305289855072424,36.21432850241543,52.647483091787386,52.43014975845406,22.92179227053138
1236.0,61.69203855339073,73.45454855513414,,,,60.41877620404974,,5.2631540762828394e-05,0.0001526315407628284,0.0,0.0,0.0,1.3157885190707099e-05,0.0,36.33463768115939,44.32535265700479,42.29508695652169,36.20339613526566,52.65482608695647,52.43343478260865,22.918869565217374
1238.0,61.67536323197084,73.37619134011628,,,,60.40401128308565,,0.0,0.00045999996943284167,0.0,0.0,0.0,0.0001866666564776139,0.0,36.32753140096615,44.31467632850238,42.2850676328502,36.192632850241516,52.66035265700478,52.436816425120725,22.919275362318817
1240.0,61.65889920886751,73.29802064161771,,,,60.389150571785386,,1.3861384381923563e-05,0.00035247522820115924,0.0,0.0,0.0,0.0001415841531457707,0.0,36.320207729468564,44.30499999999996,42.27398550724634,36.181507246376775,52.66275845410623,52.440294685990295,22.924014492753603
1242.0,61.64255956405144,73.22062165380558,,,,60.37413740919683,,0.0,0.0009861396256407883,0.0,0.0,0.0,0.0001,0.0,36.31403381642509,44.29457004830914,42.26059420289851,36.1713140096618,52.66612077294681,52.44386956521734,22.93283574879225
1244.0,61.62634515672975,73.14345947656341,,,,60.359178658554185,,0.0,2.8031799988141557e-05,0.0,0.0,0.0,0.00011401589999407079,0.0,36.30737681159417,44.28275845410624,42.244821256038605,36.16034782608693,52.67089855072459,52.44754106280188,22.94243961352655
1246.0,61.61026877470447,73.06652075259576,,,,60.344421850060584,,0.0,0.0003434869923510371,0.0,0.0,0.0,0.0,0.0,36.30042995169079,44.27066666666663,42.23142028985504,36.148125603864706,52.67577294685986,52.45130917874391,22.951304347826067
1248.0,61.59437160296731,72.99007599011841,,,,60.32981197682967,,0.0,7.135576408437193e-05,0.0,0.0,0.0,0.0001,0.0,36.29338647342991,44.259347826086916,42.217922705313974,36.13599033816422,52.6794251207729,52.45395169082121,22.959082125603846
1250.0,61.57871211488686,72.91377036987305,,,,60.31519465438073,,0.0,8.680000000000001e-05,0.0,0.0,0.0,0.00012639999999999998,0.0,36.28643961352653,44.25290338164247,42.20308212560383,36.12106280193234,52.68231400966179,52.45602415458932,22.962376811594183
1252.0,61.563031988317476,72.83725003514516,,,,60.30050454312974,,1.4299798254806883e-05,8.570020174519312e-05,0.0,0.0,0.0,0.00018570020174519313,0.0,36.27978260869562,44.2494830917874,42.19109661835745,36.10528985507243,52.68789855072459,52.4592560386473,22.9632222222222
1254.0,61.54724659978385,72.76112998961449,,,,60.28581352316952,,2.86298531036593e-05,0.0004284253672408517,0.0,0.0,0.0,0.000257055220344511,0.0,36.27360869565214,44.24490338164247,42.18016425120769,36.08817391304345,52.69358937198063,52.46355072463763,22.963082125603844
1256.0,61.53141715373212,72.68468058561699,,,,60.271191521741414,,8.589869722192987e-05,0.00022820260555614027,0.0,0.0,0.0,0.00018589869722192986,0.0,36.26811111111108,44.23925120772943,42.16913526570045,36.067946859903344,52.6979710144927,52.46820772946855,22.95924637681157
1258.0,61.515308512842275,72.60838978151807,,,,60.25621328061702,,1.4414413490968503e-05,0.0003567567595270945,0.0,0.0,0.0,0.000271171173018063,0.0,36.26348309178741,44.23204347826083,42.15503381642508,36.046966183574845,52.70014975845406,52.47314492753619,22.94717874396133
1260.0,61.498537415425325,72.5323002988898,,,,60.24139072592726,,0.0,0.00017125256295721567,0.0,0.0,0.0,0.00018562628147860782,0.0,36.26114009661833,44.22222705314005,42.13905797101446,36.02566666666664,52.70035748792266,52.47710628019319,22.93194685990336
1262.0,61.48139330724095,72.45563281220527,,,,60.2263627900323,,8.60999936e-05,0.0001,0.0,0.0,0.0,0.00011390000640000001,0.0,36.25949758454103,44.20813043478257,42.124787439613485,36.003768115941995,52.70303381642508,52.47826570048304,22.917999999999978
1264.0,61.46364713041496,72.3790132450726,,,,60.21111841098595,,0.0,0.0005012036876317872,0.0,0.0,0.0,0.00012868606548874166,0.0,36.25757487922702,44.18614492753619,42.110975845410586,35.98449758454103,52.70722222222218,52.47906763285019,22.901961352656983
1266.0,61.44616838307683,72.30345669545477,,,,60.195996729864945,,0.0,0.0011127572016460905,0.0,0.0,0.0,8.559670781893005e-05,0.0,36.25312077294683,44.15724637681155,42.0982173913043,35.96855555555552,52.71445893719802,52.48022705314005,22.884676328502394
1268.0,61.42851723851403,72.22881779530235,,,,60.180833093165546,,0.0,2.9527584251968505e-05,0.0,0.0,0.0,8.523620787401575e-05,0.0,36.24678743961349,44.12634299516904,42.085932367149724,35.95471980676325,52.72455072463764,52.48015942028981,22.86938647342993
1270.0,61.410954374896725,72.15505752255484,,,,60.16585055553337,,0.0,0.0002,0.0,0.0,0.0,0.0001289970009606993,0.0,36.242130434782574,44.099927536231846,42.07419323671493,35.94649758454103,52.734352657004784,52.47859903381638,22.85633333333331
1272.0,61.39395562520446,72.08150660105647,,,,60.15126646419494,,0.0,0.0003715767767634855,0.0,0.0,0.0,0.0001,0.0,36.23656038647339,44.08134782608692,42.06434299516904,35.944299516908174,52.741942028985456,52.47232850241541,22.84396618357486
1274.0,61.37688167009731,72.00831956620713,,,,60.136708401468,,0.0,0.0005187562459366106,0.0,0.0,0.0,0.00027291874864553687,0.0,36.23221739130432,44.07147342995166,42.05599516908209,35.94543961352654,52.747173913043426,52.46360869565213,22.83495652173911
1276.0,61.36015321762891,71.93501715738118,,,,60.122426720189495,,0.0,0.00044685316902957326,0.0,0.0,0.0,0.00018671329225739333,0.0,36.23297101449272,44.07114009661832,42.04581159420286,35.9531835748792,52.75350724637677,52.454748792270486,22.825893719806743
1278.0,61.34363835982246,71.86246541735642,,,,60.107982139444786,,0.0,0.0010417177968710409,0.0,0.0,0.0,0.0002582822031289591,0.0,36.23903864734296,44.07875362318837,42.03350241545889,35.96892270531397,52.759574879227,52.44328019323666,22.816937198067613
1280.0,61.32736436706587,71.7901374646048,,,,60.09384752958738,,0.0,6.356359152345358e-05,0.0,0.0,0.0,0.0001,0.0,36.24820772946857,44.0902753623188,42.01877777777774,35.98795169082122,52.762787439613476,52.42856038647337,22.811246376811575
1282.0,61.31176358744571,71.71805411916482,,,,60.07955412417076,,0.0,0.00018625123093958578,0.0,0.0,0.0,0.0001,0.0,36.25943961352654,44.10399999999996,42.000125603864696,36.010898550724605,52.76411111111106,52.40867632850237,22.80658454106278
1284.0,61.29696135488595,71.64647025759452,,,,60.065132187972,,0.0,0.0005166499594816528,0.0,0.0,0.0,0.0001499498784449582,0.0,36.27225120772943,44.12172946859899,41.97963768115938,36.03946859903378,52.76441545893715,52.384618357487874,22.80441545893718
1286.0,61.2821759358139,71.5751067665174,,,,60.051162205116796,,0.0,0.0004296332502580931,0.0,0.0,0.0,0.0001,0.0,36.28549275362316,44.143946859903345,41.956357487922666,36.074062801932335,52.766917874396086,52.36028019323666,22.80568115942027
1288.0,61.267838758481005,71.5040568850252,,,,60.03685766789617,,0.0,2.828078432352981e-05,0.0,0.0,0.0,0.0002,0.0,36.30279227053137,44.172260869565186,41.93172463768112,36.11320772946857,52.77362801932362,52.33645893719802,22.81019806763283
1290.0,61.2538524834428,71.43382149347761,,,,60.02287094639562,,0.0,0.0001,0.0,0.0,0.0,0.0002,0.0,36.322903381642476,44.207628019323636,41.905956521739085,36.154159420289815,52.7805555555555,52.31390338164247,22.81417874396133
1292.0,61.2401803631472,71.3637261648609,,,,60.00877408398628,,0.0,2.7939709559656865e-05,0.0,0.0,0.0,0.00011396985477982844,0.0,36.343927536231845,44.249178743961316,41.878652173913004,36.19590338164248,52.78491787439608,52.293314009661785,22.814961352656983
1294.0,61.22665797930258,71.29395826900733,,,,59.99477182033401,,0.0,0.001034782608695652,0.0,0.0,0.0,0.0001,0.0,36.368140096618326,44.29604347826083,41.85118840579706,36.23855072463765,52.78871014492748,52.27534299516903,22.815787439613505
1296.0,61.21299241440704,71.22484422868078,,,,59.980895457597754,,0.00011633238333784859,0.0001,0.0,0.0,0.0,0.0001,0.0,36.39476811594199,44.34735265700479,41.823067632850204,36.28033816425118,52.793275362318795,52.26181642512073,22.816753623188387
1298.0,61.199768469362866,71.15620644860844,,,,59.967003140087755,,0.0,0.0001859281483021986,0.0,0.0,0.0,1.407185169780142e-05,0.0,36.42181642512074,44.40041062801928,41.79796618357484,36.31945410628016,52.8011787439613,52.25333816425116,22.816033816425097
1300.0,61.18576309460905,71.08778089841371,,,,59.95252972806867,,0.0,0.0001,0.0,0.0,0.0,0.0001850642873945456,0.0,36.4490676328502,44.450647342995126,41.77651207729465,36.35586473429948,52.81203381642507,52.25111594202894,22.81592753623186
1302.0,61.17126299208303,71.01980599726481,,,,59.9385615155177,,0.0,0.0002539485988080777,0.0,0.0,0.0,0.00028201713373064073,0.0,36.47870048309175,44.49761835748788,41.75568115942025,36.388314009661805,52.822502415458885,52.25575362318836,22.8156376811594
1304.0,61.15641088067387,70.95245421178869,,,,59.92411576597984,,0.0,2.7517427401142636e-05,0.0,0.0,0.0,0.0001,0.0,36.50928985507243,44.54017874396131,41.73662318840576,36.41737198067629,52.835342995169036,52.2660289855072,22.81431884057969
1306.0,61.14062638725964,70.88577703675928,,,,59.909515032577744,,0.0,0.00018588588957967048,0.0,0.0,0.0,0.00012822822084065905,0.0,36.53823671497581,44.57530917874392,41.72104347826083,36.444260869565184,52.85036231884053,52.28067149758449,22.812903381642492
1308.0,61.1241118004174,70.81919787194506,,,,59.89497369112885,,0.0,0.00016560388308787012,0.0,0.0,0.0,8.280194154393506e-05,0.0,36.564768115941995,44.60421256038643,41.70942512077291,36.46725120772943,52.86441545893715,52.29893236714971,22.81170531400964
1310.0,61.10774848743269,70.75294538265835,,,,59.88053601882314,,0.0,0.00011381380365590622,0.0,0.0,0.0,0.00018618619634409378,0.0,36.586285024154556,44.62391787439609,41.70225120772943,36.485884057970985,52.877405797101396,52.32118840579706,22.812864734299495
1312.0,61.09153942584891,70.68774004203227,,,,59.865976370026985,,1.4504608653427018e-05,1.4504608653427018e-05,0.0,0.0,0.0,1.4504608653427018e-05,0.0,36.60318840579707,44.63458454106276,41.70000483091784,36.504623188405766,52.889236714975794,52.348371980676276,22.816140096618337
1314.0,61.07589684343755,70.62269237593384,,,,59.85177444370761,,0.0,0.00043027888446215144,0.0,0.0,0.0,0.00027211155378486054,0.0,36.61648309178741,44.64259903381638,41.70134299516904,36.52202898550721,52.899811594202845,52.376541062801884,22.821338164251188
1316.0,61.06007396902244,70.55802719111101,,,,59.83761710035616,,0.0,0.0004462083136070092,0.0,0.0,0.0,0.0001,0.0,36.62782608695649,44.64797101449271,41.70427053140093,36.53620289855069,52.90720772946855,52.404101449275316,22.82891787439611
1318.0,61.044320947674734,70.49391825455422,,,,59.82359308513232,,0.0,0.000639195948869972,0.0,0.0,0.0,0.00018693468371000933,0.0,36.63897101449272,44.64977777777773,41.70974396135262,36.54839130434779,52.91067632850237,52.43118840579705,22.835734299516886
1320.0,61.02844135477249,70.430047422922,,,,59.80994516007189,,0.0,0.0,0.0,0.0,0.0,0.0001,0.0,36.64694202898547,44.64851207729465,41.71744927536228,36.555714975845376,52.91124637681154,52.454840579710094,22.844086956521718
1322.0,61.012558179835565,70.36670468849319,,,,59.7963639189435,,0.0,0.0003657227367100659,0.0,0.0,0.0,0.00012952474852334064,0.0,36.653685990338126,44.644207729468555,41.72519806763281,36.55961352657001,52.911169082125554,52.478096618357434,22.858149758454083
1324.0,60.9962983750343,70.3028658678954,,,,59.78297477801541,,0.0,0.0004570576595393833,0.0,0.0,0.0,0.00018568588651312777,0.0,36.661246376811555,44.63639130434778,41.731927536231844,36.562845410627986,52.910966183574835,52.49977294685984,22.869478260869545
1326.0,60.97987367524996,70.23927147028691,,,,59.76936356183597,,0.0,0.0,0.0,0.0,0.0,0.0001857001002136977,0.0,36.66693719806759,44.622207729468556,41.738304347826045,36.56226570048306,52.90581159420285,52.514463768115895,22.87683574879225
1328.0,60.963262762861,70.17589909534367,,,,59.75604272469824,,8.469284896308392e-05,0.0002612286041476643,0.0,0.0,0.0,0.00011530715103691609,0.0,36.669342995169046,44.60119806763281,41.74372463768112,36.55604830917871,52.895753623188355,52.52581159420285,22.88428502415457
1330.0,60.94670744880011,70.11362348033622,,,,59.74253605451453,,0.0,8.5114945512418e-05,0.0,0.0,0.0,0.0001,0.0,36.66949275362315,44.577729468598996,41.74753623188401,36.54728985507243,52.88449275362314,52.53568115942024,22.89215458937196
1332.0,60.93000223341363,70.05218646342333,,,,59.72937523558658,,0.0,0.0,0.0,0.0,0.0,0.0001864676608297814,0.0,36.66541545893716,44.55504347826083,41.750864734299476,36.53861352657001,52.87338164251203,52.54241545893714,22.898898550724617
1334.0,60.91342628614163,69.99176196132032,,,,59.716258504135055,,8.624228846097237e-05,0.0,0.0,0.0,0.0,0.0001,0.0,36.658792270531364,44.531082125603824,41.75361352657001,36.52796135265697,52.86386956521734,52.54688405797096,22.902304347826064
1336.0,60.896956933290774,69.9320863565085,,,,59.70294690040362,,0.0,0.0001857707509881423,0.0,0.0,0.0,0.0001,0.0,36.65317874396132,44.50386956521734,41.75690821256034,36.512768115941995,52.85385024154585,52.548227053140046,22.903714975845386
1338.0,60.88049133500191,69.87356519796046,,,,59.68983837147284,,0.0,0.0004344894439447484,0.0,0.0,0.0,0.0001,0.0,36.64617874396132,44.475033816425075,41.758270531400925,36.49351690821253,52.83878743961348,52.546855072463714,22.900758454106256
1340.0,60.86450707397017,69.81507135482518,,,,59.6768148065917,,0.0,7.464207111879864e-05,0.0,0.0,0.0,0.0002,0.0,36.63727053140094,44.44672463768112,41.7570483091787,36.472516908212526,52.82070048309174,52.54322705314004,22.89639613526568
1342.0,60.848390918471424,69.75739796621723,,,,59.66381404403098,,0.0,0.00025698607814948304,0.0,0.0,0.0,0.0003,0.0,36.62898067632847,44.421613526570006,41.755019323671455,36.44968115942026,52.804545893719755,52.539072463768065,22.89531884057969
1344.0,60.831955830013094,69.70035638431071,,,,59.65069927920832,,0.0,5.702893514471401e-05,0.0,0.0,0.0,0.00011425723378617851,0.0,36.620231884057944,44.40049758454103,41.752787439613485,36.424922705313975,52.791009661835695,52.53316908212555,22.897342995169062
1346.0,60.81622250688211,69.64364669204862,,,,59.63767549790013,,0.0,0.0009265769810745327,0.0,0.0,0.0,0.0,0.0,36.609946859903346,44.384125603864696,41.75100483091783,36.39932850241543,52.78012560386468,52.523120772946804,22.903458937198042
1348.0,60.80018971203227,69.58714516703711,,,,59.624410387731764,,1.4399198290418384e-05,0.000359185569227531,0.0,0.0,0.0,0.00011439919829041839,0.0,36.600652173913005,44.37319806763281,41.748545893719765,36.372714975845376,52.77244927536227,52.51135748792266,22.9170531400966
1350.0,60.78452920061428,69.53116765553678,,,,59.61140880770437,,0.0,2.738092698412699e-05,0.0,0.0,0.0,2.738092698412699e-05,0.0,36.59242995169079,44.368971014492715,41.74550724637677,36.34785024154586,52.767835748792216,52.49908695652169,22.936082125603846
1352.0,60.7688603863713,69.4757266863657,,,,59.5981377318492,,0.0,2.9068597767481293e-05,0.0,0.0,0.0,0.0001,0.0,36.58348792270528,44.37020772946856,41.74198550724633,36.32562801932364,52.769091787439564,52.48446859903376,22.957280193236695
1354.0,60.75344553421774,69.4204598730211,,,,59.58527469907124,,0.0,0.0001,0.0,0.0,0.0,0.00028599801758849987,0.0,36.5743333333333,44.37797101449271,41.738077294685944,36.30689371980673,52.77781642512072,52.470439613526516,22.983381642512057
1356.0,60.73793526133468,69.3651953806332,,,,59.572513645474075,,1.4214716282819399e-05,0.0001,0.0,0.0,0.0,0.0001857852837171806,0.0,36.56715458937195,44.392574879227006,41.733879227053094,36.294888888888856,52.79144927536226,52.46111111111106,23.01591304347824
1358.0,60.72249026424674,69.31015085986421,,,,59.55985866092755,,0.0,0.0002,0.0,0.0,0.0,1.4579066667227376e-05,0.0,36.564043478260835,44.411758454106234,41.729487922705275,36.28802898550721,52.80446376811589,52.45394202898546,23.057115942028965
1360.0,60.70681691035993,69.25531763711467,,,,59.54696647968252,,0.0,0.0005,0.0,0.0,0.0,0.0002,0.0,36.56521739130431,44.439178743961314,41.72377777777774,36.2853333333333,52.81614492753618,52.44939130434777,23.103995169082108
1362.0,60.691524771462355,69.20018332504686,,,,59.5340242037512,,0.0,8.284024714354208e-05,0.0,0.0,0.0,0.00017238658428548597,0.0,36.57084541062799,44.472396135265654,41.71740096618354,36.28699516908209,52.831173913043436,52.447869565217346,23.14892270531399
1364.0,60.67585508920686,69.14525331528192,,,,59.52101462060964,,0.0,0.0,0.0,0.0,0.0,0.0001,0.0,36.58104830917871,44.50774879227049,41.71218357487919,36.29255555555552,52.848801932367095,52.449739130434736,23.187400966183553
1366.0,60.660517790361034,69.09006201492593,,,,59.50811089156308,,0.0,0.00015469060019999685,0.0,0.0,0.0,0.0001,0.0,36.59712077294682,44.54579710144923,41.709347826086926,36.30150724637678,52.86466183574874,52.457758454106234,23.216743961352634
1368.0,60.64484338472044,69.03481321705495,,,,59.49543961304364,,8.660624928781467e-05,0.00043303124643907326,0.0,0.0,0.0,0.00018660624928781467,0.0,36.617927536231846,44.584705314009625,41.7095603864734,36.31207246376808,52.87976811594197,52.47230434782604,23.236599033816404
1370.0,60.62915234138909,68.97917664001827,,,,59.482425229799404,,0.0,0.0002,0.0,0.0,0.0,0.0001723076809972394,0.0,36.6423333333333,44.61962318840576,41.7093140096618,36.32602898550721,52.896260869565175,52.49202415458932,23.246468599033797
1372.0,60.613309186160215,68.92281718301578,,,,59.469531172373784,,0.0,0.00017007874015748033,0.0,0.0,0.0,0.00012992125984251967,0.0,36.66980676328499,44.64863768115938,41.70875362318837,36.34083574879224,52.910753623188356,52.51261352656999,23.24628019323669
1374.0,60.59733193906256,68.86730981525109,,,,59.45638398389457,,0.0,1.333334352238611e-05,0.0,0.0,0.0,0.00011333334352238611,0.0,36.69799033816421,44.67451690821252,41.71046859903378,36.35502898550722,52.9221594202898,52.53159420289851,23.243690821256017
1376.0,60.581316754298186,68.8123719664019,,,,59.443487712339795,,8.603696282060448e-05,0.00017207392564120896,0.0,0.0,0.0,0.00012792607435879104,0.0,36.726304347826044,44.699280193236675,41.71227053140093,36.37122222222219,52.93167632850236,52.550695652173864,23.245787439613505
1378.0,60.56560914424687,68.75858188162039,,,,59.43050990704955,,8.692614298747875e-05,3.922157103756379e-05,0.0,0.0,0.0,0.0002869261429874787,0.0,36.753502415458904,44.725468599033775,41.712623188405765,36.38766183574876,52.94100966183571,52.56737681159416,23.249545893719787
1380.0,60.549556345755576,68.70469749452782,,,,59.41757923087367,,0.0,8.603960852779198e-05,0.0,0.0,0.0,0.00027207921705558395,0.0,36.7794637681159,44.75136714975841,41.71181642512074,36.404275362318806,52.95243478260864,52.579618357487874,23.25027536231882
1382.0,60.534095035543956,68.65083632431256,,,,59.40436491718217,,0.0,0.0004411042867702952,0.0,0.0,0.0,1.47239283074262e-05,0.0,36.80641545893717,44.77283091787436,41.71014009661832,36.42206763285021,52.964623188405746,52.59013043478256,23.243937198067613
1384.0,60.51852947670057,68.59722699730968,,,,59.39157841329119,,0.0,0.00017269076305220885,0.0,0.0,0.0,0.00017269076305220885,0.0,36.833536231884025,44.792985507246335,41.70788405797098,36.44134299516905,52.97385024154584,52.59913043478256,23.228859903381622
1386.0,60.503078315896886,68.54422786179354,,,,59.37871498506463,,0.0,0.0005433663184644666,0.0,0.0,0.0,4.247526115165007e-05,0.0,36.858178743961325,44.81326086956518,41.70351207729465,36.46113526570045,52.979995169082066,52.60678743961348,23.209927536231863
1388.0,60.488307734541756,68.49156192450243,,,,59.36611739545207,,0.0,0.0001150571095440966,0.0,0.0,0.0,0.0002,0.0,36.87947342995166,44.832265700483056,41.696661835748756,36.48103381642509,52.98715942028981,52.614444444444395,23.193198067632828
1390.0,60.472702789125684,68.4394792884531,,,,59.35339216132146,,0.0,0.00018521826031746034,0.0,0.0,0.0,0.0005408730412698413,0.0,36.90015458937195,44.84880193236711,41.688748792270495,36.5005797101449,52.99649275362314,52.621618357487876,23.17933333333331
1392.0,60.4574801535288,68.3876723259971,,,,59.34110829214244,,0.0,0.0001,0.0,0.0,0.0,0.0001,0.0,36.91813043478257,44.861212560386434,41.67996618357484,36.52109178743958,53.00684541062797,52.625999999999955,23.17026570048307
1394.0,60.44255274337244,68.33620379768696,,,,59.32888067210508,,0.0,3.4197864158178e-05,0.0,0.0,0.0,0.0001,0.0,36.93130917874393,44.867937198067594,41.67050724637677,36.54388888888886,53.0189903381642,52.62828019323667,23.167371980676307
1396.0,60.427419429032604,68.28480891175502,,,,59.31632922760262,,0.0,1.4371259320879438e-05,0.0,0.0,0.0,0.0002,0.0,36.94242512077291,44.87051207729465,41.66056521739126,36.56973429951688,53.03501932367144,52.62853140096613,23.17207729468597
1398.0,60.41243114297949,68.23370936228886,,,,59.304081679867515,,0.0,0.0005202000383999999,0.0,0.0,0.0,0.0001867000064,0.0,36.94999033816422,44.87118840579706,41.65033333333329,36.600710144927504,53.05473913043473,52.62742995169077,23.183425120772927
1400.0,60.397462140827855,68.18255952289793,,,,59.29218532170456,,0.0,0.0002,0.0,0.0,0.0,0.00048302796423702,0.0,36.95616908212557,44.866917874396094,41.64000483091784,36.63299516908209,53.07627536231879,52.626874396135214,23.20107729468597
1402.0,60.382686797385105,68.13209281097978,,,,59.28039518731276,,0.0,0.00034320243903822366,0.0,0.0,0.0,0.0002,0.0,36.96317391304344,44.86083091787435,41.629772946859866,36.66591304347823,53.096628019323624,52.62881159420285,23.228347826086935
1404.0,60.36738893568321,68.08155879099726,,,,59.268572105612144,,0.0,1.3976390551181101e-05,0.0,0.0,0.0,0.00011397639055118111,0.0,36.97148792270527,44.85559903381638,41.621053140096585,36.700106280193204,53.1103671497584,52.63406280193232,23.26255072463766
1406.0,60.352129397439384,68.03156498802704,,,,59.25674005706722,,0.0,0.0001740000256,0.0,0.0,0.0,1.2999987200000002e-05,0.0,36.981690821256,44.85043478260866,41.612260869565176,36.72966183574876,53.114362318840534,52.639893719806715,23.298570048309156
1408.0,60.33680210003281,67.98162484034658,,,,59.24457156103911,,8.587746718986719e-05,0.0002271027952911953,0.0,0.0,0.0,0.0002,0.0,36.992632850241506,44.842251207729426,41.603637681159384,36.7535410628019,53.11442028985502,52.649062801932324,23.33054106280191
1410.0,60.32208822186278,67.93192829629571,,,,59.23242208891101,,0.0,0.00017369476626506025,0.0,0.0,0.0,0.00027369476626506025,0.0,37.00443478260866,44.82735748792266,41.59847342995165,36.77191304347822,53.11450724637677,52.66137681159415,23.35719806763283
1412.0,60.307198731733074,67.88257184052205,,,,59.220668624793795,,0.0,0.0005176589356910475,0.0,0.0,0.0,0.0002,0.0,37.01726570048305,44.8086328502415,41.59466183574875,36.783724637681125,53.108937198067586,52.67551690821251,23.378256038647322
1414.0,60.29255431341341,67.83367082547453,,,,59.20882732584851,,0.0,0.0002489006342098004,0.0,0.0,0.0,0.00016691097017559992,0.0,37.03134299516905,44.7858599033816,41.59192270531397,36.79031884057967,53.09864251207724,52.69203864734295,23.393874396135242
1416.0,60.277909954877735,67.7847447790122,,,,59.196996566032546,,8.687691479133008e-05,1.3123085208669935e-05,0.0,0.0,0.0,0.00028687691479133007,0.0,37.045106280193195,44.75816908212556,41.59054589371977,36.791212560386434,53.09060386473425,52.70789371980672,23.408975845410605
1418.0,60.26341436501214,67.73629440389358,,,,59.18507613390134,,0.0,0.00017214427932418062,0.0,0.0,0.0,0.0001860721396620903,0.0,37.05639130434779,44.72586473429948,41.58834299516904,36.78897101449272,53.083454106280136,52.721826086956476,23.42608695652172
1420.0,60.24914645644676,67.68817207319583,,,,59.17310025570997,,0.0,0.00045139554520495155,0.0,0.0,0.0,0.0001,0.0,37.064811594202865,44.691062801932325,41.58790338164248,36.78198550724634,53.07352657004826,52.73070531400962,23.44538647342993
1422.0,60.23466017242454,67.64051513498953,,,,59.1610424490902,,0.0,0.0004,0.0,0.0,0.0,0.0001,0.0,37.07053623188403,44.66078743961348,41.58814975845407,36.7711256038647,53.0620289855072,52.73373429951686,23.468323671497565
1424.0,60.22022933760476,67.59322882144157,,,,59.14928816346765,,0.0,0.00025114885441910754,0.0,0.0,0.0,0.00021278721360477689,0.0,37.07490821256036,44.63738164251203,41.586130434782575,36.75913526570045,53.05261352657,52.73367149758449,23.4964106280193
1426.0,60.205831536529104,67.54630019374213,,,,59.137355951444185,,0.0,0.00017193674069584426,0.0,0.0,0.0,0.0002859683703479221,0.0,37.080492753623155,44.620951690821215,41.58424154589368,36.745202898550694,53.04598067632845,52.73205314009657,23.525173913043457
1428.0,60.19105632145058,67.49919751130847,,,,59.12518894771121,,0.0,0.00014307230843373493,0.0,0.0,0.0,0.0001,0.0,37.088729468599,44.60809661835744,41.58483091787436,36.73283574879224,53.041705314009604,52.72924154589367,23.548314009661816
1430.0,60.17635612337882,67.4525735203297,,,,59.112968289197106,,0.0,0.0,0.0,0.0,0.0,0.00027434870068473576,0.0,37.096932367149726,44.59663768115938,41.58602415458933,36.722637681159384,53.03575845410622,52.7244251207729,23.56303864734297
1432.0,60.161489655274394,67.40673100986211,,,,59.101066672120844,,8.627648928184125e-05,0.00011372351071815876,0.0,0.0,0.0,0.00011372351071815876,0.0,37.10368599033813,44.58857004830914,41.587772946859864,36.71230917874393,53.02706280193232,52.71861835748788,23.574888888888864
1434.0,60.14667842467846,67.36133257880037,,,,59.088895301432004,,0.0,0.0001721025659337803,0.0,0.0,0.0,8.605128296689015e-05,0.0,37.11001932367146,44.58036231884054,41.591251207729435,36.70082125603861,53.02354106280189,52.71405797101445,23.590613526570024
1436.0,60.132089148675725,67.3161834098978,,,,59.07693569738033,,0.0,2.530122401896251e-05,0.0,0.0,0.0,0.0001,0.0,37.116405797101415,44.57383091787436,41.59463285024151,36.691415458937165,53.025289855072415,52.71120289855068,23.608009661835727
1438.0,60.11746282737712,67.27131773564875,,,,59.065049871233555,,0.0,0.000360621228297077,0.0,0.0,0.0,2.6252514468615386e-05,0.0,37.12219323671494,44.568299516908176,41.5979178743961,36.684381642512044,53.0264057971014,52.70751207729464,23.626811594202877
1440.0,60.1032887400898,67.22652097569747,,,,59.053318749683086,,0.0,8.615706446280987e-05,0.0,0.0,0.0,0.0001,0.0,37.12438164251204,44.56486956521735,41.599884057970975,36.67888405797098,53.025763285024105,52.70466666666662,23.64685024154587
1442.0,60.08866850530125,67.18181612342536,,,,59.0413212531515,,0.0,1.2999987200000002e-05,0.0,0.0,0.0,0.0001870000128,0.0,37.121797101449246,44.56526086956518,41.60230917874392,36.67596135265698,53.028188405797046,52.703743961352615,23.668053140096596
1444.0,60.074306256020876,67.13704990422312,,,,59.02945066883499,,0.0,0.00018671329225739333,0.0,0.0,0.0,0.0002601398767721799,0.0,37.116869565217364,44.56701932367145,41.605144927536195,36.67487439613524,53.03363285024149,52.702821256038604,23.695951690821236
1446.0,60.059890201487434,67.09248254186825,,,,59.017790307725235,,8.566946276150629e-05,0.0018277197924686192,0.0,0.0,0.0,0.0001856694627615063,0.0,37.11020289855069,44.567120772946815,41.60834299516904,36.6755024154589,53.041444444444394,52.703628019323624,23.72850724637679
1448.0,60.04546378456282,67.04832643017949,,,,59.006148835075976,,2.5896395447686492e-05,0.0,0.0,0.0,0.0,0.0001,0.0,37.10362318840576,44.56311111111106,41.613077294685944,36.6752946859903,53.0497632850241,52.70794202898546,23.757971014492732
1450.0,60.03108438517544,67.00443214590759,,,,58.994406446478756,,1.3559321168697353e-05,0.00014067796350609204,0.0,0.0,0.0,0.00011355932116869735,0.0,37.09778260869562,44.55853623188401,41.617521739130396,36.67347826086953,53.05428502415454,52.71276328502411,23.780487922705294
1452.0,60.016572544662495,66.9607092775609,,,,58.98284337422058,,0.0,5.590956174533605e-05,0.0,0.0,0.0,0.00011397739043633402,0.0,37.09155555555552,44.550879227053095,41.62045410628015,36.66983574879224,53.05669082125599,52.716917874396096,23.7942222222222
1454.0,60.00213810469802,66.91746605040505,,,,58.97140214539791,,0.0,0.0001,0.0,0.0,0.0,0.00014082663225806452,0.0,37.08503864734296,44.53757487922701,41.62182608695648,36.66227536231881,53.05861352657,52.722231884057926,23.795086956521715
1456.0,59.98812560073684,66.87373945328727,,,,58.959804129710705,,0.0,1.3353407228915666e-05,0.0,0.0,0.0,0.000140060221686747,0.0,37.077106280193206,44.518961352656966,41.62398550724634,36.65165700483089,53.060463768115895,52.729927536231834,23.782125603864714
1458.0,59.974370804345504,66.83056910989838,,,,58.94855121058125,,0.0,0.0005585040786885246,0.0,0.0,0.0,0.0003,0.0,37.068410628019286,44.49704347826083,41.625057971014456,36.638173913043445,53.06203381642507,52.73762318840574,23.758685990338144
1460.0,59.960574919597654,66.78764817112857,,,,58.937564960544904,,0.0,0.0008738738819540256,0.0,0.0,0.0,0.0003,0.0,37.05955555555552,44.47488888888885,41.62316908212557,36.62440096618354,53.06428985507241,52.74415942028981,23.72456038647341
1462.0,59.9470197829612,66.74495436396246,,,,58.92628766887993,,2.8225806451612895e-05,0.00035766129032258065,0.0,0.0,0.0,8.588709677419356e-05,0.0,37.04987439613523,44.45359420289851,41.62127053140093,36.611690821256005,53.06937198067628,52.750202898550675,23.681429951690802
1464.0,59.93348889469136,66.70210035083075,,,,58.915361808935806,,8.571428571428571e-05,0.00017142857142857143,0.0,0.0,0.0,0.00012857142857142858,0.0,37.04042995169079,44.43650724637676,41.619917874396094,36.5971256038647,53.07514975845406,52.752801932367106,23.631676328502394
1466.0,59.91984487205124,66.65932253996483,,,,58.904196242083806,,0.0,0.0,0.0,0.0,0.0,0.0003564229059288538,0.0,37.03341062801929,44.42562318840575,41.61911111111107,36.58373913043474,53.0812367149758,52.75260869565213,23.57171497584539
1468.0,59.906029623763374,66.61649237426181,,,,58.893078426824445,,0.0,1.4752470780511145e-05,0.0,0.0,0.0,0.00021475247078051117,0.0,37.02913043478257,44.42041062801928,41.61829468599029,36.57081642512074,53.0889903381642,52.74962318840575,23.5033913043478
1470.0,59.89199260019224,66.57362718675968,,,,58.88221745711222,,0.0,0.0,0.0,0.0,0.0,8.42785972323476e-05,0.0,37.02968115942026,44.4226714975845,41.616961352656965,36.55932367149755,53.10037198067627,52.74501932367144,23.43332850241544
1472.0,59.87780485088338,66.53150945809014,,,,58.87135394295901,,0.0,0.00011301300270119773,0.0,0.0,0.0,0.0001,0.0,37.03593236714973,44.43293719806759,41.61647826086953,36.553734299516876,53.11377294685985,52.740574879227005,23.365719806763263
1474.0,59.86341982768323,66.48997497418127,,,,58.860098578601395,,0.0,0.00013982034520659101,0.0,0.0,0.0,0.0003,0.0,37.04570531400963,44.4504830917874,41.61586473429948,36.554821256038615,53.124584541062745,52.73506763285019,23.301169082125583
1476.0,59.84905750453918,66.44922534491205,,,,58.84906113703689,,8.290598186703023e-05,0.00023675214506375816,0.0,0.0,0.0,0.0002829059818670302,0.0,37.057946859903346,44.473932367149715,41.61541062801928,36.562705314009634,53.13542028985503,52.729719806763235,23.240342995169062
1478.0,59.83468997049213,66.40921584563684,,,,58.837761258824194,,0.0,0.0001408867536780767,0.0,0.0,0.0,2.8177350735615323e-05,0.0,37.073903381642474,44.50368599033813,41.61302415458933,36.574410628019294,53.14706763285019,52.7251980676328,23.184608695652155
1480.0,59.82047944212494,66.37009518180764,,,,58.8265488398457,,0.0,0.00018704453441295546,0.0,0.0,0.0,0.0003870445344129555,0.0,37.094724637681125,44.54197101449271,41.60966183574875,36.59108695652171,53.16158454106276,52.72226570048304,23.134241545893698
1482.0,59.8062541915193,66.3311786895447,,,,58.815008864311686,,0.0,0.0005370048100789296,0.0,0.0,0.0,0.0001,0.0,37.12028985507243,44.58501449275358,41.6051062801932,36.61500966183572,53.17872946859898,52.71938647342991,23.09143961352655
1484.0,59.79217595870863,66.29279454146524,,,,58.80382717485798,,0.0,0.00016630106057500713,0.0,0.0,0.0,8.673978788499859e-05,0.0,37.14860386473426,44.63086956521735,41.59614009661832,36.64418357487919,53.19230917874391,52.71389855072459,23.05606763285022
1486.0,59.77835387614006,66.25459940345824,,,,58.79284537975,,0.0,0.0002,0.0,0.0,0.0,0.0001132999936,0.0,37.17574879227049,44.677541062801886,41.58559420289852,36.67656521739127,53.201574879227,52.70741062801928,23.02803864734297
1488.0,59.764442492959226,66.2166420698251,,,,58.78189039376024,,0.0,0.0005916827244338599,0.0,0.0,0.0,0.0001,0.0,37.20248792270528,44.72720772946856,41.57329951690818,36.712458937198036,53.21060386473425,52.701579710144884,23.007265700483067
1490.0,59.75033127223209,66.1788803559427,,,,58.77085501428261,,0.0,0.0004,0.0,0.0,0.0,0.0001,0.0,37.23126570048306,44.77839613526565,41.55973913043475,36.7508985507246,53.221125603864685,52.69266666666662,22.997884057970992
1492.0,59.73673106661549,66.14119924879678,,,,58.759868291060464,,1.357779432009796e-05,0.0003728444113598041,0.0,0.0,0.0,0.00011357779432009796,0.0,37.26447826086953,44.82415458937194,41.545444444444406,36.79269565217388,53.22769565217386,52.6799323671497,22.997980676328485
1494.0,59.72306533160943,66.10386492994665,,,,58.74895655549868,,0.0,0.00011527236731517509,0.0,0.0,0.0,0.00013054473463035017,0.0,37.300299516908176,44.864086956521696,41.53039130434779,36.83561352657002,53.22969565217387,52.66681159420285,22.998289855072443
1496.0,59.709650878294305,66.06671543232956,,,,58.738042322290845,,1.3786201880436484e-05,2.7572403760872968e-05,0.0,0.0,0.0,0.00034485519247825407,0.0,37.33690338164248,44.89890821256034,41.513381642512044,36.8761449275362,53.22763285024149,52.65246859903377,22.99654106280191
1498.0,59.696565791915994,66.02946348911983,,,,58.727395404676585,,8.631369183224404e-05,0.00034525476732897615,0.0,0.0,0.0,0.00021368630816775598,0.0,37.374859903381605,44.92623671497581,41.494439613526524,36.914908212560356,53.220710144927494,52.636019323671455,22.99439613526568
1500.0,59.68319239430785,65.99230967664198,,,,58.71669586568881,,0.0,0.0,0.0,0.0,0.0,0.0001679845521185786,0.0,37.41291304347823,44.944816425120734,41.474811594202855,36.95120289855068,53.212908212560336,52.62075362318836,22.990879227053117
1502.0,59.670255579468005,65.95492972098276,,,,58.70609358875124,,0.0,2.605208189846342e-05,0.0,0.0,0.0,8.69739590507683e-05,0.0,37.44980676328499,44.95694685990334,41.45639613526566,36.984835748792236,53.20458937198063,52.608739130434735,22.982425120772927
1504.0,59.65724640392021,65.9174770979676,,,,58.69515800692263,,0.0,0.00011351351905418898,0.0,0.0,0.0,0.00028648648094581103,0.0,37.48428502415455,44.9624830917874,41.43814009661832,37.01673913043475,53.19311594202894,52.59904347826082,22.96953140096616
1506.0,59.64414877789406,65.88026281547877,,,,58.68468409711075,,8.414396264591441e-05,0.0,0.0,0.0,0.0,0.0001,0.0,37.5169178743961,44.963106280193195,41.41721256038643,37.045971014492714,53.180676328502365,52.591352657004784,22.954362318840555
1508.0,59.63122666513769,65.84276854179346,,,,58.67415403517348,,0.0,8.57569657370518e-05,0.0,0.0,0.0,0.0001857569657370518,0.0,37.545879227053106,44.96297584541059,41.395608695652136,37.073367149758425,53.170062801932325,52.58352657004826,22.939589371980652
1510.0,59.61792559883976,65.8049303600607,,,,58.66335024990026,,0.0,5.765405743510872e-05,0.0,0.0,0.0,0.00018558648564122283,0.0,37.57116908212557,44.96761835748788,41.37410144927532,37.09976328502412,53.162289855072416,52.57398067632845,22.92540579710143
1512.0,59.60437136668183,65.76643638473999,,,,58.65271698819764,,0.0,0.00018261287731721824,0.0,0.0,0.0,0.0002669548490731127,0.0,37.594613526570015,44.97981642512074,41.3534637681159,37.12543961352653,53.16026086956517,52.565304347826036,22.91074879227051
1514.0,59.590836558776346,65.72768224724632,,,,58.641836214217115,,0.0,0.0002,0.0,0.0,0.0,0.00011465346348946206,0.0,37.61686473429948,44.993594202898514,41.334468599033784,37.152599033816394,53.16397584541058,52.56008695652169,22.896951690821236
1516.0,59.57728549835436,65.68943390539427,,,,58.63132308236694,,8.501983492063493e-05,8.501983492063493e-05,0.0,0.0,0.0,0.0002,0.0,37.63679710144924,45.004995169082086,41.31606280193233,37.178144927536195,53.16930917874391,52.55857004830913,22.88660386473428
1518.0,59.5636571059921,65.65133182677091,,,,58.62071832097361,,0.0,0.0003583333135802469,0.0,0.0,0.0,0.00011388889547325103,0.0,37.653285024154556,45.01560386473426,41.29836714975842,37.20334782608692,53.17580193236711,52.55926570048304,22.879980676328483
1520.0,59.54999125113616,65.61359315148053,,,,58.61014444116562,,0.0,0.0003448834888829349,0.0,0.0,0.0,0.0001,0.0,37.66820289855069,45.025879227053096,41.28145410628015,37.230845410627985,53.182391304347775,52.561956521739084,22.879280193236692
1522.0,59.53636721584351,65.57627127821334,,,,58.59981623888077,,0.0,0.0002,0.0,0.0,0.0,0.0001272272254829405,0.0,37.68282125603861,45.03637681159416,41.26657004830914,37.25864251207726,53.18984057971009,52.56769565217387,22.88376328502413
1524.0,59.52279162322806,65.53948839988895,,,,58.589698367554625,,0.0,0.00022608694526750708,0.0,0.0,0.0,8.695652736624647e-05,0.0,37.69845893719803,45.04531884057967,41.25496135265697,37.28311111111108,53.199565217391246,52.57336231884053,22.887260869565196
1526.0,59.50920626489422,65.50275898405404,,,,58.57922530181393,,0.0,0.0,0.0,0.0,0.0,0.00012730092890666034,0.0,37.71530917874392,45.049753623188366,41.24365217391301,37.302545893719774,53.208806763284976,52.576439613526524,22.887729468599012
1528.0,59.49540748796389,65.46630143830743,,,,58.56914891601358,,0.0,2.7939709559656865e-05,0.0,0.0,0.0,8.603014522017157e-05,0.0,37.73061352657002,45.04911111111107,41.233888888888856,37.31894202898547,53.214806763284976,52.576758454106226,22.887202898550704
1530.0,59.481469104240674,65.42962749202495,,,,58.559011445939845,,1.2562806830131014e-05,0.00034974877267947594,0.0,0.0,0.0,0.0001,0.0,37.74466183574876,45.0415024154589,41.22509178743957,37.33012077294682,53.21593236714971,52.57344927536227,22.885777777777754
1532.0,59.46737991342775,65.39300645750123,,,,58.549236750820825,,8.55809062240664e-05,0.0003567427186721992,0.0,0.0,0.0,0.0,0.0,37.75896618357484,45.02971980676324,41.216681159420254,37.33390338164248,53.21589855072459,52.567371980676285,22.88405797101447
1534.0,59.45315350555365,65.35624648531675,,,,58.53947386131697,,0.0,0.0001717693618424669,0.0,0.0,0.0,0.0001282306381575331,0.0,37.77326086956518,45.019458937198024,41.211125603864694,37.33411111111108,53.214149758454056,52.561164251207686,22.884391304347805
1536.0,59.43892966000681,65.31991897498624,,,,58.529556110366684,,0.0,3.0048757388410222e-05,0.0,0.0,0.0,3.0048757388410222e-05,0.0,37.78793236714972,45.01276328502411,41.204893719806726,37.33273913043475,53.20951207729464,52.552637681159375,22.88607729468597
1538.0,59.4249123306998,65.28361781059205,,,,58.51976363032892,,1.5984017005971116e-05,0.0001,0.0,0.0,0.0,0.0,0.0,37.80401932367146,45.0092946859903,41.1975024154589,37.32817874396132,53.20198550724633,52.53838164251203,22.8902415458937
1540.0,59.411106339059565,65.24765942041572,,,,58.509889154443755,,1.3858430222393286e-05,0.0,0.0,0.0,0.0,0.0001,0.0,37.820782608695616,45.006333333333295,41.1902946859903,37.32064734299514,53.18969565217386,52.52097101449271,22.893183574879206
1542.0,59.397025578592114,65.21195197922013,,,,58.49991943381293,,0.0,0.0001863000064,0.0,0.0,0.0,0.0001726000128,0.0,37.83687922705311,45.002985507246336,41.18161352657001,37.30914009661832,53.174927536231834,52.50353623188401,22.89358454106278
1544.0,59.3831174643342,65.1760928475594,,,,58.48988599536303,,0.0,8.42207130974086e-05,0.0,0.0,0.0,0.00011577928690259141,0.0,37.85518840579706,44.997120772946815,41.17102415458933,37.29565217391301,53.16112560386469,52.48677777777773,22.893062801932345
1546.0,59.369245362210755,65.14043056486508,,,,58.47981276252866,,5.282260645161288e-05,0.00011320565161290323,0.0,0.0,0.0,2.641130322580644e-05,0.0,37.87436714975842,44.98710144927532,41.158695652173876,37.281560386473394,53.14868599033812,52.47017391304343,22.893140096618335
1548.0,59.35521333801875,65.10480341945714,,,,58.46939618877701,,0.0,0.0002,0.0,0.0,0.0,0.0001,0.0,37.89307246376808,44.98019323671493,41.14357487922702,37.26701932367146,53.139797101449226,52.45436231884053,22.8940338164251
1550.0,59.34152628909278,65.0698958388992,,,,58.45900677780966,,0.0,2.6826850733815365e-05,0.0,0.0,0.0,1.3413425366907682e-05,0.0,37.911135265700445,44.982975845410586,41.1245603864734,37.256405797101415,53.135439613526515,52.441106280193196,22.89648309178742
1552.0,59.3277587194696,65.03524343687697,,,,58.44833988042842,,1.4062506666666666e-05,8.593749333333333e-05,0.0,0.0,0.0,0.0002718749866666667,0.0,37.928338164251166,44.99726570048305,41.103502415458905,37.252318840579676,53.13237198067628,52.43269082125599,22.903623188405774
1554.0,59.31423959979536,65.00060335423439,,,,58.43796736891925,,1.344033121309569e-05,0.0002731193375738086,0.0,0.0,0.0,0.00017311933757380862,0.0,37.94563768115938,45.022642512077255,41.08159903381639,37.25380193236712,53.1327826086956,52.42952657004826,22.91197101449273
1556.0,59.30081132309173,64.96627739363512,,,,58.42726119539613,,0.0,0.0001,0.0,0.0,0.0,0.00021378620188043648,0.0,37.962164251207696,45.05465700483088,41.058826086956486,37.26116908212557,53.14008212560382,52.43014975845406,22.921681159420267
1558.0,59.28716525567716,64.93208571266635,,,,58.41655686840733,,0.0,2.9599179747530847e-05,0.0,0.0,0.0,0.0001,0.0,37.978874396135225,45.09143478260866,41.03454106280189,37.27478260869562,53.156570048309135,52.4360483091787,22.934685990338142
1560.0,59.273713730739914,64.89786769324081,,,,58.40601943191243,,8.532020057288524e-05,0.0009119212034373114,0.0,0.0,0.0,0.00027064040114577046,0.0,37.99555072463764,45.12754589371976,41.009879227053105,37.29444927536228,53.17681642512073,52.449265700483046,22.949217391304327
1562.0,59.26061722807828,64.86398004958996,,,,58.395341763536386,,0.0,5.5213527374711285e-05,0.0,0.0,0.0,1.3803381843677821e-05,0.0,38.01202415458934,45.15752657004827,40.987149758454066,37.31881642512074,53.192995169082074,52.46819323671493,22.96336231884056
1564.0,59.24718104534213,64.82984848256648,,,,58.38499545152434,,0.0,3.4174753034593796e-05,0.0,0.0,0.0,0.0001170873765172969,0.0,38.02817391304344,45.182468599033776,40.966835748792235,37.34353140096615,53.206835748792216,52.490570048309124,22.977410628019303
1566.0,59.23402182606496,64.79581119146431,,,,58.37453685371739,,0.0,0.0005713721727224275,0.0,0.0,0.0,0.0001,0.0,38.04392753623185,45.20217874396131,40.949420289855034,37.36844927536228,53.22174879227048,52.51464251207724,22.99507729468597
1568.0,59.22088906514809,64.76174859076376,,,,58.36466473441506,,0.0,8.64e-05,0.0,0.0,0.0,0.00011360000000000001,0.0,38.0610869565217,45.217637681159374,40.935386473429915,37.393376811594166,53.23622222222217,52.54156038647338,23.022425120772922
1570.0,59.20742298320821,64.72785713143547,,,,58.35475875563406,,0.0,0.0,0.0,0.0,0.0,0.0001,0.0,38.07728019323668,45.230444444444394,40.92521739130431,37.41442028985504,53.24986956521733,52.57177294685985,23.05713526570046
1572.0,59.193894144123725,64.69403578428633,,,,58.34464652098663,,0.0,0.00027291874864553687,0.0,0.0,0.0,4.062187703169469e-05,0.0,38.09257971014489,45.237420289855024,40.917570048309145,37.431811594202856,53.26465217391299,52.60325120772942,23.094603864734278
1574.0,59.1805465119313,64.6602414183307,,,,58.33458684353383,,0.0,0.0,0.0,0.0,0.0,0.00011424303426294822,0.0,38.10645410628016,45.23543478260865,40.91349758454103,37.446908212560345,53.276434782608646,52.63696618357483,23.132753623188382
1576.0,59.16695382692207,64.62672968196209,,,,58.324577430803515,,0.0,8.260037230129288e-05,0.0,0.0,0.0,0.0002,0.0,38.11714975845407,45.22561352657001,40.91405314009658,37.45740096618354,53.28524154589367,52.672096618357436,23.169589371980656
1578.0,59.15292382276851,64.59277856437689,,,,58.3143219489926,,0.0,0.0004156435750471509,0.0,0.0,0.0,0.0001,0.0,38.12651690821252,45.2066714975845,40.9160676328502,37.46214009661833,53.29587439613521,52.70786956521734,23.208053140096595
1580.0,59.13919114285357,64.55909591869785,,,,58.30426114538256,,0.0,0.00022797617777777778,0.0,0.0,0.0,0.00025803573333333334,0.0,38.135183574879186,45.18091304347822,40.92059420289851,37.46475362318837,53.30953140096613,52.745400966183524,23.250072463768095
1582.0,59.12544889725007,64.52554057644451,,,,58.29429763769701,,0.0,0.00011462450592885376,0.0,0.0,0.0,1.4624505928853759e-05,0.0,38.14317391304344,45.15419806763281,40.926859903381605,37.46764734299514,53.322028985507195,52.78229951690817,23.29059420289853
1584.0,59.11174491819714,64.4921456733387,,,,58.28438381375146,,0.0,0.0,0.0,0.0,0.0,0.0002,0.0,38.14990821256035,45.1268599033816,40.931043478260825,37.470227053140064,53.33345410628014,52.814492753623135,23.320536231884034
1586.0,59.09829489100626,64.45873361621568,,,,58.27423619650641,,0.0,0.000348605603187251,0.0,0.0,0.0,8.715140079681275e-05,0.0,38.15541062801929,45.10214975845406,40.93532367149755,37.47129468599031,53.34332367149753,52.8367826086956,23.33689855072462
1588.0,59.08434964716733,64.42548266762168,,,,58.26397113821337,,0.0,0.0001,0.0,0.0,0.0,0.00018599604437130802,0.0,38.15786473429948,45.08385507246373,40.93883091787436,37.470826086956485,53.34998067632846,52.848830917874345,23.34023671497582
1590.0,59.07035537399002,64.39258181418595,,,,58.25375047369025,,8.569969449971354e-05,0.00042860061100057295,0.0,0.0,0.0,0.0001,0.0,38.160231884057936,45.069729468598986,40.939473429951654,37.47179710144924,53.35603864734295,52.854555555555514,23.333454106280172
1592.0,59.0566839595712,64.35966793530541,,,,58.24356248025215,,0.0,0.00011334662289169776,0.0,0.0,0.0,0.0001,0.0,38.16604347826083,45.056956521739096,40.936937198067604,37.475405797101416,53.364207729468546,52.85431884057966,23.32005797101447
1594.0,59.042901395057235,64.32705780716381,,,,58.23335088126299,,0.0,0.00011345962665860807,0.0,0.0,0.0,0.00011345962665860807,0.0,38.17217874396132,45.05307246376808,40.93085990338161,37.48234299516905,53.37434299516903,52.84614975845406,23.3030338164251
1596.0,59.029002260214845,64.29480153939141,,,,58.22293566776785,,0.0,1.4735765853658539e-05,0.0,0.0,0.0,0.00018526423414634148,0.0,38.18034299516905,45.06645893719802,40.92265700483088,37.493444444444414,53.384048309178695,52.83299999999995,23.280019323671475
1598.0,59.01559236355264,64.26311710650198,,,,58.21254800970778,,1.3717682858711143e-05,0.0002274353657174223,0.0,0.0,0.0,0.0002588469514238666,0.0,38.193463768115905,45.093183574879184,40.9125217391304,37.5072946859903,53.391024154589324,52.81734782608691,23.251700483091767
1600.0,59.00229079262326,64.23144584022782,,,,58.20214749776859,,0.0,0.0004317953817802452,0.0,0.0,0.0,0.00015456369457580386,0.0,38.21091304347822,45.12601449275358,40.90369565217388,37.52262318840576,53.39481159420285,52.79759420289851,23.220555555555535
1602.0,58.98863549143572,64.20033910083572,,,,58.19202070140757,,8.6302788132463e-05,0.000345211152529852,0.0,0.0,0.0,0.000186302788132463,0.0,38.23093719806759,45.1578792270531,40.894642512077255,37.53765217391301,53.397999999999946,52.77345893719802,23.182980676328484
1604.0,58.97521517617215,64.16946674181699,,,,58.181755246149876,,0.0,0.0002157480818897638,0.0,0.0,0.0,0.00011446851023622048,0.0,38.25183091787436,45.1804830917874,40.88082608695649,37.55065217391301,53.3983864734299,52.7459323671497,23.144420289855052
1606.0,58.96189401006275,64.1385631191626,,,,58.17136285166825,,0.0,0.0,0.0,0.0,0.0,0.0001845703,0.0,38.27311111111107,45.19324637681155,40.8643140096618,37.56171980676325,53.39376811594198,52.71605314009658,23.10857487922703
1608.0,58.94890276331016,64.1077538073943,,,,58.16122504367872,,9.333325981537018e-05,0.00022666664566153434,0.0,0.0,0.0,0.00018666667716923284,0.0,38.2942946859903,45.198429951690784,40.848951690821224,37.57217391304344,53.381859903381596,52.68490821256033,23.072623188405775
1610.0,58.93619440141632,64.07700745277302,,,,58.150892325839045,,1.317365101174917e-05,5.269460404699668e-05,0.0,0.0,0.0,0.00018682634898825083,0.0,38.3148985507246,45.19937198067628,40.83558454106276,37.579729468599,53.36572463768111,52.652410628019275,23.040492753623166
1612.0,58.92291895635361,64.04661921948751,,,,58.14070203201105,,0.0,0.002045144918028754,0.0,0.0,0.0,0.0001,0.0,38.334439613526534,45.196932367149714,40.82328019323667,37.581497584541026,53.3496328502415,52.61725120772942,23.015589371980656
1614.0,58.91007333309523,64.01637180374401,,,,58.130615224923545,,0.0,0.0003454919344262296,0.0,0.0,0.0,0.00011454919344262297,0.0,38.351212560386436,45.19074879227049,40.81232850241542,37.58063768115939,53.33311111111106,52.58289855072459,22.99897101449273
1616.0,58.89711739266122,63.9861657048295,,,,58.12049219370373,,0.0,0.00043443440660280083,0.0,0.0,0.0,0.00021311311867943986,0.0,38.36651207729465,45.184111111111065,40.80424154589368,37.57796135265697,53.31578260869559,52.553376811594156,22.99109178743959
1618.0,58.88392401641199,63.95586415289769,,,,58.11007777512651,,0.0,0.0001,0.0,0.0,0.0,0.000360298524038911,0.0,38.38102898550721,45.173705314009624,40.79753140096614,37.57137681159417,53.298541062801874,52.52966183574874,22.98927536231882
1620.0,58.87106186083953,63.925824960826716,,,,58.09957149505536,,0.0,1.3636354437654876e-05,0.0,0.0,0.0,0.0001,0.0,38.39428019323668,45.15683574879223,40.7913140096618,37.56071497584538,53.28355072463763,52.513299516908155,22.994888888888866
1622.0,58.85852227232173,63.895919799792786,,,,58.08922064624986,,0.0,0.0001,0.0,0.0,0.0,0.0003128742467543948,0.0,38.404608695652136,45.133202898550685,40.78770531400962,37.54468115942026,53.2675942028985,52.50335748792266,23.006676328502394
1624.0,58.84556492946288,63.86604081671211,,,,58.0787730132611,,8.638171437063563e-05,2.723657125872876e-05,0.0,0.0,0.0,0.0001,0.0,38.41157971014489,45.102507246376774,40.78516908212557,37.522647342995135,53.252328502415416,52.498806763284975,23.0256183574879
1626.0,58.83246061693545,63.835847246716334,,,,58.06843821434967,,0.0,0.00011621880583110092,0.0,0.0,0.0,0.0003837811941688991,0.0,38.41658454106276,45.066323671497535,40.78334299516904,37.49708212560383,53.24066666666661,52.50334782608691,23.05375845410626
1628.0,58.819704237050125,63.80613404229778,,,,58.05802170806892,,0.0,0.0,0.0,0.0,0.0,0.0001135912634920635,0.0,38.41984057971011,45.027579710144884,40.78364251207726,37.46998067632847,53.23074396135261,52.51575845410623,23.08573913043476
1630.0,58.806731567077385,63.7760606336104,,,,58.04782036005572,,1.3505460909285507e-05,8.64945390907145e-05,0.0,0.0,0.0,0.0001,0.0,38.42161352657001,44.98881159420286,40.784434782608656,37.44048309178741,53.22131400966179,52.53228985507242,23.119642512077274
1632.0,58.79372338795777,63.74614714309849,,,,58.03754969030119,,0.0,3.2463766108520736e-05,0.0,0.0,0.0,0.0002837681169457396,0.0,38.420391304347795,44.95340096618354,40.78526086956518,37.407874396135234,53.21108212560382,52.55266666666662,23.152753623188385
1634.0,58.78085328551648,63.7164128119592,,,,58.02696988997797,,0.0,0.0,0.0,0.0,0.0,0.0001,0.0,38.41588405797098,44.92436714975841,40.78743961352653,37.37214009661833,53.19926086956517,52.57586473429947,23.185246376811573
1636.0,58.76767920275817,63.68705914788377,,,,58.016464237731185,,0.0,0.00017294588242778262,0.0,0.0,0.0,8.647294121389131e-05,0.0,38.409628019323634,44.89887439613523,40.78924154589368,37.3339178743961,53.18734782608691,52.60258937198063,23.223328502415438
1638.0,58.754628693438974,63.6579575576849,,,,58.0064722417238,,0.0,8.173258988867374e-05,0.0,0.0,0.0,0.00021826741011132626,0.0,38.405637681159384,44.87048309178739,40.790111111111074,37.29444927536228,53.1797439613526,52.63475362318835,23.26425603864732
1640.0,58.7417516582038,63.62883262453168,,,,57.99628946523923,,1.363636833792409e-05,0.0001863636316620759,0.0,0.0,0.0,0.0001,0.0,38.40380193236711,44.84105314009658,40.791270531400926,37.25614975845407,53.17776811594197,52.67131884057966,23.30360386473428
1642.0,58.72871512474492,63.599652262800916,,,,57.98612150379199,,0.0,0.0003086913156406036,0.0,0.0,0.0,1.358641445507545e-05,0.0,38.40045410628016,44.81707729468595,40.792719806763245,37.218956521739095,53.17726086956517,52.70769082125599,23.338821256038624
1644.0,58.71573713518932,63.57115005824501,,,,57.97582034745682,,0.0,6.035501195802914e-05,0.0,0.0,0.0,8.491124701049272e-05,0.0,38.39797584541059,44.799473429951654,40.79445893719803,37.1821062801932,53.17945893719802,52.741101449275305,23.369183574879205
1646.0,58.702767351252724,63.54266457517382,,,,57.9655709355088,,4.2857165408898844e-05,7.142860901483138e-05,0.0,0.0,0.0,8.571427819703371e-05,0.0,38.398748792270496,44.785425120772906,40.7977101449275,37.14713526570045,53.18559903381637,52.770560386473385,23.397618357487904
1648.0,58.689784550076766,63.51415030037329,,,,57.95529170363926,,8.545817637180593e-05,0.0,0.0,0.0,0.0,0.00034183270548722374,0.0,38.399724637681125,44.772589371980644,40.801917874396096,37.11670531400963,53.18968115942024,52.795028985507194,23.423483091787418
1650.0,58.676452721379825,63.485868465178285,,,,57.94504756694267,,0.0,0.00011421471628281941,0.0,0.0,0.0,8.57852837171806e-05,0.0,38.40025120772943,44.75847826086952,40.80352657004827,37.08920772946857,53.18986473429947,52.81402415458932,23.44557971014491
1652.0,58.6635786221513,63.45739113034679,,,,57.93453082316535,,1.3817102019295169e-05,2.7634204038590338e-05,0.0,0.0,0.0,0.0001,0.0,38.401454106280156,44.739840579710105,40.80320289855068,37.06358937198064,53.18960869565212,52.82761835748788,23.465772946859882
1654.0,58.65085750571081,63.42917548720202,,,,57.92421074748939,,0.0,1.408731428571429e-05,0.0,0.0,0.0,0.0003,0.0,38.40323671497581,44.71869565217387,40.80343961352653,37.04235265700479,53.192275362318796,52.83583574879223,23.48176811594201
1656.0,58.6381857504909,63.40144847977447,,,,57.91396338140373,,0.0,0.0,0.0,0.0,0.0,0.0001,0.0,38.40428019323668,44.701777777777735,40.803159420289816,37.026729468599,53.198782608695595,52.838652173913,23.48954106280191
1658.0,58.6253437216459,63.37358975958808,,,,57.903549956377304,,0.0,1.720841510772193e-05,0.0,0.0,0.0,0.0002,0.0,38.406265700483054,44.693995169082086,40.80011111111107,37.01485507246373,53.210666666666626,52.8372173913043,23.491816425120753
1660.0,58.61249500517294,63.345972021842016,,,,57.89338254945668,,0.0,8.570020174519312e-05,0.0,0.0,0.0,0.0,0.0,38.40904830917871,44.691826086956475,40.79626570048305,37.00776811594199,53.225256038647295,52.833903381642465,23.487241545893696
1662.0,58.60022000618582,63.31799162481372,,,,57.88358057013731,,0.0,1.3572856025275026e-05,0.0,0.0,0.0,1.3572856025275026e-05,0.0,38.41126086956518,44.69414492753619,40.792990338164216,37.00758454106277,53.23987922705309,52.8311787439613,23.475260869565194
1664.0,58.58798860475319,63.29033324126152,,,,57.87357874779204,,8.3655710162409e-05,0.000167311420324818,0.0,0.0,0.0,4.903286951277303e-05,0.0,38.41636231884054,44.70277777777774,40.78865217391301,37.012671497584506,53.25546859903377,52.828657004830866,23.457942028985485
1666.0,58.575729235897796,63.26251314018911,,,,57.86386324301242,,8.543111635007499e-05,0.0001,0.0,0.0,0.0,0.00011456888364992502,0.0,38.42298550724634,44.7140096618357,40.781618357487886,37.023695652173885,53.272956521739076,52.82492270531396,23.436371980676302
1668.0,58.563678041286195,63.23508116641761,,,,57.854083881306266,,1.3373264559103925e-05,5.34930582364157e-05,0.0,0.0,0.0,2.674652911820785e-05,0.0,38.42915942028982,44.73125120772943,40.77447826086953,37.03940096618354,53.29271980676323,52.81930917874391,23.41065700483089
1670.0,58.55167008023568,63.208066567210665,,,,57.8444608515563,,0.0,0.0002831739982349218,0.0,0.0,0.0,8.317399823492183e-05,0.0,38.43713526570045,44.75783091787435,40.76864734299513,37.05903864734296,53.31035748792266,52.81246859903376,23.37804830917872
1672.0,58.539422742001705,63.18121637482086,,,,57.834749271054086,,0.0,1.4697119224810698e-05,0.0,0.0,0.0,2.9394238449621397e-05,0.0,38.4461642512077,44.78859903381638,40.762589371980646,37.08236714975842,53.323294685990284,52.804545893719755,23.340115942028966
1674.0,58.527566839815606,63.15478604451664,,,,57.82520178403281,,0.0001,0.0004859405831679261,0.0,0.0,0.0,1.4059416832073907e-05,0.0,38.454323671497555,44.821405797101406,40.756038647342955,37.10844444444441,53.332560386473375,52.796386473429905,23.30030434782606
1676.0,58.51556391991693,63.12883581492552,,,,57.81555975794502,,0.0,1.6094208998989815e-05,0.0,0.0,0.0,0.00016781158200202039,0.0,38.460294685990306,44.852227053140055,40.74755555555552,37.134405797101415,53.33673913043474,52.78648792270526,23.260932367149735
1678.0,58.503760007559976,63.10307882168452,,,,57.80618376026894,,0.0,0.00035935285076264177,0.0,0.0,0.0,2.709809949157219e-05,0.0,38.46575845410625,44.87876811594198,40.737526570048274,37.1590676328502,53.3349710144927,52.77639613526565,23.22258937198065
1680.0,58.49212303769754,63.07766179507535,,,,57.796691821195246,,0.0,2.6373628059852342e-05,0.0,0.0,0.0,0.00018681318597007384,0.0,38.47179227053137,44.904115942028945,40.726338164251175,37.18232367149755,53.33301449275357,52.76887922705309,23.182260869565198
1682.0,58.48027438682771,63.05249648154683,,,,57.78740725697393,,0.0,3.495703014589309e-05,0.0,0.0,0.0,0.00018252148492705345,0.0,38.47647342995166,44.92775362318836,40.71559903381639,37.20397101449272,53.333690821255985,52.764323671497536,23.13988405797099
1684.0,58.46841357151536,63.027528581727594,,,,57.77816832278381,,8.572894807668856e-05,0.0004,0.0,0.0,0.0,0.0001,0.0,38.47970531400963,44.94683091787435,40.70514009661832,37.22436231884055,53.334570048309125,52.76073429951686,23.10012560386471
1686.0,58.4567095101958,63.00272020004779,,,,57.769154248657195,,0.0,1.3473058558331838e-05,0.0,0.0,0.0,0.0001,0.0,38.48261352657001,44.963468599033774,40.6948405797101,37.24567632850238,53.33767149758449,52.75611594202895,23.06090338164249
1688.0,58.445028294450594,62.977956900086376,,,,57.759445099227385,,0.0,8.618289798070483e-05,0.0,0.0,0.0,2.7634204038590338e-05,0.0,38.48699033816422,44.97941062801929,40.68585024154586,37.26896618357485,53.33671497584536,52.75025120772942,23.01999033816423
1690.0,58.43304306925583,62.95329989103527,,,,57.74981441094126,,0.0,0.0003716649582352044,0.0,0.0,0.0,0.0001141675208823978,0.0,38.489898550724604,44.99062801932363,40.67636714975842,37.291159420289816,53.32602415458932,52.73982608695648,22.98039613526568
1692.0,58.42075988026706,62.92887682726832,,,,57.74002196867163,,0.0,0.0009226586052871609,0.0,0.0,0.0,0.00011289023245213986,0.0,38.49092753623185,44.99449275362315,40.665241545893686,37.31228019323668,53.30942995169077,52.725033816425075,22.945541062801908
1694.0,58.408377181002294,62.90408070344692,,,,57.73039272357153,,0.0,2.7524761660228224e-05,0.0,0.0,0.0,1.3762380830114112e-05,0.0,38.49036714975842,44.989647342995134,40.65314975845407,37.33240096618354,53.28814009661831,52.710797101449224,22.918700483091765
1696.0,58.39625949406025,62.87929584509271,,,,57.72071261261249,,8.618555563736999e-05,0.0002,0.0,0.0,0.0,0.00027237111127473995,0.0,38.48555555555552,44.97530434782605,40.63894202898547,37.34859420289852,53.26318357487918,52.69716425120768,22.90367149758452
1698.0,58.38392850068436,62.85459366628241,,,,57.71099094452132,,0.0,0.00022567703274155478,0.0,0.0,0.0,0.00011283851637077739,0.0,38.476879227053104,44.950579710144886,40.622642512077256,37.3591062801932,53.24092270531396,52.682961352656946,22.903647342995146
1700.0,58.37166815545844,62.82996630601672,,,,57.701195611541515,,0.0,0.0001277665774186337,0.0,0.0,0.0,0.00035835013387204947,0.0,38.463502415458905,44.9150483091787,40.606053140096584,37.365135265700445,53.22592753623183,52.67184057971009,22.914599033816405
1702.0,58.359742415473654,62.805040600570095,,,,57.691543179424144,,0.0,3.0395160744386747e-05,0.0,0.0,0.0,6.0790321488773495e-05,0.0,38.4451449275362,44.87479227053135,40.587927536231845,37.36721256038644,53.2149903381642,52.66323188405793,22.932449275362295
1704.0,58.34780830308779,62.780089083208395,,,,57.68174762717649,,0.0001,0.0004407185680758251,0.0,0.0,0.0,0.00027285428794944993,0.0,38.424478260869535,44.8376714975845,40.56819323671494,37.367647342995134,53.21039613526566,52.65839130434778,22.959038647342975
1706.0,58.335987332049456,62.754806217921605,,,,57.6721077306299,,0.0,0.00035988020632268824,0.0,0.0,0.0,0.0001401197936773118,0.0,38.405347826086924,44.80376811594199,40.54977777777774,37.36936714975842,53.21509661835744,52.65979710144922,22.991236714975823
1708.0,58.32448342226213,62.72942740538807,,,,57.66279875795389,,0.0,0.0004,0.0,0.0,0.0,0.0002,0.0,38.38799516908209,44.7732753623188,40.534434782608656,37.37357004830914,53.22366183574875,52.66510144927531,23.025149758454084
1710.0,58.31305277646495,62.70397277797808,,,,57.653491901121726,,0.0,0.0,0.0,0.0,0.0,8.6766174679637e-05,0.0,38.3721062801932,44.748323671497545,40.519743961352624,37.37915458937194,53.233710144927485,52.67313043478256,23.06091304347824
1712.0,58.30159289869556,62.6785149535113,,,,57.64429308528044,,0.0,0.0006331020453107343,0.0,0.0,0.0,0.00028662040906214686,0.0,38.35924154589368,44.72696618357484,40.50450724637677,37.38633816425117,53.246463768115895,52.68200966183569,23.098468599033794
1714.0,58.2903001917176,62.653215757803764,,,,57.63496508350692,,0.0001657088,0.0001514368,0.0,0.0,0.0,0.0001,0.0,38.34800966183572,44.71044927536228,40.49052657004827,37.394830917874366,53.26192270531395,52.689719806763236,23.14005797101447
1716.0,58.27902004647569,62.62817010972466,,,,57.625862315445225,,0.0,0.0001,0.0,0.0,0.0,0.00035857987642822896,0.0,38.338289855072425,44.700816425120735,40.47838164251204,37.40139130434779,53.278260869565166,52.69892270531396,23.1812222222222
1718.0,58.26749275309876,62.603263714358974,,,,57.616369073800264,,1.2712718304690718e-05,8.728728169530928e-05,0.0,0.0,0.0,0.0001,0.0,38.33000966183571,44.694859903381605,40.46682608695648,37.40704830917871,53.29299999999995,52.71096135265696,23.21743961352655
1720.0,58.25618491139518,62.57845484467389,,,,57.60683334893242,,0.0,8.315687649466786e-05,0.0,0.0,0.0,1.684312350533214e-05,0.0,38.32009661835745,44.689483091787395,40.45456521739126,37.41410144927533,53.307835748792215,52.72408212560381,23.25134782608694
1722.0,58.24485984532792,62.553957199001395,,,,57.59724420414681,,8.672032364164847e-05,0.00026016097092494537,0.0,0.0,0.0,0.00012655935271670306,0.0,38.309700483091746,44.685256038647296,40.44203381642508,37.42194685990335,53.3244637681159,52.73887922705309,23.28493236714974
1724.0,58.23324298791474,62.529544702125925,,,,57.58747981241069,,0.0,0.0003725099786479627,0.0,0.0,0.0,0.00018625498932398136,0.0,38.29997101449272,44.68035265700478,40.430792270531356,37.428299516908176,53.34285024154584,52.755898550724595,23.320241545893698
1726.0,58.22185697770517,62.504914521344205,,,,57.578040514565366,,1.8390804597701147e-05,0.0,0.0,0.0,0.0,7.356321839080459e-05,0.0,38.292710144927504,44.67477294685986,40.42235265700479,37.434019323671464,53.36310628019319,52.778734299516856,23.356483091787418
1728.0,58.21023421113579,62.480451694045584,,,,57.56849600008267,,0.0,0.00035701308208997256,0.0,0.0,0.0,0.00011432897263667584,0.0,38.286768115941996,44.67278743961349,40.41700483091783,37.438888888888854,53.38369565217387,52.80747342995164,23.38705797101447
1730.0,58.198149561461435,62.45596906934513,,,,57.55918336735796,,0.0,0.0004275520968913123,0.0,0.0,0.0,8.582754478985418e-05,0.0,38.28043961352654,44.67088888888885,40.41626086956518,37.441009661835714,53.39713043478256,52.838743961352606,23.407371980676306
1732.0,58.18629924079685,62.431644337274726,,,,57.54949346208095,,0.0,0.00011177643282696265,0.0,0.0,0.0,0.0001,0.0,38.27506763285021,44.66134782608692,40.418028985507206,37.43857971014489,53.39888888888884,52.86749275362313,23.419009661835727
1734.0,58.174020779663344,62.407315365448945,,,,57.5398961325395,,0.0002698461426972788,6.0307714605442315e-05,0.0,0.0,0.0,0.00011507692865136058,0.0,38.26959903381639,44.64416425120769,40.42143961352653,37.43044927536228,53.38913043478256,52.889318840579655,23.42065217391302
1736.0,58.16146548869505,62.38314833177653,,,,57.53019010341014,,0.0,0.0002,0.0,0.0,0.0,0.0,0.0,38.26175845410624,44.617318840579664,40.425623188405766,37.41546859903378,53.36602898550719,52.90525120772942,23.409855072463746
1738.0,58.14875147064107,62.35929676935852,,,,57.520563431118795,,0.0,2.8028026232438757e-05,0.0,0.0,0.0,0.0003,0.0,38.24857004830914,44.57855072463764,40.42666183574876,37.39366183574876,53.33486956521734,52.91509661835744,23.389033816425098
1740.0,58.136209613349806,62.335260981110935,,,,57.51093285934265,,0.0,3.413229238101643e-05,0.0,0.0,0.0,0.0001,0.0,38.23235748792267,44.533835748792235,40.42541545893716,37.36683091787436,53.30514492753618,52.92048792270526,23.363033816425098
1742.0,58.12374404746633,62.31144855542734,,,,57.50164380979059,,0.0,0.0002,0.0,0.0,0.0,0.0002,0.0,38.21290338164248,44.48843478260865,40.42329951690817,37.33677777777775,53.279222222222174,52.92371014492748,23.338589371980657
1744.0,58.11128315865517,62.28781333568147,,,,57.49258532080176,,0.0,0.0002597014811316573,0.0,0.0,0.0,0.0002537313584911235,0.0,38.19049758454103,44.44338647342991,40.42050724637677,37.30352657004828,53.25723188405792,52.92227053140091,23.316545893719784
1746.0,58.09889618412479,62.26423760886525,,,,57.48350297404113,,0.0,0.0001504780052952345,0.0,0.0,0.0,8.317399823492183e-05,0.0,38.168381642512045,44.39855555555552,40.417231884057934,37.26775362318837,53.240685990338115,52.91734299516903,23.293685990338144
1748.0,58.086588105318114,62.24067552053832,,,,57.47430036693576,,8.62173084867359e-05,0.0003724346169734718,0.0,0.0,0.0,0.0001862173084867359,0.0,38.1467487922705,44.35623671497581,40.41366666666663,37.230787439613486,53.22641545893715,52.91137198067628,23.267507246376788
1750.0,58.07447570485832,62.21724416459996,,,,57.46515094556657,,0.0,2.5865590111206188e-05,0.0,0.0,0.0,1.2932795055603094e-05,0.0,38.12761835748788,44.32359903381638,40.410004830917835,37.194004830917834,53.210729468598984,52.90207246376807,23.2404299516908
1752.0,58.06236463287002,62.194298832483724,,,,57.456081369017085,,0.0,0.00034541835219123506,0.0,0.0,0.0,0.0001,0.0,38.11366183574875,44.3012560386473,40.407661835748755,37.15943478260866,53.195367149758404,52.889082125603814,23.21073429951689
1754.0,58.050473375962056,62.17111834713317,,,,57.4471304858592,,0.0001,0.0003740286201680334,0.0,0.0,0.0,8.701431008401668e-05,0.0,38.10459903381639,44.287487922705274,40.407497584541034,37.127932367149725,53.18201932367144,52.87029468599029,23.171859903381616
1756.0,58.038651696481864,62.14763839448323,,,,57.438418807479124,,0.0,8.692614298747875e-05,0.0,0.0,0.0,0.0001738522859749575,0.0,38.09959420289851,44.2854637681159,40.40559420289852,37.099144927536194,53.16929468599029,52.84420772946855,23.132246376811572
1758.0,58.02673000851258,62.12459052600796,,,,57.42983393982619,,0.0,6.437123377197396e-05,0.0,0.0,0.0,0.0001514969870175792,0.0,38.09842995169078,44.28870048309175,40.40108212560383,37.07451207729465,53.15937198067628,52.81409661835743,23.097236714975825
1760.0,58.0152252386511,62.101549154977484,,,,57.42135928533894,,1.3409558540980768e-05,5.363823416392307e-05,0.0,0.0,0.0,0.0002,0.0,38.10028502415456,44.2924444444444,40.393695652173875,37.05547342995166,53.154429951690766,52.78318840579705,23.067347826086934
1762.0,58.003547769902355,62.078672887684974,,,,57.4124656445824,,0.0,0.0002,0.0,0.0,0.0,0.0,0.0,38.10311594202895,44.299623188405754,40.382550724637646,37.039246376811555,53.152473429951634,52.75166183574874,23.04554106280191
1764.0,57.9919203974255,62.05578952671098,,,,57.40326614528065,,0.0,0.0003545189476085643,0.0,0.0,0.0,1.5160350797145236e-05,0.0,38.107879227053104,44.31058937198063,40.36976328502411,37.02727053140093,53.152159420289806,52.723299516908156,23.025077294685968
1766.0,57.980428880851235,62.03314903766075,,,,57.39359337796091,,1.5173111550059351e-05,0.0016027495498492285,0.0,0.0,0.0,0.0001,0.0,38.114927536231846,44.326217391304304,40.35562318840576,37.02220772946856,53.156415458937154,52.70128019323666,23.008169082125583
1768.0,57.96894978010165,62.01064222818194,,,,57.38386185610177,,0.0,8.550149951965035e-05,0.0,0.0,0.0,0.0001,0.0,38.12161352657001,44.346159420289816,40.34042028985503,37.02194202898547,53.164613526569994,52.6851787439613,23.002362318840557
1770.0,57.95737918692932,61.98814745322236,,,,57.37423329494537,,8.654037334139194e-05,0.0,0.0,0.0,0.0,0.0001,0.0,38.12894202898547,44.368289855072426,40.32749275362315,37.02257971014489,53.173173913043435,52.67639613526565,23.00793236714974
1772.0,57.945535795248944,61.96574038067304,,,,57.36493894284648,,0.0,0.00015655732459016395,0.0,0.0,0.0,0.0001,0.0,38.12575083612039,44.37236120401335,40.31752173913042,37.0120685618729,53.167555183946476,52.67411928651056,23.011125975473796
1774.0,57.93364933306728,61.94341874427682,,,,57.35563408843264,,0.0,0.0002,0.0,0.0,0.0,0.00021415842038388335,0.0,38.12156187290968,44.37565217391302,40.30776254180601,37.00211204013377,53.160698996655505,52.675904124860615,23.018668338907464
1776.0,57.92171980038437,61.921182544033734,,,,57.346318731703875,,0.0,0.0001858546151172797,0.0,0.0,0.0,0.0001858546151172797,0.0,38.11637513935338,44.37816276477143,40.29821516164993,36.99271014492752,53.15260535117055,52.681750650315834,23.030559457450757
1778.0,57.90974719720023,61.89903177994377,,,,57.33699287266018,,8.659794957168819e-05,8.659794957168819e-05,0.0,0.0,0.0,0.00021340205042831182,0.0,38.11019063545148,44.3798929765886,40.28887959866219,36.983862876254165,53.14327424749162,52.69165886287622,23.04679933110367
1780.0,57.89773152351486,61.87696645200694,,,,57.32765651130156,,0.0,1.3572856025275026e-05,0.0,0.0,0.0,0.0002,0.0,38.10300836120399,44.38084280936452,40.27975585284279,36.97557023411369,53.1327056856187,52.70562876254177,23.067387959866213
1782.0,57.88567277932823,61.85498656022323,,,,57.31830964762802,,0.0,0.0001,0.0,0.0,0.0,0.00017390436972111555,0.0,38.0948283166109,44.38101226309919,40.27084392419173,36.96783221850611,53.12089966555181,52.72366034931248,23.092325343738377
1784.0,57.87357096464038,61.83309210459266,,,,57.30895228163955,,0.0,0.0004140081752485137,0.0,0.0,0.0,8.599182475148627e-05,0.0,38.08565050167221,44.38040133779261,40.262143812709006,36.96064882943141,53.107856187290935,52.745753623188364,23.12161148272017
1786.0,57.861426079451284,61.811283085115214,,,,57.29958441333615,,0.0,0.00011424303426294822,0.0,0.0,0.0,0.0,0.0,38.075474916387925,44.379010033444786,40.25365551839462,36.954020066889605,53.09357525083608,52.77190858416941,23.155246376811583
1788.0,57.84923812376095,61.789559501790905,,,,57.29020604271783,,0.0,8.640873650793651e-05,0.0,0.0,0.0,1.3591263492063494e-05,0.0,38.06430156075805,44.376838350055706,40.24537904124858,36.947945930880685,53.078056856187246,52.80212523225562,23.19323002601262
1790.0,57.837007097569376,61.767921354619716,,,,57.28081716978457,,0.0,0.00042974362717580295,0.0,0.0,0.0,0.00017189745087032118,0.0,38.05213043478257,44.37388628762538,40.23731438127087,36.942426421404654,53.061301003344425,52.83640356744699,23.235562430323284
1792.0,57.82473300087657,61.74636864360166,,,,57.27141779453639,,0.0,0.00011441441349096851,0.0,0.0,0.0,0.00018558558650903152,0.0,38.0389615384615,44.370153846153805,40.22946153846151,36.937461538461505,53.043307692307636,52.87474358974353,23.282243589743576
1794.0,57.81241583368252,61.72490136873674,,,,57.26200791697329,,1.677917992130902e-05,1.677917992130902e-05,0.0,0.0,0.0,0.0,0.0,38.024794871794825,44.36564102564098,40.22182051282048,36.933051282051245,53.024076923076855,52.91714529914524,23.33327350427349
