t_s,Tm_ELBOW,Tm_J1,Tm_J2,Tm_PITCH,Tm_ROLL,Tm_TWIST,Tm_YAW,P_ELBOW,P_J1,P_J2,P_PITCH,P_ROLL,P_TWIST,P_YAW,Ts_humerus_u,Ts_humerus_l,Ts_forearm_u,Ts_forearm_l,Ts_wrist,Ts_hand,T_amb
0.0,49.42053201514291,52.997332945942574,56.417069032459054,54.73081885184645,50.78993379511767,46.761308548564685,53.852680919754775,11.644402148203165,4.974426177490452,19.782982396863833,7.574257079445721,1.0325575088226635,3.664873818554182,1.598550644065413,32.86593162393162,36.464726495726495,35.516025641025635,33.256641025641024,51.102769230769226,50.48503418803418,23.082153846153847
2.0,49.74727760596543,53.07786221188291,56.95971563831853,54.99672926958856,50.833902387071745,46.8737778999594,53.91676817364225,11.67222296782031,4.862488148626345,19.7801435225614,7.583245315198138,1.0043571436748893,3.7179602516115287,1.5865956626268471,32.88091025641025,36.478602564102566,35.5091923076923,33.27065384615384,51.11080769230769,50.496141025641016,23.099153846153847
4.0,50.063944541391834,53.15674175240845,57.48688821550475,55.254402955939426,50.876632943592924,46.9828191005003,53.97910503696084,11.678464281560819,4.935828570801633,19.73018855851364,7.572932880010435,1.014321423164085,3.7029400035108546,1.5906828586161623,32.89541415830546,36.491432552954294,35.502347826086954,33.28345150501672,51.121680602006684,50.50736399108137,23.1154347826087
6.0,50.370532821422124,53.23397156751919,57.998586764017716,55.50383991089904,50.91812546468119,47.088432150187394,54.039691509710565,11.722606298133334,5.0086687482666665,19.7793312304,7.584728115466667,1.0016937338666667,3.7133312218666665,1.5944937616000001,32.90944332961724,36.50321646228168,35.49549219620958,33.29503400222965,51.135387959866215,50.518703084355245,23.130996655518395
8.0,50.66704244605629,53.30955165721513,58.494811283857416,55.74504013446741,50.95837995033656,47.19061704902067,54.09852759189141,11.6739,5.045798009788839,19.743607970476337,7.641584169811751,0.9853316796398762,3.7086881261548523,1.556651466171226,32.92299777034559,36.513954292084726,35.488625418060195,33.30540133779264,51.15192976588628,50.530158305462635,23.145839464882943
10.0,50.95347341529434,53.38348202149627,58.97556177502386,55.97800362664452,50.99739640055901,47.28937379700014,54.155613283503385,11.667628649470975,4.922458363608302,19.787718676246865,7.660632536262595,0.9870320490050293,3.7276756231580856,1.5665028559319751,32.93607748049052,36.52364604236343,35.48174749163879,33.31455351170568,51.17130602006688,50.54172965440355,23.159963210702344
12.0,51.22982572913628,53.45576266036261,59.44083823751705,56.20273038743039,51.03517481534857,47.384702394125796,54.210948584546486,11.757324205917733,4.968813973480584,19.828860725856845,7.637390866161456,0.9939075244782964,3.687962899931458,1.5956806491393714,32.94868246005202,36.5322917131178,35.47485841694537,33.322490523968774,51.19351672240801,50.55341713117798,23.17336789297659
14.0,51.4960993875821,53.526393573814154,59.890640671336975,56.419220416825006,51.07171519470522,47.47660284039763,54.26453349502071,11.745676628750683,4.958268682059766,19.860136836454366,7.676046742498634,1.015431334752158,3.7292084575441597,1.6020392982549987,32.960812709030094,36.539891304347826,35.467958193979925,33.32921237458193,51.21856187290969,50.565220735785935,23.186053511705687
16.0,51.752294390631796,53.59537476185089,60.32496907648365,56.627473714828376,51.10701753862896,47.56507513581567,54.316368014926056,11.767267368743584,4.87208594718705,19.899698444898966,7.705782394489499,1.008321761068356,3.742920720885628,1.6246155561833968,32.97246822742474,36.54644481605351,35.46104682274247,33.33471906354514,51.24644147157189,50.577140468227405,23.198020066889633
18.0,51.998410738285386,53.662706224472835,60.74382345295706,56.8274902814405,51.1410818471198,47.65011928037988,54.36645214426253,11.725872131147542,5.071439344262296,19.98986885245902,7.651980327868853,1.0056016393442622,3.7472934426229507,1.5952803278688525,32.98364901523596,36.551952248234855,35.45412430323299,33.3390105908584,51.27715551839463,50.58917632850239,23.209267558528428
20.0,52.23444843054285,53.72838796167998,61.14720380075721,57.01927011666137,51.173908120177735,47.73173527409029,54.414785883030135,11.757917388608154,4.906057729772017,19.99213725421605,7.6240453075658365,0.9971782673404292,3.7634975354027467,1.5854316654635192,32.994355072463755,36.55641360089186,35.4471906354515,33.342086956521726,51.31070401337791,50.6013283166109,23.21979598662207
22.0,52.4604074674042,53.79241997347232,61.53511011988411,57.20281322049099,51.205496357802765,47.80992311694689,54.46136923122886,11.833821164131258,4.910420226768007,20.038693092037647,7.729409844142709,1.013457635544391,3.7227522085983185,1.6009807881518696,33.00458639910812,36.55982887402452,35.44024581939798,33.3439481605351,51.34708695652172,50.61359643255293,23.229605351170566
24.0,52.67628784886943,53.85480225984982,61.907542410337705,57.378119592929345,51.23584655999487,47.88468280894964,54.50620218885867,11.793745811879154,4.977175866648002,20.03774876684965,7.739039903577567,1.0112128070580313,3.7178600964224326,1.6003295579020114,33.01434299516905,36.56219806763281,35.43328985507243,33.34459420289852,51.38630434782604,50.62598067632846,23.23869565217389
26.0,52.88881048861728,53.914339471463684,62.27555598716605,57.547003657969114,51.265111425356935,47.95798642893872,54.5498402747821,11.831301511171372,4.845224618315701,20.112427141651573,7.61843064460522,0.9820025134303475,3.7122422123281327,1.582827134576198,33.02418840579707,36.558067632850204,35.42475362318837,33.33524637681157,51.43201932367145,50.6370096618357,23.246125603864712
28.0,53.085367793118614,53.974599883837186,62.62008271491386,57.703129106885285,51.292408174699446,48.02622883835063,54.590807860414714,11.766039622677123,4.963844709646366,20.117529943750768,7.619936839472616,0.9956142812650415,3.720154373000368,1.6093691285143974,33.03107246376809,36.55505314009658,35.41734299516905,33.32566183574877,51.4832173913043,50.648362318840526,23.25155072463766
30.0,53.26835752910082,54.04278403376316,62.94466707732737,57.84866566259466,51.31847437600388,48.08935709331536,54.62906881545466,11.829933170059237,5.010239564581111,20.09897485601716,7.646580220242064,1.0150160369570784,3.686974856017162,1.5910508183098804,33.03633816425118,36.55239130434779,35.41079227053137,33.317507246376785,51.53860386473424,50.659917874396086,23.25636231884056
32.0,53.43898217057639,54.09970544986214,63.250869009385696,57.98598069354589,51.34340134922612,48.14852060734096,54.66536799242837,11.817736256501961,4.991277948235294,20.167947069364708,7.719538738698039,1.0191431426509803,3.689239209537255,1.6157573665882354,33.0407101449275,36.548763285024116,35.403661835748764,33.31254589371977,51.59623188405792,50.67272946859898,23.260777777777758
34.0,53.59920154091089,54.15229000445833,63.54019541359773,58.115522943301926,51.36713276751751,48.20424860704026,54.70040468472824,11.825044206940557,4.950236222830561,20.121507972789395,7.711794978799605,1.0267748713568252,3.70624926210275,1.6069567995636425,33.04613526570045,36.5458985507246,35.396338164251176,33.309603864734264,51.65345410628015,50.6848019323671,23.26628502415457
36.0,53.75053868241151,54.20101642347621,63.81342855846881,58.238924219951684,51.389520733006385,48.257020729093405,54.73396604922565,11.79231816275568,4.865292701664234,20.075210864419915,7.678722712346429,1.0048190948294922,3.737815461487082,1.576342703642419,33.05278260869562,36.544352657004794,35.389207729468566,33.305729468599004,51.70870048309173,50.69469565217386,23.269594202898528
38.0,53.893457247518356,54.24570345784914,64.0708145917432,58.356447298475736,51.411393517800086,48.30706638150917,54.7665512506433,11.884901841028592,5.007052758517434,20.233483590083335,7.656914524514725,1.0112381815614766,3.689621795848454,1.5663108969157418,33.06086956521736,36.542903381642475,35.38265700483088,33.30157487922702,51.76208212560382,50.704526570048266,23.27106763285022
40.0,54.02889559693791,54.29201365450853,64.31450471309539,58.468480557963304,51.43270741221532,48.355285857413385,54.797842226901906,11.845229545454545,4.9614306818181815,20.15658636363636,7.704569318181818,0.9993806818181818,3.755715909090909,1.567144318181818,33.06943961352654,36.541550724637645,35.37524637681156,33.29896618357484,51.8148212560386,50.719410628019276,23.274719806763265
42.0,54.15824635344071,54.338504343535526,64.54777117404163,58.575715174607126,51.45293666754225,48.400997468441005,54.82826380512252,11.823411354267286,5.011854633075221,20.2226494378553,7.730029891582609,1.009414426269312,3.7021865676447456,1.5727339925997477,33.077536231884025,36.5402946859903,35.3667101449275,33.29790338164248,51.867473429951644,50.73968599033812,23.279787439613507
44.0,54.281789939093684,54.37995474534855,64.77098652835062,58.67889484785094,51.47287864048577,48.44483050788621,54.85828152978537,11.865283744761774,4.949641360002724,20.252835953360094,7.794044792797701,1.0104236407728422,3.715977338584484,1.5981384219307437,33.0865990338164,36.539135265700445,35.35856038647339,33.298386473429915,51.91871980676323,50.762739130434746,23.284951690821234
46.0,54.39909235128332,54.429854026002154,64.98584415415236,58.77842385978483,51.49210336526862,48.486732450544665,54.887577697898756,11.875943919519619,4.9902096303103916,20.223504622566125,7.6910543951653505,1.0135627574727344,3.7027242790763437,1.5829121341825247,33.09624154589369,36.54112077294682,35.351086956521705,33.30041545893717,51.969589371980625,50.788400966183524,23.290115942028965
48.0,54.51086156153082,54.47969685912746,65.19274587115365,58.875181661268726,51.51085728618211,48.52671608379893,54.9158426284484,11.862280602071435,4.901294068439902,20.3013506895445,7.708634327445756,1.0012059825053874,3.724553738110643,1.5900059672218005,33.10607729468596,36.544521739130396,35.34457971014489,33.30399033816422,52.022285024154534,50.81589855072459,23.295183574879207
50.0,54.61677243638145,54.53203356582591,65.39019520566495,58.96885809886547,51.52908768810774,48.56552828865712,54.94367813172207,11.834555274884735,4.965865318829245,20.214429638358308,7.733609552013008,1.0048462317841265,3.7497000030874363,1.5915085434505187,33.11571980676325,36.54705314009658,35.3375024154589,33.30728502415455,52.0760096618357,50.84445893719801,23.30005797101447
52.0,54.717014325183065,54.57264239639674,65.57900121154616,59.05959467101387,51.546937842164155,48.60271353799954,54.97079099031382,11.835949995151513,5.001118206783487,20.213595454316252,7.733172729388431,0.9840363615911832,3.7365772762358147,1.594509095246284,33.12478260869562,36.55070048309175,35.32949275362316,33.31086956521736,52.130014492753574,50.87148309178739,23.302816425120753
54.0,54.812995587982,54.61298688102022,65.7590717923079,59.14746712274353,51.56430213505902,48.638781991173474,54.99760637809646,11.907543780853741,4.994426352724808,20.361059210144226,7.725752250508179,1.0142502468299293,3.6913223744071244,1.5840442648339947,33.13287922705311,36.55327536231881,35.321966183574844,33.315314009661805,52.18420289855067,50.89737198067628,23.302710144927516
56.0,54.90570613136649,54.65524418945065,65.93209970526955,59.23276470203745,51.58137961020168,48.673479143977154,55.02394124127325,11.86611701258487,4.860731810766721,20.260569159583536,7.662139289517331,0.9939776617908587,3.72110743789949,1.6025297965341911,33.13962318840577,36.553241545893684,35.31511594202895,33.318792270531375,52.240352657004784,50.92313043478256,23.30076811594201
58.0,54.99639993267988,54.70300028523666,66.09985282060143,59.31622514885611,51.59747585950657,48.70727612813606,55.049963773375666,11.902724487875153,4.969290203243667,20.35937843830157,7.782452912121836,0.9916304004638112,3.697675500077804,1.6096313624704472,33.14645410628017,36.550888888888856,35.30913526570045,33.3243526570048,52.29790821256034,50.94676328502411,23.298623188405777
60.0,55.08446035173725,54.73886929184078,66.2619645984758,59.39781078103717,51.613382806588525,48.73964931745411,55.07561023137909,11.901452845182291,4.918715029459906,20.461298433756994,7.787616061949367,0.9987279822683465,3.681407775770454,1.5843668377755318,33.153637681159395,36.54650724637678,35.30421739130431,33.33086956521736,52.354584541062756,50.96749758454102,23.29673429951689
62.0,55.17030059463439,54.77260890791031,66.4200849176517,59.47760335989085,51.629031493815525,48.770659444851475,55.100817206110264,11.837140145333333,5.006238528533333,20.352942729066665,7.70298906,1.0019072869333334,3.7279010309333334,1.5961890664,33.161487922705284,36.54038647342992,35.30055555555552,33.33543961352654,52.40692270531396,50.986386473429896,23.295608695652152
64.0,55.254252254599926,54.80428342838204,66.57450949631924,59.555087115547835,51.6438337152669,48.8001679015311,55.12587563060375,11.884779989116332,5.017508012662505,20.247207991012196,7.804288028110293,1.0130320050088284,3.688255999110582,1.5657839951550117,33.17036714975842,36.53403864734296,35.298342995169044,33.339999999999975,52.45751207729464,51.003309178743905,23.29702415458935
66.0,55.33558168156647,54.834507924158295,66.72224044922092,59.6315008141371,51.658251207161484,48.82896136617912,55.15030681234519,11.950195995885714,5.026988404114286,20.426431731657143,7.689215151542857,1.0121258889142857,3.7500866038857144,1.5860111538285713,33.18008212560383,36.52719806763281,35.297772946859865,33.343487922705286,52.50776811594198,51.01819323671493,23.297980676328482
68.0,55.41438522773319,54.87378096073825,66.86592706041758,59.70616030963066,51.67205842668811,48.85657867610297,55.1743917535642,11.907551428040621,4.9893800023113135,20.373851427894333,7.694954285731004,1.0025142866964896,3.7744971456741867,1.6048485709353797,33.18988405797098,36.51782125603861,35.29843478260865,33.34549275362316,52.556154589371936,51.03101449275357,23.29852657004829
70.0,55.49121429674958,54.916073541631974,67.00517155666785,59.77958837041151,51.68540284081388,48.882964675880004,55.19845304193789,11.872735805437213,5.081732780265295,20.35321184200783,7.758563090730474,0.9820708002784264,3.720280996904728,1.6022898068293454,33.19602415458934,36.5050869565217,35.30053623188402,33.345048309178715,52.60362801932362,51.03874879227048,23.301154589371958
72.0,55.56556745946107,54.951555590295975,67.13941595436818,59.85156829748612,51.69874893435381,48.908079556654975,55.222059012848746,11.901575631910866,4.937125365319916,20.39755122925522,7.759249224917515,1.0255187845583869,3.6918669974309024,1.5668076224349636,33.199579710144896,36.49060386473426,35.30311111111107,33.341236714975814,52.64819323671493,51.0431980676328,23.302357487922684
74.0,55.6377349022556,54.98705571332872,67.26897227159289,59.92269718998268,51.71170223243183,48.93221552187005,55.24541626174024,11.914134929189643,4.945969839271147,20.347687544677527,7.746601912161351,0.9865885127007885,3.746426307743941,1.6063899480160606,33.20223188405794,36.47541062801929,35.304623188405756,33.33439613526567,52.68728502415454,51.04676811594198,23.301057971014473
76.0,55.70773859970641,55.024816344781954,67.39408164244605,59.99182222427846,51.72458105063522,48.95574393366987,55.26823291206657,11.89590867446154,4.945059683446154,20.422159542646153,7.735732673476923,0.9856759817846155,3.722555775507692,1.5663192324923079,33.20388405797098,36.45999033816422,35.30536231884054,33.32369082125601,52.72194202898545,51.04886473429947,23.300400966183552
78.0,55.77597829178529,55.05333968275576,67.51421695340184,60.05956688238683,51.73735125750384,48.978279571525306,55.290542196303655,11.908911111111111,5.014428888888889,20.55012222222222,7.682086666666667,1.0154755555555557,3.725428888888889,1.5820044444444443,33.20388405797098,36.446714975845374,35.30379227053136,33.30950724637678,52.75559903381638,51.05256038647339,23.299927536231863
80.0,55.843192759571615,55.07761664366383,67.62956551700647,60.12593422956372,51.74986476495424,49.00026922866929,55.31231826485093,11.872107699821063,4.95879996534155,20.49950006616613,7.708199974268727,0.9981769094639886,3.7018999889723117,1.6118230747821702,33.20223188405794,36.433227053140065,35.29955072463764,33.29528019323668,52.789309178743906,51.05737198067629,23.298004830917854
82.0,55.91022626481123,55.096332798893876,67.73960507806821,60.18994436379551,51.7619112838253,49.02173193766173,55.334130883714295,11.906686261159063,5.038505696551155,20.472921329065855,7.649292887075992,1.0127113775724383,3.7141274873880454,1.5919691909179368,33.199579710144896,36.41664734299514,35.29405314009658,33.279666666666635,52.821173913043424,51.0610869565217,23.296048309178726
84.0,55.97559482026198,55.118259146064815,67.84520547139375,60.252040113051194,51.773802829220195,49.043481125631175,55.35530118376148,11.954642699499836,5.006729156846904,20.411359833484273,7.7173939910773095,1.0175597933476042,3.6770442393586364,1.6001422129713487,33.193579710144896,36.39652657004828,35.28627053140093,33.259545893719775,52.84994685990333,51.06336714975841,23.29186956521737
86.0,56.039524657795596,55.1393041591259,67.94733258034732,60.312839930487975,51.785652873196334,49.064753433427825,55.37609780599291,11.931035040997392,5.0274897727017915,20.486694168242533,7.738254014530343,1.0098160571870631,3.773611679398157,1.5986211670989394,33.18488405797098,36.37419323671494,35.27695169082122,33.238449275362285,52.876207729468554,51.06390821256034,23.285106280193215
88.0,56.10222557422394,55.16921884656875,68.04740209293848,60.37225701647466,51.79716479473726,49.085896222203566,55.39662822017948,11.931767660264615,5.011171286271179,20.272152648376697,7.876037749312862,0.9787335222421334,3.7409365177521643,1.5982497019206154,33.17531884057968,36.35092753623185,35.269241545893685,33.21751207729466,52.899314009661786,51.06483574879223,23.2778260869565
90.0,56.16372255773423,55.20195021482142,68.1462697189476,60.430376466867166,51.80836116838174,49.10659738964982,55.41706815830313,11.974495476134118,4.9371527442162035,20.449579906965255,7.737488959585461,1.001733165239585,3.6997909669335582,1.5430829375411657,33.16671014492751,36.32796135265697,35.261458937198036,33.19486956521736,52.92222705314005,51.06462318840575,23.269096618357466
92.0,56.2234923327326,55.23562717109239,68.24315687724769,60.48715083420134,51.819745892660755,49.126687966115725,55.437064175713,11.883579881411766,4.999564732235294,20.437320080188236,7.731638223811764,0.9931196088470589,3.690261260047059,1.5802318595764706,33.15971014492751,36.308922705313975,35.2537487922705,33.171657004830884,52.94913043478256,51.06531400966178,23.259207729468578
94.0,56.2813348167311,55.26851108434792,68.33789195392279,60.5427447385722,51.830978556978955,49.14601840564573,55.45608018300268,11.90130286161809,5.011805202136811,20.47172653178342,7.752417543031646,1.002154504567354,3.766860652083973,1.6018123205119028,33.15319323671495,36.29505797101446,35.245033816425085,33.15018357487919,52.98065217391299,51.068903381642464,23.247227053140076
96.0,56.337674687986215,55.29041270031908,68.42981708953603,60.59694301869183,51.84203011133841,49.165369467617175,55.47450152848054,12.000173483746432,5.02956968572673,20.581567825541512,7.762086722460899,1.0043834088998191,3.77920333685586,1.6185507189230046,33.14725603864732,36.28283574879223,35.23479227053137,33.13093236714973,53.01569082125598,51.07433816425116,23.233999999999977
98.0,56.392541020118955,55.31420421058397,68.51851924773828,60.649974132538425,51.85319715260042,49.18470902082677,55.49260577785746,12.004910142268287,4.990870062063696,20.556862414818355,7.789870065442373,1.004052286064777,3.7383340110612684,1.595543141805669,33.14077294685987,36.270550724637644,35.226676328502386,33.11438647342992,53.05381159420285,51.08296135265696,23.221545893719785
100.0,56.44581126589295,55.334266698206044,68.60490216656217,60.7019716242174,51.86413811088956,49.20389609169984,55.509964197929044,11.92206956948675,5.021308691640912,20.584969571960183,7.761495646635576,0.998469564539886,3.704530434223398,1.6076913026701938,33.13561835748789,36.258275362318805,35.22190821256036,33.10102898550722,53.092801932367095,51.09551207729464,23.208835748792247
102.0,56.49779873025056,55.35385996059341,68.69001642156191,60.75291187979288,51.87475803471178,49.223249016764306,55.527088823043734,11.962792307692308,5.013053846153847,20.507807692307694,7.784692307692308,0.9750307692307693,3.720330769230769,1.595223076923077,33.13306280193233,36.24420772946856,35.21993236714973,33.08951690821253,53.129830917874344,51.11095169082121,23.197840579710125
104.0,56.54839374800038,55.367570758913224,68.7746353874036,60.80301365733497,51.88516842989669,49.24256468863175,55.543614894643795,11.974344400235903,5.011578503284338,20.49054391838141,7.84323786421704,1.014358410143348,3.712760741898014,1.5904411176918836,33.13137681159417,36.22949758454103,35.21901932367147,33.07845893719804,53.1686714975845,51.127067632850185,23.19114975845408
106.0,56.59858869820453,55.385345892922295,68.85858472492627,60.85221602704878,51.89558139704968,49.26190361373808,55.56018292156312,11.953136604329305,4.963849476651201,20.420620591914616,7.801856197051512,0.996023717755855,3.7182494766512013,1.588772678184035,33.13065700483089,36.215850241545866,35.21804347826084,33.07001932367147,53.21066666666661,51.14347342995164,23.18657487922703
108.0,56.64775249887697,55.400436830714156,68.94348577145124,60.90074323196871,51.90589510788716,49.28111596773966,55.576232189163676,11.940075880113604,5.0679441141038035,20.60143943622734,7.769632923431848,1.03251766491683,3.748917045245775,1.6143453004388144,33.13099999999997,36.203748792270495,35.21765700483089,33.06448792270529,53.25172946859898,51.15856038647338,23.181357487922682
110.0,56.696167441284,55.428350056228396,69.03042494670609,60.94861471750511,51.915991988549685,49.30056437935644,55.592012806043215,11.909772381761595,5.041445687438819,20.556713234704315,7.770854282572628,1.0040752434741373,3.738332362768846,1.6102266593361314,33.13250241545891,36.193676328502384,35.219685990338135,33.06332850241543,53.292599033816366,51.173719806763245,23.17634299516906
112.0,56.74354098505998,55.452907439070685,69.11826418176196,60.99623653929413,51.92569515942634,49.31965683170996,55.60771178334157,11.948996482432001,5.024991996416,20.560744465536,7.766651003648,1.001325501824,3.705715503744,1.594762002176,33.13526086956519,36.186115942028955,35.22413043478258,33.066782608695625,53.33339613526565,51.18973913043473,23.17477294685988
114.0,56.79023993063275,55.48094259049979,69.2063403633099,61.04481718242435,51.93574149746447,49.338750195257425,55.62369793806349,11.921931151202042,5.072268350177013,20.527900496048083,7.867387449571876,1.0155497494030958,3.778565833916516,1.6153070347233656,33.1393719806763,36.1785024154589,35.232212560386444,33.07021739130432,53.371797101449225,51.20318357487918,23.174458937198043
116.0,56.83605404733499,55.51865015671363,69.2955124077775,61.09118471044743,51.945618962860685,49.35749522855775,55.640025722604804,11.917882607369679,5.036299981078272,20.581078263386008,7.753521733942687,1.0114652178558787,3.7083478247803408,1.615886958031606,33.141884057970984,36.16877777777775,35.24215458937195,33.07495169082123,53.409652173912995,51.214222222222176,23.176260869565194
118.0,56.88114559497067,55.55665966287847,69.3856908722465,61.13584665462319,51.955833464632754,49.37569507264771,55.656070932101564,11.901624898253035,5.007824897730585,20.550917551051114,7.723496735006494,0.983516326639367,3.727754285702344,1.6062685715509737,33.14157487922702,36.159565217391275,35.2509565217391,33.082207729468564,53.44693719806757,51.22297584541058,23.17864251207727
120.0,56.92539095472332,55.579647767444065,69.47661267160355,61.180175121912,51.96602419739951,49.39381228817084,55.6720800458953,11.952556716881741,5.029720880436499,20.494719399966378,7.720922395039967,0.9957477606997844,3.7004970156249204,1.593488059952417,33.14195169082122,36.15396135265697,35.257966183574844,33.089507246376776,53.481753623188354,51.230120772946805,23.177019323671473
122.0,56.96958354601826,55.60095074037909,69.56818779497353,61.22366802517748,51.97593422120845,49.41192153265778,55.688097784380034,11.994401975003232,4.9848198032600735,20.620628726513253,7.7701089186907994,1.0178,3.7381376315169152,1.6096207839181205,33.144647342995135,36.15196618357485,35.26365700483088,33.09732367149755,53.51637681159415,51.236888888888835,23.175806763285003
124.0,57.013386026704694,55.621637481418695,69.66066615746996,61.26637146476198,51.98580744391854,49.42977940432598,55.70411563197967,11.99036338986962,4.982133805430561,20.511987335102496,7.805421118418522,1.0069816882043,3.7261197165493636,1.598791549363486,33.14946859903378,36.154135265700454,35.26783574879224,33.10668599033813,53.55368599033812,51.24446376811589,23.176975845410606
126.0,57.05709670232314,55.64075938069216,69.75289896066802,61.308974437335195,51.995515491443946,49.44711852945021,55.71988966787322,11.979508896173197,5.02624089402052,20.551698238378165,7.7738720037182585,1.009928006066633,3.724475566101494,1.5796764493586344,33.154396135265664,36.160371980676295,35.272086956521704,33.117400966183546,53.592990338164206,51.252758454106235,23.176449275362298
128.0,57.10122718475046,55.66744507177508,69.84470413541666,61.35087375470356,52.00504316193009,49.464377443354195,55.73545946828368,11.960682365440784,5.016620073855361,20.49041100428966,7.740600538793961,1.0052134595029087,3.7848947871485303,1.593576170504015,33.15736231884054,36.16627536231881,35.27616908212557,33.129275362318815,53.63304347826082,51.260985507246325,23.175545893719782
130.0,57.146320399292236,55.68915851423659,69.93408619921149,61.39164386794636,52.014529837256376,49.48138127076335,55.7509181166549,12.006338966600543,4.979223104714468,20.614774842034922,7.756544077146559,1.0161030572954068,3.741767159280522,1.6098789598263925,33.159855072463735,36.17157004830914,35.278618357487886,33.14028985507244,53.67139130434777,51.27249758454101,23.176758454106256
132.0,57.19213041180754,55.71632538755568,70.02199558776717,61.43289427073115,52.02384743530461,49.49828162005662,55.76635203709056,11.944121357372495,5.034138824536746,20.625965039822937,7.742208743275336,1.0026436905281184,3.7443155252912,1.6042495113006672,33.16331400966181,36.178314009661804,35.28219323671494,33.1495990338164,53.70735748792266,51.285169082125556,23.176531400966162
134.0,57.23890289535579,55.729431131802514,70.1095477960396,61.474614258022584,52.03327338289271,49.514074440897645,55.781920763721516,11.955413454905777,4.986646784588031,20.626130449235568,7.7604855447834575,1.0098184016934213,3.7364029790258244,1.6051657028666915,33.1679565217391,36.18794685990334,35.286652173913005,33.15813526570046,53.743869565217345,51.29625603864729,23.17430917874394
136.0,57.28582356929296,55.75436253358786,70.19589177125692,61.51601031959262,52.04253237260424,49.52962684555991,55.797786622387775,11.89774945872441,5.000891113752785,20.62959505868994,7.80362474203548,1.0049663311628236,3.7491514413316063,1.5935494992788906,33.174603864734266,36.19951207729465,35.29118357487919,33.165608695652146,53.782077294685934,51.3090483091787,23.17009178743959
138.0,57.3319913280156,55.774368365418475,70.28165052335227,61.55694983382065,52.051764447552095,49.54435510301975,55.81379266963125,11.993176513598023,4.999869398635887,20.61229483977817,7.746828585497358,1.0087469422407285,3.719296947334599,1.600671431482212,33.183473429951654,36.213879227053106,35.29437198067629,33.171729468599,53.82200483091783,51.324439613526515,23.16321256038645
140.0,57.37719579099225,55.79464859685129,70.36662099053935,61.597742545138765,52.06114455112062,49.55822381420699,55.82966537512234,11.964182352941178,4.975482352941176,20.674454901960786,7.831903921568627,1.018149019607843,3.7155392156862743,1.5838784313725491,33.1929565217391,36.234362318840546,35.29719806763281,33.17803381642509,53.864376811594155,51.3445942028985,23.155956521739107
142.0,57.42129855574248,55.8120501852723,70.44837086039469,61.63901186341895,52.07034173756506,49.57158654259459,55.845319349343946,12.009175757430793,4.96639993302622,20.625794926542177,7.791755597547053,1.0018383812773373,3.692111094633435,1.598670688756809,33.20322222222219,36.25706763285021,35.299420289855036,33.18488405797098,53.90636231884053,51.369342995169035,23.15117874396133
144.0,57.464577535081204,55.82841592710852,70.5270916357747,61.681077552228246,52.0795026301517,49.58473659595095,55.8611982737335,12.010819048611172,5.037232911616855,20.70551512294646,7.751890073076343,1.0079731573546231,3.7392740146773296,1.5901307370581508,33.21561352657002,36.27749758454103,35.30262318840576,33.19086473429948,53.94879710144922,51.396787439613476,23.148734299516885
146.0,57.506622836143656,55.84993747857992,70.60242475326814,61.723200870477484,52.08883530330701,49.59739014014677,55.87711894611053,11.955531833018183,4.969875564218182,20.569118745599997,7.797780109963637,1.0094767214545455,3.736399437381818,1.6373147432727273,33.22842512077291,36.295932367149724,35.30904347826083,33.195782608695616,53.99073913043473,51.42690338164247,23.146685990338142
148.0,57.547625813705565,55.85643410531199,70.6738623906358,61.76507667898218,52.097962802771356,49.61002420394433,55.893127861841116,11.961205543709225,5.069773468160076,20.550872591714104,7.785501458155918,1.0084516055239308,3.706065601492115,1.6047827968650057,33.243555555555524,36.313207729468566,35.31614009661833,33.19944444444441,54.02824637681154,51.45788888888884,23.146096618357465
150.0,57.58750518063474,55.86513542222385,70.74299340796856,61.807135238544255,52.10711691606076,49.62269987364226,55.90948580564764,11.97578541234045,5.033538828389175,20.68176506778412,7.83332033995827,1.0187281552951644,3.752246625333825,1.5933999770096945,33.26107729468596,36.32893719806761,35.320768115941995,33.20287922705311,54.0634251207729,51.487338164251156,23.150425120772926
152.0,57.6265899579651,55.87880245033953,70.80991565906038,61.84951221278286,52.11621566883441,49.63505643403884,55.92587513550579,11.980270212064433,5.019404191428962,20.5998528858294,7.824944457936936,1.0041146812600021,3.746287929939123,1.607306298402078,33.27985507246373,36.34273429951688,35.322734299516874,33.205338164251174,54.09903381642507,51.51279710144922,23.15952657004829
154.0,57.66471452211686,55.89758464450424,70.87603795039273,61.89245609721603,52.125221431133035,49.6471286186176,55.942666546548075,12.020697631757635,4.99268761655612,20.604224770423,7.834238575519345,1.0030419009573175,3.731624759817289,1.6040971390188867,33.29875362318837,36.35299033816422,35.32479710144924,33.20794685990335,54.13126086956517,51.53414492753618,23.169048309178724
156.0,57.702104464433646,55.91034279539754,70.94205452486455,61.93605965814486,52.13376005884008,49.65932100566621,55.959578191180974,12.035913283621428,4.956748304662603,20.686685197908115,7.854493577050301,0.9983719189526954,3.715833996284849,1.5783300559038247,33.31601932367147,36.358652173913015,35.32849275362316,33.21070531400963,54.15629468599029,51.55299033816421,23.1776376811594
158.0,57.739349867359884,55.933316408821,71.00640821024291,61.980138774709744,52.14240930933471,49.671675735769384,55.977054652208,12.002074271730232,5.000553451566544,20.731976213782946,7.816705975449332,1.0279792183630692,3.7441732477295826,1.6111237717695188,33.33167632850239,36.36161835748789,35.33296135265697,33.21066183574876,54.17749758454101,51.57089371980672,23.186927536231863
160.0,57.776258389099446,55.94379185517512,71.06950081753415,62.02425492299979,52.15123155821823,49.684065612487714,55.994972737771604,12.026769099067947,5.01247641155136,20.650703674067877,7.850882185086598,1.0043455513648416,3.7281005248668397,1.6180958061584734,33.345700483091754,36.361913043478225,35.33734299516905,33.20913526570045,54.19635748792266,51.58636714975841,23.19915458937196
162.0,57.8132403354128,55.966916891285,71.1318927947303,62.06747503095772,52.160288885935344,49.69660550147181,56.013140012513524,12.014812166351119,4.922625230149693,20.729660885293015,7.829369570376109,0.9950547825835312,3.7316234772165435,1.5839330481714353,33.35924154589369,36.36073429951687,35.34317391304345,33.20566666666664,54.21558454106275,51.599714975845366,23.212347826086937
164.0,57.84905357409641,55.986006392091035,71.19458789070926,62.10828974825119,52.169012050263746,49.70957908024404,56.031201276331075,11.9572118365962,5.0210431900944625,20.863790523603512,7.769389945861281,1.0174769242421489,3.725423667133223,1.6039343179490908,33.36917874396132,36.35805797101446,35.34711594202896,33.19922705314006,54.23676328502411,51.61124154589367,23.222710144927515
166.0,57.88514319005681,55.994589563494706,71.25760512914513,62.14904893233273,52.1779929373578,49.72258121956632,56.04905947117769,11.990139395968901,4.9808484899222565,20.636303891331806,7.793388900582723,0.9953616091549796,3.7081939214182924,1.5926000047838413,33.37777294685987,36.356893719806735,35.35060869565214,33.19243961352654,54.25735265700477,51.61945893719802,23.229999999999976
168.0,57.9220206080294,56.00730393391955,71.32128145340911,62.19010069211742,52.18680093902474,49.73612951036266,56.06694073016624,11.977040897311245,4.99694337836662,20.777527060452552,7.841294567252945,1.0185448247031095,3.680655690197221,1.6145216768877473,33.390285024154565,36.35907729468596,35.35686956521736,33.18554589371978,54.276685990338116,51.62592753623184,23.240594202898528
170.0,57.95827845211633,56.02073670009024,71.38589106080484,62.22998881871127,52.19548168972338,49.749730855386524,56.08463289686137,12.037494469887205,5.0238457118084145,20.733390965647125,7.812093974610983,0.9906683275358144,3.742561304133048,1.6059643205582084,33.40659420289852,36.36468115942026,35.364289855072435,33.17700966183572,54.29470048309173,51.63347826086952,23.256758454106258
172.0,57.99305395852864,56.03485056515949,71.44927814997396,62.26939671967926,52.204427955351285,49.763389376725115,56.102186295668496,11.995072307074272,5.002924115748873,20.712211291842912,7.8335451366516216,0.9990497446561588,3.729402560527649,1.5951769221680463,33.42424637681156,36.374444444444414,35.37248309178741,33.16589855072461,54.31128502415453,51.64326086956517,23.27068115942027
174.0,58.02779642253795,56.04584835174624,71.51171779039935,62.30784262678364,52.2131911873605,49.77704569185888,56.11937738747971,11.966716650157348,5.097816683368178,20.657383318592185,7.771399985239632,0.9928166584600553,3.714499984317108,1.6054166635339322,33.439613526570014,36.38553623188403,35.38288888888886,33.15183574879224,54.329898550724586,51.65357004830913,23.278903381642493
176.0,58.062972920484825,56.06570876640809,71.57309874636985,62.34513075358152,52.22198969509366,49.79076427108123,56.13655609393257,11.983953485500413,5.152467331399416,20.68128876297283,7.852937426502699,1.0038294183599852,3.726655607835514,1.6039807548301162,33.451449275362286,36.39572946859901,35.39394685990335,33.13617391304345,54.353396135265655,51.66527536231879,23.2822222222222
178.0,58.098136562767955,56.07567447559267,71.63468192882209,62.38166635188991,52.23111630267597,49.8041173865112,56.15357124696861,12.025751020408164,4.9910367346938775,20.72061224489796,7.86134081632653,1.0100244897959185,3.7157897959183672,1.5865367346938777,33.46206280193233,36.404526570048276,35.40531884057968,33.1213913043478,54.37985507246372,51.675724637681114,23.281434782608674
180.0,58.13314299002781,56.08149002430269,71.69784182097126,62.41783157361883,52.24008666253646,49.8173248938258,56.17085688799352,12.00917783608885,5.054335564578596,20.71826133940695,7.816456200276321,1.016498451992774,3.7330087533468017,1.5703103211478293,33.47371497584538,36.41555555555552,35.418492753623156,33.1093140096618,54.40740096618352,51.68166183574874,23.276130434782587
182.0,58.16739975111612,56.086928586717164,71.76088468673747,62.45298893446604,52.24950477892829,49.83043901943374,56.18808047668796,11.957305647838778,5.039403639425082,20.74909019862446,7.812940207861581,1.001163919811246,3.7152639308957895,1.6141912416272108,33.48623671497582,36.42996618357485,35.430130434782576,33.099942028985474,54.43781159420284,51.685797101449225,23.264676328502393
184.0,58.20048975221778,56.10105142863873,71.8238249023429,62.48670516075324,52.25859348966466,49.843507751620265,56.20507516511747,12.025022249305099,4.983955947023789,20.733154516942705,7.922725609455739,1.016949304371775,3.709159221760236,1.6130739293804195,33.50068115942025,36.44708212560383,35.44111594202895,33.09205314009659,54.46986473429947,51.68834782608691,23.247821256038627
186.0,58.23220936116621,56.114916495993896,71.88628429315655,62.51970707534423,52.26775708616885,49.855907509161945,56.22187147851853,12.007984216936949,4.953921054773184,20.759373687529305,7.818521061779495,1.0104894746344593,3.71589998922106,1.5663947358351253,33.516927536231854,36.468053140096586,35.4529371980676,33.086202898550695,54.50051207729464,51.69191304347821,23.229314009661813
188.0,58.263200074759126,56.14232900326824,71.94781990660013,62.552280723125115,52.27725053691281,49.86817549334433,56.238047319442785,11.976725929169845,5.039288823582156,20.721262980178835,7.798962941194052,1.0022035529432862,3.7490101256479598,1.6045578588776799,33.53307729468596,36.49285507246373,35.46408212560383,33.08534299516905,54.53392753623183,51.69848792270526,23.21050724637679
190.0,58.292672439233286,56.159501659486764,72.0073361266268,62.584643428801975,52.28649851530824,49.88048088543397,56.25405226608085,12.001381540436828,5.015535392316589,20.782949233641276,7.835915379949824,1.006992311600472,3.7863707708485674,1.6088492324597392,33.55028019323669,36.517859903381606,35.474260869565185,33.088821256038614,54.56945893719802,51.70524154589368,23.190357487922686
192.0,58.32077107976659,56.17260879021024,72.06689935911852,62.61706959114597,52.29589928824826,49.892275132512694,56.27000381301091,12.074431837840153,5.010333872361501,20.772584498516768,7.803275085551043,1.0149371441468458,3.7365195930957302,1.610559591591077,33.568512077294656,36.54183574879224,35.48318357487919,33.094811594202866,54.60405797101444,51.71173913043474,23.16961352657003
194.0,58.34868145675454,56.191085519541424,72.1266135380885,62.64903549407619,52.30519009817812,49.90392724984296,56.285618722183955,12.023273097853343,5.028587136229376,20.67427251055064,7.807205846678514,1.0060198832580554,3.7321304073991457,1.572650876762245,33.58597101449273,36.56655072463765,35.4905603864734,33.1033140096618,54.63889855072458,51.71871980676323,23.152038647342977
196.0,58.37713239725279,56.19841917327567,72.1869575794961,62.68071629535578,52.31440404150324,49.915710119090484,56.30085075473931,12.025843300449187,4.975199450655308,20.74238144843312,7.847796405836804,1.0124711390160093,3.716036598655075,1.5665329775722738,33.60390338164248,36.59077294685987,35.49610144927533,33.114328502415425,54.67394685990333,51.72570048309174,23.140270531400947
198.0,58.405727577432366,56.217435237110465,72.24814051844668,62.7124528034522,52.323844555046435,49.92717660521231,56.315975751752624,12.057395460696936,5.085197446947555,20.773660284893175,7.852876385615635,1.0021020063189527,3.760734157593035,1.6122246125267576,33.622381642512046,36.61087439613523,35.49951690821253,33.12785507246374,54.707995169082075,51.73219806763281,23.130425120772927
200.0,58.43436248869721,56.239447608233114,72.30988612718565,62.74411132876491,52.33309977527684,49.938430203252096,56.33065737989746,12.053202275094762,4.95646732746854,20.79317743792595,7.881253422079921,1.0017142924555569,3.721944689892256,1.6023843481502542,33.63970048309176,36.626830917874365,35.50234299516905,33.142067632850214,54.73743961352651,51.73650724637677,23.120492753623168
202.0,58.46258260175064,56.25525300329742,72.37170106520232,62.77563808063074,52.34224073490743,49.94948748688407,56.34517878852498,12.044545159239126,5.0517212081316005,20.771968199481865,7.864064051926725,1.0002976962352652,3.76666174816199,1.5962322591947677,33.65232850241542,36.63857004830915,35.504942028985475,33.156314009661806,54.76045410628014,51.73808212560382,23.109637681159402
204.0,58.49091181686252,56.27405204560489,72.43433006490172,62.807701500211465,52.35157843901848,49.96093714271901,56.359679121005954,12.017630131846639,4.985133402683528,20.713225399508588,7.816617497108151,0.9945016012851458,3.715265093555037,1.6009730089586363,33.66151207729465,36.64901932367147,35.504676328502384,33.16989371980673,54.7805942028985,51.74175845410623,23.096927536231863
206.0,58.51874384862083,56.29920504029849,72.49590536532739,62.839404129262974,52.36103600392401,49.97267059647038,56.37384735684524,12.017534409247432,5.038695402003229,20.762279951991083,7.797160029719805,1.0000409333161873,3.7320283381199366,1.5857367653992884,33.66905314009659,36.66115458937195,35.50190821256035,33.182057971014466,54.80201932367145,51.749942028985465,23.08615942028983
208.0,58.54630289271777,56.314976494559424,72.558057694112,62.87061794694974,52.37061410989339,49.98475440803187,56.387840466181046,12.054115223038448,5.099777653401877,20.751992889955048,7.8127949228816,1.0285335017042847,3.777039593206771,1.6375756319108652,33.67553140096615,36.67199999999997,35.499999999999964,33.195057971014464,54.82411111111106,51.76265700483087,23.082304347826067
210.0,58.574452802457934,56.33557883212257,72.62088423965248,62.90163613202991,52.380343694548536,49.99715891012128,56.401738412115954,11.974385706433141,5.0264896030666835,20.76827402362516,7.758196091840907,0.9993090906672961,3.744696099820135,1.6029350634958104,33.68152657004828,36.68045410628016,35.4993140096618,33.206318840579684,54.844473429951634,51.77875362318836,23.082507246376792
212.0,58.60328705199597,56.34993289114324,72.68328086384773,62.932719586588775,52.389957125568685,50.009766071758634,56.41531427162293,12.013042421340696,4.952291082929485,20.846978484802822,7.829187343058101,1.0034170807226983,3.7779664903829797,1.60553543836795,33.68579227053137,36.68419323671495,35.497212560386444,33.21326570048306,54.86188405797096,51.79403381642508,23.082690821256016
214.0,58.63351823724802,56.358940862644005,72.74461047595604,62.96385647187048,52.399588124118196,50.02278207371028,56.42900883586632,11.99269534883721,5.083332558139535,20.760553488372093,7.84804534883721,1.0016046511627907,3.734687209302326,1.6219011627906978,33.69190821256036,36.68689371980673,35.49588405797098,33.21875362318838,54.87746859903376,51.81147342995164,23.088381642512054
216.0,58.66420661465089,56.36996128201193,72.80677571393298,62.99441139584952,52.40908132659155,50.03604567878528,56.44258557978951,12.073803699202491,5.038555257502489,20.81233421967779,7.792374218896316,1.0069,3.7243042075649395,1.5880831502033854,33.70228019323668,36.693454106280164,35.49629468599031,33.22141545893717,54.892304347826034,51.83399999999995,23.103280193236692
218.0,58.694744849932555,56.37905005578618,72.8679166353415,63.02497218614071,52.418649472892646,50.04952850545347,56.45643464988312,12.000319611460363,4.995106128960745,20.850971147461376,7.841286567644746,0.9985453568959056,3.691103087045336,1.6162226734335166,33.71393236714973,36.70099516908209,35.49880676328499,33.219280193236685,54.908072463768065,51.859714975845364,23.120227053140077
220.0,58.72568591951185,56.39205499717094,72.92706071177118,63.05574351668781,52.428414895139746,50.06302920966567,56.47044779672224,12.048662901607731,5.028418253172058,20.70332900620117,7.780171076966259,1.024548218917472,3.7469451905833675,1.6090411029041027,33.72450724637678,36.706082125603835,35.50440096618354,33.21337681159417,54.92710628019318,51.88733816425116,23.131980676328478
222.0,58.75701161236655,56.40368417699369,72.98768184491988,63.08600131070237,52.43791264239403,50.07633413814709,56.484493881170636,12.038098611555556,5.07384814554074,20.747647258311112,7.8649569326222215,0.9909379700148148,3.7564680529777776,1.6119759208296296,33.73282125603862,36.70767632850239,35.51105797101446,33.205338164251174,54.950613526569995,51.91315942028981,23.140806763285003
224.0,58.78913287104418,56.42011911872606,73.0481297255095,63.116108002171266,52.44715040790235,50.08928322693241,56.49884596614711,12.061454269004257,4.989078754178723,20.769095188970212,7.869388305838298,1.0148170248170212,3.7014962346212763,1.615837776612766,33.74007246376809,36.705898550724605,35.51858454106277,33.19744927536229,54.97746859903376,51.93524637681154,23.1476376811594
226.0,58.821661131590105,56.42768060086915,73.10766663318509,63.14583867976278,52.45658539701923,50.10160646962396,56.51337973773587,11.993146830960605,4.992459620615686,20.770036483393422,7.827380315750048,1.0050280894965629,3.725779804632968,1.5854901295006487,33.74988888888886,36.70629951690818,35.52678743961349,33.19086956521736,55.0053864734299,51.95282608695648,23.15456521739128
228.0,58.85511377479405,56.43454845231334,73.16474333438093,63.175326378240094,52.46587530527047,50.11383686241927,56.52843391402427,12.073013077110105,5.029134686232461,20.813130157086384,7.850397496214669,1.0053221274263742,3.7681050474500957,1.5900869308657823,33.76416908212557,36.7151449275362,35.53547342995165,33.186251207729434,55.03452657004826,51.970555555555514,23.16307729468597
230.0,58.889347250817,56.44424090011968,73.21917201229098,63.204957747183215,52.47506695610585,50.12592604878343,56.543738435765114,12.061057737579437,5.037620937817657,20.875396663428283,7.85647113678016,1.0035627605391215,3.7432933073619874,1.5965723806840881,33.78130434782605,36.727415458937166,35.54444927536228,33.18191304347823,55.06387439613522,51.99014009661831,23.17045410628017
232.0,58.92318533928968,56.45344939581107,73.27171275461993,63.234642097137794,52.48430461643868,50.13764517069467,56.55855171493891,12.04558839940608,5.013356771197204,20.779928391874726,7.934664469361767,1.003618073262215,3.728392898893255,1.606534185895562,33.797956521739096,36.73823671497581,35.553521739130396,33.17622222222219,55.09184541062796,52.006729468598984,23.17885024154587
234.0,58.95692317343964,56.461538428985854,73.3229178838572,63.2645309393687,52.49358921645127,50.14938025330072,56.57362999992028,12.060817382270955,5.035960826817909,20.799800045758438,7.824630454838893,1.0135782746347364,3.755339153394658,1.600813035466501,33.81383574879224,36.74760869565214,35.56249758454103,33.171198067632815,55.118681159420234,52.022173913043424,23.188072463768094
236.0,58.9900045434971,56.47680029848868,73.37326427799476,63.29435601671221,52.503067087088816,50.16079698834801,56.58865001874809,12.111038461538461,5.008653846153846,20.940738461538462,7.871761538461538,0.9985615384615385,3.7518692307692305,1.6227,33.82742995169079,36.75553140096615,35.57118357487919,33.16768599033813,55.14522705314004,52.034705314009614,23.194975845410607
238.0,59.02300644027646,56.47453319601237,73.42406238782404,63.32408973665432,52.51241561090971,50.171922134216224,56.604089445676486,12.042755117441597,4.960986834977353,20.680820002472586,7.880119506331944,1.015658047581049,3.758669266503576,1.6022234150160906,33.83778260869562,36.76200483091784,35.57938647342992,33.162927536231855,55.170502415458884,52.0449516908212,23.202512077294667
240.0,59.05630840568195,56.48429295534122,73.47565387118813,63.35386035499561,52.52195447188925,50.18271894490409,56.619531458079656,12.076250778346372,5.0354056987210605,20.816787564364787,7.8063056999148435,1.0096554388743424,3.734788081670659,1.6045922296678896,33.846888888888856,36.76702898550721,35.586913043478226,33.1565603864734,55.194096618357435,52.05593719806758,23.21250724637679
242.0,59.090350258177466,56.49523563347937,73.52808379074675,63.383647208251766,52.53143342015356,50.19383331479587,56.63472362048021,12.0913958272,4.991491648,20.845051817955554,7.8508749824,1.0233037063111112,3.7266810083555555,1.5976152789333333,33.85609178743958,36.77182608695649,35.59357004830915,33.14999999999997,55.217980676328445,52.065859903381586,23.22083574879225
244.0,59.12481732572704,56.50361138773344,73.58037125149566,63.412632115722324,52.54118701854026,50.20471204778928,56.64987165398027,12.072568491130435,4.993115792834782,20.850571250226086,7.877051085078261,1.0149771653565218,3.7320755329391306,1.605971199026087,33.86490821256036,36.774014492753594,35.5991642512077,33.14343961352654,55.24107729468594,52.07414009661831,23.22399033816423
246.0,59.158432404013226,56.517355675088915,73.63239887199187,63.44132416044558,52.55118310900606,50.21561866218411,56.66498072479592,12.128474669833391,4.999100481623114,20.7602038243227,7.864278465493884,0.9992153116219136,3.728610528830018,1.6109602880184615,33.872855072463736,36.76999033816422,35.603502415458905,33.13585024154587,55.26227536231878,52.08019806763281,23.22081159420288
248.0,59.1908095860701,56.525713859537916,73.68490359946904,63.469915607962335,52.5609352748432,50.226503321182875,56.68006537782502,12.077919047851248,4.988078582443531,20.808980952148755,7.866321441937407,1.0277333294730182,3.719933344711104,1.5965238079854884,33.878227053140066,36.76335748792267,35.60516908212557,33.12798067632848,55.28041545893715,52.08345410628014,23.21369565217389
250.0,59.22211598633109,56.53451347550361,73.73764566086786,63.49846820280635,52.5708562166086,50.23773998961902,56.695107031972775,12.053399992333691,5.044274341963861,20.870401577753473,7.820485039200842,1.0072101508756703,3.7183299445972384,1.5932507927098891,33.88109661835746,36.75649758454102,35.60452657004828,33.1229758454106,55.295497584541,52.08515458937193,23.20442028985505
252.0,59.25264061628799,56.547730068648185,73.79232705535865,63.527152297147175,52.58103913753314,50.249352406626166,56.71034217193017,12.042575818386885,5.003993440104918,20.862481966688524,7.843476204380328,0.9979807383081968,3.7403352434360655,1.6241905717508196,33.88453623188403,36.750014492753586,35.60311111111108,33.11915458937195,55.311125603864674,52.08780193236711,23.192367149758432
254.0,59.28295143876277,56.56211952824025,73.84722048115053,63.555032351619666,52.5915304448028,50.2612946132754,56.725300553193875,12.0856031,4.95318066096,20.860234388000002,7.82081501056,1.01276686608,3.74543935312,1.6111487363199999,33.88861835748789,36.74151207729465,35.60245893719804,33.11543961352654,55.329125603864675,52.09155072463763,23.18179227053138
256.0,59.312844324415636,56.57303307063716,73.90379458355618,63.582784403951756,52.602125192154816,50.273524076585005,56.740297856497286,12.073360540702096,4.9814926283373,20.893952192204235,7.796016265326892,1.0296891413157387,3.741148750581675,1.5834665038608067,33.893463768115915,36.729768115941994,35.60293236714973,33.11375362318837,55.347768115941975,52.09539613526565,23.17339613526568
258.0,59.3419438161179,56.59081528970279,73.96018344966994,63.61015314342354,52.612644225397965,50.28593074580076,56.7551892701032,12.060943023135511,5.034854909232716,20.877658071961225,7.865785504293639,1.0012642637145746,3.7663098407493774,1.6328062251792665,33.89924154589369,36.71773429951687,35.60189371980673,33.11236714975843,55.364149758454055,52.097729468598985,23.162497584541043
260.0,59.369670346604345,56.600739363267955,74.01549345162714,63.63762934154393,52.622636149060725,50.298111680408105,56.76941796791699,12.037386929210234,5.016138191071135,20.879254766358265,7.797195477677836,1.0153527642845381,3.788059802223983,1.5988130638430347,33.90616908212557,36.707140096618325,35.59970531400963,33.11072463768113,55.380797101449225,52.100545893719755,23.15046376811592
262.0,59.396392866991896,56.60829397589106,74.07075411716981,63.66473617591062,52.63271796233732,50.310247363561736,56.78389888008169,12.079229467195042,5.046192528359737,20.818591912184697,7.806322591013078,1.0154531869744978,3.7475080981736717,1.5937445037008977,33.91451207729466,36.70036714975842,35.599729468599,33.10882608695649,55.401458937198015,52.10766666666661,23.13986956521737
264.0,59.42305186759255,56.62659789387459,74.1258387238734,63.691974425441174,52.642627101426065,50.32205438446952,56.798087617514106,12.065312830584507,4.96998717571703,20.785410288833546,7.8129282176235595,1.0599538262797699,3.7452948681862996,1.5985871925211266,33.92458454106277,36.696845410627986,35.60110628019321,33.107227053140065,55.42328019323666,52.11691304347821,23.130893719806743
266.0,59.44916005905532,56.656713534411985,74.1785302630055,63.719351253183476,52.65268171684528,50.33364627502677,56.81243539881526,12.07588673410829,5.01968905497204,20.871368722390528,7.8577454910648745,1.0114829438535144,3.721064932135755,1.5641573115883036,33.93492270531398,36.69240096618354,35.60602415458934,33.107657004830884,55.446454106280136,52.12610628019319,23.122507246376788
268.0,59.47509373195915,56.678928951733475,74.23089121253139,63.745923269212895,52.66279908266567,50.34525342519422,56.82650158223789,12.027123648873598,4.975000985159553,20.85528767920017,7.938358623298796,0.999515273756318,3.7196788102420273,1.5933374360629937,33.94528502415456,36.68763768115939,35.61306763285021,33.110019323671466,55.47361835748787,52.136019323671455,23.114251207729446
270.0,59.50067438293541,56.693565639071444,74.2832183438155,63.772129170864986,52.67267674616411,50.356514517134265,56.84054325266448,12.032902429607768,4.932799167062981,20.89605202952951,7.849565043285876,1.0184756128653594,3.731056103157647,1.6113532570813696,33.95542995169079,36.68611111111108,35.6189951690821,33.114217391304315,55.5026328502415,52.14672463768111,23.107444444444422
272.0,59.52639702226012,56.7135491124518,74.33346557435439,63.79846912134752,52.682426417169836,50.36735039479411,56.85501337788506,12.033038930073705,4.89128507842488,20.88118086776302,7.88497362035981,1.0094131636069312,3.720761087401739,1.6118287333063537,33.96511594202895,36.68772463768113,35.625342995169056,33.12015458937195,55.530787439613476,52.158816425120726,23.10096135265698
274.0,59.55221433339615,56.72610099421383,74.38244916612169,63.82474056441344,52.69250055672643,50.37819874319483,56.86941415800572,12.103764072266667,4.938904705333333,20.8841140584,7.8089624639999995,1.0130312565333333,3.7629484397333335,1.5819671757333333,33.97592753623185,36.69481159420287,35.63237681159417,33.12773429951688,55.55837198067627,52.1728405797101,23.097280193236696
276.0,59.57767374966346,56.742395004626495,74.43080169291912,63.85105395494832,52.70282301347995,50.38919027605264,56.88396297569919,12.057088866976125,5.038981456518589,20.893185223512457,7.847666667027866,1.0016296331613572,3.7679481495528124,1.6315777686273925,33.985227053140065,36.70670531400963,35.641536231884025,33.13685990338161,55.58502415458933,52.18994685990334,23.100101449275343
278.0,59.602223276454865,56.75660972283006,74.47862091405088,63.87788012210215,52.71317781790772,50.4002488359708,56.89834241206283,12.053778946304709,5.010363160546924,20.882989471939727,7.8557,0.9976421041568982,3.775610535066587,1.6287789543889148,33.99277294685987,36.7178792270531,35.65121256038644,33.144386473429925,55.60606280193232,52.20706280193232,23.105917874396116
280.0,59.62530741788876,56.77127582773978,74.5253112077706,63.90456103554176,52.72386336798817,50.41125172977524,56.91228084288408,12.14554052180849,5.013347893525629,20.89310262413297,7.856221064743704,0.9944273671899843,3.7898773653036697,1.6066552614701397,33.99644927536229,36.72815458937194,35.66157487922702,33.150120772946835,55.62453623188401,52.22106763285019,23.113666666666646
282.0,59.647422281958775,56.77547736083226,74.5722494105186,63.93122523541802,52.73432960260212,50.421966789110925,56.92635746539178,12.114502976314945,4.965791084995748,20.90954652112696,7.792937618669232,1.0093039619143211,3.722506922894623,1.6106811871802378,33.99647342995166,36.739685990338124,35.67396618357484,33.15682125603862,55.64461835748788,52.23479227053135,23.121062801932343
284.0,59.67026317036707,56.783787095177956,74.62002354917622,63.957646365356275,52.74486372250509,50.432481986208,56.940414584957274,12.099850487083797,5.0572719042310865,20.805391217951822,7.816697058110793,1.0079514515581836,3.7353776571511657,1.6173990355256143,33.996014492753595,36.75218357487919,35.68790338164248,33.16419806763282,55.664434782608645,52.25101932367145,23.127599033816402
286.0,59.6935615916889,56.79340430099104,74.66864237820906,63.98365144312647,52.755118861371606,50.44329610612784,56.954721037658516,12.078570309557424,5.018387635065432,20.84874256522301,7.8979589440373505,1.0003059397106946,3.7744351527509883,1.5780618773936648,33.99641545893717,36.76535748792267,35.70290338164248,33.17196135265697,55.6857632850241,52.27135748792265,23.134545893719785
288.0,59.71716070239608,56.81047857527695,74.71782103099314,64.00985251632575,52.7651819819433,50.45429979944233,56.96893150738267,12.059440924321276,4.988490712716385,20.948476362469783,7.851462858642747,1.0065894534566453,3.7536691886426823,1.6242649824688749,33.99844927536229,36.7789178743961,35.718483091787405,33.179821256038615,55.70860386473425,52.29446376811589,23.13890338164249
290.0,59.74081693050889,56.81953988355385,74.76816859011822,64.03597308248071,52.77538113307982,50.465698965800975,56.983279370092006,12.084177633859431,4.921872658235094,20.992200650653675,7.908770802949885,1.02372361911001,3.7631198904128755,1.6199298114503597,34.00171497584538,36.79257487922702,35.73415942028982,33.188710144927505,55.732400966183526,52.31843961352652,23.141845410627997
292.0,59.764896540313615,56.82975632288593,74.81833130292677,64.06222873609039,52.78528765299236,50.47720742515945,56.997548739514784,12.05743980507454,5.062852041336109,20.933448921536105,7.863824484278225,1.0115010098925585,3.7230510275251882,1.5893173523365194,34.00520772946857,36.80421256038643,35.74822705314006,33.19778260869562,55.758473429951636,52.34260869565213,23.145719806763264
294.0,59.788952608814384,56.83860337755985,74.86908999288849,64.08892532794268,52.79524835430249,50.48923498392518,57.012013650205546,12.093801511180185,4.999421338451602,20.963589882148998,7.866868036505352,1.0102934013054705,3.692359885046866,1.6062568522905512,34.00909661835746,36.81288888888886,35.76198067632847,33.205019323671465,55.785188405797044,52.3662946859903,23.148652173913025
296.0,59.81367736501456,56.84932780097049,74.91993789517811,64.11577478219586,52.80509754713716,50.501576540595806,57.026680905494864,12.076957692307692,4.917132692307693,20.903884615384616,7.863736538461538,0.9992307692307693,3.7410192307692305,1.6243750000000001,34.01350241545891,36.82126570048305,35.77488888888886,33.212053140096586,55.81035748792265,52.387599033816386,23.149371980676307
298.0,59.83909162702313,56.870072485847786,74.97153004485955,64.14250704130473,52.81534410295145,50.514154071590035,57.041055629151764,12.077998595517206,5.0397455449893105,20.94310049210282,7.876664886231556,1.0029526033161131,3.7167218017563313,1.581497155121582,34.02032367149755,36.829608695652134,35.788246376811564,33.220565217391275,55.83361835748787,52.406400966183526,23.14960869565215
300.0,59.86453747401855,56.885986888252155,75.0235357134282,64.16953229442353,52.825371372498005,50.52676703551261,57.05593646617076,12.051555548085302,5.022508079251343,20.994414149291863,7.866084847137069,1.0005141389484355,3.7135191888684034,1.587294946977004,34.03145893719804,36.83762801932364,35.803396135265665,33.22563285024152,55.85703864734294,52.42253140096614,23.14926570048307
302.0,59.889207662923965,56.90173912893837,75.0742483115068,64.19698548534033,52.83543307699054,50.53919405278995,57.07073870218058,12.055992756128491,4.9928917227601,20.909085620331137,7.9010855482817,1.0158195979746982,3.7601463935034105,1.6146628604946076,34.0452028985507,36.84325603864731,35.816903381642476,33.22715942028983,55.87846376811589,52.437599033816376,23.150072463768094
304.0,59.91353091365995,56.91948685432856,75.12450922744137,64.22454610274278,52.845272100277505,50.5519366781917,57.08573131811793,12.117307610156521,4.991621222121739,20.87717937586087,7.842610344069565,1.0059804374260868,3.756146741704348,1.5945755355826088,34.061072463768085,36.84685507246374,35.82715942028982,33.22987439613524,55.894468599033765,52.4519903381642,23.15075845410626
306.0,59.938055604895865,56.932151063502886,75.17203950344569,64.25151899692071,52.85477811765578,50.56462562099555,57.10079390787813,12.087316886715108,4.9966362550106345,20.918887358565364,7.91849916783775,0.9994535901039231,3.7275096866321515,1.5690358513514535,34.07736231884055,36.850613526570015,35.834333333333305,33.230681159420264,55.90875362318835,52.46426570048304,23.148227053140076
308.0,59.96325317362843,56.93619911715522,75.21820339566044,64.27851350263168,52.86428084175388,50.577302295942786,57.11546836445459,12.050472756439389,5.024544404958828,20.96560948503081,7.836701136701022,0.9955331285332557,3.7431343170402145,1.6059716082259345,34.0941449275362,36.854338164251175,35.84159420289852,33.228309178743935,55.9273671497584,52.477207729468546,23.144159420289835
310.0,59.98884956076512,56.951462418219485,75.26185818818217,64.30488574524608,52.874155030880516,50.58982271991653,57.13017731577543,12.09030414430781,5.025066111459418,20.928106342099156,7.832328349632467,0.9942622480463253,3.7748245257124804,1.6193738284123278,34.111444444444416,36.85605797101446,35.84911111111108,33.224487922705286,55.95035748792265,52.49059903381637,23.14018840579708
312.0,60.01526541421877,56.97340435917859,75.30401849003886,64.3313627290003,52.883957570505586,50.60226776303714,57.144675836417605,12.068094474003788,5.072286427887782,20.967264821237446,7.93792010178248,0.9912251252984521,3.725967337497942,1.5894582915671827,34.12923671497582,36.85440579710142,35.85527536231881,33.22094685990335,55.97543961352652,52.50244444444439,23.136724637681137
314.0,60.04188699685206,56.988862632867146,75.34489657318036,64.35722533967252,52.894263150439606,50.61467940422364,57.15903312514501,12.088824992783673,5.062275019363265,20.95004998164898,7.929225015118368,1.0103500065959183,3.7695250177306123,1.6017750021224488,34.14867149758451,36.85101449275359,35.86152657004828,33.219463768115915,56.001599033816376,52.51257487922701,23.13478260869563
316.0,60.06899685455237,56.99547698740639,75.38662772949856,64.3824039004579,52.904875346762125,50.6274285320478,57.173456747818356,12.076723076923077,5.075667692307692,20.90836923076923,7.815884615384615,1.0210923076923077,3.7552123076923074,1.5988276923076923,34.16907246376808,36.8462946859903,35.86630434782605,33.21826086956519,56.02725120772942,52.52325120772942,23.13477294685988
318.0,60.096759537689394,57.010371429156784,75.42870078119346,64.40768608604034,52.91528587522744,50.64004397760415,57.1876327999063,12.166185365853659,5.104626829268293,20.991536585365854,7.889529268292683,1.0328121951219513,3.7013268292682926,1.5776878048780487,34.18976328502412,36.841864734299484,35.869270531400936,33.21560869565214,56.050207729468546,52.53556038647338,23.136502415458917
320.0,60.124772549304225,57.026885624140704,75.47070600202471,64.43262095842051,52.92562072785541,50.652670451459585,57.20210408423462,12.107304650631129,5.074620949748941,20.99431395999014,7.894613956656184,1.003706974041577,3.7512348792571943,1.6168116270541042,34.21006763285021,36.83751690821253,35.87191304347823,33.21282608695649,56.07067632850236,52.548811594202846,23.139777777777756
322.0,60.153174379371656,57.04107319768179,75.51377770473033,64.45736163412235,52.936450951917536,50.66570278488249,57.21674057911747,12.101125366806105,5.044596686948303,20.981039981069856,7.7718357389466926,0.9967459428193458,3.7328464704555553,1.5848859449226949,34.22808695652171,36.83483574879224,35.87454589371978,33.20823188405794,56.09007246376806,52.56171014492749,23.146231884057947
324.0,60.1810836935177,57.05702903486855,75.55834677246982,64.48187599069428,52.947199627487294,50.67836818368017,57.231470183135414,12.111749995264,5.087800089344,20.978050029056,7.802424918272,1.007249998848,3.715950006784,1.60935000192,34.24370048309176,36.83540579710141,35.87753140096615,33.20197101449272,56.10741545893715,52.57413526570044,23.15632367149756
326.0,60.20922643254711,57.05881119028674,75.6037310317901,64.50672111154233,52.95804982651412,50.691287749690744,57.24615627267867,12.04323006566451,5.034344804939639,20.96257328698646,7.927942784857867,1.004588485902621,3.7462526689836593,1.6043642062579868,34.2597874396135,36.836589371980644,35.879454106280164,33.19418840579707,56.12294685990334,52.58714009661831,23.16690821256036
328.0,60.2383373568026,57.06269885326319,75.65040655464209,64.53124358939569,52.96893212914917,50.70378389731792,57.260791456538996,12.10911364941994,5.0403621168600194,21.00303127337973,7.9012801521113225,1.022019829280753,3.7101070644702547,1.5804387615467808,34.27440096618354,36.83997101449272,35.881946859903344,33.18563285024151,56.13933816425115,52.60177777777773,23.177236714975823
330.0,60.2685297539606,57.0661144888899,75.70052707802708,64.55603598695649,52.97942782396201,50.71594139827817,57.275255825121505,12.06859896857168,5.031303102243515,21.043833670245363,7.906576682238899,0.999920727252469,3.7387528447843628,1.5992160627452228,34.28864251207726,36.84653140096615,35.88546859903378,33.177657004830884,56.15686473429947,52.618531400966134,23.186512077294665
332.0,60.29995172867096,57.07786873495531,75.75303902569547,64.58023049896815,52.99010810069218,50.72857257635426,57.28992214218664,12.05427368588668,5.06047798387077,20.99591435633741,7.868654068318949,0.9865770349556471,3.74406842147167,1.62662200657516,34.30304347826083,36.85302898550721,35.887478260869536,33.16978743961349,56.17337198067627,52.63548792270526,23.19693719806761
334.0,60.33159880873255,57.083580321040934,75.80645884925165,64.60432845145142,53.000930673128714,50.74152854455462,57.30425355896755,12.119423075376561,5.052238227086667,20.993988490458307,7.879319331880433,1.0243303484547523,3.729286428519731,1.619591090398797,34.31513526570045,36.85982608695649,35.88843478260866,33.16272463768113,56.18965700483086,52.651908212560336,23.206492753623166
336.0,60.36362375867114,57.0926454456161,75.86142952596147,64.62810960214918,53.01173978123953,50.754450738382126,57.31891522565362,12.105247739812215,5.061058218239433,21.11924977138301,7.925604977609545,1.0080801036991374,3.7744935423024213,1.6185925382981217,34.32606763285021,36.86723671497581,35.8887487922705,33.15589855072461,56.20702415458932,52.66940096618352,23.213763285024132
338.0,60.394684442859976,57.10382768672915,75.91704969242933,64.6517875622258,53.02298864171881,50.767394988692516,57.33369287536979,12.09273524338473,5.082550762044659,21.02084546709032,7.854398429912837,1.0093663267024335,3.7527042520627156,1.5997705672656881,34.335768115942,36.874304347826055,35.88878260869562,33.150468599033786,56.227299516908154,52.68770048309174,23.222159420289834
340.0,60.424788431389295,57.11605885061592,75.97460257837457,64.67559234633887,53.03404513404715,50.78063398487391,57.34838959001816,12.136735604628907,5.039738776347217,20.98948228212531,7.833685856741911,1.0119141319994531,3.7735513055995624,1.6369151629687413,34.34354589371977,36.88057971014489,35.88885024154586,33.14567149758451,56.24983091787435,52.70527053140092,23.230265700483073
342.0,60.45370931283501,57.12275893355564,76.03332063742548,64.69955718277551,53.04560159254968,50.79335237101496,57.36353721591178,12.085212780320276,4.980002570242531,20.965212821280314,7.822276889872629,1.0193205146786606,3.735235901475349,1.6345461525131348,34.35171014492751,36.887294685990305,35.89104347826083,33.14182125603862,56.27269565217386,52.72352657004825,23.236062801932345
344.0,60.48141685517128,57.126336298412106,76.09336965615027,64.72379844680874,53.056904727995764,50.80582552820146,57.37852779649891,12.134981212938765,4.992585302461467,20.92709554946496,7.890922038575553,1.024664478371129,3.725204089522701,1.6185730648223517,34.360743961352625,36.89675845410625,35.89440579710141,33.140913043478236,56.29570048309173,52.74323188405792,23.240531400966162
346.0,60.50799988054383,57.1379658728217,76.15372903835078,64.74863177808759,53.06813075466456,50.81789548124238,57.39373265318944,12.108753503695695,4.899560511739317,21.07255477554335,7.800439493152405,0.992614650217437,3.7135159243478926,1.6156445857608503,34.369908212560354,36.90935748792267,35.899154589371946,33.14362318840577,56.3185555555555,52.765149758454065,23.2440338164251
348.0,60.533653320571126,57.14100024319668,76.2123972159919,64.77382981610464,53.07930785442102,50.82991883045319,57.409285621271835,12.168966339111444,5.088413177510455,21.048256580638153,7.856729759447339,1.02605072685291,3.7890795085048223,1.5912253658615776,34.38024154589369,36.92538164251204,35.905458937198034,33.14870531400963,56.342700483091726,52.787647342995115,23.245710144927518
350.0,60.558187478434206,57.143872317030684,76.26933759179475,64.79891369075386,53.09051501723874,50.841563464611866,57.42487515699487,12.111488754822851,5.0152795628675095,21.08866222933913,7.891278546444347,1.0107224529992451,3.7194183839106825,1.583250001697957,34.390908212560355,36.94319806763282,35.911613526570015,33.15781642512074,56.36708212560381,52.81091787439608,23.250763285024135
352.0,60.582240918872536,57.15079691547874,76.32420672019657,64.82392669324474,53.10174278583585,50.85357132910367,57.440818512971816,12.1140198099417,5.036582610803444,20.99762463931219,7.8859884147050305,1.0229169105880083,3.7697323697677696,1.5976202902816494,34.40219806763281,36.96529951690818,35.91886473429948,33.171898550724606,56.39298067632845,52.835154589371925,23.258458937198046
354.0,60.60496123762946,57.14894564382955,76.37515791066062,64.8483768489525,53.112709153337086,50.865394065614296,57.45669161555008,12.071920989696,4.946645515008,21.085201464064,7.928465993216,1.031956000256,3.7329499968,1.608843015168,34.414304347826054,36.994130434782576,35.92901449275359,33.188748792270495,56.42705797101444,52.860550724637626,23.262763285024132
356.0,60.625903708226026,57.15820306112673,76.4249905610734,64.87297471679382,53.12382359263102,50.87688736197712,57.472643629172396,12.105086946504349,5.090728266573913,21.060593521252173,7.9063706632347825,0.9970760781913043,3.7472956360347824,1.6019500096,34.42914975845407,37.024864734299484,35.94264251207726,33.20901932367146,56.469323671497534,52.88852173913038,23.26377294685988
358.0,60.6454067882492,57.17737556396426,76.47142494615649,64.89820400963472,53.13526740135324,50.88790991165145,57.488611536008335,12.067493171666161,5.076641952668707,21.036278043435097,7.924231703674288,0.9967009777954272,3.765599998376585,1.5799882940529308,34.44860869565214,37.055628019323635,35.9585024154589,33.234376811594174,56.51797584541057,52.91565700483086,23.262236714975824
360.0,60.664800284315994,57.18887668942945,76.51700813542728,64.92440954757464,53.14685191093143,50.89838081704509,57.504757486542005,12.122631425809416,4.93832863029112,21.133788564365066,7.87990001584761,1.025125720670037,3.7114371531354493,1.5937714251755122,34.472729468599,37.08744927536228,35.9765217391304,33.2662946859903,56.57422705314005,52.941545893719756,23.257125603864708
362.0,60.68436424652607,57.19920009031737,76.56139210235425,64.95075756831065,53.15831684980293,50.90825126754346,57.52105965400844,12.10300088567117,5.01779998922104,20.973613980310436,7.8266210549008335,1.0155903654067262,3.742361407732107,1.6071017569703938,34.50156038647339,37.121864734299486,35.99657971014489,33.307893719806735,56.636304347826034,52.96695169082121,23.249236714975826
364.0,60.70464733225882,57.21421582024321,76.60484611529512,64.97725726861077,53.16987929038747,50.91784332379423,57.538034270404694,12.14081079405559,5.02785795669855,20.957251632364883,7.852686629641829,1.010994269846498,3.7542165685606297,1.593024863928829,34.53210144927533,37.159758454106246,36.01850724637678,33.359164251207694,56.70070531400961,52.99141545893714,23.23874879227051
366.0,60.7255144637182,57.23523628724677,76.64915539397099,65.00426377407862,53.18103221749055,50.9270348134934,57.55521239613713,12.1063787388711,5.015268112758829,21.070105318992375,7.932867155787893,1.0049371973291878,3.7489652195851315,1.624449277448605,34.56430434782605,37.20141062801929,36.04208695652171,33.41761835748789,56.76523188405792,53.01508212560381,23.227014492753604
368.0,60.74673561732472,57.25701163016498,76.69300627764878,65.03163122251833,53.192265697517804,50.93630362712872,57.573076947151655,12.091578602368697,5.050074635009303,21.059854715681066,7.856283575896286,1.0310596983787956,3.7376258760986656,1.6156497467385504,34.60046859903378,37.24897584541059,36.06827536231881,33.483768115942,56.8277826086956,53.03931884057967,23.21717874396133
370.0,60.76878118503252,57.278094154300206,76.73669146554151,65.05966040486295,53.203966902929324,50.94561618778237,57.59125658457221,12.177982624089989,4.989692013816363,20.93629787456251,7.875141787364549,1.0023766064323523,3.758266210027052,1.571963665309824,34.63924154589369,37.299879227053104,36.096202898550686,33.5545217391304,56.88452657004825,53.06371497584536,23.210004830917853
372.0,60.79130168821226,57.2913042666765,76.78118478430217,65.0884307371026,53.21523944017569,50.95498203463808,57.609397117996345,12.133806497754346,5.05567628392892,21.019696753563757,7.888689313610623,0.9924897725053701,3.7652981497754343,1.6255646602226128,34.68109661835746,37.35103864734296,36.12499999999997,33.628057971014464,56.93411111111105,53.089130434782554,23.203304347826066
374.0,60.815005707693224,57.30124190848322,76.8250178282882,65.11836539684018,53.22679901472229,50.96491617213031,57.62770039049101,12.0934500352,5.042074944512001,21.07890007424,7.917450038272,1.00952498688,3.736774953984,1.6090999930880001,34.725333333333296,37.40064251207726,36.15379710144924,33.700207729468566,56.97705797101444,53.11469565217385,23.19554106280191
376.0,60.839286117460226,57.322423228455,76.86826455586201,65.14907999830737,53.23853642247313,50.97466001560488,57.6460460032843,12.106171396249232,4.913442821755624,21.080814287246806,7.840290479719911,1.0019190269068354,3.7078999609904524,1.6254952535132974,34.76947342995166,37.44753140096615,36.18172463768112,33.76867632850238,57.01338164251203,53.13658937198063,23.187004830917854
378.0,60.8634079374733,57.33285939327962,76.91076056658706,65.18015147069174,53.250077524987375,50.98472322414006,57.66478601537468,12.149887861971951,5.161684942277135,21.150477820300814,7.898787861971951,1.0215151486158536,3.7342444359398375,1.6177697027682927,34.81103864734296,37.48937198067629,36.206690821256004,33.83426570048306,57.039574879227,53.152816425120726,23.176763285024133
380.0,60.8870614905699,57.347603038581774,76.95303569214899,65.21107499085701,53.26201440835579,50.995305820375364,57.68349700690193,12.146846168421837,5.050856401425724,21.102489751679865,7.895005122628443,1.0247153880152549,3.7401435933229914,1.607143592885384,34.849328502415425,37.52322705314006,36.22715942028982,33.894874396135236,57.0539903381642,53.16498550724632,23.165661835748768
382.0,60.91072925753116,57.355671041528986,76.99398850213984,65.24166651004435,53.27411226129074,51.00608887592258,57.70224165015391,12.098477440768534,5.06550174775556,21.03120287149239,7.902859562935329,0.9884808989894656,3.774076317031701,1.5977884021598714,34.886642512077266,37.550985507246345,36.246371980676294,33.94732367149755,57.06225120772941,53.176531400966134,23.15389371980674
384.0,60.934131446182455,57.367482981783176,77.03376487166429,65.2716335835689,53.28596886574154,51.01690599278212,57.72154566709432,12.138985537041188,4.982093048788698,21.04282137791579,7.941052014445497,1.0329104086897911,3.734150300207981,1.5925005786633697,34.92105797101446,37.57214009661832,36.26574396135262,33.989135265700455,57.0664251207729,53.18671497584536,23.142826086956504
386.0,60.95731113633492,57.38017725251312,77.07237044991889,65.3011202711319,53.29827259857774,51.02822538396508,57.740801985693984,12.161846737609089,5.064425633438992,21.00682663582661,7.822129143339371,1.0175115583319612,3.7211286452329984,1.611304021900214,34.950652173913014,37.58623188405794,36.28491304347823,34.02275362318838,57.06628019323666,53.19484541062797,23.1344299516908
388.0,60.980430789410704,57.387658264625856,77.11340302747028,65.32976815355279,53.31065409292374,51.04045196047507,57.759984372240055,12.123971989504,5.07625506176,21.015467020543998,7.944903952128,1.014341990144,3.76415503616,1.58959001728,34.97772463768112,37.59467632850238,36.303565217391274,34.04894202898547,57.05985507246372,53.20267632850237,23.127676328502396
390.0,61.00353711277777,57.39180281860297,77.15302577364527,65.35840732192061,53.323163596414105,51.052674884801526,57.7788715010509,12.141170049549661,5.071295937395635,21.033624377055634,7.903137565868041,0.9964644690077462,3.7764294392298683,1.5990527909856782,35.002178743961316,37.59958937198064,36.32143478260866,34.065608695652145,57.04763285024149,53.2120096618357,23.12275845410626
392.0,61.02739205704824,57.39597649491869,77.1905207259038,65.38686118436783,53.33539908611966,51.065200792051655,57.79754259566411,12.148790395038553,5.079271044728461,21.130477465653307,7.847541894566465,0.998390333928832,3.7566000132129123,1.6141322367533673,35.022743961352624,37.602009661835716,36.33830434782606,34.071410628019294,57.033144927536185,53.221695652173864,23.121091787439592
394.0,61.052726067157856,57.40413992756757,77.22587309421436,65.41483732357,53.348009536425046,51.07795667464094,57.815818437583495,12.089765207652174,5.043040190052174,21.1173249664,7.876693498434783,0.9964684808347826,3.724346219686957,1.6107038027130434,35.040594202898525,37.6012946859903,36.35400483091784,34.06692753623185,57.016971014492704,53.22880676328498,23.122314009661814
396.0,61.07929255909037,57.405946965000815,77.25916495961155,65.44174117173878,53.36028170053594,51.09075171645473,57.83371895635701,12.094748504469653,4.983854540376863,21.059504557443518,7.871024254303512,0.9854727287772258,3.756631819357208,1.5977242346509999,35.05695169082122,37.5968985507246,36.36719323671495,34.05283574879224,56.99856521739126,53.233415458937145,23.12549275362317
398.0,61.10576596821249,57.40605959074487,77.29038473084019,65.46753784965766,53.372397002607876,51.10376514529527,57.85152817092643,12.17643689678484,5.00670097801881,21.0606097071163,7.866151466158312,1.0243485373212973,3.780378648867636,1.6501427318414092,35.07069082125601,37.59014975845407,36.378352657004804,34.02990821256036,56.9804782608695,53.238594202898504,23.13212560386471
400.0,61.130656686908154,57.413943954073275,77.32041126935405,65.49305669009806,53.38454374003668,51.116776780260864,57.86882035701384,12.120181809819758,4.955875743840486,21.112942441906856,7.858845427242825,1.0186909054639914,3.73758483948472,1.6112606065979271,35.082560386473396,37.58486956521735,36.38918840579707,33.99901449275359,56.965357487922645,53.244415458937155,23.13762801932365
402.0,61.15520711294164,57.422654684927586,77.3503355560181,65.5173468839573,53.3967555363227,51.12967922792082,57.885831154739456,12.15842716782508,5.064773984915232,21.204769354421035,7.954120810884,1.0063086718922254,3.753722541474235,1.6065947963911387,35.0945797101449,37.57954589371977,36.39962801932364,33.962946859903354,56.95415458937193,53.250999999999955,23.13850724637679
404.0,61.178696962051156,57.427181004665414,77.38199102864215,65.5409967074532,53.409259710238935,51.142437959729115,57.90267002785564,12.076959035642554,5.019474428868086,21.043319127148933,7.872131931914894,1.0157617009021276,3.790050543931915,1.6042750016,35.10703864734296,37.56971497584537,36.40964734299514,33.92464251207726,56.948521739130385,53.25729468599029,23.136555555555535
406.0,61.20290299744738,57.4412363740304,77.41471691020945,65.56470453931915,53.42193590131689,51.15501162394677,57.91903492287999,12.14221383751751,4.969672311311651,21.023610762630312,7.957860009662356,1.0101892315932777,3.7462569174459346,1.588116920281626,35.120323671497545,37.55939130434779,36.418048309178715,33.88600966183572,56.95077777777773,53.26224637681154,23.13345410628017
408.0,61.227575635160434,57.44380740475224,77.44907601398056,65.58750170931243,53.43449920768651,51.166949254933755,57.935251175451704,12.135909820442045,5.04220991090413,21.105123883582458,7.860177162700439,1.000475663178615,3.7320420002732435,1.590444035272255,35.13309178743958,37.551415458937164,36.42545893719804,33.85035748792268,56.96085990338159,53.26902415458932,23.130835748792247
410.0,61.252161112938694,57.45483715500212,77.48594893754165,65.60914207855673,53.44675277192139,51.17864130859285,57.951009099113804,12.128217256621621,5.070366288890696,20.95311215117464,7.888497257585386,1.0323670621116703,3.7710219610016336,1.6060870611479048,35.14527053140093,37.546898550724606,36.433729468599005,33.82118840579707,56.97627536231879,53.277797101449224,23.127285024154567
412.0,61.27542935755171,57.465009366902265,77.52473056891444,65.63029086589404,53.45931781424117,51.190439330003755,57.96675636046738,12.124536357543146,4.960404802244109,21.045021805589172,7.831300621225943,0.995924844693514,3.7764290927370556,1.5905921251388606,35.15683574879224,37.547048309178706,36.44293236714973,33.7991642512077,56.99567149758448,53.28695652173908,23.126212560386453
414.0,61.297721703920104,57.486269889094096,77.56810340250775,65.6513286096823,53.47179351629573,51.202205209920535,57.98228517702165,12.11334305517037,5.091351429925926,21.04102777291852,7.8697471988148155,1.0035222260148147,3.736105555437037,1.6273930605037037,35.16963768115939,37.54707246376808,36.45441062801929,33.78205797101447,57.01699516908207,53.297942028985446,23.131077294685966
416.0,61.31996710285757,57.50634657165189,77.61381170981993,65.67216494856686,53.48458084078289,51.21440557304549,57.99759814227747,12.181245209224839,5.0405040658530975,21.011370028367928,7.983251774132556,0.9880101505982215,3.7976025411581857,1.613525887066278,35.18440096618354,37.548178743961316,36.46777777777775,33.76891304347823,57.04052657004825,53.30979710144923,23.13938647342993
418.0,61.34251339124513,57.513056179119964,77.66314956083961,65.69269015784572,53.4973970308493,51.226187109906434,58.012684385463146,12.147926520136032,5.116421334742344,21.132663992579644,7.839835577316223,0.9957075921569389,3.781535530726664,1.6130402743688268,35.198294685990305,37.55209661835745,36.478473429951656,33.75877294685987,57.064671497584484,53.32156521739125,23.14809178743959
420.0,61.36509436621967,57.520931486509,77.71564580513396,65.71378920510357,53.510000393002755,51.237896259326746,58.02746345756475,12.090489080452487,5.019884189835526,21.249559402176256,7.9288821920203985,0.9962257333390785,3.7462643586942472,1.5999841543503552,35.21093236714973,37.55807729468596,36.48798550724634,33.750028985507214,57.08656521739125,53.334685990338116,23.154714975845387
422.0,61.38724387970973,57.531417591898595,77.7689558237984,65.73492062642742,53.52274084967314,51.24972118453981,58.042197319199026,12.132534170971924,5.05691255956179,21.114946225609252,7.93404974837395,1.003435679055862,3.7596954790929114,1.5984688418512267,35.220705314009635,37.56532367149755,36.49597584541059,33.74219806763282,57.106280193236664,53.34572463768111,23.15972946859901
424.0,61.40884647780443,57.54975032484273,77.82322420854301,65.75574804616484,53.535536690893025,51.261248520057094,58.056904166238624,12.162709949550592,5.052357074577734,21.070495291478018,7.9252251327580705,1.0061403159655486,3.7536994778137878,1.618183766522717,35.22778260869563,37.57299033816422,36.49966183574875,33.73652657004828,57.12257004830912,53.354198067632794,23.164164251207705
426.0,61.430132765172736,57.55665234414939,77.87768762504295,65.7757901922876,53.54825117432878,51.2728122611233,58.071608523769164,12.1913032611311,4.945554134328609,21.103080340885565,7.92390162217211,1.0191852460117172,3.7800163929472728,1.619249183877881,35.23350724637678,37.583231884057945,36.502260869565184,33.734212560386446,57.134661835748744,53.36379710144922,23.167826086956502
428.0,61.45039669964041,57.580118590505215,77.93319658770291,65.79546875525898,53.560979120624374,51.28432807429975,58.0858338569724,12.160101493586632,5.025561195276868,21.121629850845117,7.82234329210591,1.0079089543874664,3.7589343270199462,1.620652239361045,35.23922222222219,37.595202898550696,36.50638647342992,33.732801932367124,57.147734299516856,53.3739903381642,23.172347826086934
430.0,61.47053486597316,57.59413729394372,77.9868773629965,65.81416377201825,53.57388193770749,51.29604657215739,58.10042600770971,12.139920180092583,5.045790837543244,21.09274677193205,7.881197278882806,1.0207293524135648,3.703605457030727,1.63278715677778,35.24509661835745,37.60688405797099,36.51108212560383,33.72979227053138,57.165173913043425,53.38489855072459,23.17818840579708
432.0,61.49023274089007,57.608992100314985,78.0385805323157,65.83314265430046,53.5869386793347,51.30772751743402,58.11533443832484,12.15878085106383,5.015665957446808,21.097159574468087,7.940687234042553,1.008244680851064,3.8225212765957446,1.5869063829787233,35.248299516908176,37.618082125603834,36.51604347826083,33.72745893719804,57.18258937198062,53.394864734299475,23.185251207729447
434.0,61.51049621627959,57.629224533752684,78.0898755509976,65.8513970753137,53.600103851068056,51.31963852869577,58.13025199435604,12.164954175005581,5.069521696560647,21.125968487418803,7.88165369945105,1.0111123118306011,3.735231527335873,1.6266384113376438,35.25082608695649,37.628603864734266,36.52158454106277,33.72563285024152,57.19925603864729,53.404057971014446,23.192884057970993
436.0,61.53115901221278,57.63763832392715,78.14054007476057,65.87039680869438,53.61349364736871,51.33199311001392,58.14480985848522,12.147809692483651,5.085945122446367,21.177935544474465,7.892374171269387,1.004735480061605,3.751645151074305,1.6360032021999469,35.253449275362286,37.63825603864731,36.52741545893716,33.72170048309176,57.21505314009657,53.413251207729424,23.199260869565194
438.0,61.55253273402641,57.64488522726925,78.18848378804832,65.88981329008638,53.6265114595594,51.34399487890089,58.15913976855032,12.138472881355932,5.068633898305085,21.15838813559322,7.901833898305085,1.0012016949152542,3.76845593220339,1.6071033898305085,35.253893719806726,37.645623188405764,36.53202415458934,33.71539613526568,57.2304637681159,53.42139130434778,23.204381642512057
440.0,61.57531329356178,57.653896096512135,78.23449917185145,65.9094691961001,53.63970888432791,51.355474505524995,58.17327468990526,12.135425779975154,4.989032518112386,21.13293188156785,7.903910381502673,0.9973318941322624,3.712549725703175,1.5984263913908647,35.25588405797098,37.65106763285021,36.535676328502376,33.70880193236712,57.24719323671493,53.4298212560386,23.20702415458935
442.0,61.59972846100599,57.66497742285811,78.27899909624104,65.92946367881041,53.65284903274286,51.36703408964336,58.186816781032235,12.199136549415384,5.013848132430769,21.1347875392,7.944361496615384,0.9911432891076923,3.7480634825846155,1.6199336408615386,35.261318840579676,37.65734782608693,36.53981159420287,33.70277777777775,57.26212077294681,53.438057971014445,23.204695652173893
444.0,61.62407400060813,57.669764657580465,78.32085333792371,65.94941288719575,53.665751823772645,51.378318833055616,58.20015762451592,12.12083624587865,5.105907776461364,21.188194717497286,7.936925641298352,1.0056135276789093,3.748980673613705,1.5912647390408536,35.26849275362316,37.66361835748789,36.54404347826083,33.6957874396135,57.27390338164246,53.44622222222217,23.199028985507226
446.0,61.64786219572423,57.67946185344442,78.36128799170564,65.9694054167644,53.6789493708864,51.38959403225639,58.21346133451744,12.144182893802487,4.899057888142187,21.145257251873044,7.871833182992344,0.9990201133603656,3.7777557482916184,1.5679583275872715,35.275700483091754,37.66968599033813,36.549811594202865,33.688120772946824,57.285975845410576,53.45381642512071,23.195830917874375
448.0,61.670408692283004,57.69103452282293,78.40155969788009,65.98976873966625,53.69208832892886,51.400408975705446,58.226579872985546,12.10183595878275,4.996228108286705,21.0705463103854,7.916448775298909,1.000610346432206,3.7489975350864913,1.6030620579114694,35.28484057971011,37.676009661835714,36.55738164251204,33.68006763285021,57.29689855072459,53.46273913043473,23.193685990338142
450.0,61.69314165210269,57.697973520204634,78.44101615850147,66.00970871465218,53.7054544607149,51.41122790419815,58.2394600269098,12.113534905679545,5.102855073203834,21.202796843613747,7.9727354426024775,1.0077486802450557,3.772528030925894,1.593631734258365,35.29781159420286,37.67822222222219,36.56401932367147,33.67069565217388,57.3064057971014,53.47368115942024,23.190004830917854
452.0,61.716059588175604,57.69562508280595,78.47864353571305,66.02980016751481,53.71899898837737,51.4217833293008,58.25205416090726,12.203327189453788,5.058682527989143,21.173348529055396,7.887241758348277,1.014152445112199,3.7473572868705474,1.627526215286192,35.31168599033813,37.67490821256035,36.56999033816422,33.662072463768084,57.31905797101444,53.48311111111105,23.18642028985505
454.0,61.73939389852909,57.70962117372153,78.51407361383943,66.0503079869307,53.73233481068341,51.43215003166748,58.264424109491685,12.137351283545879,5.056264118216978,21.109648707789496,7.826428183658519,1.0107692319204746,3.743943581482911,1.5689717871968367,35.32653623188403,37.67120772946856,36.575512077294654,33.65383574879224,57.33524154589366,53.492927536231825,23.185787439613502
456.0,61.763040472477506,57.7133737453342,78.5480013902664,66.06985964469744,53.745727714154,51.44229777222823,58.27666580398722,12.131160751468114,5.063164498999327,21.172721542173633,7.872778482349746,1.017747662084583,3.74853270629246,1.6106027996128895,35.34360869565214,37.669212560386434,36.5825797101449,33.64562318840577,57.35239130434777,53.50380676328497,23.186787439613504
458.0,61.78642091269032,57.72152513753822,78.58226108063327,66.08925670942538,53.759062558049784,51.45270774400116,58.28886612364777,12.147761699142345,4.9625093412740515,21.164777407189135,7.952993180379729,1.0166625497157311,3.776516578664421,1.6296846796569384,35.36110144927533,37.66741062801928,36.593188405797065,33.64072463768113,57.3709903381642,53.5158212560386,23.186927536231863
460.0,61.81017229632192,57.7214126500287,78.61607254603976,66.10891487526784,53.77238611794,51.463407855650274,58.30125370334263,12.146955023873298,4.98437789756903,21.07512290634004,7.850773864106895,0.9799932927971191,3.7558107471938778,1.5893617506627653,35.37899033816422,37.66551207729465,36.605729468599,33.63642995169079,57.3927439613526,53.52843961352652,23.18976328502413
462.0,61.83489170147189,57.73012896132992,78.6519778030069,66.12807459733517,53.785900159847664,51.47420366095725,58.313614475048595,12.127322234265362,5.006111092580643,21.184855533415472,7.876377784897204,1.005988884064979,3.7806555534762842,1.6183777783100712,35.39842512077291,37.66200483091784,36.61859420289852,33.63002898550722,57.41270531400961,53.54113043478256,23.19402415458935
464.0,61.86008949785966,57.73887532775494,78.68957115522164,66.14705177433204,53.79959791438035,51.48492840046242,58.325502276744466,12.195280017664,5.017209948928,21.190780018944,7.867227507072,1.025392504704,3.749465002752,1.615702494592,35.418729468599004,37.66080676328499,36.630125603864705,33.62298550724635,57.43192753623183,53.55458454106275,23.197835748792247
466.0,61.88492449709966,57.74211176000481,78.72829085940293,66.16565026542692,53.81308576398904,51.4954812766878,58.33732703029435,12.203438335390247,5.089422885613961,21.176007862631295,7.943960174079834,1.0069024954244818,3.743522894019922,1.6255223831666787,35.43800483091784,37.66466183574876,36.64101449275359,33.616714975845376,57.45141545893714,53.56709661835743,23.202323671497563
468.0,61.90921243864354,57.75239186050683,78.76646079182557,66.18430969670183,53.82663883794854,51.50605802927657,58.34889825368047,12.168791590275344,5.048175234736589,21.108887827073094,7.905966364809788,1.0343266394477095,3.7606429875696374,1.6045743069154734,35.45613043478258,37.67093236714972,36.65495169082122,33.611410628019286,57.467299516908156,53.58061352657,23.207391304347805
470.0,61.933281277861695,57.77072855767636,78.80395448152665,66.20238609198884,53.8400115688229,51.51708639361859,58.36051571135507,12.107581486859338,4.986897359135614,21.12807143878821,7.915361378797504,1.0194539672563698,3.7502518515307854,1.6080645502186837,35.47415942028982,37.67820289855069,36.668405797101414,33.607265700483055,57.48231400966178,53.59347826086952,23.214164251207706
472.0,61.95737891474971,57.787583744229586,78.84141149626628,66.21985942512104,53.853485490724985,51.52807353109178,58.372230678762214,12.170007971328,5.020800982016,21.225307990528,7.918131949312,0.999190995456,3.743003979264,1.611093999104,35.49314492753619,37.686835748792234,36.67967149758451,33.60447342995165,57.499797101449225,53.60708212560381,23.220768115942008
474.0,61.98033404976275,57.792861902065184,78.87797320420525,66.23670553730645,53.86712001818321,51.53926425453054,58.384241334285214,12.210020200714213,5.01244550203119,21.256821173255,7.91596361802756,1.0057484817141127,3.74750506957248,1.6217909109715323,35.51296618357485,37.69836714975842,36.69369565217388,33.60322705314007,57.5189130434782,53.621642512077244,23.22593236714973
476.0,62.00172343642525,57.81403559881964,78.91409283877515,66.25353983702728,53.88027452505131,51.55080651420162,58.396475556725846,12.122047585494522,5.022410925837115,21.222960262416844,7.858333606325549,1.008627075417174,3.761920958915901,1.6032803531683082,35.53172463768113,37.71190338164247,36.70759903381639,33.60189371980673,57.538874396135206,53.632550724637625,23.23260869565215
478.0,62.02279241009817,57.82857851960877,78.95117087529388,66.27033194990369,53.89350920381189,51.5627812928223,58.408840049256916,12.189014275589589,5.1154000534699335,21.05258568229023,7.868314252385654,1.0066428577914142,3.761699995207883,1.6215142887048548,35.54874396135262,37.725946859903345,36.71912077294683,33.600014492753594,57.55951207729463,53.64242028985502,23.24014492753621
480.0,62.04379122980167,57.836120630627796,78.98943094439062,66.28788528106949,53.9068555946146,51.57511939004282,58.42133161726776,12.134440407159513,5.021712962093417,21.2167331616939,7.889730571185267,1.0092041464055201,3.7862937811875748,1.635482381357888,35.56212560386469,37.73960386473426,36.73082608695648,33.59890821256036,57.580053140096574,53.65081642512072,23.24793719806761
482.0,62.065753966241545,57.84371125579109,79.02989946726076,66.30532487636506,53.919782423067616,51.588037816258094,58.433712733307516,12.162494631865641,4.95300342390741,21.25306146312163,7.9011234118941385,1.018034146539441,3.739547803207119,1.6033351210880378,35.57357487922702,37.75258454106277,36.74166183574875,33.59684541062799,57.59850241545888,53.65608212560382,23.253603864734277
484.0,62.08730054158265,57.856635769902674,79.07103846372455,66.32312917078342,53.932783135999614,51.60124478622821,58.44574910336472,12.189271831593071,5.113578186429931,21.141051687026525,7.9306540273684805,1.012798842702597,3.742694823058261,1.5788976905546228,35.58479710144925,37.764599033816395,36.75179710144924,33.59509661835746,57.61586473429946,53.66138647342991,23.255985507246358
486.0,62.109057348418794,57.87245899278254,79.11357600122408,66.34087344660612,53.945519561651025,51.61439457217102,58.45756359246399,12.205543484803625,5.130573912946692,21.190865221640223,7.904195655348505,1.0199434787931942,3.7810173944111893,1.6093391287990935,35.59571980676325,37.774135265700444,36.76201932367146,33.59553623188403,57.63314492753618,53.66812077294681,23.255748792270513
488.0,62.13057491318296,57.8902413679066,79.15601513457347,66.35881411075096,53.958776757417745,51.627476155690545,58.46920646803271,12.175694117425605,5.001335282796964,21.15741175957703,7.875864706059516,1.0187411798278176,3.7816117652993766,1.604917644109068,35.608144927536195,37.78206280193233,36.77194202898547,33.59703864734296,57.6489516908212,53.6747246376811,23.249942028985487
490.0,62.15201843283122,57.90135546619476,79.19803145636955,66.37717439133311,53.971790632075205,51.640336921130434,58.480829646706844,12.185019717202776,5.058230981497319,21.161247869285607,7.871897182123546,1.0199323947623093,3.732811270784687,1.6189859163867493,35.619700483091755,37.789806763284986,36.780608695652134,33.59787439613523,57.661893719806706,53.67846376811589,23.241043478260845
492.0,62.17252841103975,57.905224946874824,79.240108431608,66.39556093246736,53.98478083500561,51.652809603555,58.49205902246165,12.158309093953354,5.013689881787398,21.22707877280244,7.883538343006605,1.0132595989072153,3.7101838079895324,1.6094181974743902,35.62923671497581,37.7963140096618,36.788285024154554,33.59871014492751,57.67357971014487,53.679603864734254,23.23335748792268
494.0,62.19223255216062,57.91643643509836,79.28255181920241,66.41383759694097,53.99786759223663,51.665147727295704,58.50304188730458,12.1739047019706,5.026008217606187,21.244882344720825,7.875815282609154,1.0089147111263708,3.735551745770726,1.6107629460803359,35.636777777777745,37.8022753623188,36.79585507246373,33.600212560386446,57.687444444444395,53.68141062801927,23.226410628019302
496.0,62.21136868413388,57.92487993545853,79.32410930831747,66.43201521678682,54.01091044820651,51.67700947157686,58.51358620423368,12.213581156798096,5.009345404739586,21.297575855373648,7.981387443760403,1.0195497600773689,3.7812275361924526,1.6042777761150837,35.6441256038647,37.80711111111107,36.79998067632847,33.60065217391301,57.70214492753618,53.68475362318836,23.217347826086932
498.0,62.2299498995022,57.930599843737326,79.36435398620449,66.45046090070639,54.024207858048776,51.68851719723507,58.52356229412494,12.230710982798414,5.079702115283061,21.250863913662354,7.901928780019676,1.0291350792259422,3.7683827102215,1.6270146826003158,35.65308212560383,37.81079710144924,36.800927536231846,33.600125603864704,57.71760869565212,53.68628019323666,23.20753623188404
500.0,62.2487586144743,57.94102423413325,79.40240069543033,66.46901268606553,54.03756896185333,51.6997010683128,58.533409032256856,12.1656984564,5.107711424266667,21.2041547428,7.938131223999999,1.0183619761333333,3.7619432289333337,1.6171609428,35.66184541062798,37.817531400966146,36.80073913043474,33.60055555555553,57.733811594202834,53.68620772946855,23.19894685990336
502.0,62.2674891063587,57.95520345028762,79.43870508109016,66.4872067245064,54.05140201395939,51.71097119798157,58.54297349495337,12.219606745668557,4.998988037898624,21.210308300769594,7.9260549175891954,1.010845072064687,3.7122968897979325,1.63168652418206,35.67166183574875,37.82856038647339,36.80023671497581,33.60086473429949,57.747729468598976,53.68892753623184,23.189328502415435
504.0,62.287215318004016,57.95998892203953,79.47435731758787,66.50503851226054,54.06503655758157,51.72218596642694,58.55252337682708,12.220670612934853,4.9580443575130015,21.253922161535893,7.957443284293091,1.0031726828386422,3.743778861935596,1.6430670116506314,35.68138164251204,37.84100483091784,36.80146376811591,33.5993719806763,57.759338164251155,53.69460869565213,23.176381642512055
506.0,62.30721997258919,57.968021416093336,79.50901339899008,66.52342609901561,54.07885949698214,51.73347509213592,58.562075700913574,12.187039403546244,4.926030304174349,21.242018182194307,7.838327275360145,1.0365,3.7515090905799817,1.5864393880311027,35.68863285024151,37.852033816425084,36.803463768115904,33.59617391304345,57.77039130434778,53.70224637681155,23.16498067632848
508.0,62.32790102791109,57.97375010647516,79.5416027329079,66.54200886539229,54.09254151041594,51.74530614030947,58.571331879302726,12.180488413432196,5.133697881665942,21.246852634578616,7.9300526248775585,0.9871389502915033,3.7946115744414817,1.6256315809896966,35.69704347826083,37.86303864734296,36.80528019323668,33.59009661835746,57.780198067632796,53.712057971014445,23.15939613526568
510.0,62.34801030450337,57.99543736218387,79.57323419094875,66.56056975080278,54.10648962434989,51.75717036962499,58.580420506083314,12.150672510670722,5.08286162010536,21.11278434419049,7.9676905296899605,1.0210379142411352,3.7799544994164167,1.6117744043444817,35.70841545893716,37.87358454106276,36.80957487922702,33.58414009661833,57.78924154589367,53.724879227053094,23.154898550724617
512.0,62.368816218093606,58.01674698239527,79.60497559769615,66.57953352166108,54.12058346318461,51.76893471901359,58.58889673253834,12.24210253910204,5.045387234089796,21.294484630987757,7.886510709028571,1.0141306228244897,3.7485637719510203,1.619943870955102,35.72094685990335,37.882618357487885,36.816009661835714,33.58008212560384,57.79917874396129,53.737323671497535,23.151632850241523
514.0,62.39017954075707,58.02334639071406,79.63465661914877,66.59835251234168,54.134428997151915,51.78085598660114,58.5975978372199,12.144395168156084,5.0455038731427635,21.202115492571053,7.875917858653415,1.0229618399345035,3.769788882925176,1.5609284733747717,35.73283574879223,37.892690821256004,36.82367632850238,33.57670048309176,57.810444444444386,53.74778260869561,23.149743961352634
516.0,62.41318559541512,58.04075649321686,79.66273093950498,66.61714372610696,54.14864493407414,51.79290414224545,58.60635181155187,12.149653703703704,5.125996296296296,21.157925925925927,7.927990740740741,1.0215796296296296,3.744683333333333,1.6222518518518518,35.745884057970976,37.90270048309175,36.83288888888886,33.573995169082096,57.82286956521733,53.759425120772896,23.14815458937196
518.0,62.437141256449124,58.05821767760002,79.6903835998321,66.63588178888881,54.162553533549335,51.80559523457901,58.615258232648806,12.117015384615385,5.029796153846154,21.28063076923077,7.912542307692308,0.9838153846153846,3.752476923076923,1.624323076923077,35.76189371980673,37.91271980676325,36.84153140096615,33.57196618357485,57.836285024154535,53.76992753623183,23.148787439613503
520.0,62.46134131334217,58.06853325991072,79.7190030961224,66.65438945592035,54.17670788054017,51.81847595778597,58.62444012572765,12.146550016355533,5.089016640260779,21.168816698571806,7.930483297161533,1.001349999857778,3.7852666355674516,1.6203833156503955,35.77784057971011,37.92582125603861,36.84926570048306,33.569391304347796,57.85112560386468,53.779917874396084,23.148690821256015
522.0,62.484707255409425,58.07232917381665,79.74875151771496,66.67298621605885,54.19087720120449,51.831776741314826,58.63375956565941,12.19830238523077,4.9722312768000005,21.29110912147692,7.896330806153847,1.0141995101538461,3.714475497846154,1.6341365307076923,35.793700483091754,37.94207729468595,36.85935748792267,33.568048309178714,57.86844444444439,53.791149758454054,23.149690821256016
524.0,62.50820840735717,58.08416599562658,79.780881586288,66.69165606724484,54.204481051946146,51.845546493609305,58.64314779980242,12.20108468851933,5.016073217770058,21.268267480680592,7.932679426805503,1.0066909095585903,3.7735736811418814,1.649881336882217,35.81062318840576,37.95978260869562,36.87024637681156,33.56788888888886,57.886294685990286,53.804724637681105,23.155391304347805
526.0,62.5333369657708,58.09695760393067,79.81598905754853,66.71074414998095,54.218062654749176,51.85946649380491,58.65238203273034,12.140559558513775,4.978169607315761,21.254030398841195,7.9158341471318305,0.9993962209245806,3.7786531594911112,1.616686055140411,35.82793236714973,37.97785024154586,36.879149758454076,33.56764251207726,57.902714975845356,53.82174396135261,23.162743961352636
528.0,62.55935594037416,58.10282726173225,79.85195919336958,66.73002319643354,54.23154532444617,51.87343988834954,58.66226618061377,12.227403020155487,5.079140434579675,21.20033024460945,7.953229325594716,1.0206737471830285,3.773722203618394,1.5968474560953252,35.843729468599,37.994589371980645,36.88806280193234,33.569038647342964,57.91991787439608,53.840309178743915,23.171096618357467
530.0,62.58533704972011,58.11252484299667,79.88830250800221,66.74959395437308,54.2444934748223,51.88747222449542,58.67255895730393,12.159144406939905,5.060388811170815,21.36207784989726,7.871833327554143,1.0183666762384513,3.7433444703304026,1.6075444519092326,35.85971980676325,38.00891304347823,36.898328502415424,33.570758454106254,57.93763768115937,53.859743961352606,23.179748792270512
532.0,62.6109904108187,58.1329199019069,79.92541993479585,66.76938609685341,54.25753833421676,51.90131001066838,58.68271708249917,12.198028648577722,5.0374492394615515,21.347865824139635,7.8971145674244605,1.0041522632193727,3.7641738676827763,1.620114071247736,35.877608695652135,38.02033816425117,36.91006763285021,33.57448309178741,57.9573864734299,53.8811980676328,23.187951690821233
534.0,62.63610843710841,58.13772576612207,79.96324206235246,66.789399027378,54.27036917636884,51.914997143559695,58.69333091950429,12.15396579671579,5.020212727354386,21.195021507929827,7.962975432308772,0.995900437108772,3.7635175419508773,1.6150666645333334,35.895497584541026,38.028381642512045,36.92217874396131,33.58128985507243,57.98007246376806,53.9028212560386,23.194908212560364
536.0,62.66027714756389,58.14397509683819,80.0013885274862,66.8098146943452,54.282953424545425,51.92855028092111,58.70477607825564,12.227401631125112,5.014032773304385,21.222903291627265,7.993614721253868,1.0123327830967317,3.798467183609291,1.6168737766561656,35.9127101449275,38.03438647342992,36.934130434782574,33.589256038647314,58.00422222222216,53.92215942028981,23.19977294685988
538.0,62.6827782417769,58.15227050985455,80.04055442197013,66.83027644561324,54.29544359706075,51.9419551897213,58.71651379995805,12.240122095919416,5.135283967463944,21.264027076040513,7.9124088443081,1.0223872915048986,3.766473481926535,1.6054381165748035,35.92857004830914,38.039125603864704,36.94656521739127,33.598285024154556,58.02901449275357,53.93975845410623,23.206526570048286
540.0,62.70443621548334,58.153246277294585,80.0814829933699,66.85035200755145,54.30818241866607,51.955176748385796,58.7281047682359,12.208161141395673,5.045390545231304,21.247577749481632,7.969619884520983,1.0109066312472776,3.7659237014676923,1.6500308040702774,35.94300483091784,38.04402415458934,36.960729468599,33.609502415458905,58.05305797101444,53.95676811594199,23.21375362318838
542.0,62.72516812394857,58.16374924818896,80.12416959394201,66.87043255691687,54.321137273779726,51.9680576341143,58.740148795589924,12.186438225317648,5.03109904037647,21.231270558494117,7.966269141458823,1.0149117586823528,3.787530407529412,1.5940269560470588,35.95654589371977,38.049951690821224,36.97486956521736,33.62042995169079,58.07678743961347,53.9743864734299,23.218864734299494
544.0,62.74467087635619,58.1809425936677,80.16748000480192,66.89054869292066,54.333996962938585,51.980445854991615,58.752430533753056,12.191500427531924,4.978128129335485,21.190949718281942,7.969364138282511,1.0152092301594045,3.7203548175203145,1.5869949234123277,35.97094685990334,38.05417391304344,36.98662801932364,33.628589371980645,58.09881159420284,53.99025603864729,23.224714975845387
546.0,62.76292727462813,58.19560415673599,80.2108215955601,66.91081242484148,54.34696866640537,51.99247425761635,58.76491135213545,12.179674509661538,5.0697644669538455,21.327586545723076,7.955817811323077,1.0150264550153845,3.7723168146461536,1.6227908643692308,35.98618357487919,38.05756038647339,36.99847342995166,33.635106280193206,58.11891304347821,54.00267149758449,23.230555555555533
548.0,62.781183505675166,58.20466375135309,80.25267900341049,66.93147954804405,54.36010767682932,52.00456884426099,58.77762556438737,12.169361217436734,5.065983652310203,21.26383933622857,8.006983156244898,1.0075969340081632,3.7657607149714285,1.6538933655510204,35.999231884057934,38.062758454106245,37.01047826086953,33.63988405797098,58.13804830917869,54.014183574879176,23.234463768115923
550.0,62.79978711839129,58.212693954930174,80.29557019187372,66.95222038356486,54.373713292248354,52.01620957265971,58.79080216862928,12.268540116281457,5.028682357362188,21.293299998767914,7.919465241919917,1.0105026741723468,3.74465454276636,1.6464417101889335,36.01006763285021,38.068159420289824,37.02276328502412,33.64282608695649,58.1553478260869,54.025565217391254,23.23512077294684
552.0,62.81878909168561,58.22396743079821,80.33960118427548,66.9728540263317,54.38673355202953,52.02771571021866,58.80433953450284,12.181679661016949,5.0656203389830505,21.310422033898305,7.9213,1.0231254237288134,3.797666101694915,1.565549152542373,36.01861835748789,38.07272463768113,37.03549758454103,33.64261352657002,58.170545893719755,54.03520772946855,23.2360338164251
554.0,62.83802276320733,58.23810564517218,80.38406392766149,66.99359347702935,54.399903835796785,52.039166781404695,58.81776328336045,12.183810690813306,5.17177799044911,21.233897479930572,7.902598114295099,1.002032703906333,3.735995597123785,1.5995496855548434,36.02658937198064,38.075971014492715,37.04585024154586,33.63970531400963,58.18398067632845,54.041502415458886,23.24198067632848
556.0,62.85694286904939,58.247251597808855,80.42858470700881,67.01409539775352,54.41324845723945,52.05060419863813,58.83129000791632,12.22742139192721,5.019655217307134,21.342544284193202,7.9098134352918406,1.0300820927306167,3.751509950634014,1.6358203852482818,36.03751207729465,38.07979710144924,37.055816425120746,33.637560386473396,58.19843478260864,54.04522222222217,23.246961352656985
558.0,62.875058696484686,58.259484198892416,80.47354727612253,67.03443789989412,54.42656497949693,52.06187459153269,58.84463011254821,12.187630437772231,5.103479712439123,21.303930437277547,7.936963772424727,1.018662319779766,3.7617391298970806,1.612908698061079,36.05014009661833,38.08549758454103,37.067391304347794,33.636637681159385,58.21373913043473,54.045869565217345,23.244975845410607
560.0,62.89286695213913,58.27068423600569,80.51736688166126,67.05440673204029,54.44018509577596,52.07344328774288,58.857650495078865,12.244199994569692,4.966000015773748,21.257511096184952,7.998411087134441,1.0117111119586986,3.7718888863604922,1.598044442016609,36.0626714975845,38.09198550724634,37.075917874396104,33.63561835748789,58.22737681159415,54.043468599033766,23.240801932367127
562.0,62.90991535873104,58.2760289787324,80.55981701671969,67.07369131706555,54.45388541710489,52.08521175245455,58.87087046160566,12.200894119112679,5.132164709747723,21.3269235506552,7.932976481105264,0.9971941196602726,3.7520235216327067,1.6160117623222372,36.07452657004828,38.10065217391301,37.082739130434746,33.6331835748792,58.241101449275305,54.0422173913043,23.234898550724616
564.0,62.92786745437293,58.29854758280477,80.60106274415601,67.09208305207007,54.467623834713336,52.09707778816699,58.88408657532611,12.22623110548796,5.000771114089562,21.307826668608474,7.9065844449804645,1.0035400004096,3.753300000682667,1.6202488903250176,36.085729468599,38.11176328502412,37.08975362318837,33.63101449275359,58.25366666666661,54.04209178743955,23.22767632850239
566.0,62.946395436191764,58.30327120206061,80.6418066650755,67.11015020656549,54.48115439680414,52.109206356901204,58.89685304834616,12.205611391666721,5.0847506396754305,21.4164240594438,7.906549365833426,1.0059164549537578,3.7537443041666396,1.613987341944432,36.09690821256035,38.12629951690817,37.095811594202864,33.63018840579707,58.26382608695646,54.043115942028926,23.222545893719783
568.0,62.96567446704206,58.31041238212217,80.68201471355266,67.12766962204628,54.494781865915584,52.12139934485374,58.90955811174352,12.256568369257385,5.043545985233005,21.3083370055189,8.020535834949571,1.0159429795643262,3.7837444730756826,1.5855638887233168,36.1080869565217,38.14233816425117,37.102159420289816,33.628782608695616,58.27333333333328,54.047188405797044,23.21931400966181
570.0,62.98550472304035,58.3231768911179,80.72135803565072,67.14473838824848,54.50856411868959,52.13329363299067,58.92203481578426,12.210959823435294,5.052947066729412,21.24676570277647,7.887014701552942,1.0262397063529412,3.7209931226352944,1.6238794191058823,36.120512077294656,38.15683091787436,37.110043478260835,33.62852657004827,58.282719806763225,54.05508212560381,23.21905797101447
572.0,63.00608623915638,58.33404515613388,80.7601829724729,67.16132906883576,54.52193131127952,52.145056146595486,58.93461538814395,12.212425230151313,5.098066016145388,21.409128166444635,8.031242745014216,1.032508741773209,3.7413087387906865,1.6383271921539777,36.13547826086953,38.170999999999964,37.1177101449275,33.6293719806763,58.2913091787439,54.06584057971009,23.22050724637679
574.0,63.02880445796913,58.35363374486676,80.79701932849264,67.17818857262706,54.53539265703699,52.157138615452936,58.94685799301899,12.18361300358289,5.012582590098138,21.335734728645416,7.928304261066719,1.0389261013293085,3.7724086513578583,1.5668521595838105,36.149502415458905,38.183067632850204,37.12462801932364,33.63071497584538,58.30086956521734,54.076729468598984,23.222439613526547
576.0,63.05159518345123,58.36444114810505,80.8321613907296,67.19484719189359,54.54844581767365,52.169108366734285,58.95930039951908,12.2094349084,5.09911823,21.3741911692,7.9419390588,1.0266724028,3.7598067875999996,1.6138078156,36.160927536231846,38.190033816425085,37.133917874396104,33.63260386473427,58.313251207729415,54.08801449275357,23.224855072463747
578.0,63.07417138976421,58.36906018000099,80.86526299776787,67.21210162414926,54.56130447831781,52.181191346259006,58.97139642253877,12.239446168994078,5.188946196825864,21.366838482826346,7.99823847599968,1.0292461679438218,3.7786999779446226,1.5980999984246158,36.1741449275362,38.19307246376808,37.14452657004828,33.63391304347823,58.32495652173908,54.10235748792265,23.227753623188384
580.0,63.09679854345678,58.38572521011076,80.89636192211414,67.22925112201831,54.57421392265715,52.193159457123016,58.98350201284075,12.247652,5.01433,21.29118,7.96559,1.031552,3.786392,1.6048419999999999,36.18754589371977,38.1920869565217,37.154845410627985,33.63656521739127,58.33675845410622,54.1175942028985,23.231135265700463
582.0,63.118966680996564,58.39507718395609,80.92514917505777,67.24560062180365,54.587049781069375,52.20499998138101,58.99554334640869,12.281471374943434,5.074147739020146,21.25554561730008,7.924050616630869,0.9976053900230082,3.7690435720613635,1.6045800842569518,36.19834782608692,38.187536231884025,37.16509178743957,33.639483091787405,58.349429951690766,54.13094202898546,23.23499999999998
584.0,63.140272830253366,58.4028249266237,80.9524732960694,67.26230482034295,54.59994580302935,52.21736892377311,59.00779696985551,12.273892006062088,5.040810318127892,21.387356608976393,7.846381068998658,1.0087800043300619,3.7871811555998964,1.641815466366683,36.207990338164215,38.18105314009659,37.177309178743926,33.64098550724634,58.35886956521733,54.144396135265644,23.239347826086938
586.0,63.16014609824884,58.411951150754604,80.98143826888327,67.27847585954541,54.61325439255485,52.229612243991845,59.0196626902356,12.222939130316488,5.019339122896191,21.32069564787229,7.921317387734002,1.0357695680026913,3.8199695729495553,1.6148652143909235,36.216086956521714,38.17244444444441,37.19115942028982,33.64239130434779,58.36632367149753,54.15929951690816,23.24417874396133
588.0,63.17973450974972,58.42002595645368,81.01275782858839,67.29458904666267,54.626534327306416,52.24167868382527,59.03115906309522,12.1944631648585,5.099699997035791,21.41288948783866,7.985163166205867,1.0031473640101969,3.797194749578274,1.6035105253655408,36.22225120772944,38.16212077294683,37.20452657004828,33.643797101449245,58.374164251207674,54.17394685990333,23.247666666666646
590.0,63.198874712230996,58.43626975058751,81.04536171488543,67.31062047392429,54.639820957914914,52.25389221972808,59.04306144084161,12.237829473933829,5.03901579599778,21.269795776811268,7.9350621044802665,1.0039810549348682,3.7728873660043005,1.6401789530415476,36.22792270531398,38.15109661835745,37.21712077294683,33.643473429951655,58.38231884057966,54.18841062801928,23.250985507246355
592.0,63.217087887755724,58.447821016398855,81.07795201782915,67.32669761947338,54.65313177254402,52.26600091306853,59.05478097475524,12.236154603917418,5.006117923704603,21.352338051481954,7.970296110779946,1.0184941777950367,3.7619584582621193,1.6245855084257366,36.23336714975842,38.13978260869561,37.228652173913005,33.640864734299484,58.39131884057966,54.20211111111106,23.255913043478238
594.0,63.236285382583695,58.45788057270139,81.11183985844269,67.34305787887013,54.666363098781915,52.277856564004296,59.066634772783935,12.250108552176751,4.985094112138913,21.358722990982503,7.900136356915899,1.0270128350415966,3.6919727224563945,1.6273759386093043,36.23585024154586,38.12981159420286,37.23883091787436,33.63719323671494,58.40169565217386,54.21381642512072,23.259400966183552
596.0,63.25620296226424,58.46396109554045,81.14730269957086,67.3596380852086,54.6797381030818,52.28976922702101,59.07846882094547,12.195246532279425,5.007370291218825,21.351510921054466,7.90208910125047,1.0188584208105056,3.7501237645156342,1.5852425703651039,36.23563768115939,38.12346859903378,37.24736714975842,33.63245893719804,58.41398067632845,54.225898550724594,23.260797101449253
598.0,63.276070712516606,58.469468594668925,81.18550840962794,67.37602034470187,54.69316491524704,52.30099602712651,59.09036177260426,12.23085961040091,5.032549263085946,21.31487339202415,7.921505422532281,1.0218113303294327,3.746323643673334,1.622213299132753,36.23477294685987,38.11886473429948,37.25397101449272,33.62666183574876,58.42932367149753,54.23833333333329,23.26122705314008
600.0,63.29619511468135,58.47411870612098,81.22547302871337,67.39215637229692,54.70638517959502,52.3123173810471,59.102267566926116,12.2035097536,5.0936657152,21.2268758528,7.9556775424,1.0247834752,3.7625351616,1.6312826368,36.23407729468596,38.11411111111108,37.2583526570048,33.61980193236712,58.44649275362313,54.248096618357444,23.263642512077276
602.0,63.31617253219946,58.48499154706761,81.26484050456722,67.407892449108,54.71975895878078,52.32372032863835,59.11371055048746,12.204713289908923,5.08352450526128,21.409495435975554,7.93535808758389,1.0228995850886864,3.7867601557670123,1.6266004149113136,36.23681642512074,38.111492753623146,37.26022222222219,33.613705314009636,58.46368599033811,54.25516425120768,23.264995169082106
604.0,63.33532779864286,58.492903767629706,81.30406259453228,67.42366253445773,54.733360071033786,52.33519972655199,59.125382415663665,12.214486105796915,5.078347313885065,21.37716830472853,7.977450981720291,1.035487252067944,3.794513037001797,1.6171926343057468,36.241478260869535,38.112024154589335,37.25989371980673,33.60902415458934,58.48030917874391,54.262512077294645,23.261632850241526
606.0,63.3543878286919,58.5053428008055,81.34301512696186,67.43933505306482,54.74671569779271,52.346623141063176,59.13667883461011,12.230406652453201,5.012301005882747,21.322655360835164,7.918816398698207,0.9959015316671896,3.762832827853841,1.6201302522321224,36.246599033816395,38.118497584541025,37.25828502415455,33.60341062801929,58.49511594202893,54.271942028985464,23.25590338164249
608.0,63.37358322629965,58.51152894302351,81.38027679875326,67.45527276105356,54.76034684266444,52.35846246917551,59.14772480752524,12.24739544672653,5.03462194795102,21.329514318628572,8.010222472359183,1.0301995011918368,3.7597209119346937,1.6102913218612245,36.2519371980676,38.12944927536228,37.25448792270528,33.59751690821253,58.50920772946855,54.28413043478256,23.248917874396113
610.0,63.394132040913966,58.51570370775151,81.4172384028504,67.47125130383856,54.7740018133081,52.37019249314983,59.159023904442535,12.21860991428236,5.033526447219069,21.325968585854632,7.862833077615562,1.0033305804532466,3.761685533680379,1.6269074327762338,36.256028985507214,38.1415410628019,37.25059420289852,33.59316908212558,58.525463768115884,54.299246376811546,23.243613526570027
612.0,63.41590776040968,58.526649113253974,81.45381451918631,67.48712198216228,54.787283815695,52.381863246410816,59.170496819058805,12.267582179961904,5.041192832304762,21.279303514514286,7.9449357808761905,1.0070178371047618,3.7920214732190476,1.6240928259047618,36.26041062801929,38.15799033816421,37.24869565217388,33.593415458937166,58.5431594202898,54.315125603864686,23.24299033816423
614.0,63.437578151723436,58.5317725136994,81.49076604908956,67.50325180386254,54.80082113751686,52.39363333945292,59.18163267079897,12.254267634805036,5.095904038805442,21.41547342720983,7.952434102368887,1.0110340968937446,3.7442086721817627,1.599499430067263,36.266618357487886,38.1783140096618,37.2491062801932,33.59652657004828,58.561618357487866,54.32842995169077,23.246541062801914
616.0,63.45878812723695,58.54843661877963,81.52771480428366,67.51921990982089,54.81447838109396,52.40527902321807,59.19301941527673,12.2046892485917,5.128400928897752,21.37152572035931,7.886504193856714,1.003403735329337,3.7925719712131416,1.5860808411399425,36.27501449275359,38.19832850241542,37.250966183574846,33.598995169082094,58.580816425120716,54.338202898550676,23.249632850241525
618.0,63.47997880722864,58.56340143944367,81.56528549625111,67.53510209372153,54.82807640742085,52.41675292647536,59.20436631043738,12.198466667011447,5.043751523974772,21.381939397340187,7.842315134761933,1.0222545424455483,3.769266675803361,1.6080999979313144,36.284183574879194,38.218579710144894,37.25341545893716,33.60214009661833,58.599555555555504,54.34643961352651,23.248236714975825
620.0,63.50088088245651,58.57848727713111,81.60227543533739,67.55129071293005,54.84161273087517,52.42877544526852,59.2160671339954,12.178356112667833,5.100861537089314,21.35257601453061,7.870671495028849,1.0059371029826905,3.784822171807326,1.6211325809325121,36.29393236714972,38.24134299516905,37.25921256038644,33.606057971014465,58.619685990338105,54.35448309178739,23.24427536231882
622.0,63.52232811213411,58.59677573131692,81.63773517074226,67.56734366326937,54.85515319655969,52.4407164110285,59.22714720586293,12.254713376629777,5.093386619537063,21.438116587174253,7.936749192572433,1.008213368963459,3.833910177584781,1.6172288834007786,36.302241545893686,38.26401932367146,37.26628985507243,33.60901932367147,58.63640579710139,54.361850241545845,23.240797101449253
624.0,63.54353387395133,58.607680334180344,81.67339259055596,67.58356593062565,54.86823674685297,52.452575580540206,59.23848954795859,12.239838740329413,5.083380397929411,21.420321095905884,7.952676482635294,1.0073603000470588,3.752668620047059,1.6055936184470587,36.31009178743958,38.28700966183572,37.27318357487919,33.60924637681156,58.64786473429945,54.369884057970964,23.236579710144902
626.0,63.565351682342154,58.6086133106515,81.70880583451277,67.60006781019545,54.88155698109501,52.464616539452884,59.249686168745995,12.229421880266667,5.025339063066666,21.416364084933335,7.9928890364,1.0125468765333334,3.7920140518666665,1.5898328204,36.31906763285021,38.31131884057968,37.28142995169078,33.60851690821253,58.656942028985455,54.37875362318836,23.233400966183552
628.0,63.58723715901171,58.61808499240558,81.74574818116324,67.61615581075432,54.89463012066783,52.47656026663776,59.26118063458497,12.208201040900324,5.125432989680472,21.41046118744159,7.8996553397093034,1.0282349422384824,3.778760186308234,1.5781874227029606,36.32592753623185,38.336173913043446,37.290739130434744,33.6085603864734,58.66646859903377,54.385024154589324,23.232434782608674
630.0,63.608119351951906,58.6213651989923,81.7839510849502,67.63179864330154,54.90783202300198,52.48851278191708,59.272273708393364,12.296483781237495,5.061318051700498,21.410640589054033,7.973605419476998,1.0137468481423269,3.7936594704487034,1.6434621727493608,36.33042995169079,38.363294685990304,37.30082125603861,33.609280193236685,58.67749758454101,54.3894830917874,23.23307729468597
632.0,63.62813113321429,58.62626772075684,81.82413214695671,67.64778835961313,54.921015742218145,52.5008913638496,59.28395603481803,12.279638476360132,5.0179845968225685,21.40154615681748,7.9671000018177525,1.010815395451984,3.748453848181339,1.6038846068202062,36.33471497584537,38.3902753623188,37.31321256038644,33.61180193236712,58.68690821256033,54.39534782608691,23.235995169082106
634.0,63.647559854646126,58.64107600928231,81.86743797758348,67.66345925527152,54.93419763568479,52.51288046747677,59.29560626416082,12.256083475542592,5.180145444254205,21.363944038602003,7.945079362395222,1.0225614642269147,3.761905046256174,1.6256077936779705,36.33909661835745,38.41358454106277,37.326449275362286,33.61425120772944,58.69705797101444,54.40043961352652,23.23890338164249
636.0,63.6668340702584,58.651087948786625,81.9110947254648,67.67921887738314,54.947434319037455,52.52525263377392,59.3071679335,12.186316844789925,5.025670102088911,21.177736541705247,7.911109361938326,1.0189785101287416,3.765172896793781,1.623673826767057,36.34328502415456,38.43396135265697,37.33846376811591,33.61535748792268,58.70852657004826,54.40502415458932,23.23894685990336
638.0,63.68599219845618,58.661861411166015,81.95477218815776,67.69528591059911,54.960671785440674,52.5376684686445,59.31899157478329,12.304488843985302,5.040545621838056,21.36950583754926,7.946024276519939,0.9793325137600085,3.760388834664907,1.6161810667998862,36.34699033816422,38.45219323671494,37.35018840579706,33.61685024154586,58.71951207729463,54.41058937198063,23.236874396135246
640.0,63.705856386898084,58.67181339813211,81.99849518571202,67.7114910663153,54.97389238675375,52.54994946606397,59.330877120246605,12.252601546241522,5.0351856204002,21.350436395884042,7.988027175148808,0.9877764091172849,3.755368720445099,1.6117035937184103,36.34992270531398,38.46671980676325,37.36133333333329,33.61863285024151,58.73126086956516,54.41622705314004,23.235830917874377
642.0,63.72587698232533,58.68033559207337,82.04144178273556,67.72788496981791,54.98709550977403,52.56196047755417,59.34286068611421,12.222882796788161,4.992773630743144,21.42320002202152,7.892300540215426,1.003539250745291,3.7872408669872635,1.5732016074333643,36.35179227053137,38.476028985507206,37.371608695652135,33.62183091787436,58.74384541062796,54.42225120772942,23.235357487922684
644.0,63.74565270871442,58.69326719875144,82.08360196751846,67.74404821574372,55.00024597730502,52.57408921062171,59.35451530402959,12.220988889189888,5.0152899521997725,21.4072862499509,7.966426457405785,1.0151740734219084,3.7762105813369167,1.6170820114563424,36.352913043478225,38.47983091787436,37.380724637681126,33.62579227053137,58.7573864734299,54.428371980676275,23.23504347826085
646.0,63.76555598270256,58.70380935234128,82.12466499415996,67.76026417129084,55.013561732436166,52.58619709309348,59.366208669361576,12.216766674190675,5.06486666538208,21.306516681278843,8.016616659257354,1.0156333317275996,3.756649997729034,1.64906666028961,36.35420289855069,38.47661352657001,37.38839130434779,33.62746859903378,58.77083091787434,54.434299516908155,23.238193236714952
648.0,63.786423902581745,58.712103721040826,82.16398993871888,67.77647001380875,55.02702055249611,52.59846121102517,59.37796055171346,12.294996957701276,5.047703899621431,21.383203026672753,7.95362768955077,1.0126190434025162,3.801139377997748,1.611273601641946,36.35780193236712,38.466024154589334,37.393096618357454,33.62863768115939,58.78252173913038,54.44096618357483,23.2428260869565
650.0,63.80767021864267,58.72157415940819,82.20015749553244,67.79228329080081,55.040540864039244,52.61087507989855,59.3895094398906,12.238599990750956,5.1471839486149555,21.393145146894632,7.953058052283523,1.0053709738582386,3.7347289914578474,1.6326967776992343,36.36407246376809,38.45309178743958,37.395106280193204,33.62925120772944,58.79259420289849,54.44935265700478,23.24288405797099
652.0,63.82902544791553,58.732666935192405,82.23562830520572,67.80851192194916,55.0537595619423,52.6228999875101,59.40103370903984,12.252603847575422,5.047860948018347,21.366273967971207,7.998537275431867,1.0075659765267604,3.738591716503372,1.5952405328437522,36.36977294685987,38.43797101449272,37.39463768115939,33.62803864734297,58.80178743961347,54.456869565217346,23.236613526570025
654.0,63.85062713006613,58.74089110796389,82.26988718679196,67.82479222232776,55.066936357828006,52.634590024244766,59.41223490640141,12.262820754716982,5.0383849056603776,21.45237924528302,7.9884,1.0037603773584904,3.7817698113207547,1.608832075471698,36.37466183574876,38.423816425120734,37.393685990338135,33.626729468599,58.81087439613521,54.46397584541058,23.222246376811572
656.0,63.872125179560726,58.74459960517614,82.30217172934404,67.84154883647858,55.08013071320148,52.64679032402881,59.42328975897727,12.248049994026658,5.049213313156712,21.348172205187137,7.953643325501619,1.0082477685301596,3.7839588960126522,1.5998599928319899,36.37783091787436,38.41317874396132,37.39302415458934,33.62583091787437,58.818231884057916,54.47052657004826,23.202792270531376
658.0,63.89308948255455,58.7512721145994,82.33304338703982,67.85812401021165,55.09332562819557,52.65866236306866,59.43466924524555,12.22440359136856,4.856998891095892,21.23707083035204,8.00470467126546,1.0020719392561446,3.758122657115468,1.677262236759591,36.38254589371978,38.40440096618354,37.394647342995135,33.62767632850238,58.82523671497579,54.475154589371925,23.183038647342972
660.0,63.913151233847344,58.75917227574396,82.36325103706695,67.8744615594618,55.106512435790684,52.670579968877874,59.44581326737581,12.307354849208638,5.133715049186765,21.44714466700137,7.999997081104726,0.9896927173016126,3.7438699016264687,1.6454732913874694,36.39024637681157,38.39947826086953,37.39877294685987,33.63099516908209,58.83261352657,54.4764444444444,23.16172463768114
662.0,63.93262167619364,58.77638699408524,82.3909000693732,67.8904854421363,55.11993840780893,52.682424960437125,59.45648342171229,12.24947743628387,5.143457294451613,21.441912946580644,7.901570151432258,1.0261886957419355,3.756585475096774,1.571509636335484,36.39692753623186,38.39678743961349,37.40261835748789,33.632690821256006,58.84105314009657,54.47288405797097,23.137555555555537
664.0,63.951263160891116,58.79045956460736,82.41600107767222,67.90612490440095,55.13330319948183,52.69422123656009,59.46739574067441,12.277253345020869,5.082762844360094,21.413863312933756,7.9915800797218575,1.0335392631491476,3.775630372312336,1.5726816642406989,36.40458454106277,38.397101449275326,37.40640096618354,33.63384057971011,58.85064251207724,54.46951690821251,23.108536231884035
666.0,63.969418689099065,58.80011928978612,82.44053410089741,67.92147178514105,55.146444408984415,52.706725246962044,59.47809124879354,12.214869136340425,5.103056980834042,21.426664383455318,7.981723422638298,1.020224458212766,3.778112245106383,1.5909297768851065,36.41333816425117,38.403589371980644,37.41211594202895,33.63547342995166,58.85907246376806,54.46894202898546,23.078004830917852
668.0,63.98751167330395,58.81070049390714,82.46431825277833,67.93667053849694,55.159957114217434,52.719552630767495,59.48852752220966,12.227550013910205,5.041774982008163,21.375949964538776,7.909275008914285,0.9957999984326531,3.78962500884898,1.6277250179918368,36.42326086956518,38.41642028985504,37.42175845410625,33.63739613526567,58.866463768115885,54.46953623188401,23.050458937198044
670.0,64.00538920860981,58.8169657447856,82.48808399383593,67.95203063382063,55.17327638694214,52.73257005396309,59.49860122542053,12.331093909534003,5.0601747867685765,21.497952166595987,7.918900873962225,1.01847478053553,3.7816660884402578,1.5979973905794174,36.43437681159417,38.432763285024116,37.43189371980673,33.639415458937165,58.87049275362314,54.47085024154585,23.026173913043454
672.0,64.02389840131576,58.81839867889435,82.51362340392222,67.96795009693317,55.18665421099747,52.74608485492171,59.5087679645359,12.24491469840129,5.105339533703946,21.465331187864184,7.932291728141932,1.0202825755494023,3.7675275268271715,1.648209187117321,36.446661835748756,38.45278743961349,37.4420869565217,33.641338164251174,58.87361352657,54.4747826086956,23.00604347826085
674.0,64.04276275857116,58.816672823932294,82.54175722953438,67.98358605803566,55.1999539889252,52.75942634158577,59.518523176915366,12.233043065487404,5.061715392290333,21.55198718306882,7.928376435404657,1.0234835905366677,3.7356615392290333,1.6030158983824745,36.46126570048306,38.479057971014456,37.455507246376776,33.64479710144924,58.88005797101444,54.48135748792265,22.994628019323653
676.0,64.06093780024533,58.824373752156966,82.57260595553244,67.99900437569961,55.21350528761095,52.77273360762374,59.52835994640738,12.26939512301116,5.119381462347383,21.460608292529418,7.981761467742117,1.0228204872493227,3.7969946348627155,1.5891668343779386,36.47628985507243,38.510536231884025,37.47049758454103,33.65025120772944,58.88923188405792,54.48932850241541,22.989932367149738
678.0,64.07824729726197,58.84151097944869,82.60379699455684,68.01417253758612,55.22682184723481,52.785980784353825,59.538100571915024,12.295200909784615,5.111586424615385,21.475509629046154,7.949975943384615,0.9878817540923077,3.7766365494153846,1.6170884489846153,36.49283574879224,38.543183574879194,37.48540096618353,33.65515942028982,58.9011594202898,54.50040096618352,22.987009661835728
680.0,64.09524924756587,58.85978076900661,82.6360124158449,68.02917739879467,55.239880765614764,52.798989061091724,59.54810083096012,12.276468501956236,5.052617348261597,21.452673521074406,7.909320103942983,1.0276452050278853,3.777164384916344,1.6220333296706253,36.513227053140064,38.57413526570045,37.50156038647339,33.659980676328466,58.91465700483086,54.51562801932362,22.98451690821254
682.0,64.11177056173244,58.87186890654702,82.66886436603191,68.0440640907239,55.25307310021197,52.81212267583551,59.55776550085231,12.298694120032847,5.108837254716924,21.428607842834108,7.9489411771379,1.0295980395424527,3.7401235295062514,1.6126450976514264,36.53439130434779,38.604700483091754,37.51727053140093,33.66452173913041,58.92914492753618,54.53301449275357,22.979792270531384
684.0,64.12744077540749,58.879142145160664,82.703060160048,68.0588028568126,55.26609691124755,52.82519553535021,59.56732446975685,12.291867368201682,5.199067857175018,21.405946175240533,7.927983417744805,1.0103050209495679,3.77494271743619,1.6327286500296523,36.55508212560383,38.63374396135262,37.53260386473426,33.669763285024125,58.94525120772941,54.55416908212555,22.97729951690819
686.0,64.14207528682559,58.88866462264458,82.73908009555524,68.07375547515387,55.279144681951685,52.837688400413114,59.57727194237121,12.316923395268084,5.11002818546383,21.439288331165958,8.010714364187233,1.0011351025021278,3.746722845957447,1.5998670371404256,36.576449275362286,38.656463768115906,37.548806763284986,33.676067632850206,58.962999999999944,54.57887439613522,22.981454106280175
688.0,64.15669548825998,58.90062250527535,82.77724248006699,68.08858649259635,55.29238112169577,52.8500566884678,59.58758991839497,12.205416997376,4.984233461888,21.41898505088,7.9295459834879995,0.998621479552,3.757393495168,1.643542027776,36.59781642512074,38.672787439613494,37.565299516908176,33.68257487922702,58.98058937198062,54.60630917874391,22.9900531400966
690.0,64.17068423563887,58.90303276423,82.81653585302028,68.10398818807299,55.305801148607515,52.86222973724696,59.59779961781703,12.247682608206343,5.055120763572324,21.56102752481468,7.948657968894154,1.015241063376676,3.769231400554543,1.6053149748823268,36.61850724637678,38.68554589371977,37.58028019323668,33.69082125603862,58.99677294685984,54.637478260869514,23.00089371980674
692.0,64.1851508180462,58.91501146875798,82.85692488677209,68.1190982914161,55.31892932252294,52.87429784324419,59.60848853179128,12.21921377331746,5.041055216856166,21.407965485366372,7.9400999936945755,0.9960068948557823,3.7694793040828887,1.6271586207766264,36.63784541062799,38.69569565217388,37.59372463768112,33.69869082125601,59.01203381642506,54.6703864734299,23.01412077294684
694.0,64.19932338072812,58.92358984710647,82.89898370290872,68.13423779366154,55.332249817359276,52.88622414772099,59.61929620748954,12.236231952077887,5.04936498384166,21.49371545420836,7.951727859775432,1.025683507276861,3.7755350676222235,1.6230969101876058,36.656980676328466,38.70236714975842,37.60678260869561,33.70401932367147,59.02675845410622,54.70426086956517,23.02978260869563
696.0,64.21316662387918,58.92640209225827,82.94237007377363,68.14955610388301,55.34539633955578,52.897695812056334,59.63012565957729,12.272640536299429,5.082774583204181,21.406137892164462,7.944626994309879,1.0225091858366913,3.785964338219014,1.5874686495372625,36.675888888888856,38.70651690821253,37.61877777777774,33.71002415458934,59.04428502415453,54.738328502415406,23.042352657004812
698.0,64.22761891957933,58.93920053640986,82.98681331791886,68.16524821478959,55.35823903746524,52.909084193086265,59.64108716349644,12.257624999999999,5.13205,21.44285,8.000575,1.018225,3.79905,1.59015,36.69154589371978,38.711579710144896,37.62963768115939,33.71687439613523,59.06429951690816,54.7699903381642,23.04972946859901
700.0,64.24255714132055,58.95290069124459,83.03226799037569,68.18086276808006,55.370748495036736,52.920087970085525,59.65231588839871,12.285585950479785,5.058629205881676,21.52562473709644,8.007044950180639,1.0184719055618197,3.802966297719585,1.6150342626044136,36.70392753623185,38.71564251207726,37.63989371980673,33.722913043478236,59.08405797101444,54.79904347826081,23.053222222222203
702.0,64.25743365140586,58.95107283505737,83.07652939879381,68.19682224567839,55.38331548899075,52.931240627384796,59.6638586632382,12.276178650607442,5.12642225433957,21.57814847294852,7.958539775167518,1.0370252353707277,3.7659164853955818,1.6285291161294813,36.71418357487919,38.71866666666663,37.651299516908175,33.73008695652171,59.10381642512071,54.82711111111106,23.05642512077293
704.0,64.27262558953427,58.95302217327912,83.11929122141296,68.21262995969393,55.39558249787494,52.942597731474216,59.675403551203644,12.245813693834984,5.1165499877389555,21.52338999054148,7.983805789233995,0.9955810527790802,3.7988084124238064,1.633658414175384,36.72346376811591,38.72243961352653,37.66260869565214,33.73851690821253,59.124434782608645,54.8491980676328,23.06353623188404
706.0,64.28801136081896,58.95698807299496,83.1597359681715,68.22852527534468,55.40809335620981,52.95346940950183,59.68765575331595,12.227506194936769,5.029943014115818,21.49752432849719,7.987060643369333,1.029482901581895,3.7316315904104758,1.6447435290341237,36.73234782608692,38.725096618357455,37.67440096618354,33.74954589371978,59.147425120772894,54.86635748792265,23.070357487922685
708.0,64.30411163392813,58.96982764409778,83.19859680749425,68.2446248422901,55.42016584457339,52.964511994848024,59.6999234367116,12.261962453364452,5.016484773452921,21.430298970151952,7.968764455363072,1.0125548184543571,3.78192487307204,1.6314416179465154,36.73841545893716,38.72834299516905,37.68665217391301,33.76151690821253,59.17317391304343,54.87964251207724,23.078787439613507
710.0,64.3202880460731,58.988356322340145,83.23636468363671,68.26045452937042,55.43225262766074,52.97531270202608,59.71214836331158,12.239709181685338,5.1173886740025685,21.508315146902536,7.980598370732409,1.0208545908426692,3.7897762127485275,1.6179129815569233,36.741642512077256,38.73383574879224,37.69873429951687,33.77399516908209,59.19911594202893,54.88771014492748,23.091391304347805
712.0,64.33761125089929,58.99466377116359,83.2724570239154,68.27683696265936,55.44444606625756,52.98619582490551,59.72476664663514,12.245174992457143,5.134907135738775,21.445953591640816,7.927442866546938,1.0225142851918367,3.7790535962122447,1.6127071430530613,36.74560869565214,38.74261352657002,37.71062318840576,33.78714975845407,59.222082125603805,54.89286956521734,23.10295652173911
714.0,64.35663420141077,58.995888841011826,83.30792878880864,68.29354281989717,55.45670394025913,52.99783559879112,59.73756339310329,12.257780026085035,4.99102009814225,21.509060009323782,7.934840048343546,1.017599984909484,3.773939988789902,1.6035000029642086,36.74967149758451,38.754492753623154,37.7228985507246,33.79992753623185,59.24247342995163,54.894429951690775,23.11497101449273
716.0,64.37749993577984,59.00218722928388,83.34065895153773,68.31107235219365,55.46909276592495,53.009296053282576,59.75033715790049,12.336443284820925,5.044424751620783,21.534273178871302,8.028398956998627,1.0126510314549895,3.812273195366139,1.6332324718631115,36.754410628019286,38.771082125603826,37.73736231884054,33.81489371980674,59.26064251207724,54.89414492753618,23.12774879227051
718.0,64.3993922565799,59.01383149809539,83.37138729068437,68.32900668262594,55.481395601207645,53.021381350898814,59.76311506236775,12.283137324520736,5.090985639270609,21.47491578514148,8.040689946803493,1.0356626771940955,3.7946909044140975,1.6160712888302036,36.76040579710141,38.794004830917835,37.75221256038643,33.8297874396135,59.277545893719754,54.893816425120725,23.14165217391302
720.0,64.4226128363414,59.01895741928264,83.40078282464627,68.34658339788062,55.493914715638255,53.033659250496555,59.77558417580262,12.249357329213794,5.044754321655172,21.58400470422069,7.971525827531035,1.0133637940965516,3.7419245486344828,1.589378863889655,36.76823671497581,38.823154589371946,37.766869565217355,33.84417391304345,59.29601449275357,54.89534299516903,23.158314009661815
722.0,64.44604301698475,59.0350097966496,83.43006618221096,68.3640227292662,55.50656178359896,53.04618692524625,59.788048696961745,12.316417159519467,5.015950008429281,21.605878224356253,8.010879306738431,1.0276134122355705,3.7584487574614753,1.590957289455281,36.779705314009625,38.85734782608692,37.78257971014489,33.85884057971011,59.31475362318835,54.89711594202893,23.17458937198066
724.0,64.46924684864342,59.060752352001344,83.46002753207826,68.38112157705821,55.519548004976826,53.05914768074412,59.800806429531974,12.290709636908714,5.029691862186189,21.525319776721144,7.899030946381627,1.013142130466479,3.803038581291722,1.606967511250359,36.79300966183571,38.8906714975845,37.79881159420286,33.87157487922702,59.331342995169024,54.89762318840575,23.18550724637679
726.0,64.49220570679076,59.08611240376768,83.4886077852849,68.397448428123,55.531929620583405,53.07201768954177,59.813536346092235,12.263117833590336,5.0663577516943485,21.41341596599165,7.977229112617199,1.0301154940140451,3.729204696339439,1.5909399024795952,36.809396135265665,38.92026086956518,37.8132560386473,33.88199033816422,59.34885507246371,54.897830917874344,23.19144444444442
728.0,64.51390994186077,59.098552041294006,83.51825456245808,68.41384036871966,55.544794574608346,53.08443795223877,59.826009192675436,12.282519609827522,5.02549674006924,21.479302819108593,7.942591586218117,1.013212148030117,3.7742738435147105,1.6315140185037647,36.825888888888855,38.9456328502415,37.82603381642509,33.89152657004828,59.363758454106225,54.89753140096613,23.195729468599012
730.0,64.53463784238853,59.10678387052069,83.54780004150876,68.4301392916228,55.55803749362886,53.09687000971413,59.83803887159285,12.259508257639188,5.070735787839537,21.53685964080168,7.979918362939677,1.0098587208462555,3.775263301247236,1.637100003875227,36.84190821256035,38.96563768115938,37.838487922705276,33.900449275362284,59.37129951690815,54.89835748792265,23.198072463768092
732.0,64.55442384296164,59.11293922256427,83.57790486250502,68.44617911343519,55.57116833033478,53.10900648050435,59.849794764789394,12.30035765704348,5.060869538226087,21.513434881113042,7.974821693495652,1.0233967334956522,3.7628750016,1.5829206494608696,36.86109661835745,38.98025120772943,37.85018357487919,33.90602415458934,59.373884057970955,54.90016425120768,23.19943961352655
734.0,64.574142202553,59.1243907399526,83.60736687662116,68.46194719299524,55.58463488445038,53.1213551662725,59.861707094828894,12.265649985548377,5.0240274459715755,21.622606490017372,7.954008057123825,1.012527418444675,3.7738435450794285,1.6257209710940017,36.88047826086953,38.99057487922701,37.86011594202895,33.908516908212526,59.37442512077289,54.9022367149758,23.196574879227033
736.0,64.59347473552037,59.140901005732104,83.63766905469177,68.47740721590942,55.59830314331866,53.134401449546125,59.87311078318457,12.280298958666668,5.153657254133333,21.518351063733334,7.9179405864,1.0308583338666666,3.7752645370666666,1.5962,36.89890338164248,38.99886956521736,37.8685024154589,33.90997101449272,59.373357487922654,54.90508212560382,23.189792270531377
738.0,64.61207913271635,59.14562531143203,83.66845549821367,68.49237305852644,55.61173128815475,53.14748444468202,59.88390480995857,12.242082215183176,5.0857200051882625,21.618648874795625,7.940582221327171,1.0075511149643819,3.7447777860456224,1.613315548061399,36.916396135265664,39.00677777777774,37.87373429951687,33.90998550724634,59.371067632850185,54.90738164251203,23.183579710144905
740.0,64.63047722341788,59.15796249032715,83.69987578654703,68.50651034213769,55.625097735238995,53.16054498080908,59.89474779627077,12.185454601928644,5.164188163833215,21.419919536274673,7.955237759469914,1.024423358650715,3.793855804296474,1.629694778435509,36.932932367149725,39.01411594202895,37.87658454106277,33.908111111111076,59.37154589371975,54.90837198067628,23.1782028985507
742.0,64.6478829806456,59.16905325328421,83.73215515002013,68.51991780470071,55.63847850375539,53.173588301005054,59.90488497987877,12.336448565774713,5.105668990013793,21.48974081007816,8.020122423834483,1.0158635021977012,3.759137053572414,1.599039660137931,36.94843961352653,39.02127053140093,37.879603864734264,33.905024154589334,59.375782608695594,54.91024154589367,23.173975845410606
744.0,64.66516520283214,59.1783141143967,83.76463889911473,68.53302492345995,55.65172673692824,53.18641474848032,59.91467879993083,12.254090953811954,5.007549260559032,21.530665824654207,8.002741705602666,1.0145206045200066,3.7824346734521654,1.6415623116663922,36.96279710144923,39.02919806763282,37.882913043478226,33.9043526570048,59.38603864734294,54.91452657004826,23.171260869565195
746.0,64.68318511152215,59.18993967284111,83.79699731209062,68.5461354858672,55.66511290972691,53.199573493587174,59.924718489151815,12.243637174146839,5.115323635867775,21.50829295447061,7.973097490814877,1.019995981058579,3.7882291461695208,1.626645224765355,36.97705797101446,39.03702898550721,37.88602898550721,33.9078985507246,59.403463768115884,54.920937198067584,23.170468599033796
748.0,64.70054391281663,59.200292531483036,83.8294313943082,68.55887449186885,55.67875183505523,53.21290370688649,59.934863692885926,12.295722033898306,5.044664406779661,21.599342372881356,7.975071186440679,1.0386966101694914,3.765577966101695,1.632971186440678,36.99227536231881,39.04267149758451,37.8902946859903,33.91385990338161,59.423874396135204,54.929183574879175,23.17205797101447
750.0,64.7165977462185,59.209928384168855,83.86040253002515,68.57152134220073,55.69238366853527,53.22605178577483,59.94489134046463,12.27988691869091,5.1279545576727275,21.448570395927273,8.014195477527274,1.003625561309091,3.7971477259636366,1.589687488,37.0071062801932,39.04763768115939,37.89465700483088,33.9234830917874,59.44618357487917,54.93837198067627,23.175314009661815
752.0,64.73228415492305,59.2248773490289,83.89112884226718,68.5843455425535,55.70577683584794,53.23900647396872,59.95516195277035,12.249528571428572,4.998157142857143,21.550042857142856,7.991342857142857,1.0132857142857143,3.8007714285714282,1.5997714285714286,37.02020772946857,39.055265700483055,37.89806280193233,33.93806280193233,59.46935265700478,54.945782608695595,23.179521739130415
754.0,64.74767691244895,59.23756771266364,83.92155959889378,68.59800187703628,55.71934245903156,53.25141652182147,59.965745796564924,12.20917682322649,5.092682637933566,21.473915254376593,7.9739205294622515,1.0267489539698216,3.765404727649501,1.6410621162860572,37.032632850241505,39.06594202898547,37.90368115942025,33.955338164251174,59.49116908212555,54.952903381642464,23.184536231884035
756.0,64.76291747441164,59.247089083390826,83.95357108776625,68.61135226245538,55.732621729727356,53.26402388742643,59.9760870030291,12.30069306999957,5.11179060542771,21.54047920695712,7.955430190656754,1.0204752508674857,3.8199153545602247,1.6010306908709329,37.04665700483088,39.081371980676295,37.911681159420255,33.97431884057968,59.51124637681154,54.961222222222176,23.194434782608674
758.0,64.77845761666916,59.249879168790514,83.98597871989516,68.62501390260041,55.74615194878219,53.27635659377913,59.98669961236945,12.28457278797764,5.019311887643952,21.666570764565062,7.941012373536713,0.9955193135402369,3.7831044484407452,1.624616336084698,37.06038164251205,39.098531400966145,37.920454106280154,33.99406280193234,59.52797584541057,54.969845410627975,23.207294685990316
760.0,64.79480521121303,59.25771213594527,84.01777237979142,68.63953466467747,55.75959502150532,53.288966154625875,59.997377828067414,12.26323519541088,5.0028412909260185,21.56374920032207,7.9544541914621885,1.011205026894292,3.7867720688368025,1.616507816435194,37.0725603864734,39.116270531400936,37.929613526570016,34.01245410628016,59.543352657004775,54.97853140096613,23.21758937198065
762.0,64.81122584461505,59.25691574404136,84.04965324752318,68.65419268238077,55.77302435510205,53.301956884923314,60.00830195152559,12.209028271690816,5.10600907868504,21.620350517817847,7.963510090789437,1.0188808103558398,3.7962934314062666,1.6334585877601049,37.083772946859874,39.1383140096618,37.94059903381638,34.03102898550721,59.559371980676275,54.98646859903377,23.227618357487902
764.0,64.82725056120144,59.26282121049792,84.08169600015019,68.66908905437285,55.78636426831271,53.314631741067295,60.01916906447581,12.257324,5.023644,21.599584,7.916936,1.013252,3.797748,1.629872,37.09459903381639,39.166657004830874,37.95367632850238,34.050149758454076,59.57442512077289,54.99467149758449,23.238458937198047
766.0,64.84313058169361,59.270639441597545,84.11477192698779,68.68411881761796,55.79990643548275,53.32821856312436,60.03012831389177,12.287886363345455,5.125304117876364,21.548784088436364,7.9563904684218185,1.017137268829091,3.7658231746327275,1.6134381903127273,37.10561835748789,39.19796135265697,37.96733333333329,34.06657487922702,59.58690338164246,55.002328502415395,23.250632850241526
768.0,64.85887704824914,59.28524972379215,84.14939221584365,68.69955094178762,55.81356383714637,53.34184578117192,60.041232424586624,12.233307446673019,5.05282985457667,21.588813419244072,8.038938808466089,1.0347985060293752,3.7912477656669505,1.619182087253998,37.11741062801929,39.22650724637678,37.98005797101445,34.08128502415455,59.59697584541057,55.0098019323671,23.261710144927516
770.0,64.87382010856791,59.30551375241312,84.18518951114532,68.71520671917885,55.82733802945182,53.35553249401432,60.052641659380804,12.292994707977044,5.003895244222728,21.447079904399544,8.027439688817672,1.0164714274104305,3.739421693501526,1.609780423036757,37.13055555555552,39.249526570048275,37.992115942028946,34.09403864734296,59.605381642512015,55.0168019323671,23.268086956521717
772.0,64.88913480082348,59.3167494114371,84.2221868439945,68.73033560419998,55.84102428815955,53.369617272725336,60.064175676033294,12.293628956820509,5.090772621801302,21.636428838566818,8.037514699063847,1.0045456940062272,3.7694543059937726,1.61207868158829,37.143806763284985,39.265932367149716,38.00494685990335,34.103990338164216,59.61225603864729,55.0223864734299,23.270985507246355
774.0,64.9040971492616,59.32825876957477,84.25895007230949,68.7454110784876,55.854640618744554,53.38350232224806,60.075359513185724,12.294254824432025,5.007334515698523,21.64720759969384,7.975320808518435,1.0112177654961267,3.767664466148862,1.6222604078328229,37.158314009661794,39.27631884057968,38.016338164251174,34.11151690821253,59.61594202898545,55.02739130434777,23.27223188405795
776.0,64.91844252068769,59.33350260691641,84.29676692222611,68.76068087339637,55.86843085067649,53.39715987584298,60.08613123533431,12.24342151800982,5.0246088332760515,21.56807899073732,7.956053021154659,0.9939259588334882,3.7912055281875903,1.6352569048599002,37.17217874396132,39.28056521739126,38.02585507246373,34.11337681159417,59.61356038647337,55.03203381642507,23.2694299516908
778.0,64.93273856402864,59.34085313974305,84.3333693847362,68.77540346063302,55.882060857505785,53.41145841686131,60.096583626524705,12.306985714285714,5.046269387755102,21.599387755102043,7.988348979591836,0.9933183673469388,3.7856673469387756,1.612861224489796,37.1871062801932,39.28088405797097,38.03544444444441,34.109932367149725,59.60762801932361,55.03713526570043,23.261357487922687
780.0,64.94787936441087,59.351984476189216,84.36941809827901,68.78960611035669,55.895507631123664,53.425814864239776,60.106565613320946,12.316429715333333,5.101123501466667,21.6265422092,7.962043733866667,1.0158140526666666,3.780867199066667,1.6251234374666665,37.201753623188374,39.28004347826083,38.04217874396131,34.10394202898548,59.60126570048303,55.04108695652168,23.252188405797078
782.0,64.96368004094917,59.36614349072006,84.40526107977061,68.80285762564245,55.909092106755665,53.4404381786458,60.11643247136191,12.322340387455247,5.118352700294715,21.53042463526317,7.983481774697371,1.02360098061841,3.8035256015052292,1.610159110255256,37.214125603864694,39.277763285024115,38.04730434782604,34.0951642512077,59.597072463768065,55.04345410628014,23.243096618357466
784.0,64.980467245538,59.36610878161047,84.44081764542328,68.81551824831104,55.922587081035914,53.45526396240304,60.1257941271506,12.282233161054531,5.130155750498138,21.57103591712214,7.956597712636125,1.0094585306320836,3.818604590771975,1.61952075473924,37.22700483091784,39.276159420289815,38.052623188405754,34.084009661835715,59.59352173913038,55.0474057971014,23.234734299516887
786.0,64.99868000196497,59.36223031279779,84.47405584974527,68.82777845301428,55.93589371611961,53.46993960878224,60.13489389892975,12.255086418197386,5.075967965556794,21.538372823470493,7.965232029596601,1.0138174736263914,3.7874728202394223,1.655007767492205,37.240729468599,39.27857004830914,38.05688888888885,34.07215942028982,59.59157971014488,55.052507246376756,23.22662801932365
788.0,65.01805314619901,59.367424736458794,84.50574128255833,68.83943996920388,55.94935932851144,53.48458426964497,60.14395770218753,12.346148684800001,5.1282916864,21.5806740928,7.9139973632,1.03950176,3.7579223552,1.6255780672,37.255637681159385,39.285381642512036,38.061855072463736,34.060169082125576,59.593483091787384,55.05714975845406,23.215304347826063
790.0,65.03843063724705,59.377218054558476,84.53659357681892,68.85071261785421,55.96242463424909,53.49888247789039,60.152620608181806,12.273214893617022,5.1248000000000005,21.532902127659572,7.924548936170213,1.0155148936170213,3.7519744680851064,1.6443063829787232,37.27206763285021,39.297077294685955,38.06987922705311,34.049294685990304,59.597294685990285,55.06275845410622,23.20206763285022
792.0,65.05969481655826,59.39098498637503,84.5667640628563,68.86190660669551,55.97578400328621,53.513249975737054,60.16098832398147,12.285858650061051,5.152369700560118,21.56829000969048,7.987369623357946,1.0034586414830322,3.789134040126365,1.6007047065178202,37.29035748792266,39.31118840579707,38.08031884057968,34.04088888888885,59.6053478260869,55.070758454106226,23.1930144927536
794.0,65.08181074536046,59.4107824358321,84.5966301997056,68.87270659699143,55.98943151033392,53.52770303782469,60.16958675537698,12.264983739482881,5.078957897715233,21.55555167667597,7.964574159947183,1.0197952170914752,3.8271071700757098,1.6167239231167787,37.310845410627984,39.32646859903378,38.09192753623185,34.034574879227016,59.615149758454045,55.0813671497584,23.187033816425096
796.0,65.10352694770475,59.42269266607632,84.62487023161965,68.88342771950191,56.00305071708934,53.541955636674366,60.17815508486857,12.269283327805022,4.824066742319661,21.65268331624374,8.055183317757717,1.0031666706121836,3.8497499853419455,1.6223333311770622,37.33326570048306,39.345289855072416,38.10585507246373,34.03064251207726,59.623555555555505,55.095420289855014,23.180666666666642
798.0,65.12508777600388,59.436337900347915,84.65141969474391,68.89410227146737,56.01659972357512,53.55568012380015,60.18631530259195,12.266055296272341,5.06095530267234,21.58434738546383,7.916741469004255,1.0188510707744682,3.7661047848851066,1.5987271207489362,37.356748792270494,39.36702415458933,38.121425120772905,34.028826086956485,59.63154589371975,55.11197584541057,23.17532850241544
800.0,65.14669881912684,59.439698458194606,84.67797530081465,68.90490927781525,56.02998575750356,53.56918150023253,60.19476814047763,12.291569283270038,5.061139436235999,21.602699518296966,8.00397430979776,1.019776611215625,3.8069321127528,1.615173391015569,37.38225120772944,39.39169565217387,38.13978743961349,34.02768599033813,59.637560386473375,55.12709178743956,23.172483091787416
802.0,65.16774418646798,59.444144487514755,84.7041511727119,68.91574686690505,56.043657693192564,53.58265103573907,60.20294151580217,12.333037704918032,4.924573770491803,21.558619672131147,7.970127868852459,0.9944213114754098,3.795250819672131,1.6421688524590163,37.40955555555552,39.41877294685987,38.1609178743961,34.02578260869562,59.64416425120767,55.14042995169078,23.17124637681157
804.0,65.1891408434075,59.456297438205155,84.73155794843052,68.92597639472675,56.0571528546412,53.596147679346316,60.211114601713895,12.282878726133054,5.117138641070031,21.57198168990523,7.962507915474323,1.0164727722282914,3.754676230511671,1.6307425740943045,37.43666666666663,39.445946859903344,38.18423671497581,34.02285024154586,59.6532705314009,55.155256038647295,23.170782608695628
806.0,65.21012703030922,59.46380507485853,84.7580387017327,68.93670486070458,56.07061715279542,53.60945498945632,60.21939086730642,12.314984910666666,5.1031296888,21.58756350133333,7.999341169866667,0.9989614650666667,3.785405212266667,1.6346848786666666,37.46220772946857,39.470908212560346,38.20860869565214,34.018574879227025,59.66257004830912,55.16818357487917,23.169652173913022
808.0,65.23048897801037,59.476515055070614,84.78630199640061,68.94741052941866,56.08407018788644,53.62311374337157,60.2275892215379,12.334747646141103,5.18951413360783,21.620090036510145,7.928425673306581,1.0243146607532028,3.753813100225977,1.6216774791112112,37.48602415458933,39.49434782608692,38.231724637681126,34.01259420289852,59.67340579710139,55.17699999999994,23.167589371980654
810.0,65.24977781286668,59.480510449243326,84.81500603914415,68.9583256519946,56.09759019635923,53.636249445839454,60.23569520367298,12.336162643665753,5.019333759485615,21.65331444579127,8.03784818718212,1.0256771075517885,3.7920590311898232,1.6335349343088057,37.50616908212557,39.51633816425117,38.2518792270531,34.00510144927534,59.68716908212555,55.18427053140091,23.167328502415437
812.0,65.26877363375614,59.49385978321654,84.84592289766816,68.96886074795688,56.11111436335498,53.64941857814088,60.24402327566939,12.371163159817298,5.044686548627257,21.549932749424,7.902197658873391,1.01303274882517,3.810774270362846,1.631477777411826,37.524347826086924,39.535729468598994,38.269144927536196,33.99684541062799,59.70291787439608,55.19011594202893,23.16738164251206
814.0,65.28734629690751,59.508961604093116,84.87788778094757,68.97906239953208,56.124508637948274,53.66336879768265,60.25241685437001,12.244063999511406,5.049776000722652,21.583245997950534,7.992423999862491,1.0413199996050284,3.760220001067886,1.6579299995538284,37.54048792270528,39.55194202898547,38.28354589371977,33.989748792270504,59.71675845410623,55.19526086956517,23.163816425120753
816.0,65.3054790844564,59.53036388408217,84.90905746189355,68.98900002638104,56.13774504990112,53.677125119928135,60.261082845520015,12.299259452548027,4.968059486312317,21.638002713458807,7.99144323489567,1.0180810816196342,3.808732429216074,1.5994729705794035,37.55456521739127,39.562521739130396,38.29505797101446,33.98390821256035,59.727830917874336,55.20042995169077,23.155603864734278
818.0,65.32339477058763,59.545621698307876,84.940321984903,68.99856041100784,56.151169280442915,53.69092074733893,60.2697739568253,12.335215949951348,5.045682092730617,21.623061176632415,7.968393574270591,1.0303537442240778,3.7561457468324764,1.6448572283724507,37.56782608695649,39.56734782608692,38.30665700483088,33.979420289855035,59.73765700483086,55.206347826086905,23.147014492753602
820.0,65.34088908027401,59.557349896798506,84.97340942065337,69.00797011966449,56.16401799607326,53.704867506481804,60.27827220184228,12.330607460322687,5.091470104535021,21.589347712732113,8.006150189875367,1.0133975156335144,3.7658,1.6382863016739837,37.57734299516905,39.568632850241514,38.31831884057967,33.976381642512045,59.74528019323665,55.21313526570044,23.141666666666644
822.0,65.35772884453652,59.57578472148421,85.0089201008021,69.01793256728561,56.17706179894512,53.7183519985338,60.2867264202633,12.251528865564417,5.125373017728424,21.57862948173623,8.03592327364823,1.0295000115924668,3.7658250757938023,1.5930213787629228,37.58384057971011,39.5685410628019,38.32824154589368,33.97184057971011,59.750265700483034,55.221531400966136,23.13717874396133
824.0,65.37403731151815,59.59036279901902,85.04593050634546,69.02783456378434,56.19014830715829,53.73174506598866,60.29522247504863,12.327768,5.070476,21.635768,7.972752,1.017408,3.76498,1.6026120000000001,37.587439613526534,39.56863285024151,38.33584541062799,33.96579710144925,59.75451207729463,55.22927536231879,23.130599033816406
826.0,65.38994337967618,59.60805158316432,85.08432825113015,69.03820218186719,56.20319727563604,53.744976142461994,60.3036597575004,12.310955111628385,5.106676508462978,21.636197545649125,8.008291732831157,1.0271380420638825,3.7443590422861655,1.6130561081542791,37.58948309178741,39.57051690821252,38.34237681159417,33.96180676328499,59.76047342995164,55.236536231884,23.123183574879203
828.0,65.40610048488344,59.61927839475456,85.12460441404006,69.04899951264149,56.21634001176024,53.757990089365485,60.31191056231415,12.258007320478383,5.052391706596436,21.556043417738433,8.046970731073788,1.0064595124010185,3.779500006493661,1.6301482921048327,37.5889178743961,39.57467632850238,38.34790821256035,33.96098067632847,59.76817391304342,55.24530917874391,23.117966183574858
830.0,65.42282860116175,59.627728109562554,85.16482998613529,69.05949133278837,56.22973160901479,53.77105173011566,60.32017124300586,12.303439569496804,5.014329136934476,21.52004389512008,8.003835202690896,1.0227878314227932,3.7353221681653803,1.6090082553367682,37.585294685990306,39.581690821256,38.35133816425117,33.961999999999975,59.77703381642507,55.25398550724633,23.113724637681138
832.0,65.44065819216321,59.625594000426425,85.2035376366506,69.07069820524266,56.24259672906977,53.78403288290775,60.3283479940577,12.385225533605936,5.081058122786668,21.644893010409668,8.011123244590017,1.0204790877871193,3.7813767365572777,1.6249697639343805,37.581164251207696,39.592236714975805,38.35461352657002,33.9671642512077,59.786473429951634,55.265227053140045,23.109806763285004
834.0,65.45908653808706,59.630105973061674,85.24117522280314,69.08241573554119,56.25548996718535,53.79685375817104,60.33645118211097,12.340526543586405,5.080748145736806,21.520812345214694,7.97868086430093,1.0304753079903668,3.801853703311568,1.6341487659842102,37.57847342995166,39.60403864734296,38.35790338164247,33.97455072463765,59.79773913043472,55.27569565217386,23.10733816425119
836.0,65.47795885622858,59.63732340677028,85.2782267883644,69.09423614844036,56.26833019562899,53.809504737875756,60.344483277582896,12.231527690092793,5.0997762447057395,21.625736629567765,7.975186636031136,1.025984161700855,3.764232677533578,1.6095811890573872,37.57739130434779,39.61726570048306,38.36142512077291,33.98223671497581,59.81029951690815,55.28327536231878,23.107444444444422
838.0,65.49760518859024,59.65217492017894,85.31406912645465,69.106544928497,56.280932591840426,53.82202234218186,60.35275220938181,12.280831624359184,5.021885706057143,21.6921602186449,7.965901505436735,1.040540315167347,3.796085718857143,1.6330035702857144,37.578135265700446,39.63270531400963,38.36666666666663,33.99374396135262,59.82428985507241,55.29067632850236,23.11190338164249
840.0,65.51710824155536,59.65997039686834,85.34639515358343,69.11904744245044,56.2939234027878,53.834438975172,60.361027766938655,12.314630044699907,5.053421421716169,21.675569523787452,8.023041574705099,1.006788485481222,3.7862728416729965,1.6225456885081313,37.580971014492725,39.648144927536194,38.37094202898547,34.0053719806763,59.83749758454101,55.2975942028985,23.12197101449273
842.0,65.5358655133394,59.67333589658101,85.37528922012831,69.13169348905379,56.307149470173506,53.84636649656506,60.369513504921585,12.308045581429873,5.042069246103578,21.607550320302593,7.995372186161777,1.0056171609177817,3.833649081506369,1.6126899410291795,37.58743478260866,39.66624637681156,38.37521739130431,34.01707246376809,59.847140096618304,55.30677294685985,23.13169565217389
844.0,65.55395492999962,59.67686249004529,85.40216995539832,69.14520928964836,56.32002563038322,53.858051286307045,60.3779943232673,12.281854850450177,5.073393538738963,21.608103200901482,7.987732263062947,1.000141938738663,3.777680646846808,1.6046419279281037,37.5973333333333,39.68671980676324,38.38168115942025,34.03001932367147,59.85526086956516,55.31674879227048,23.139917874396115
846.0,65.57180672386346,59.68347852865557,85.42756445429683,69.15949431420512,56.3332031918477,53.86941361779349,60.38646014737236,12.334669029519333,5.069273683672844,21.734792129740356,7.970045963191275,1.0133136224491635,3.806133823980116,1.6355868757293899,37.60874396135263,39.70449758454102,38.3889178743961,34.040560386473395,59.861458937198016,55.324231884057916,23.15025603864732
848.0,65.58879820672767,59.69092369781147,85.45278736207587,69.17340208983028,56.34641748937133,53.880761281842155,60.395321947386385,12.340455340330669,5.072858441440306,21.57490911334306,8.03223348637027,0.9965172414106774,3.798617297288868,1.638396439779554,37.61979227053136,39.72178260869561,38.39673429951687,34.04682125603861,59.86711111111106,55.330106280193185,23.15905797101447
850.0,65.6056213137884,59.7075163961012,85.4779257579583,69.18750539847119,56.35953607410021,53.89255409900077,60.40380017991727,12.314130796160436,5.092846985871855,21.621862444123046,8.00289913178756,1.0402820519833447,3.774539336062543,1.6106589712732833,37.62920772946857,39.73655555555551,38.40493719806759,34.050483091787406,59.876594202898495,55.33398550724633,23.16567149758452
852.0,65.6225868165043,59.71555498495384,85.50326682490498,69.20119433088851,56.37253766062748,53.904178927612726,60.41273537955063,12.329985911816534,5.126014721430837,21.596391355356687,8.00618598154913,1.0279294661058742,3.776582792068074,1.6076803520553842,37.638719806763255,39.745574879227014,38.4133333333333,34.0519565217391,59.8876328502415,55.337864734299465,23.169999999999977
854.0,65.63961154786914,59.715943014017114,85.52826044293244,69.21484593693768,56.38564536292951,53.91619319351914,60.42164069170842,12.311983763976121,5.072040347999046,21.63335969087005,8.009174880913129,1.024196862057596,3.7761010537546205,1.5976188198806047,37.64700966183572,39.750376811594165,38.41990338164247,34.05160386473427,59.89852173913038,55.34069082125599,23.17372463768114
856.0,65.6565984181131,59.7274011055445,85.55515239079776,69.22778155787495,56.398607714304575,53.92859159082975,60.43076859832832,12.31957439960524,5.09555988921497,21.71662560336288,7.953783082094453,1.0312478278936374,3.8143937279941826,1.6099371938663827,37.652710144927504,39.75122705314006,38.423801932367105,34.05096135265698,59.91050724637676,55.342584541062756,23.17792270531399
858.0,65.67375383595542,59.73061560881521,85.58101714821265,69.24051211405056,56.411504048868395,53.94093214933651,60.4393998193355,12.2170739488,5.09771248,21.6389229696,7.969723888,1.0214270848,3.8102572896,1.6272937472000002,37.65680193236712,39.74956521739127,38.42596135265696,34.04973913043475,59.92356521739125,55.34666666666662,23.18189371980674
860.0,65.69220289406455,59.73564927950319,85.60714349116705,69.25235296696432,56.42438235095226,53.95405199348081,60.448257560547745,12.336914359626057,5.125529744564597,21.70973538535864,8.008471794979513,0.9975948692365557,3.8120358974897566,1.6182276928893726,37.66204347826083,39.74438647342992,38.4279178743961,34.048251207729436,59.93824154589366,55.35123188405792,23.183159420289833
862.0,65.71077191537759,59.7446178629657,85.63268811911894,69.26390215412358,56.437125192951505,53.967175278907604,60.457253390881355,12.295758791936121,5.145757305205038,21.57836581869265,7.934914053513056,1.0249281409879551,3.823990457622954,1.619287939172283,37.66574879227049,39.73584541062799,38.42881159420286,34.04741545893717,59.95082608695646,55.35640096618352,23.18106763285022
864.0,65.72960088258613,59.76223791900784,85.65736366180177,69.27586806714493,56.44988122893665,53.98020739352627,60.4662493925312,12.295729493008263,5.100615840658941,21.630607656495684,8.00683879979408,1.0124885256083844,3.8021814278360035,1.6057540920816291,37.669454106280156,39.726444444444404,38.429608695652135,34.04754589371978,59.9599903381642,55.364120772946805,23.179222222222197
866.0,65.74879698462188,59.77109613957412,85.68249099135367,69.28771146801195,56.46269452489401,53.993140153343866,60.47525472385386,12.325999000556408,5.079167375977304,21.705793864105974,8.01191429784255,1.0194979603618477,3.799093887877371,1.6353693918440597,37.67286956521736,39.71925603864731,38.43127536231881,34.0483526570048,59.970439613526516,55.37456038647338,23.177657004830895
868.0,65.76717298670775,59.780048533088475,85.70816749054201,69.29976938980803,56.47498420725516,54.00561063279443,60.48430794010416,12.327441379310345,5.08393275862069,21.77863793103448,8.021510344827586,1.0358086206896553,3.7938224137931034,1.6129327586206896,37.67265700483088,39.71740096618354,38.43295169082122,34.049545893719774,59.98392753623184,55.386714975845365,23.17462801932365
870.0,65.78655698112021,59.797161341485946,85.73460031570359,69.31165371311202,56.48790545244686,54.01813388724945,60.493470419705666,12.341287928044258,5.105615929118895,21.561793359467856,7.984087912431059,1.0235296638098734,3.821943977033127,1.6014983320603653,37.673304347826054,39.72109661835746,38.43617391304345,34.05083574879224,59.99747826086951,55.4008019323671,23.169579710144905
872.0,65.80640023119084,59.81633190064662,85.76245589862751,69.32311502333573,56.50074556264163,54.03088241853022,60.50266160296666,12.296253314018985,5.053375793765848,21.64945271098048,8.019817867911401,1.0058737775633377,3.7915155678956878,1.6428423609097662,37.675077294685956,39.728879227053106,38.44065217391301,34.053758454106244,60.009990338164194,55.415830917874345,23.162526570048282
874.0,65.82685129331776,59.82362251695416,85.79146210619713,69.33492034436787,56.51373928706376,54.04352955314239,60.51192775129984,12.32237777621258,5.094936482585899,21.578801586658738,7.983404761737062,1.006842850351018,3.7956333374419766,1.5835634804363108,37.67646376811591,39.73999999999997,38.44609661835746,34.05745410628016,60.02401449275357,55.43203381642507,23.153468599033797
876.0,65.84804363878588,59.831841391436704,85.8217676586366,69.34669796054361,56.52661982761742,54.0566518202932,60.52081280088106,12.31676,5.03076,21.62644,8.00808,1.01146,3.80308,1.65328,37.67595169082122,39.751980676328465,38.452217391304316,34.06288888888886,60.040323671497525,55.447850241545844,23.14543961352655
878.0,65.87023650375276,59.83722619013817,85.85211427200727,69.35847735397101,56.53955594093582,54.06963707838429,60.5297005229841,12.391642930456564,5.036310307702245,21.673953172842964,7.974253243183107,1.0310149587648845,3.815924291035938,1.6440429555780451,37.67563285024151,39.76299516908208,38.45872463768112,34.07225120772944,60.0573091787439,55.46232367149753,23.13847342995167
880.0,65.89264035421427,59.834818530373916,85.8826311155302,69.37043372016686,56.55203869512005,54.08288086364715,60.538505813674995,12.427470940712846,5.073573606160973,21.649406216681896,8.038614493564857,1.0164528508158168,3.787717113914581,1.5789114213026274,37.67942512077291,39.77304347826083,38.467154589371944,34.08290338164248,60.07458454106275,55.47689371980671,23.130777777777755
882.0,65.91507969017974,59.83718317943291,85.91442879283618,69.38252958661339,56.564972985041464,54.09638049999614,60.54735264551911,12.367107468579492,5.040442332479151,21.659744756201317,7.9860243763022885,1.0148641903010356,3.768427856375039,1.6155228825863903,37.68646859903378,39.7821256038647,38.47482125603862,34.09338164251204,60.090541062801876,55.4893478260869,23.124734299516888
884.0,65.93655732882291,59.84663127860058,85.94740500447219,69.3950907395409,56.577966860830365,54.110099593944334,60.556440195037474,12.313102344023239,5.112445555393969,21.662481666909045,7.985348352405138,1.0054619748543023,3.7772661873175397,1.6311319329448062,37.6941256038647,39.79084541062799,38.48203864734296,34.10639613526567,60.10412560386468,55.499251207729415,23.122072463768095
886.0,65.95621917061382,59.85564517624358,85.98195611648904,69.40844613192091,56.59061774487607,54.123943913432264,60.56519363861113,12.324183503032415,5.100972155363071,21.79896702665041,8.029914443423962,1.0231994823254316,3.769634025853378,1.6359572148501211,37.70275845410625,39.79858454106277,38.491516908212525,34.12160869565214,60.11541062801927,55.50794685990333,23.12086956521737
888.0,65.97412017937134,59.857259529118146,86.01731373306318,69.42185085416627,56.60353297911524,54.13801787531097,60.57414875279131,12.35172991004807,5.099729827302971,21.784445514172223,8.029417075336864,1.029918946686435,3.742916577410345,1.6327383912993894,37.713903381642474,39.805294685990305,38.50053623188403,34.13502898550721,60.124386473429894,55.51617391304343,23.123425120772925
890.0,65.98921023737532,59.85998673891341,86.053079418019,69.43504843744388,56.61627293406043,54.1525537079821,60.58344552262749,12.3838,5.061425,21.728725,7.9628499999999995,1.040475,3.806725,1.6397,37.72727053140093,39.812101449275325,38.51002898550721,34.14866666666664,60.13221739130429,55.52532367149753,23.129038647342973
892.0,66.00268551838032,59.862291698816456,86.09096159375103,69.44859055383785,56.62862971493756,54.16733405970639,60.59264277237606,12.35567192614087,5.071045318291131,21.602064036929566,8.031905911580402,1.0289778311636395,3.796149755665102,1.6225546800694604,37.739521739130396,39.81708212560383,38.52035748792267,34.162086956521705,60.13705314009656,55.532613526569996,23.135835748792246
894.0,66.01491379476582,59.86856987613511,86.1278277258373,69.46229058502438,56.64146575966109,54.18236373160828,60.60206604744839,12.367879302821803,5.112444825768505,21.652379310388312,7.962837921832911,1.0302310345436385,3.819482761473351,1.6075379329304587,37.75027053140093,39.819487922705285,38.5301062801932,34.17302898550721,60.139473429951636,55.53648309178739,23.14499033816423
896.0,66.02677964440396,59.88204251319338,86.16639679094914,69.475349221605,56.65402718651388,54.19784337739704,60.611155365925086,12.2637917728,5.0081887488,21.718811206399998,8.028713792,1.0136758656,3.798717248,1.5911650592,37.760256038647306,39.820347826086916,38.53908212560383,34.18223188405794,60.14310628019319,55.540198067632794,23.154072463768095
898.0,66.03939381227744,59.88932904501961,86.20634790201554,69.48852488101411,56.66649559457932,54.21343424695441,60.620228709094434,12.37349216976842,5.043928951915789,21.667465695663157,8.038944829978947,1.0294500032,3.767692060968421,1.615932886231579,37.77016908212557,39.817642512077256,38.54709178743958,34.191038647342964,60.14740579710139,55.54219806763279,23.162478260869545
900.0,66.05267222018092,59.891770969789235,86.2458320413064,69.50091398449031,56.67919136007986,54.2288491898819,60.629319381215645,12.333540322801149,5.073799495773991,21.791759699716124,8.008864395371093,1.0260183346870502,3.783606343436618,1.64610784485601,37.78130434782605,39.812352657004794,38.55271980676325,34.20084057971012,60.15187439613521,55.54274879227047,23.170207729468576
902.0,66.06651127214164,59.90676351602819,86.28411093784015,69.51289524758452,56.69184172460684,54.24402443115595,60.638292863106635,12.340248936170212,5.174393617021277,21.648859574468087,8.034778723404255,1.0057085106382977,3.8016021276595744,1.6267574468085106,37.79195652173909,39.80361835748788,38.556328502415425,34.210077294685966,60.158458937198006,55.54271980676323,23.179086956521715
904.0,66.08099037936007,59.92395240585711,86.32178029299983,69.52447351342357,56.704216680512616,54.25889621978973,60.6470725764011,12.326613250856163,5.057609154600288,21.744154050411037,8.017953033987874,1.0172602100764603,3.7967438658039305,1.6244214229924272,37.80224637681155,39.79296135265696,38.55945410628016,34.21784057971011,60.166106280193176,55.54298067632844,23.186719806763264
906.0,66.09583331509411,59.936294306224205,86.35615166121728,69.53646014616602,56.71678021296371,54.27347798215518,60.65571404610123,12.354841367621392,5.166077870481533,21.782224743495323,8.002976847489432,1.0273674922569385,3.804073412294065,1.6053379243550812,37.8128985507246,39.78429951690818,38.56180676328499,34.22566666666663,60.175589371980614,55.54562318840574,23.19188405797099
908.0,66.11061709188418,59.95272540660926,86.38828665020908,69.54818020001079,56.72940037395486,54.2874021265377,60.664024362999356,12.327967425428302,5.026092651864865,21.71298484915385,7.949752746185544,1.0214917427131052,3.74101238252484,1.608266977663426,37.824033816425086,39.776120772946825,38.563096618357456,34.2327101449275,60.19012560386468,55.54913526570042,23.19448309178742
910.0,66.12469498278341,59.96357663429455,86.41713853456834,69.56011323424143,56.74195096479721,54.299928972655934,60.67270337378747,12.333128538812785,5.1238071484175,21.630407113413373,7.997678540118909,1.0225499934693791,3.8169571413644294,1.6509285738169128,37.83516908212557,39.77178743961349,38.56303381642509,34.23877777777775,60.2057246376811,55.55322705314004,23.19432367149756
912.0,66.13754602447054,59.97783101225942,86.44169358208268,69.57191550514187,56.75452688049612,54.3116861082855,60.68127180160616,12.35073611392,5.0884638438400005,21.7009111168,8.028811072,1.0407361152,3.82390832384,1.61246667392,37.84764734299513,39.7729178743961,38.56315458937195,34.24432850241543,60.21839613526565,55.55943478260864,23.19538647342993
914.0,66.14968445523871,59.99106401902377,86.46153817301199,69.58350140504268,56.76724668215282,54.32248554399372,60.689771859500794,12.336456823169545,5.094614104404297,21.72546794517221,8.005577353943167,1.009340169922828,3.827415814135146,1.6305850389798504,37.85981159420286,39.77817874396131,38.563821256038615,34.24804347826084,60.231357487922644,55.566294685990286,23.198048309178724
916.0,66.16146125757811,60.00217349526141,86.47991830145993,69.59498756446565,56.77941749687772,54.33277044143041,60.69834056207812,12.357273826207278,5.055496187543274,21.88456882437639,8.035865393759432,1.0204767998047053,3.7542248841788717,1.6148628709165558,37.87244927536228,39.78685507246373,38.56544444444441,34.251048309178714,60.245999999999945,55.57478743961347,23.201560386473407
918.0,66.17494356765997,60.01642513852381,86.4971752488194,69.60580163287118,56.79205664602763,54.3433365191828,60.70685734615929,12.37872736628135,5.09866020052066,21.6407596909404,7.958366664459038,1.039214425158822,3.7877915407893465,1.6468691477871913,37.88517391304344,39.79757971014489,38.56848309178741,34.25269082125601,60.25828502415453,55.58594202898545,23.205874396135243
920.0,66.18968411442592,60.02450381820051,86.5137572779264,69.61671446446839,56.804470718045174,54.353779290870676,60.71519155903181,12.351192834864111,5.134185746528322,21.677499943052986,7.954635716487466,1.0317285816536577,3.7698571136745973,1.6214500039183724,37.89520289855069,39.81011111111107,38.57161835748789,34.2511449275362,60.267777777777724,55.59539130434777,23.20738647342993
922.0,66.20444130604302,60.036933434613566,86.53016161306086,69.62811457629596,56.81738982472561,54.36448422570193,60.72356400796886,12.33831529725965,4.971330726439942,21.594038760222695,8.058347670862604,1.0038855948191165,3.8084477418967975,1.6181864868978815,37.9039758454106,39.82288888888885,38.57475362318837,34.2464106280193,60.27764734299512,55.60176811594198,23.202492753623165
924.0,66.22027875742991,60.058241310850725,86.54657035124444,69.63924766339021,56.83012684362797,54.37531808841389,60.73153313092256,12.344115167164627,5.047421251983723,21.68911516938108,7.989681820902006,1.0195636362628888,3.8161363626288867,1.6463303021907387,37.9111062801932,39.83420772946855,38.57779227053137,34.239091787439584,60.285618357487856,55.60605314009656,23.19357487922703
926.0,66.23645957908089,60.06239547004739,86.56249036271797,69.65057770405899,56.843250539125926,54.386074649514825,60.739604217989104,12.382376744186047,5.00226511627907,21.626376744186047,7.978546511627908,1.027786046511628,3.762260465116279,1.6183,37.91803381642509,39.84643961352652,38.58063768115939,34.23039613526567,60.291193236714925,55.61100483091782,23.183570048309157
928.0,66.25335389614375,60.06915379076919,86.5806225251868,69.6619795472941,56.85626814107971,54.397274271486566,60.7472349773677,12.293119873601556,5.073699992235074,21.728438340416808,8.00731089407063,1.0128976165315287,3.8105175444875696,1.600748358749313,37.92502415458934,39.8618599033816,38.58197101449272,34.220927536231855,60.297444444444395,55.615763285024094,23.176033816425097
930.0,66.27067338319017,60.07545557610587,86.60035451737578,69.67318878202133,56.869522276497115,54.408281593140366,60.75505548034941,12.371309838098437,5.042615029869144,21.60298144354458,7.967877434997432,1.0236971054232067,3.7977849816730567,1.636605209084008,37.93056521739127,39.87969565217387,38.58347342995166,34.21251207729466,60.303792270531346,55.620690821255984,23.17279227053138
932.0,66.28797143544944,60.08508260526918,86.62150302985228,69.68425149541936,56.882569980325734,54.41969673874249,60.7626172968573,12.392086721138384,5.0371526998978124,21.715283816971635,8.03340124314058,1.0150219913618566,3.7880966837899908,1.6262369300811763,37.93314492753619,39.89917391304344,38.586826086956485,34.204579710144905,60.31148309178738,55.625545893719746,23.171545893719788
934.0,66.3050344906484,60.08962663199861,86.64418884203421,69.69543328600243,56.89559880360447,54.431370087084694,60.77035617782371,12.431312240242882,5.079496647696793,21.733420212767488,8.080547111588594,1.031973033151976,3.8162977300870256,1.656090976006489,37.93485507246373,39.921347826086915,38.5913140096618,34.197782608695626,60.322415458937144,55.63069082125598,23.17126570048307
936.0,66.32329112998784,60.09297914679741,86.66844180727742,69.7059089157765,56.908676373336505,54.443731771235875,60.77848554129514,12.321653146325596,5.09112366997529,21.770256529358367,7.997110624120387,1.0073009661214405,3.7942062813970914,1.6256768146931586,37.93778743961349,39.94609661835745,38.59561835748789,34.1933913043478,60.33553623188401,55.63648792270526,23.172144927536213
938.0,66.34264173918821,60.102683905478024,86.6913032281309,69.71620102119873,56.921794926486484,54.456902335634375,60.78654764984312,12.398886418089992,5.138447568747142,21.67861456067445,8.01154078002903,0.9993232979738732,3.8037417543196868,1.6300844724912016,37.94042995169078,39.97274396135262,38.597768115941996,34.18967632850239,60.34741062801927,55.63964734299511,23.171328502415435
940.0,66.36334191172608,60.110119552128154,86.71429996233712,69.72702039340534,56.93483724653493,54.470427243850764,60.7943627758734,12.318363006208,5.156698074368,21.748263025407997,7.988412919808001,1.027235979776,3.81426500864,1.629111006976,37.94249275362315,40.001280193236674,38.59934782608692,34.187956521739096,60.35699999999994,55.642879227053086,23.17013526570046
942.0,66.3855252077595,60.11868452819711,86.73738715876038,69.73789779547626,56.94792396731952,54.48449172860333,60.802526134958335,12.353379414409007,5.0595311131961305,21.785022562058582,7.959733461292543,1.0601019274723607,3.8036846904603836,1.6431162855246042,37.94551207729465,40.02996618357484,38.60189371980673,34.18655072463765,60.36564734299512,55.64584541062796,23.16983574879225
944.0,66.40971208513025,60.13704842554796,86.76105279050032,69.74864242068597,56.96096901244431,54.49908151652009,60.81057577493555,12.344534134713122,5.02020946386111,21.813583488163022,7.9886905713765115,1.0340611685939436,3.798203538670277,1.6142258699852272,37.94985024154585,40.05593719806759,38.60511594202895,34.18438164251205,60.37407729468594,55.64881159420284,23.16865217391302
946.0,66.43478440683468,60.14722814072611,86.78352644064972,69.75926797066062,56.97405924827699,54.5137492804363,60.81875485845233,12.343404132095976,5.002987898451842,21.7218230155284,7.986907960843335,1.0168218279604808,3.8031926286361997,1.590411509199007,37.952869565217355,40.07698067632847,38.60872463768113,34.18214975845408,60.38118840579704,55.65204347826081,23.167202898550702
948.0,66.45999226014521,60.16608017290722,86.80396471464444,69.76924088657103,56.986870618111844,54.52865233066797,60.82695826755368,12.354866969680868,5.078664181692597,21.80819716467582,7.990713169525336,1.0296858605716053,3.7992915109331453,1.6091207461684482,37.953710144927506,40.09148792270527,38.612429951690785,34.180507246376784,60.38887922705309,55.653980676328445,23.16366183574877
950.0,66.48423196429053,60.179951799870366,86.82627846412197,69.77965876029269,56.99975777019429,54.54309930202292,60.835394467406644,12.356494690721592,5.050493807068994,21.711509736376787,8.012592926361528,1.0292831855670452,3.8280769970537363,1.6468371693665589,37.95446376811591,40.09718357487919,38.61776811594199,34.17945410628017,60.39904830917869,55.65666666666662,23.159806763285
952.0,66.5077675333637,60.1926859557887,86.84993409988617,69.79039357327461,57.012245676422495,54.55752289108617,60.843473671833884,12.384435201771085,5.129778865716704,21.843323943550246,8.03659434709242,1.0529478738798508,3.7726943893984846,1.6057957821333795,37.956570048309146,40.09895169082122,38.62510144927533,34.1801642512077,60.40876811594198,55.660922705313965,23.156811594202875
954.0,66.5292634080737,60.19733827569127,86.8732647342382,69.80123330184792,57.0248770534131,54.571869802590896,60.851666539664414,12.352624104201348,5.123113074760017,21.71350730631797,8.053092155143991,1.0121973772741772,3.7705591445581925,1.6245497462786191,37.96024637681156,40.10040579710141,38.633014492753595,34.18319323671494,60.41871497584536,55.66757004830912,23.153454106280172
956.0,66.54960456026517,60.194156495264814,86.89762412141334,69.8121580150834,57.03738844152391,54.58568833100905,60.85958163479056,12.366118604549019,5.091830879247059,21.7477068556549,8.006497056376471,1.0219166741333334,3.799916180329412,1.6091441351529412,37.965091787439576,40.100903381642475,38.64009178743959,34.186048309178716,60.431342995169025,55.67560386473425,23.150942028985483
958.0,66.56824504742079,60.191866620821116,86.92098292339121,69.82287182322189,57.04950302719333,54.59880530069154,60.867990596392914,12.298138580382076,4.971481730170715,21.7581928987916,8.000075127837606,1.0210248737217862,3.797294925480585,1.6058091341349472,37.9718792270531,40.10159420289851,38.64669565217388,34.189806763285,60.44607246376806,55.68519323671493,23.150483091787414
960.0,66.58500521967223,60.20020967342086,86.94429036858881,69.833874627986,57.061853582872054,54.61172785988204,60.87622302125606,12.386516806928777,5.103916813382554,21.705948723442706,8.03531345225495,1.0203857126261715,3.767459662596484,1.639038656839714,37.980729468599,40.10180193236712,38.65314009661832,34.19427536231881,60.45989371980671,55.69890338164246,23.153285024154567
962.0,66.60078197512489,60.20490782427614,86.96880966167863,69.84463702210017,57.07394217727163,54.62459930170288,60.88425415295824,12.401592873115954,5.096069297943117,21.85809997530355,8.044659945667805,1.0210129620231816,3.77503180240429,1.6626717394283372,37.991714975845376,40.102676328502376,38.65969082125601,34.199816425120744,60.47400483091782,55.71447342995164,23.158125603864715
964.0,66.61561644169403,60.206386652146705,86.99601642584769,69.85553058374735,57.08595545627458,54.637893662334314,60.89263333522554,12.367684929833727,5.05064262052037,21.737790435541413,7.999218546498513,1.0261397084270762,3.777181160474186,1.597266372427385,38.00730434782606,40.10541545893716,38.66778743961349,34.20918840579707,60.49142995169076,55.73269082125598,23.163748792270507
966.0,66.63027677138832,60.21828317163324,87.02423328278081,69.86670516563126,57.09831837614352,54.65148190801974,60.90094556286316,12.333888619831699,5.035671490150711,21.69181714869812,7.983391429612843,1.0252971442607883,3.845559983201534,1.5974028573239727,38.02453623188402,40.10948792270528,38.677043478260835,34.21971980676325,60.50676328502409,55.75196135265695,23.172516908212536
968.0,66.64438751565518,60.22346443555323,87.05299742489116,69.87832797827147,57.110894103756046,54.66494251912256,60.909213361692466,12.404786511883769,5.067372079067159,21.813325135174075,7.9929702380087715,1.0324762818764937,3.8021325560848873,1.6547739567990685,38.042275362318804,40.113236714975805,38.687072463768075,34.228739130434754,60.51820289855067,55.77013526570043,23.18079227053138
970.0,66.65805124519963,60.2349755205901,87.08375865755002,69.89024386181255,57.12375407189591,54.67856575570346,60.91767680718477,12.366805233002525,5.092100964509888,21.803656172948617,8.004702377263314,1.0334090494725794,3.762884768131189,1.6359395132102015,38.06181642512073,40.11565700483088,38.69748792270528,34.235956521739105,60.52810628019318,55.78876328502411,23.184367149758433
972.0,66.67216761053906,60.24372828696577,87.11390189559972,69.9020926159735,57.136220014082184,54.691875572605156,60.925977129941685,12.328245238095239,5.082892857142857,21.77735238095238,8.026299999999999,1.0411690476190476,3.77947619047619,1.6214333333333335,38.081454106280155,40.11939613526566,38.707903381642474,34.24041545893717,60.53695652173907,55.80342995169077,23.183845410628
974.0,66.68591508061002,60.23980837535798,87.14569471208246,69.91446377278994,57.14875938249387,54.7052633724507,60.93409302181861,12.380649259660256,5.042835575519399,21.68532680233422,8.069264870295374,1.0390424453127634,3.809276103578881,1.6361058580310972,38.10070531400963,40.12714975845407,38.717932367149714,34.247159420289826,60.55190338164245,55.81337198067628,23.182816425120752
976.0,66.69965500285214,60.24599091939764,87.18090375302198,69.92663016827757,57.161252994271734,54.71842527643596,60.94238820440513,12.366840581095023,5.018777213704373,21.797811407341882,7.980146042643037,1.0201217787702361,3.786142072866264,1.6126321856837613,38.1190869565217,40.138057971014454,38.727188405797065,34.25762801932364,60.573589371980624,55.820222222222164,23.18426570048307
978.0,66.71268707807984,60.2572276567359,87.21590070941193,69.93747391965178,57.17362858517672,54.73079584771467,60.95056501105505,12.410803767701772,5.098600472047241,21.7583539283178,8.001689565581575,1.0147736355135482,3.8211066949944996,1.622507110486047,38.13489371980673,40.1494830917874,38.73588888888885,34.267260869565185,60.59375362318835,55.82316908212555,23.18514492753621
980.0,66.72565736803354,60.2718066021231,87.25207851660025,69.94832154262696,57.18596353230654,54.743248895695785,60.958755336175834,12.354241059657141,5.081008926476191,21.67227679329524,7.9817749674666665,1.017864281295238,3.7870982189714284,1.615814297295238,38.14819806763281,40.160565217391266,38.743028985507216,34.27632367149755,60.609613526569994,55.82195652173908,23.183579710144908
982.0,66.73909685755042,60.28265329717086,87.28863532371496,69.95921437868881,57.19846766518253,54.75536912089097,60.967249026449565,12.360795580988235,5.10335117093647,21.797664131237646,7.963584117157647,1.0216511773364707,3.8353238242635292,1.632161763764706,38.1632946859903,40.17339613526566,38.749999999999964,34.28808212560383,60.62316425120767,55.81989855072458,23.18125120772945
984.0,66.7528787467203,60.295178450949045,87.32491728227352,69.96999779723703,57.21081374378265,54.76775562819917,60.97502693640408,12.339954554719098,5.07002205814264,21.680836390717364,8.029778426665164,1.0090751270813785,3.824534451486148,1.639242591308736,38.17847826086953,40.18819323671494,38.758193236714945,34.3009758454106,60.63574879227047,55.81726086956516,23.17979227053138
986.0,66.76722540042537,60.31109891246336,87.3604550204308,69.98103800259375,57.22325101938658,54.780140064523835,60.98327026607762,12.40706831554428,5.111256470594199,21.822738611668033,7.961752470908497,1.0259732525454273,3.8251534804616116,1.6159534563823883,38.190869565217355,40.2051256038647,38.764777777777745,34.31284057971011,60.64688405797095,55.81186473429947,23.179009661835725
988.0,66.78099540488134,60.313404531552685,87.39515383295708,69.99270123669034,57.235518847360204,54.79247491607141,60.99166652907678,12.364822225339621,5.080288885067562,21.76118889437666,8.013888898901914,1.0296555568197538,3.832188877827153,1.6286999980606047,38.201811594202866,40.2237101449275,38.77174879227049,34.324512077294656,60.65608695652168,55.80875362318835,23.18053623188404
990.0,66.79573803560957,60.317932335463404,87.4293341800365,70.0045207151545,57.247568120523646,54.804692671710676,61.00030177689079,12.393231128629628,5.088306216514822,21.742712386974127,8.008416293118865,1.023011488156628,3.815865570071754,1.6425932937778507,38.210821256038614,40.23976328502412,38.781101449275326,34.33377777777775,60.66287439613521,55.80631884057966,23.183004830917856
992.0,66.81137366475298,60.333065242727855,87.46266496022065,70.01657134977981,57.2596587776788,54.81726213028725,61.0087349689226,12.412769638276142,5.026174345189748,21.7461314164167,8.03940418620174,1.0335727770227345,3.8027842954104982,1.6080052348631673,38.21741545893717,40.25200483091784,38.79122705314006,34.34142512077291,60.6673671497584,55.802951690821196,23.186270531400947
994.0,66.82702337969391,60.33485704905412,87.49507590833521,70.02875918661734,57.271871487663084,54.82997995484414,61.017041657706784,12.37853882478529,5.102438848024139,21.68875437356388,7.965500978889929,1.0320805807723996,3.8078504908119553,1.6438640681407801,38.22111111111107,40.26328019323668,38.80051690821252,34.34884541062799,60.67028985507241,55.80064734299511,23.19018840579708
996.0,66.8415802902219,60.33619890063258,87.52660571126434,70.04112873245363,57.28376279450724,54.842825588047525,61.02529847519425,12.38916373000914,5.120611887540506,21.80945180002308,8.011728500730197,1.0213528513463863,3.7910367861022647,1.6091606248516064,38.22325120772943,40.27460869565214,38.80914009661832,34.35625603864731,60.673589371980626,55.799574879227,23.192787439613504
998.0,66.85540153497585,60.334174709313125,87.55843954929074,70.05398808657745,57.295759210966494,54.85576168911832,61.03325476915948,12.417815910329137,5.084829236634507,21.73800614071593,7.997495386881514,1.0122866679182219,3.7648641038230632,1.5949630748346832,38.22583091787436,40.28466183574876,38.818439613526536,34.363922705313975,60.677434782608636,55.8023478260869,23.19692270531399
1000.0,66.86898765680978,60.3426193442968,87.5882449544295,70.06711776571342,57.30753730294075,54.8691691055508,61.04101067075544,12.33036295289503,5.122591863273179,21.750174461427893,8.009273328579948,1.0233933366012855,3.8017833370469156,1.5862151762560837,38.22789371980673,40.29524154589368,38.8267101449275,34.3703333333333,60.68021739130429,55.807405797101396,23.201227053140077
1002.0,66.88276610922307,60.34522657668916,87.61823282782778,70.08041900282493,57.31959747739465,54.88251242935385,61.04896430964701,12.324772824837483,5.031422335392519,21.7431912583402,8.038588357212182,1.0074067961828637,3.787104856173891,1.6470864117352462,38.22792753623185,40.307676328502374,38.835246376811554,34.375198067632816,60.683376811594144,55.816285024154546,23.203729468599015
1004.0,66.89697209813723,60.345226985203254,87.64728162973503,70.09400193480555,57.33145198493046,54.8955760482875,61.05692331596242,12.399303737736716,5.034274115411341,21.724155642363815,8.045725896508241,1.019770363587848,3.8037555556759552,1.6170962828516513,38.22502415458934,40.32161352657001,38.84473913043474,34.380053140096585,60.687782608695606,55.82757004830913,23.20728502415457
1006.0,66.91105116914412,60.35229013806372,87.67411598532873,70.1077319145378,57.34326940426517,54.908657661742694,61.064606591311794,12.382647235715462,5.111818586623168,21.878158732298697,7.968670402550223,1.024241209811872,3.777712063385065,1.6612276312674954,38.2224830917874,40.334971014492716,38.85470531400963,34.38526086956519,60.69313043478256,55.84171980676323,23.21235265700481
1008.0,66.92538871047263,60.356085569079816,87.70074885416226,70.1217419047756,57.35535105224672,54.9217731548519,61.07213184441299,12.377253448203756,5.16585542447181,21.89369452591238,8.034958426513473,1.0155846582592265,3.7752272335669015,1.6148178274738518,38.22299999999996,40.34688888888885,38.8653140096618,34.38940579710142,60.69913043478255,55.85924154589367,23.21943961352655
1010.0,66.93940872117679,60.369301219597816,87.72863122064575,70.13520453569926,57.367249320945426,54.935119938276635,61.07937371492095,12.403374470161847,5.0638829785101676,21.75325105793333,7.966793614272377,1.0306787239002624,3.7741702101051344,1.6238787230287735,38.22566666666663,40.35890338164247,38.87678260869562,34.39412077294683,60.70488888888884,55.87581642512072,23.229101449275344
1012.0,66.9533371847085,60.37771787891701,87.75640131219403,70.14862271153427,57.37954431014187,54.94876025362064,61.08698397197746,12.388219903897998,5.1981017761425985,21.88422434742618,8.029507091883662,1.0329885026483554,3.814222122490406,1.596572112975356,38.23262318840576,40.37072463768112,38.88937681159417,34.4010869565217,60.711942028985455,55.8943478260869,23.240115942028964
1014.0,66.9675120960727,60.390377991579435,87.78316925677491,70.16196735322663,57.391846332214705,54.96268944478496,61.09445974192322,12.36539329437908,4.993636579521042,21.820836586910737,8.017431945126232,1.0163556681604409,3.808271139543845,1.635420612500198,38.24180193236711,40.38023671497581,38.90158454106277,34.406603864734265,60.71822222222216,55.912864734299475,23.2506570048309
1016.0,66.98215613222385,60.39810189388042,87.81086707390365,70.1748422826354,57.404149398021865,54.97679571642085,61.10197228106813,12.409464629373584,5.0761499584,21.78875474403019,8.035914126490567,1.0286957524528302,3.7814735793509433,1.6387919789886793,38.250531400966146,40.386497584541026,38.91311594202895,34.408193236714936,60.724106280193176,55.929966183574834,23.257642512077275
1018.0,66.99765661616131,60.413039060669526,87.83974261303311,70.18788716593075,57.41627034831412,54.991420081786224,61.109247313997784,12.3799039598866,5.108085152262873,21.829617823164945,8.017574264412348,1.0172410865799055,3.8018168240051806,1.6418138485773632,38.25974396135262,40.39034299516904,38.923681159420255,34.406980676328466,60.73122705314003,55.943599033816376,23.259115942028966
1020.0,67.01305517977939,60.42352643898981,87.86808524993764,70.20027825240018,57.42852198289617,55.006267971741266,61.11670407062535,12.45176837984197,5.063093050852301,21.835418654178632,8.045645150527955,1.008298135367997,3.7861130288482148,1.6580330147027305,38.26670531400962,40.39076811594199,38.93176811594199,34.40347342995165,60.73825120772941,55.9492173913043,23.257280193236696
1022.0,67.02857646748781,60.42853669732908,87.8989186371399,70.21268237071881,57.44063440533163,55.020920357608254,61.124030125853295,12.358698484608,5.026222031616,21.778310993408,8.033590984447999,1.0249314968319998,3.821541006848,1.604069492096,38.272236714975804,40.38914975845407,38.93764251207726,34.40060869565214,60.74689371980671,55.951260869565175,23.25676811594201
1024.0,67.04292238117326,60.444746724100604,87.92890606578787,70.22430698631558,57.45268830815886,55.03502052843762,61.13176744885635,12.406739668850307,5.057516540700115,21.807234707528867,7.996801652786485,1.0354041344345328,3.8051495914931848,1.6140834731224731,38.279507246376774,40.38743478260866,38.943966183574844,34.39771980676325,60.75400966183569,55.95050241545889,23.256864734299498
1026.0,67.05655550424858,60.4578073466959,87.95605051326032,70.23486795937004,57.46465816132693,55.0485790391447,61.13919405903067,12.359580937204127,5.083671396121531,21.913500077477273,8.02724600782087,0.9939158525006061,3.8165555471426194,1.6311158613048418,38.28681159420287,40.3839178743961,38.94857487922702,34.39293236714972,60.75514975845405,55.94466666666662,23.255125603864713
1028.0,67.07004381169499,60.46329086171841,87.98292134211597,70.24557992098849,57.476661865793105,55.06183948917206,61.14677697099191,12.385149251102794,5.037247227285767,21.85360502146414,8.052513069391505,1.0251763801822362,3.7983959811820522,1.64647788620982,38.29604830917871,40.3792753623188,38.9529565217391,34.38919806763281,60.75419806763279,55.93930434782604,23.25032850241544
1030.0,67.0841905239144,60.46373696237441,88.00841308088417,70.25614194627421,57.488675253724566,55.074961073124896,61.15405203462542,12.376794170652689,5.091171838242695,21.79852134743074,7.976168941464197,1.0256233062047728,3.7901,1.6214922320107072,38.30789371980673,40.37656521739126,38.95742512077292,34.38585024154586,60.75497584541057,55.936966183574825,23.24485507246375
1032.0,67.09857561595082,60.470213398835455,88.03487667193849,70.26638632091836,57.50051714072103,55.08797670076053,61.161416417839646,12.391967023190107,5.088547674153658,21.785953395416662,7.99123873265299,1.001328802268883,3.7835989765364686,1.6007691277506588,38.31814975845408,40.377019323671455,38.95929468599031,34.38099999999997,60.754637681159366,55.9348212560386,23.2398647342995
1034.0,67.11354007855154,60.476083104372684,88.0629917742416,70.27616209022771,57.51237782696367,55.10057643170978,61.169003098187424,12.309043675175564,5.093331911791748,21.82422907992611,8.023182635382575,1.013949295639225,3.800114551981837,1.619146478196125,38.33101449275359,40.3837101449275,38.96132367149755,34.37693236714973,60.754512077294635,55.934309178743916,23.234690821256017
1036.0,67.12848623936277,60.47662779723828,88.09136037008552,70.28573885099969,57.52405535142491,55.11297827968933,61.17649433897877,12.321767011386713,4.924196901874209,21.694911316248202,7.963724732750692,1.041173197477478,3.8002402030580105,1.6475525781426288,38.34885990338161,40.39493236714972,38.964492753623155,34.375280193236684,60.75767149758449,55.93752173913039,23.232285024154567
1038.0,67.144187937658,60.47971418044936,88.12041987823085,70.29465546574467,57.53565676618068,55.12509307246852,61.18380591109255,12.391699971555564,5.100586988031076,21.88089565937912,8.034043477938248,1.0389130268094988,3.8358956346448276,1.6212000160772897,38.36805797101446,40.40658454106276,38.96743478260866,34.37585024154586,60.763536231884,55.94055072463763,23.233217391304326
1040.0,67.16036691198236,60.49545258344713,88.14902228252308,70.30352665594641,57.54754316044545,55.13736604615723,61.190915270921096,12.43490151839267,5.035099033693356,21.78918726568188,8.021872150063501,1.0403619693773953,3.7978629241952544,1.5999165421007742,38.38802898550722,40.42239130434779,38.967608695652146,34.37722705314006,60.77030434782603,55.94371014492748,23.235106280193214
1042.0,67.17753600504741,60.49972184716358,88.17628143114568,70.31215795438503,57.55962971728249,55.1497673164141,61.19825719779191,12.40596428564898,5.098857119738776,21.808653530383673,8.023617862661224,1.008953576097959,3.8163392790204083,1.625853570612245,38.40819323671494,40.443028985507205,38.96547342995166,34.37977294685987,60.78099999999994,55.95031400966178,23.234999999999978
1044.0,67.1941428510366,60.500377695001895,88.20107634522036,70.32122743673922,57.571313256952585,55.16218238326754,61.20558642421726,12.423656924671151,5.079156971706514,21.835367518651847,7.998741143449284,1.019467931068695,3.835467931068695,1.6244459339520607,38.42797101449272,40.46674396135262,38.96448792270528,34.38624637681156,60.79809178743955,55.961898550724584,23.234772946859884
1046.0,67.21233899812707,60.51791715693038,88.22575389362954,70.33046401145582,57.5831739151785,55.174709395077855,61.21306500996849,12.383629495455704,5.028629952716669,21.903395835102916,8.026264979189671,1.0373884778730995,3.833049769246015,1.626575113961324,38.44800483091784,40.49174879227049,38.96511111111108,34.39580193236712,60.81749275362313,55.97644444444439,23.236917874396116
1048.0,67.23132322960292,60.53295005011485,88.25218573944117,70.34021511453358,57.59504229305759,55.187207535441374,61.22067985424482,12.381562629586014,4.991011281802417,21.914131729512775,7.98446520672545,1.029683479327455,3.8482539122343447,1.6321147772022109,38.4659371980676,40.51498550724634,38.96602415458934,34.40642028985504,60.83699033816419,55.990154589371926,23.237927536231865
1050.0,67.25038453905388,60.537616588496185,88.27977633538036,70.35061914914014,57.60690093786173,55.19980317342706,61.22878131640739,12.424548132474193,5.0858892115622805,21.773563070981062,7.97977925326586,1.0288327800120245,3.788198755372284,1.6347307054554572,38.48001449275359,40.53633333333329,38.9689565217391,34.41790821256035,60.85497584541057,56.00405797101444,23.23672463768114
1052.0,67.26851049887564,60.540257121639726,88.30929655854726,70.36121555417074,57.618762014863535,55.21264366708108,61.23664188276691,12.357508364524168,5.087987648429697,21.803245858092634,8.016922161802242,1.0052182312527114,3.7807536949788645,1.6440364625054227,38.4914830917874,40.557400966183536,38.97263768115939,34.430072463768084,60.87161835748786,56.0149130434782,23.23523188405795
1054.0,67.28634679759135,60.5547986025673,88.34030551588855,70.37213183819568,57.63077065481351,55.225932084455145,61.24438532501302,12.386811761774643,5.00367646933199,21.801964717140244,8.03797060514629,1.0320176464951238,3.803299995619247,1.6198058800659303,38.50341545893716,40.580367149758416,38.975193236714944,34.44271980676325,60.89008695652168,56.024256038647295,23.232323671497564
1056.0,67.31359245591189,60.56696975919811,88.3924782026951,70.3902990494903,57.64386959244749,55.24215189687432,61.25384580242402,12.380547959248979,5.131188258481632,21.75201686739592,8.016473467036734,1.0138892900571428,3.789250493387755,1.6595693919346939,38.5153140096618,40.60685507246373,38.977748792270496,34.454434782608665,60.909328502415406,56.03235265700477,23.228652173913023
1058.0,67.3274071896725,60.57497143262951,88.4188630882439,70.39868033353989,57.65558389420319,55.254933700151064,61.261146704258785,12.39162224701148,5.143266605490518,21.91392221980376,8.037844422788197,1.0072444499959188,3.833933333663124,1.6309777742600118,38.524711817168324,40.62520401337792,38.9799459308807,34.46215719063543,60.9223221850613,56.04024972129318,23.227389632107005
1060.0,67.34020827850956,60.58289478055307,88.44448636316508,70.40654991333699,57.667244519192,55.26768642249804,61.268346344436054,12.480774944,5.069475520953191,21.76069677508085,7.965538340629787,1.0343728729872341,3.8121952298212767,1.6406372315234041,38.532943701226294,40.64298160535116,38.98211426978817,34.46967056856185,60.93468784838348,56.047710144927514,23.226102006688947
1062.0,67.35199572242311,60.59073980296881,88.46934802745868,70.41390778888162,57.67885146741396,55.280410063915284,61.27544472295583,12.414438620285859,5.108037588427779,21.859080189135963,7.980103924659913,1.016502958702865,3.809029698553472,1.6342158355110243,38.54000966183573,40.66018784838349,38.984253808992925,34.47697491638794,60.946425492382,56.05473392790781,23.224789297658845
1064.0,67.36276952141317,60.59850649987674,88.49344808112471,70.42075396017378,57.69040473886907,55.29310462440281,61.28244183981811,12.407774956799999,5.039502011136,21.808085127680002,7.9569120540160005,1.012868026624,3.809984006912,1.613697988864,38.54590969899663,40.676822742474904,38.98636454849497,34.48407023411369,60.95753511705684,56.06132107023408,23.223451505016705
1066.0,67.37252967547973,60.606194871276855,88.51678652416317,70.42708842721348,57.70190433355732,55.3057701039606,61.2893376950229,12.387395768920301,5.1198085414649075,21.77835532430834,8.004365963774376,1.0401021300283562,3.794904258531606,1.6195063778842205,38.550643812709005,40.6928862876254,38.9884464882943,34.49095652173911,60.96801672240801,56.06747157190632,23.222088628762524
1068.0,67.38127618462276,60.613804917169155,88.53936335657404,70.43291119000071,57.71335025147872,55.31840650258866,61.2961322885702,12.300624207005617,5.052321768794043,21.92001299208066,7.984968599543138,1.0389893613024799,3.796459149655536,1.621719524476033,38.55421200297285,40.708378483834984,38.99049962839092,34.49763377926419,60.97787030843551,56.073185432924525,23.220700668896303
1070.0,67.38900904884231,60.62133663755364,88.56117857835736,70.43822224853548,57.724742492633276,55.331013820287,61.30282562046,12.390462859094725,5.1959928573831835,21.79194856888738,8.027160000087772,1.0290814285233634,3.8594014272360493,1.640347141651331,38.556614269788156,40.723299331103654,38.99252396878482,34.50410200668894,60.98709587513934,56.0784626532887,23.21928762541804
1072.0,67.39572826813837,60.62879003243031,88.58223218951308,70.44302160281778,57.73608105702097,55.3435920570556,61.30941769069231,12.42910425531915,5.0819148936170215,21.86406170212766,8.074410638297872,1.0561617021276595,3.777112765957447,1.6193574468085108,38.55785061315493,40.737648829431414,38.994519509476014,34.51036120401335,60.995693422519494,56.083303232998844,23.217849498327737
1074.0,67.40143384251091,60.63616510179916,88.60252419004124,70.4473092528476,57.747365944641814,55.35614121289448,61.31590849926712,12.35758125,5.05685625,21.86423125,8.05361875,1.0478,3.7848812499999998,1.6301812500000001,38.55792103307317,40.75142697881825,38.99648625046449,34.516411371237425,61.003662950575986,56.087707172054955,23.216386287625397
1076.0,67.40612577195995,60.6434618456602,88.6220545799418,70.45108519862498,57.7585971554958,55.36866128780363,61.322298046184436,12.355399978579564,5.165614298402349,21.84026432165136,8.04689288449683,1.029314285863557,3.7994214165177684,1.6039214154728691,38.556825529542884,40.76463377926418,38.99842419175026,34.52225250836117,61.0110044593088,56.09167447045703,23.214897993311016
1078.0,67.4098040564855,60.650680264013424,88.6408233592148,70.45434944014988,57.76977468958294,55.38115228178305,61.328586331444264,0.0,0.0,0.0,0.00018930493875159488,0.0,9.465246937579744e-05,0.0,38.554564102564065,40.77726923076919,39.000333333333316,34.52788461538458,61.017717948717944,56.09520512820508,23.213384615384594
1080.0,67.41246869608753,60.65782035685883,88.65883052786023,70.45710197742231,57.780898546903224,55.39361419483274,61.3347733550466,0.0,0.0,0.0,0.0,0.0,0.0,0.0,38.55113675213671,40.789333333333296,39.00221367521366,34.53330769230765,61.02380341880342,56.098299145299094,23.211846153846132
