t_s,Tm_ELBOW,Tm_J1,Tm_J2,Tm_PITCH,Tm_ROLL,Tm_TWIST,Tm_YAW,P_ELBOW,P_J1,P_J2,P_PITCH,P_ROLL,P_TWIST,P_YAW,Ts_humerus_u,Ts_humerus_l,Ts_forearm_u,Ts_forearm_l,Ts_wrist,Ts_hand,T_amb
0.0,60.94134247259285,58.93390812152999,76.81905955160042,65.06655016097227,57.305766348830126,53.590463852056054,60.2684172152906,12.787428245489956,5.080053212335964,21.148815957741164,7.921855388336108,1.0268798446411505,3.763899015328432,1.6619746635722057,38.53052136752139,40.85111965811964,39.23940170940168,34.96102564102564,59.3604358974359,55.82423076923074,23.244376068376074
2.0,61.25015553286663,58.98949196026319,77.29581766237388,65.28877359743757,57.34809854073933,53.69763461437945,60.31854890594372,12.151211488926338,5.097221378709523,21.20538906071918,7.934430319540918,1.0279140360622396,3.7914262738077107,1.6358363637235493,38.51102564102566,40.83835897435896,39.25808974358972,34.95965384615385,59.36688461538461,55.83896153846151,23.26512820512821
4.0,61.54870882268885,59.04450649861542,77.75952500571768,65.5036210616995,57.38940007670646,53.8016944390791,60.36728314126428,12.22021465580951,5.079062662346571,21.158007776912957,7.9289156030606165,1.0345365902890746,3.7969676969582578,1.6404170987719784,38.49381716833892,40.82763099219619,39.276346711259734,34.96042809364549,59.375693979933104,55.85347491638793,23.28360423634337
6.0,61.83700234205952,59.09895173658669,78.21018158163182,65.71109255375806,57.42967095673151,53.902643326155,60.41461992125228,12.23105351035163,5.006881794998963,21.14702943852168,7.923315245492302,1.0282187061267831,3.78046168492924,1.6224649447179975,38.47889594946118,40.81893571163135,39.29417261241172,34.96334838350056,59.38686399108138,55.867770903010005,23.299804162021555
8.0,62.115036090978634,59.152827674177,78.64778739011629,65.91118807361327,57.468911180814494,54.00048127560716,60.46055924590771,12.205016168047905,4.976797304258683,21.19550239337006,7.890605838639521,1.032673951833932,3.7966419138427145,1.6164410173956087,38.46626198439243,40.812273132664416,39.31156744704569,34.968414715719064,59.400394648829426,55.88184949832773,23.313727982162764
10.0,62.382810069446194,59.20613431138634,79.07234243117111,66.10390762126512,57.5071207489554,54.09520828743556,60.50510111523058,12.1690320022016,5.0527587457920005,21.1965055024384,7.8757740006912,1.038878749888,3.8146020018176,1.6110675011839999,38.455915273132675,40.80764325529541,39.32853121516163,34.975627090301,59.416285953177244,55.89571070234111,23.325375696767
12.0,62.6403242774622,59.25887164821472,79.48384670479626,66.2892511967136,57.544299661154234,54.18682436164022,60.54824552922089,12.145538584339223,5.072606926682009,21.146521826653185,7.905104815035177,1.0268661320723695,3.783877521234,1.592159106766775,38.44785581568191,40.805046079524324,39.34506391675956,34.98498550724638,59.434537904124845,55.90935451505014,23.33474730583426
14.0,62.88757871502664,59.311039684662134,79.88230021099176,66.46721879995872,57.58044791741099,54.27532949822114,60.58999248787863,12.191979136393574,5.0098169899943805,21.139796721355882,7.947382562876743,1.0139794338775379,3.802487183810422,1.606462146399194,38.44208361204014,40.80448160535115,39.36116555183945,34.99648996655519,59.45515050167223,55.92278093645482,23.341842809364547
16.0,63.12457338213954,59.36263842072859,80.26770294975759,66.63781043100047,57.61556551772568,54.3607236971783,60.630341991203814,12.224282604303777,5.078598463096621,21.194241753510934,7.926807703716898,1.0236926939355866,3.835509146007157,1.6183559142807158,38.43859866220736,40.8059498327759,39.37683612040132,35.010140468227426,59.47812374581938,55.935989966555155,23.346662207357856
18.0,63.35130827880087,59.41366785641408,80.64005492109376,66.80102608983886,57.64965246209829,54.443006958511724,60.66929403919643,12.27149076680482,5.1124582802891565,21.32976652086747,7.930972540568675,1.0223447788722893,3.827894325474699,1.6273851415903615,38.43740096618358,40.809450761798566,39.39207562244518,35.0259370122631,59.50345763656632,55.94898160535114,23.34920549981419
20.0,63.56778340501065,59.464127991718605,80.99935612500026,66.95686577647389,57.682708750528825,54.522179282221394,60.70684863185648,12.314939295209498,5.064612090601551,21.415475314896092,7.914212343054927,1.0210128462851051,3.7925649874443943,1.6442491184250725,38.43849052396879,40.814984392419156,39.406884057971,35.04387959866221,59.53115217391302,55.96175585284278,23.349472686733552
22.0,63.773998760768876,59.514018826642165,81.34560656147711,67.10532949090556,57.71473438301729,54.59824066830732,60.74300576918397,12.282935731886283,5.0516923087047765,21.385258810472703,7.9178950351749116,1.0236970224211557,3.801416128395383,1.6441466499887627,38.44186733556299,40.82255072463766,39.4212614269788,35.063968227424745,59.56120735785951,55.974312709030066,23.347463768115936
24.0,63.969954346075504,59.56334036118474,81.67880623052424,67.24641723313383,57.74572935956363,54.671191116769485,60.77776545117887,12.268954992925057,5.011813969766314,21.39860467198067,7.962439154069298,1.0271679782562462,3.7927619778082144,1.6330836205221568,38.44753140096615,40.832149758454065,39.43520772946856,35.08620289855069,59.59362318840574,55.98665217391299,23.34317874396133
26.0,64.16551754619987,59.616358623469665,82.01513288712441,67.38267593778598,57.77675564529755,54.744490779799385,60.81158729476432,12.263715010419004,5.048657370536386,21.45192426995905,7.954548380342569,1.0283314661785161,3.776214033644061,1.628687401535421,38.45590821256035,40.84576328502412,39.450830917874356,35.115053140096585,59.638256038647285,56.001371980676275,23.33789371980674
28.0,64.34274565554986,59.66565091709565,82.32929378933713,67.50641495715931,57.805648586036234,54.81254760412147,60.84319061516295,12.27021834864581,5.1953234225128275,21.388891048528233,7.934549576880715,1.022491099040821,3.8113362010767533,1.63336220747128,38.466613526570015,40.86271497584537,39.46471497584537,35.14567632850238,59.685584541062745,56.01525603864729,23.328285024154564
30.0,64.5040651967587,59.72138040927597,82.6231192367057,67.62085533895794,57.83310484462729,54.87583657781723,60.87304717827385,12.23054669464915,5.1919550553482505,21.386483265068755,7.946298683272875,1.0276273127306177,3.824507929684333,1.6104704848299016,38.4810869565217,40.88450724637678,39.478106280193195,35.18128019323668,59.735574879226995,56.02894685990333,23.316516908212538
32.0,64.65316272988368,59.77083908177187,82.89954992123253,67.7275742091904,57.859491651743475,54.93521143205833,60.90125359681745,12.26626535354373,5.099767249177087,21.459194772469672,7.976970526685539,1.0298987699928646,3.8183506403148946,1.618133213958521,38.49894202898547,40.90856521739126,39.49107729468595,35.219072463768086,59.78279710144922,56.04246859903376,23.30053140096616
34.0,64.79140246200394,59.818798504432294,83.16098720624443,67.82740589641797,57.884812924682336,54.990964450592145,60.928248848166255,12.324017483584097,5.091490013660579,21.469390809626162,7.937580719365069,1.0225797210034944,3.8135091903738383,1.608472828223116,38.51857004830914,40.93001449275358,39.5037487922705,35.25448309178741,59.826647342995116,56.054623188405735,23.281270531400942
36.0,64.91997015661889,59.86291577856761,83.40799389182027,67.92161570806827,57.90916288847909,55.043347411159765,60.9542145409089,12.29098146316075,5.026477454631177,21.459688977967325,7.921065531391171,1.0122824648185926,3.822061222459155,1.6084442880826342,38.538314009661796,40.94885507246373,39.51628985507243,35.28899033816422,59.86647342995163,56.064782608695594,23.25962801932365
38.0,65.03989332285133,59.90194628804605,83.64179593511615,68.01102422788853,57.932705683629116,55.092709015498336,60.9791792834044,12.222858654029476,5.076553856707661,21.4908433460761,7.880085083273028,1.023445245626731,3.827440440975988,1.6347950947943084,38.558864734299476,40.967531400966145,39.52709178743958,35.321676328502384,59.901574879227,56.07349275362313,23.23889371980674
40.0,65.15251633300569,59.94206445371347,83.8629505860127,68.09638577175978,57.95556769731739,55.13929850001728,61.00307334830493,12.192077165847918,5.103433799731443,21.58257277852377,7.911754133761651,1.0291012961307249,3.826796211940421,1.6280517448963991,38.58086473429949,40.9831062801932,39.53576811594199,35.35105314009659,59.93302898550719,56.08068115942024,23.221801932367132
42.0,65.25873362341119,59.98548921766461,84.07248812889607,68.17786766636665,57.977433438700885,55.18323669036919,61.02621472717069,12.282080355754294,5.083098300446522,21.633122690479485,7.9697437807862075,1.0176130447932208,3.8176735128907073,1.6105598718132093,38.601908212560346,40.98964251207726,39.54193236714972,35.37685507246374,59.95946859903376,56.08687922705309,23.204516908212536
44.0,65.3590018789908,60.023294693464,84.271468670449,68.25558448698631,57.99839315043805,55.22499493308353,61.04865199586499,12.3057043517184,5.0357412039168,21.6208324493568,7.9456523995136,1.0104532494079999,3.8146533005311998,1.599938999296,38.62076328502412,40.98841062801929,39.54519806763281,35.40003864734296,59.98252657004826,56.09384057971008,23.185028985507223
46.0,65.45418459979167,60.055170002218084,84.45926018615474,68.32921714118677,58.018643943288865,55.264969541587384,61.070279752831304,12.30556827131845,5.007345715162695,21.559117893208338,7.950442255556548,1.0224192481478174,3.806291578972222,1.6316652635555542,38.639801932367114,40.98184057971011,39.547004830917835,35.4191642512077,60.00383574879221,56.10214492753617,23.164898550724615
48.0,65.54491959715882,60.08840713959197,84.63532449953314,68.3994209271614,58.03812713915487,55.30297561615693,61.0911169699484,12.335539859146303,5.091741960417696,21.535148957490577,7.946848951199268,1.0189531464021964,3.803378321289698,1.6377776206911412,38.66022222222219,40.97236231884054,39.549444444444404,35.434618357487885,60.02385507246371,56.11302415458932,23.146241545893695
50.0,65.631557482971,60.12070645124407,84.79997057640864,68.46677855259576,58.05701290847005,55.3394784523916,61.11110955439816,12.318215261788417,5.017693811911623,21.605729425470866,7.961225736044712,1.0235857859091724,3.8002320699190286,1.6028587528445686,38.67844444444441,40.96245410628016,39.55165700483088,35.44800966183571,60.04309178743956,56.12715458937193,23.130555555555535
52.0,65.714019642933,60.15550184068285,84.95373233828873,68.53124030118026,58.07544026934297,55.37426790201101,61.13035931484302,12.322925488085682,4.937733849324338,21.574485478020023,7.9802144716516885,1.0396120680977883,3.797456234490337,1.597789283792317,38.69271497584538,40.951642512077264,39.55222705314006,35.45916908212557,60.06027536231878,56.14283091787434,23.120560386473407
54.0,65.7921720467936,60.18625769324615,85.09709321614454,68.59318281648227,58.0934403712713,55.40742553947543,61.14904487230259,12.335669207357702,5.079197087325791,21.5765446348482,7.968426079571584,1.0310760288466057,3.790857672798085,1.613718855954671,38.70488405797097,40.938898550724595,39.551565217391264,35.466753623188374,60.075357487922645,56.1583478260869,23.117198067632827
56.0,65.86659411771232,60.21045860722282,85.2316916218783,68.65252131637494,58.11082012508154,55.43888548245897,61.16725264919099,12.327771798182528,5.1721518351410944,21.602687385683424,8.003490761095325,1.0173298908835025,3.7932374380019898,1.6190072495280396,38.715579710144894,40.92258937198064,39.550685990338124,35.47246859903379,60.09011594202892,56.17377777777772,23.117806763285003
58.0,65.93694856178367,60.2440868861041,85.35868936607618,68.7088802163944,58.12783047798416,55.46914704297467,61.18506083957915,12.333227665490886,5.137657848873445,21.69145975777349,8.037974145825242,1.0208142855744753,3.800228470629018,1.6154447685594873,38.72604830917871,40.90042995169079,39.54999999999996,35.476241545893686,60.104550724637626,56.1903671497584,23.11907246376809
60.0,66.0035003480248,60.273178741568636,85.47873554592645,68.7629787348895,58.14451138685473,55.49824070990926,61.20243159825299,12.346827430556974,5.067172969441391,21.691723089818836,7.971607181482405,1.029127780555544,3.8117,1.6224186037033557,38.735154589371945,40.873086956521696,39.548091787439574,35.474999999999966,60.11505797101444,56.204487922705255,23.12058454106278
62.0,66.06719782399153,60.292533250874456,85.59309942526319,68.81505281721643,58.16090789475955,55.525737946368885,61.21924131191859,12.345740459306484,5.115111488493042,21.608817682568166,7.93936473547347,1.0278581418746464,3.7924045456754154,1.626894255753479,38.739367149758415,40.84238647342991,39.54532367149754,35.47171980676325,60.12346376811588,56.217289855072416,23.12666183574877
64.0,66.12809511506336,60.31895164507211,85.70129828375374,68.86471923450102,58.17692010065267,55.55187610230616,61.23548766817006,12.363430769113718,5.096188461293045,21.653223077784737,7.934273077151771,1.0301307692799508,3.7845615386749865,1.6251653846080074,38.741806763284984,40.81501449275359,39.54505797101445,35.47002898550721,60.13585024154584,56.23170048309174,23.137352657004808
66.0,66.18621086480462,60.34797987259113,85.80480670635599,68.91236124970432,58.192535195127306,55.576993337348064,61.25109398586718,12.373407413034068,5.079846391842886,21.712727357858117,7.962073697321042,1.0386940879647295,3.8042658320673346,1.6315392279086172,38.745642512077254,40.795357487922665,39.54765700483088,35.46942995169079,60.152347826086896,56.245821256038596,23.147227053140075
68.0,66.24172885363069,60.36861561833714,85.90421884792543,68.95769352641076,58.20782889334835,55.60106118034611,61.26651152009828,12.39899185214552,5.094158666782298,21.653165185313664,7.960758666782298,1.0348275558914388,3.8000605924586064,1.6501205922108235,38.7499178743961,40.78251690821252,39.5504830917874,35.4695217391304,60.17196135265695,56.25775362318836,23.1555990338164
70.0,66.29525790812437,60.391933308984065,86.00001121485023,69.00112172199613,58.223102276767406,55.6241187090625,61.28181156323891,12.416640058805081,5.088795459242271,21.64253128195802,7.980132087311752,1.0271517657024087,3.801140363473478,1.6656506556802806,38.75377294685987,40.7750869565217,39.5538985507246,35.47055555555552,60.1967439613526,56.269202898550674,23.16838647342993
72.0,66.34689107273627,60.41613967519503,86.09349894262733,69.04277953132694,58.23809257591187,55.646235019413375,61.29688797647391,12.444027996888813,5.10340110626553,21.725428189314204,7.979600103585907,1.026975529079591,3.8148034223824965,1.64845367766066,38.757618357487885,40.77288405797098,39.55943961352653,35.474004830917835,60.22571497584536,56.28492270531395,23.186159420289837
74.0,66.39659210329026,60.436709000201574,86.18347655917965,69.0828797704512,58.252714208741935,55.66728975880917,61.31192406910405,12.417899511452067,5.095851022476552,21.77255784878566,7.9609558065049475,1.0180100485875543,3.813928778897407,1.6205878050084093,38.75886473429948,40.7762946859903,39.56559420289851,35.48073913043475,60.25663768115937,56.30311111111105,23.201154589371956
76.0,66.44433706650334,60.4600235765362,86.2697664195815,69.12205927139928,58.26721899586429,55.687298887437315,61.32705856489315,12.378560316084599,5.06502698484855,21.652557142183014,8.008401587973218,1.0110999998427037,3.801139683915402,1.6413285725071756,38.75792270531397,40.78322705314006,39.57262801932363,35.489801932367115,60.289623188405734,56.32145893719802,23.21048309178742
78.0,66.49045995372973,60.487115220001165,86.35284336736983,69.16042105865463,58.281575393827154,55.70652009442861,61.34196321876119,12.33880846669004,5.050139942629482,21.69940059290518,8.013495020723505,1.0169580172111554,3.8075446732621514,1.6462670832063746,38.75820289855069,40.793937198067596,39.580758454106245,35.50141062801929,60.322908212560336,56.338927536231836,23.21546376811592
80.0,66.5357512486218,60.50595905106841,86.43336938374678,69.19785001099412,58.29586928102969,55.72502364451504,61.3566730467493,12.326272582283394,5.038803339600611,21.724737189145344,8.00375997003294,1.0266564805970237,3.7889967096723725,1.6174626620275279,38.75828985507243,40.80498067632847,39.59015458937194,35.51513043478258,60.35345893719801,56.353304347826025,23.21374879227051
82.0,66.58058457382181,60.521833523383854,86.51103619846582,69.2343514362671,58.30993278236575,55.74296579001496,61.37107237666338,12.3440686516224,5.0707120491008,21.6339226993152,8.0069859497472,1.0309675506687999,3.8356276018176,1.6171165500928,38.75799033816422,40.814642512077256,39.60093719806759,35.531096618357445,60.38362318840574,56.36602898550719,23.208371980676308
84.0,66.62466704223527,60.541439970815496,86.5858105850919,69.27006937629378,58.32392999271922,55.760179531482216,61.3845874015909,12.390768575614459,5.102204471518073,21.66669312593735,8.014024699681928,1.036697991479518,3.846192970178313,1.6368688266795182,38.757714975845374,40.825367149758414,39.61317874396131,35.54699999999996,60.413304347826035,56.376144927536174,23.20231884057969
86.0,66.66806594074795,60.566003257459656,86.65816247028617,69.30517886777324,58.3379395902039,55.77662647080421,61.396891225238136,12.3869735609071,5.217227039545523,21.75861677454901,7.977025389172521,1.032353430053551,3.8034393592847486,1.6376090640912666,38.759700483091756,40.83837681159416,39.628125603864696,35.561086956521706,60.442405797101394,56.38147342995165,23.19552657004829
88.0,66.71113504736863,60.5885545279521,86.72695641318312,69.34009368868803,58.351844280862956,55.792740756277034,61.407959426416156,12.348580509866045,5.198605307503218,21.750589261125892,7.958325880743656,1.0338972519083578,3.8072924513900634,1.6201498732537691,38.76257971014489,40.849463768115896,39.64519806763281,35.575777777777745,60.47205314009656,56.3840096618357,23.187280193236692
90.0,66.7541835510495,60.60908685951773,86.79324637226543,69.37438731093062,58.365475983612924,55.808535522963666,61.41808936102181,12.338938773077844,5.092274550176447,21.698075597809183,8.031967514851896,1.0311044907688622,3.835050748461477,1.6339368268646708,38.76620772946856,40.855594202898516,39.663816425120736,35.59227053140093,60.50037198067628,56.386922705313964,23.17678260869563
92.0,66.79702214266274,60.6280342675035,86.85584866426792,69.4078689245718,58.37885758700662,55.82431784194701,61.42785927585042,12.382418593564497,5.116631256096112,21.713261964140344,8.045178514324451,1.034546909284748,3.826701296220222,1.6274222831168754,38.77166183574875,40.85911594202895,39.68340096618354,35.60876328502412,60.5291400966183,56.390381642512025,23.168014492753603
94.0,66.83922762505918,60.65214924523148,86.91383806257724,69.44061384038788,58.39222929814969,55.84031798826848,61.43755510344205,12.450731240279458,5.089933950922063,21.70452752363789,8.04645178240798,1.0309930184906313,3.808595429185079,1.6364410348828597,38.77701932367146,40.86053623188402,39.70214975845407,35.62345410628016,60.55713526570043,56.391555555555506,23.161338164251188
96.0,66.88124593327802,60.6747150220031,86.96812561915132,69.4733135153296,58.40551739775206,55.85656470056452,61.4474965144144,12.430778908522754,5.007701489602335,21.740583968861255,8.060672902165823,1.0319717616636266,3.8067497268613484,1.6319688837409387,38.78218357487919,40.86096618357484,39.72003864734296,35.638144927536196,60.58313526570043,56.39243961352652,23.155338164251187
98.0,66.92202457739924,60.69348161242026,87.01860241205205,69.50636786202934,58.418647391465505,55.873144906075744,61.4580080982933,12.376054402826796,5.0065964777385625,21.77482380424025,8.028498387985753,1.0267355307420343,3.829598641460563,1.6260356318021345,38.78523188405793,40.862135265700445,39.73821739130431,35.654637681159386,60.606473429951635,56.395028985507196,23.152869565217372
100.0,66.96160031434472,60.70928084573762,87.06679466746176,69.5395201753047,58.43153565170298,55.8897644706073,61.46892615702713,12.324466231518151,5.0697354789991245,21.73437819042231,7.945637489641006,1.0092516580437125,3.8384515567757793,1.6390772863693002,38.78601932367146,40.86339130434779,39.75478743961349,35.66868599033813,60.629434782608634,56.396492753623136,23.15505797101447
102.0,67.00016322929827,60.720300023310195,87.11385833282556,69.57251121137926,58.44422448048464,55.906414064220705,61.48006527762957,12.332701693987788,5.1267453901123545,21.750069705264544,7.9994340302689695,1.0093238663422384,3.8226146985577776,1.6484214745089316,38.788004830917835,40.86168599033813,39.76962801932363,35.68082125603861,60.654874396135206,56.39699999999995,23.15829951690819
104.0,67.03720790122492,60.735154926736875,87.1606465569774,69.60525171333254,58.45672847289957,55.92318843714276,61.491568839149885,12.35816861836996,5.16443093099057,21.76789504520809,8.01099759776401,1.0146424924920114,3.841239188977085,1.6428809311507304,38.79286956521736,40.85879710144924,39.784396135265666,35.6957487922705,60.68204347826082,56.39971980676323,23.15964251207727
106.0,67.07294942765414,60.75710574245811,87.20813957911898,69.6376329054211,58.46893035767578,55.940018606332345,61.503318609156466,12.388912592939604,5.100932326362019,21.72359147297969,8.002238522335649,1.0220412988121321,3.8615792266744613,1.6483279121076058,38.79934299516905,40.8558985507246,39.79952657004827,35.71029951690818,60.70901932367145,56.404821256038595,23.160961352656983
108.0,67.10805037056195,60.77499149162523,87.25693283009778,69.66989801407036,58.48090178518161,55.956691437366096,61.515235678497,12.37078802535629,5.080170941733411,21.729930366596175,8.023779231580805,1.0267900457773063,3.8587035369139357,1.6709394655537027,38.80437681159417,40.85238647342992,39.814850241545855,35.72430434782605,60.73387922705308,56.409473429951646,23.164130434782585
110.0,67.14260375934401,60.78969408927328,87.30795706658355,69.70194356780144,58.49266198788541,55.97326468107335,61.52768062020681,12.35259253740943,5.137877611718839,21.789170895565633,8.008536566897572,1.0294111941405808,3.845738805763897,1.6467238806464395,38.807318840579676,40.8464830917874,39.83142028985504,35.740594202898514,60.75770048309173,56.41567149758449,23.171072463768095
112.0,67.17661238536087,60.80495730344178,87.36162399143512,69.73332368624203,58.50427730864513,55.989883388693606,61.540516227399515,12.39561666428718,5.072808336233531,21.78410833411282,8.00134166477002,1.0319666674871795,3.8143000004923078,1.637075001183432,38.81234299516905,40.840062801932326,39.849115942028945,35.757173913043445,60.78216425120767,56.42541062801927,23.18137681159418
114.0,67.20999545891922,60.81366568465765,87.4185966342784,69.7642758157693,58.516027266182356,56.006649992271456,61.553880391094125,12.420565508913267,4.989906659821066,21.76809319231086,8.02502874558455,1.0160583964511662,3.8212680768913985,1.6314740778771857,38.81762318840576,40.8350483091787,39.86603864734296,35.77449275362316,60.80717391304343,56.43830434782603,23.19168115942027
116.0,67.24272359957905,60.81768861551473,87.4787574481168,69.79483897356249,58.52779455102291,56.02344567749774,61.56803772814538,12.360611698580644,5.023807347251613,21.789760681806452,8.013886390348388,1.0206328620387095,3.833606856464516,1.6343544386064517,38.8183333333333,40.82736231884054,39.88151207729465,35.79122222222219,60.833299516908156,56.45341062801927,23.201053140096597
118.0,67.27508642532196,60.82935438313586,87.54256801084698,69.82470194214049,58.53951308359255,56.04005656309088,61.5827150825222,12.358045616773353,5.131070778104743,21.843519528929882,8.031509397343614,1.0286080273988945,3.8084738136159433,1.595815419095722,38.817473429951654,40.817753623188366,39.89668599033813,35.80790821256035,60.86303381642506,56.470439613526516,23.207289855072442
120.0,67.306392980992,60.84320936394513,87.60957673713082,69.85410720498545,58.551111200895065,56.05673975700078,61.597877892796205,12.393008899096587,5.125605881910805,21.811466135260442,8.023572837811631,1.0221302810146609,3.8071156016477756,1.5931946808701485,38.81621739130431,40.80997101449272,39.91153623188402,35.82579710144924,60.892347826086905,56.48853140096613,23.211710144927512
122.0,67.33653471940687,60.84829058664534,87.67949785241157,69.88354398662217,58.56279224322211,56.07347459861686,61.61342937869349,12.384467167276112,5.086637930220103,21.740424438290436,7.949032232537562,1.0182907048328862,3.8167475259345536,1.6138488756725278,38.81273913043475,40.805985507246334,39.92426086956518,35.84078743961349,60.920309178743906,56.504999999999946,23.21372463768114
124.0,67.36586112006452,60.86149131441603,87.75211995499777,69.91320965484496,58.57465141535161,56.09022267782253,61.628966090716624,12.394374713189833,5.04281609215078,21.690536783089726,7.939677010511351,1.0262275862042496,3.8098264366607317,1.613098850686767,38.80886473429948,40.80421256038643,39.936106280193194,35.85487439613523,60.94965217391299,56.52072946859899,23.21086956521737
126.0,67.3945269865424,60.87749326671162,87.82718033400756,69.94273885573658,58.58645064846533,56.106867206430316,61.6440897890563,12.386550749859225,5.057963889259066,21.69713158588287,8.004296790319554,1.0308332995166811,3.8341117337877137,1.6261334987447782,38.80524637681156,40.803115942028946,39.9471449275362,35.86949758454103,60.97772946859898,56.53472946859898,23.203666666666642
128.0,67.42288427925024,60.88181881905918,87.90389175180853,69.97193739817168,58.598205868255626,56.12335776535284,61.65863158674735,12.388740577946397,5.090194132444543,21.841801789963146,7.987264893655618,1.039098557858226,3.8462821485006176,1.6253639491798644,38.800758454106244,40.80238164251204,39.95749758454103,35.8831449275362,61.001942028985454,56.54473913043473,23.19446376811592
130.0,67.45058401728666,60.88480847801266,87.98092529075659,70.00064370199283,58.60989465923624,56.13966970733187,61.67203860677462,12.381393092624982,5.111912512173775,21.92966326233198,7.972462011903873,1.017670470756867,3.8242300801813065,1.599537887746171,38.79671980676325,40.801091787439574,39.9673333333333,35.894352657004795,61.01967632850235,56.55205314009657,23.18692753623186
132.0,67.47716815922573,60.899149955921416,88.05779295149277,70.02861054729527,58.62154056436313,56.15573539553302,61.684223890791976,12.423209030962076,5.065574294904591,21.940105980589223,7.9900027947816366,0.9919345814227545,3.8164152198642713,1.619988423447505,38.791449275362275,40.79893236714972,39.97564734299513,35.89983091787436,61.03003381642506,56.55791787439609,23.17825120772945
134.0,67.50336636474972,60.91028274084069,88.13335525024863,70.05631463109506,58.633080971294056,56.17165072791944,61.69550270459604,12.380297412144797,4.974341811332987,21.7862300153154,8.016295868206269,1.0129483322984172,3.8352016921228844,1.6192575909599514,38.786917874396096,40.796193236714934,39.98326086956518,35.90167149758451,61.03679710144922,56.56357971014488,23.168821256038623
136.0,67.52925902975076,60.91504419400958,88.20581534518733,70.0835955727945,58.644672737204544,56.18764795314225,61.70598780519747,12.370841773713293,5.021608778023574,21.77701513465123,8.01310333266298,1.0401498475043294,3.842996166432043,1.6246176577109284,38.78331884057967,40.79133816425117,39.99039130434779,35.89885507246373,61.04177777777772,56.57093719806759,23.161613526570026
138.0,67.55495793396852,60.92387162962162,88.2750927828643,70.1100450770202,58.656289076714074,56.20369700676994,61.71645665513219,12.391047400000001,5.048615,21.8724994,7.9790254,1.0415972,3.809656,1.630507,38.7790676328502,40.781560386473394,39.996652173913006,35.89082125603861,61.04603864734294,56.578937198067585,23.154971014492734
140.0,67.58050824170837,60.939175001111735,88.34098631076358,70.13577698771489,58.66794980600052,56.219915838688124,61.727043302821365,12.401113068296079,5.034951819508886,21.896655508935037,8.013351472089424,1.0197725186991726,3.8190324200580923,1.6304224444464022,38.774405797101416,40.76816425120769,40.00043478260866,35.88103864734296,61.052942028985456,56.58719323671492,23.144381642512055
142.0,67.6054667886096,60.951555692289446,88.40358550601444,70.16130157688436,58.67943022492825,56.23657336335163,61.73766237068547,12.432032799403958,5.023050575288478,21.795373810805124,8.056164095932946,1.016970355587427,3.8408335508414413,1.641191086893596,38.76652657004828,40.75291304347822,40.00313043478257,35.87217874396132,61.06275362318835,56.594763285024094,23.129033816425096
144.0,67.63007804581758,60.95522809590275,88.463016047771,70.18683509619487,58.69076767290897,56.25326761371823,61.748549652672736,12.395218130996016,5.06133864536733,21.80186055590757,8.026457078285258,1.014923904152988,3.8057417332270917,1.6184663354645417,38.757400966183546,40.73925120772943,40.00613043478257,35.866768115942,61.074468599033764,56.60013526570044,23.111164251207708
146.0,67.65418286793067,60.961459705241424,88.5198213426942,70.21243368145792,58.7020987903271,56.26982437903,61.759479448031826,12.366840934018212,5.076178703369518,21.86720697872011,7.985269411340093,1.0209329982746036,3.820454896138694,1.6066326471649766,38.74895169082122,40.731748792270494,40.00842995169078,35.86357004830914,61.09185990338158,56.60422705314005,23.09123188405795
148.0,67.67816016725305,60.969692297169566,88.57422723447796,70.237723653974,58.71342667845027,56.28627930750649,61.77011552810594,12.402887002367999,5.1433709035776,21.8501296437376,7.9826275979264,1.036724750784,3.8038220470911996,1.6364398527104,38.73883091787436,40.72767149758451,40.01024637681155,35.86298067632846,61.119922705313954,56.60613043478256,23.06669565217389
150.0,67.70240588752588,60.98699727821601,88.62734966972872,70.26258320748173,58.72453056679544,56.30243080143039,61.78071278882672,12.439948148087407,5.152314814198851,21.80861666745679,7.991314815326379,1.0352111109374262,3.78720740780413,1.6466388884603715,38.73007246376808,40.72663285024151,40.01179710144923,35.872473429951654,61.15831884057965,56.60671497584535,23.032521739130413
152.0,67.72630771534122,61.008125193734315,88.6792441264881,70.28744451989,58.73539712714015,56.31809953639624,61.79141257804921,12.428132917898308,5.109154661989974,21.87688698372108,8.0188247396365,1.0227512714518112,3.81801236981825,1.6213046871367083,38.72505797101446,40.73180193236711,40.01390338164247,35.895821256038616,61.20504347826081,56.609850241545836,22.993183574879204
154.0,67.74989572975794,61.02499200380787,88.72975965576099,70.31206068927132,58.746168734334496,56.33331284184907,61.802134109452396,12.421886720321933,5.1146879275653925,21.918060362173037,8.01270985915493,1.0354090543259558,3.8052507042253523,1.632274245472837,38.721913043478224,40.742077294685956,40.018608695652134,35.93076328502412,61.255806763284966,56.61519806763279,22.95483574879225
156.0,67.77344637040359,61.038284533685136,88.77877733193665,70.33637491771727,58.75699200915255,56.34811514807653,61.81290605487238,12.433505744114859,5.088589298722098,21.942488460897035,8.047352625797235,1.034071330298952,3.846404566389147,1.6118612178839067,38.72054106280189,40.755705314009624,40.02617874396131,35.97626086956518,61.30884541062796,56.62064251207724,22.91875845410626
158.0,67.79679236312398,61.048075121889624,88.82721918257448,70.36050110955297,58.76789515517662,56.362567859210145,61.82350086714873,12.449676178533926,5.103677732969935,21.80571965861619,8.009538615697421,1.017941674858709,3.843423118814163,1.6310858575928837,38.721400966183545,40.772057971014455,40.03632367149754,36.03187922705311,61.36554106280188,56.628942028985456,22.888072463768097
160.0,67.81988783215382,61.05761255108271,88.87555583034647,70.38451981914976,58.778834193022746,56.37679522051747,61.83410290483158,12.431474608004041,5.032708770472054,21.867186716285428,8.014892649841425,1.0028529649225493,3.8232911286071123,1.6315193107696075,38.72368115942026,40.79223671497581,40.04819806763282,36.096579710144894,61.42137198067627,56.64112560386468,22.85685024154587
162.0,67.84282037112723,61.06877540602549,88.92414433109155,70.40870679979182,58.789799045818896,56.39072032760784,61.844876041169236,12.420213391988549,5.051829834876854,22.028350073094238,8.058582766650272,1.0101039388201616,3.8326011829947437,1.6409167893895251,38.72647342995165,40.81485024154586,40.05978260869561,36.16749758454103,61.47067632850236,56.653492753623134,22.82149758454104
164.0,67.86563318626723,61.08707768730713,88.97261146434266,70.43337447363814,58.800696599573065,56.40444967026029,61.855714303033906,12.426159495072097,5.113807600775854,21.979668363430292,8.059844305860235,1.0216987335064716,3.8123848060699608,1.6446354443978388,38.73239130434779,40.83841062801928,40.07088405797098,36.24171980676325,61.5119516908212,56.66116908212555,22.78792753623186
166.0,67.88864332309502,61.10462207268857,89.02100094188935,70.45820200680365,58.81146166333817,56.417952611649035,61.86678055503535,12.406866933901972,5.045847094053334,21.858105010187415,8.035531162283757,1.0308387775408452,3.8556236474771812,1.6342136271023489,38.743999999999964,40.86860386473426,40.08130917874393,36.31745893719803,61.54716908212554,56.66283574879222,22.760734299516887
168.0,67.91230052205275,61.11861084796501,89.06976842298496,70.4831651873638,58.82210864691926,56.431263634012865,61.87799315431169,12.412370319859761,5.066546316621514,21.86807410659442,8.011333760943426,1.0377392439330677,3.8247385428398406,1.6370205169721115,38.759642512077264,40.90628985507243,40.09086473429948,36.39405314009659,61.57816908212554,56.66190338164246,22.74328985507244
170.0,67.93622143563361,61.129730700558795,89.1187884095266,70.50840249276769,58.832733564750214,56.444394377655584,61.889239486218315,12.402410881264954,5.095326262020529,21.9572456389577,7.985394559367522,1.0272314006675938,3.814161110278227,1.6373964064656166,38.77583574879224,40.945106280193194,40.09813526570044,36.467743961352625,61.605521739130374,56.65928985507241,22.73169565217389
172.0,67.95994805390536,61.14683759254639,89.16793575271083,70.53373631895838,58.84318726378825,56.45742835518116,61.900288045891976,12.394605423190361,5.105363704353414,21.927287792488354,8.01303840466506,1.0122798200803214,3.847106777921285,1.6307832816963854,38.79509661835745,40.98346859903378,40.103483091787396,36.54015458937195,61.630400966183515,56.656468599033765,22.725574879227032
174.0,67.98351379317401,61.16038604066836,89.21723284256642,70.55897550478771,58.85350715098653,56.47016295566861,61.910959791672234,12.388787277402097,5.102198898905123,21.794706412178474,8.049243867658893,1.0295125190798204,3.8410322461558657,1.6118608419977436,38.81689371980673,41.0233140096618,40.10844444444441,36.61108212560383,61.64977294685985,56.65548309178738,22.73046859903379
176.0,68.00671362471365,61.169392432220896,89.26590027586829,70.58394601167053,58.86369256849482,56.48279245921001,61.92124314616057,12.387193627347687,5.079541899838824,21.85970687980526,8.093875538135707,1.0293853009830298,3.7994985534406043,1.6312271561525968,38.83947342995166,41.06592753623185,40.112729468599,36.67611594202895,61.65877777777772,56.655946859903324,22.74704347826085
178.0,68.029325066792,61.177932086844756,89.31292796868,70.608518102884,58.87375261399832,56.495371233613035,61.931438390946674,12.41189929961252,5.073017425203144,21.871410101028893,8.098442157683772,1.0212752610206157,3.813632059254381,1.6516878056071775,38.86285990338161,41.10776811594199,40.114826086956484,36.73389371980673,61.65793719806757,56.65807729468594,22.769917874396114
180.0,68.0514489310783,61.19460961451406,89.35899843520943,70.63293916775699,58.88370098162898,56.507798335941104,61.94142213286645,12.38571913559917,5.099421347717456,21.862566065603797,8.005255986642112,1.0191722055945407,3.8559948638359804,1.6441640468518641,38.88520289855069,41.14651690821253,40.11499999999997,36.780657004830886,61.65442512077289,56.66269565217386,22.797280193236695
182.0,68.07359028390782,61.20630974519816,89.40474262808601,70.65712442495939,58.893667852023306,56.52027200581779,61.95130214495386,12.439361207297495,5.111137792078673,21.903830804045747,7.981232050061482,1.0252155765195223,3.823520170677738,1.6275229653464456,38.90882608695649,41.182903381642475,40.116516908212525,36.8175217391304,61.65071980676323,56.670019323671454,22.830270531400945
184.0,68.09542671069242,61.209262181093784,89.44966232899559,70.68081434478957,58.903831011253025,56.53306961666668,61.9609374806316,12.46450353033072,5.135125161047057,21.88614962690956,8.030643062564828,1.0420476382311021,3.7919947291491733,1.6344268522766563,38.93300483091784,41.21470531400962,40.119642512077256,36.845700483091754,61.64709661835744,56.67966183574874,22.86453623188404
186.0,68.11727612621631,61.21067789674409,89.49467394069262,70.70460358865868,58.91392003456543,56.5460464439499,61.9705072260639,12.4522451485881,5.094846204018466,21.870433031333164,7.9782554040320575,1.0527964803285448,3.810973555009491,1.6162006024301077,38.95518840579707,41.23735265700479,40.122864734299476,36.86598067632847,61.64646859903376,56.691236714975794,22.898072463768095
188.0,68.13931505921815,61.21750688490243,89.540662626836,70.72835966289684,58.92390552053434,56.55920981604974,61.980013581821574,12.467284139286477,5.111016108912235,21.862184688275622,8.016897852945167,1.0412466834592458,3.8368510716824282,1.6057211965197788,38.97582608695648,41.25357971014489,40.125893719806726,36.88059903381639,61.647115942028925,56.70435748792266,22.928173913043455
190.0,68.16097943736229,61.22168806156838,89.58640219123505,70.75193886677118,58.933961446900334,56.572687866802404,61.989612817771565,12.448541973794722,5.138581328569097,21.85754267755635,8.039165074695438,1.0387609460610465,3.8342027183926652,1.631066834099508,38.99414492753619,41.26682125603861,40.129043478260826,36.89025603864731,61.647463768115884,56.71558937198062,22.954468599033795
192.0,68.18274806710559,61.22888056261217,89.63233466701321,70.7752909536945,58.944298828971895,56.586265508156494,61.99942205609351,12.399095754338191,5.087676973604122,21.840355394720824,7.953872227911112,1.0374915584953643,3.804284915077557,1.625565185020751,39.01119806763281,41.27643478260865,40.13140579710141,36.89228985507243,61.64903381642507,56.72444927536227,22.978966183574858
194.0,68.20482848068637,61.24397412490557,89.67914873938234,70.79831848258168,58.95485669440804,56.60017690062839,62.00933935366195,12.384914805553592,5.0497419744515595,21.878851446246767,7.974150100115646,1.0199313558121568,3.816111266321913,1.6142784149134413,39.02686473429948,41.283748792270494,40.13446859903378,36.886057971014466,61.656444444444396,56.73523188405792,22.996405797101428
196.0,68.22654571092924,61.25708300334134,89.72627602470541,70.82057733998037,58.96535924506066,56.61437533266211,62.0194408499328,12.402556884406831,5.105970955972229,21.955271707332894,8.048762793148532,1.0157583871281608,3.8126891344853804,1.6364334500481426,39.039246376811555,41.286584541062766,40.13849758454103,36.87776328502412,61.66958454106275,56.74678743961348,23.003859903381624
198.0,68.24802006711764,61.2728601940071,89.77518484192032,70.84203911459632,58.97549762600788,56.628375433372106,62.02950520797562,12.412361959826969,5.086506415797707,21.95485867751499,8.073462108653219,1.0332893584202294,3.8037910487330544,1.6395526603949429,39.05131884057967,41.285256038647304,40.14375845410625,36.87085024154586,61.6860096618357,56.75979227053135,23.004908212560366
200.0,68.26873923117721,61.28437145554009,89.82466130231309,70.86344102828465,58.98587877904481,56.64230500039003,62.039603136497526,12.3884501998592,5.053225249024,21.931186051020802,8.0508578009088,1.0340314002944,3.8194914504192004,1.6497955491328,39.063710144927505,41.27890338164248,40.15173913043475,36.86240096618354,61.70389371980671,56.7779710144927,23.006685990338145
202.0,68.28837400017731,61.29570372534908,89.8733129142977,70.88443308843136,58.99650232429004,56.656343471624496,62.0498193816723,12.413640680623102,5.079136814778927,21.9516453498778,8.070684225103069,1.0259121549979016,3.796355652109512,1.6525745368084528,39.07349275362316,41.26849275362315,40.16030917874392,36.8490869565217,61.71771014492748,56.79722222222217,23.01032850241544
204.0,68.30696879694334,61.30703258316804,89.92115727727261,70.9052468536938,59.00707799140228,56.67058203818019,62.05991881287223,12.440418273722088,4.997036560244177,21.938888463755823,8.12716997888514,1.0220573293236948,3.788797287093976,1.6379722886939758,39.08018357487919,41.257434782608655,40.17033816425117,36.83007246376808,61.72661352656999,56.81584057971009,23.0146376811594
206.0,68.32499891847307,61.32204977430049,89.9684852543507,70.92595038929319,59.017862062149156,56.68479009741552,62.0697898737217,12.437322271912842,4.949362925584096,21.866017637419525,8.120710613694687,1.0284553060820223,3.7783434993022182,1.6485553060820222,39.0851256038647,41.24558454106277,40.18448792270527,36.80879227053137,61.73199516908207,56.83629468599029,23.016637681159395
208.0,68.3425004590706,61.33793339464965,90.0127201657333,70.94623475643198,59.02849122152448,56.69914509520026,62.07994182124745,12.474100151816335,5.122305165874521,21.918339349713825,8.03742130057235,1.031895889499881,3.7772805028738086,1.6393695230405767,39.088487922705276,41.230449275362275,40.19876811594199,36.78450724637678,61.73022705314004,56.85495652173908,23.01636714975843
210.0,68.35955542769338,61.35138064658379,90.05313695491142,70.96626919582302,59.03906684482558,56.71374026340322,62.09024174193716,12.47758614980094,5.1393508743541325,21.928467863493204,7.990166366550151,1.0193127555344212,3.830017837497787,1.6233330341266994,39.0923140096618,41.21196618357484,40.21096618357484,36.75530434782605,61.723536231884,56.86932367149753,23.017531400966163
212.0,68.37675424449205,61.36096010055893,90.0885594969991,70.98605984968067,59.04977044801455,56.728456094903805,62.10053139409907,12.420925112311544,5.06401003548214,21.906442187142535,8.0269079378412,1.0116728407362883,3.843384673203124,1.6383658013874358,39.0975217391304,41.19367632850238,40.223647342995136,36.72409661835746,61.72008695652168,56.881019323671445,23.018521739130414
214.0,68.39404735370941,61.367552279184345,90.11809578473324,71.00543138550951,59.060467860007726,56.742993745188805,62.1110165377199,12.430212143082022,5.118007577535045,21.911110836647225,8.052351432321789,1.0194803315976801,3.856523682836454,1.647228951490638,39.10025120772943,41.17912077294682,40.236328502415425,36.6913526570048,61.72447342995163,56.89222222222217,23.019082125603845
216.0,68.41077148786816,61.37533378264529,90.14274663955973,71.02424464103161,59.071273374740564,56.75738156821393,62.12154615196254,12.485223112409622,5.074697847486736,21.95714717522094,8.068706202244117,1.0222777887258307,3.8403930462120384,1.6539309655401429,39.1020869565217,41.16763285024151,40.24852657004827,36.6605410628019,61.73478260869559,56.90454106280188,23.017227053140076
218.0,68.42640918671614,61.382229077584114,90.16304837096605,71.04259103240864,59.08222992745525,56.77177883511325,62.131823846767034,12.497933167070709,5.067366836663144,22.008277068507965,7.994903705655964,1.0148326832182522,3.820666634160913,1.6593496586895822,39.10400966183571,41.15733816425117,40.25975845410625,36.63270048309175,61.747990338164186,56.91663285024149,23.01401932367148
220.0,68.44144151339763,61.394925058924024,90.17796048435022,71.06048793423543,59.09312429991893,56.78618656188151,62.14199085783973,12.437648228097439,5.099123269413103,21.97439876599326,8.013269490047227,1.0287499226543426,3.8275483819078087,1.6532520804042459,39.10582608695648,41.153014492753584,40.27136714975842,36.61009178743958,61.76534299516903,56.93025120772941,23.016618357487904
222.0,68.45605353216983,61.405555173874575,90.18693094100641,71.07812617775126,59.1039845625646,56.800341978307436,62.15211963950587,12.464565502367137,5.0238629066572535,21.996588266840213,8.081350224750896,1.0317169743225458,3.8440168748365653,1.6394741387573812,39.10616908212557,41.157091787439576,40.2835217391304,36.59624637681156,61.78753140096612,56.94724637681155,23.025676328502392
224.0,68.47083963868805,61.415772191481736,90.19042395137868,71.09552684896516,59.114740259862685,56.814222043142074,62.162314216001676,12.486778766706378,5.085200684862537,21.946610958852638,8.060452739074412,1.026247260474707,3.8561575343145162,1.6314089039644426,39.104893719806725,41.16666666666663,40.293391304347786,36.58753623188402,61.80986473429946,56.96291304347821,23.034734299516888
226.0,68.48570864462665,61.42327174229093,90.18874226093912,71.1128846768702,59.12546480612831,56.82774901905872,62.17273592815947,12.44430413589668,5.065587902933781,21.986205357326508,8.04443920242467,1.0293718228521644,3.8542526802836723,1.6200989282106146,39.103681159420255,41.178280193236674,40.30114492753619,36.58160386473427,61.83068599033811,56.97559420289849,23.041603864734277
228.0,68.50052769948402,61.436820046809586,90.18443390770487,71.13053579597214,59.13622460709736,56.84087679181212,62.183297264669505,12.416652812361702,5.0447402189851065,21.991009209691505,8.04710179248405,1.0217241412819138,3.833095669752131,1.6251461421670186,39.103038647342956,41.19147342995165,40.30995169082122,36.5779178743961,61.85254589371974,56.98845893719801,23.04892270531399
230.0,68.5157948391376,61.44302129909827,90.17878817654928,71.14816988010196,59.14688435882031,56.85382887065742,62.19422573891812,12.465350803670123,5.0442434608216935,21.953957544377634,8.041079677357544,1.0280047283515141,3.817771830930779,1.6214395376083106,39.10352173913039,41.20451690821252,40.31998067632846,36.57777294685987,61.87618357487917,57.001676328502356,23.05205797101447
232.0,68.5314595665714,61.44586643214929,90.17130616977772,71.1657783593198,59.157410562109234,56.86680693499042,62.20524634130916,12.483425947001875,5.08479321454458,21.965176745596583,8.043835328480917,1.0353217566247657,3.8211704590856104,1.6346111784352986,39.10513043478257,41.216806763284985,40.32962318840576,36.580685990338125,61.90117874396129,57.013637681159366,23.051154589371958
234.0,68.54753076395166,61.45570700033447,90.16381252659421,71.1836325883552,59.16786335531316,56.87969697632825,62.21616727555062,12.424246806207975,5.066661977812309,21.905261576949982,7.999431636545359,1.0255887229686194,3.8469339315524387,1.663570758920017,39.1060869565217,41.22703864734295,40.33849275362316,36.582570048309144,61.92354106280188,57.02395652173907,23.04930917874394
236.0,68.56400172519658,61.4748136764385,90.15771007945364,71.20127603952993,59.178368770662324,56.89248904485315,62.227178634693246,12.469792726453687,4.982812043302403,21.9589524869826,8.019793377346147,1.0135223288367852,3.8768033113269262,1.646641545905882,39.10521739130431,41.2374637681159,40.346202898550686,36.58294202898547,61.93988405797096,57.03224637681154,23.043521739130412
238.0,68.58020086120123,61.490726490088235,90.15316821064415,71.21867747856341,59.18893985254791,56.90536896275386,62.23811661449221,12.479690709705698,5.07972747176839,21.99732217829672,8.03441908090112,1.0229158842000166,3.861778521573052,1.636573726521397,39.104347826086915,41.250333333333295,40.352367149758415,36.58187439613523,61.95037681159415,57.038120772946804,23.034966183574856
240.0,68.59653772133763,61.508982695275996,90.15211539795912,71.23604702795437,59.19936418193034,56.918189575015624,62.248872695773485,12.435820099577626,5.163982736227169,21.898758855249586,8.036430646764217,1.0248934329763386,3.8462355223412206,1.6199635822447072,39.10470048309175,41.260072463768076,40.35842512077291,36.57756521739127,61.956299516908146,57.043019323671444,23.02476811594201
242.0,68.61249020517297,61.52540234742099,90.15441118662893,71.25346859723996,59.209765156627924,56.93086632685402,62.25956282623279,12.455865580312624,5.12581272753507,21.896847591092584,8.052042483764328,1.0321461930965934,3.836360170670942,1.6608839662172346,39.10449758454102,41.26653623188402,40.36464251207725,36.5711642512077,61.96066183574873,57.047207729468546,23.011004830917855
244.0,68.62719499492233,61.5365158949412,90.16062765638318,71.27069975296665,59.220269395911906,56.943364136309675,62.2699570595942,12.46156105538644,5.071130150948673,21.990417587715704,8.062505025254595,1.0223997487083256,3.828616582934936,1.668630653532022,39.10134299516905,41.27013526570044,40.36950724637677,36.56193236714972,61.96277294685984,57.04795169082119,22.996579710144907
246.0,68.64146529715757,61.55526876118863,90.1713380756792,71.28809502290899,59.230795814383505,56.955879470145604,62.28007144199271,12.441581418505884,5.065851648546548,21.95328071858505,8.068468232000432,1.0207918081283958,3.8058713284493857,1.6378260239839506,39.09761835748789,41.27000966183571,40.37333333333329,36.548415458937164,61.96062318840574,57.04734299516902,22.9844299516908
248.0,68.65528654373117,61.5711351961748,90.1855662544641,71.3058452203071,59.241362848878644,56.968658027280526,62.29023984271859,12.434043419721215,5.1284103684600835,21.89646011931949,8.055370538851959,1.0240133099462132,3.818996310613523,1.636673878388762,39.09505314009658,41.26825120772943,40.37521256038643,36.53018840579707,61.95688405797095,57.04747342995162,22.973922705313985
250.0,68.66881969442379,61.58779028372797,90.20290342483906,71.32318130960076,59.25183232992391,56.981458789911905,62.30023646343704,12.41403278427479,5.164014498528287,21.96748475477318,8.023535128122449,1.0284338311323542,3.8504731429860084,1.6279338811588597,39.093550724637645,41.269347826086914,40.3766328502415,36.510855072463734,61.95592270531395,57.04683091787434,22.966869565217372
252.0,68.68240572647636,61.606657027583545,90.2230587920989,71.34044699222989,59.2622823176099,56.994478537753594,62.309999866364144,12.401064144664394,5.10567519025718,21.95862284588852,8.046325265094898,1.0212588499958817,3.8448090763163987,1.6196034795859693,39.09301449275359,41.27300966183571,40.38090821256035,36.49387439613523,61.96089855072458,57.045729468598985,22.965096618357467
254.0,68.696230152153,61.6245288852287,90.24578004199249,71.35738197009401,59.27284691802024,57.007451270983104,62.31942416692428,12.461950569067445,5.074365618499552,21.902028398932426,8.059171048403515,1.0274985554304397,3.869866468465444,1.6264163918567767,39.092125603864694,41.27416908212557,40.3859565217391,36.47960869565214,61.96962318840574,57.04386473429946,22.968048309178723
256.0,68.71028704423803,61.6335513285218,90.27014113810908,71.37378635390174,59.283399323080275,57.02048869724185,62.3287094274243,12.505787193902922,5.021159383848025,21.934990994843755,8.054569336921517,1.0248835416572486,3.8626758375548578,1.6421805399385012,39.09134299516904,41.27198067632846,40.389091787439575,36.46776811594199,61.982434782608635,57.04210628019318,22.975821256038625
258.0,68.72489162018624,61.640066188238514,90.29577705911954,71.39028645546271,59.294256854109996,57.033530225336754,62.337817032613025,12.487418676860688,4.974307767670955,21.901767846475884,8.012933051100909,1.0200294934186718,3.84996689801957,1.6447323479149076,39.09229951690818,41.26920289855068,40.393024154589334,36.45923671497581,62.00099033816419,57.04371980676323,22.984908212560367
260.0,68.7400813605885,61.64530709964326,90.32199623816938,71.40679194043152,59.30524147226584,57.04623772827756,62.346631813493474,12.46818153284477,5.088300350512261,21.88850592624015,8.04982613336694,1.0182442513351437,3.8159815328447713,1.6393104530817288,39.09480193236711,41.26680193236711,40.39924154589368,36.45550241545891,62.024043478260815,57.0489710144927,22.99176811594201
262.0,68.75602947904846,61.648887597112825,90.34913518374557,71.42389738259105,59.31619386821746,57.05876406220152,62.35538775930035,12.448921435759855,5.154432595686614,21.980250196405123,8.0458410524722,1.0307555063791076,3.8263836772678026,1.6395165683739041,39.098657004830876,41.26639613526566,40.40623188405794,36.45687922705311,62.05044444444438,57.0563478260869,22.997019323671477
264.0,68.772919962838,61.65398873374379,90.37687223046674,71.44135444154888,59.327267582537736,57.07151968809035,62.36416713606426,12.44301884592645,5.112387435316858,21.980480081344712,8.045848825864837,1.0264669049288233,3.8280474971490914,1.6333633298982093,39.10549758454103,41.26904830917871,40.4124830917874,36.46555555555552,62.07971014492748,57.06556038647338,22.9999951690821
266.0,68.7906830552235,61.661951551915855,90.40480819246329,71.4587006984189,59.33839961405312,57.0840820611876,62.37311419993099,12.457739719806117,5.069802302104874,21.975538369895833,8.112125162804618,1.0281010507270643,3.8152206607131403,1.6256341669875738,39.11151207729465,41.27343961352653,40.418260869565174,36.48076811594199,62.110801932367096,57.07631884057966,23.007251207729446
268.0,68.8103138011782,61.67647142748895,90.4317366957404,71.47643056803308,59.34949595956503,57.09664466163662,62.38232485362469,12.47346708333163,5.133824139814546,21.979939848151798,8.096414162965626,1.0465371574069156,3.8240255851865776,1.612599850000613,39.11706280193233,41.28191787439609,40.425004830917835,36.50242028985504,62.14272946859897,57.08711111111106,23.018739130434763
270.0,68.83175481205392,61.68172597112788,90.45807545170913,71.49460649635155,59.360592565607014,57.10922939300105,62.39171898115736,12.467169924141867,5.151049925086308,21.903406916851193,8.072724662002974,1.047829323179564,3.8229440605684513,1.5980655638005956,39.12608212560383,41.29449758454103,40.43232850241542,36.532304347826056,62.174550724637626,57.09820289855067,23.029632850241523
272.0,68.85514883927462,61.682912713142755,90.48360654205212,71.51281362631896,59.3715525931054,57.121540877185325,62.40143604769939,12.426041803137654,5.143082711175585,21.891000200032487,8.102194602102598,1.0485941070678442,3.849280931069054,1.6253038178233559,39.13645410628016,41.30524154589368,40.43984541062798,36.56383091787436,62.20294202898545,57.11042995169076,23.038724637681142
274.0,68.88007203639742,61.68929993862712,90.50772595304801,71.53097507121075,59.38237300724206,57.133677054671985,62.411529126939854,12.446476689119706,5.082728613179274,21.95549745061659,8.113730315252656,1.055402701100864,3.839193946567077,1.674773336787647,39.14788888888885,41.31064251207726,40.44899516908209,36.59223671497581,62.224579710144866,57.12402415458932,23.044758454106262
276.0,68.90630781967452,61.70086179957145,90.53010952790052,71.54923771543321,59.3931830304307,57.14574353607219,62.42183501977133,12.456124448897796,5.0903052104208415,21.967732064128256,8.103297194388777,1.044500601202405,3.83558877755511,1.6774110220440883,39.15887439613523,41.3113526570048,40.458821256038604,36.619362318840544,62.24155555555549,57.1374251207729,23.046415458937176
278.0,68.93345914838112,61.706633507107895,90.55204791199515,71.56744932554527,59.403772677956916,57.157765676576176,62.43228436299363,12.44673734939759,5.124946987951807,21.941959036144578,8.048013253012048,1.0481698795180723,3.83630843373494,1.6529602409638553,39.169676328502376,41.309753623188364,40.468367149758414,36.64399999999997,62.2541207729468,57.14967632850237,23.042884057970994
280.0,68.96080868683931,61.71336077266155,90.57340606052097,71.58532073055595,59.41433115400255,57.1699494060065,62.442719280682894,12.497833502827426,5.069310931406118,22.017659178935794,8.027511837420219,1.0405579727315049,3.827059579189381,1.6048291864925455,39.18173429951687,41.308178743961314,40.47907246376807,36.66371980676325,62.25699999999995,57.162217391304296,23.04052657004829
282.0,68.98741379033058,61.724524843930205,90.59574870505371,71.60275482205576,59.42502037071486,57.18218392886608,62.45289662294282,12.529455125519394,5.048544273143155,22.000420104541227,8.070192396480083,1.015115507708558,3.839206003308662,1.622799854698554,39.192835748792234,41.30591304347823,40.49055072463764,36.67726570048306,62.252613526569995,57.17343961352652,23.03843478260868
284.0,69.01294420677293,61.73409766427116,90.62090975782249,71.61984342616381,59.43570734601416,57.19447396182085,62.462896492802024,12.486664391465755,5.0768293770489805,21.963662908311743,8.10600163242403,1.0247483680697373,3.832297922728519,1.6532513350361173,39.202545893719766,41.304637681159384,40.502415458937165,36.68455555555553,62.24445893719801,57.18351207729463,23.036922705313987
286.0,69.03662903669822,61.74079441821013,90.6488566331666,71.63701437912115,59.44638278494254,57.207232160808296,62.47278928682635,12.450160424466365,5.105392579256297,21.999604593617107,8.133806361167291,1.0401137808513286,3.807377385636422,1.6253254414901708,39.21158937198064,41.30298550724634,40.51428019323668,36.68488888888886,62.23358937198062,57.1925555555555,23.038748792270514
288.0,69.05759564807985,61.74605995276026,90.68070102341058,71.65452665035542,59.45720255610994,57.220645763764644,62.48253219441555,12.438386520162588,5.128795855714162,22.015442885187646,8.084087269949881,1.0414768846960956,3.809699550127623,1.6451414374137534,39.22064251207726,41.29771497584537,40.525758454106246,36.67816908212557,62.221710144927485,57.20186473429946,23.04067149758452
290.0,69.07506951203857,61.75310635968565,90.71687175233211,71.6722041717687,59.468247308064896,57.23490348125868,62.49231460557457,12.43099895095009,5.075834485977315,22.006411995282743,8.01986971636325,1.0332871067598075,3.811882609603442,1.6605421290552205,39.22790338164248,41.29398067632847,40.5364637681159,36.66429951690818,62.21122705314004,57.212130434782566,23.042497584541042
292.0,69.08885032819865,61.76298703158408,90.75844499894652,71.68958340972212,59.47946796615241,57.25014093293302,62.50171122448606,12.459972545090181,5.025034869739479,22.005953507014027,8.01339378757515,1.0268987975951904,3.79764749498998,1.6421002004008016,39.2345217391304,41.29271497584537,40.546009661835704,36.643183574879195,62.201642512077235,57.22104347826082,23.044033816425102
294.0,69.09930133781701,61.77315300297162,90.80543380904268,71.70667532396439,59.49069163583203,57.2664257451507,62.511007014795034,12.453937226115164,5.140636536007485,22.027952183432596,8.0447255030607,1.0276975479369088,3.828708778439352,1.628342422563455,39.246473429951656,41.29372463768112,40.55400966183571,36.61959903381639,62.19377777777772,57.22994685990333,23.046309178743943
296.0,69.1063556430097,61.77309487342516,90.85738030773032,71.72365619169841,59.50193785647423,57.28372184177931,62.520388391023396,12.434371206723233,5.166598336568889,21.975295152200406,8.02979075748202,1.0253974240064647,3.841111818511515,1.6494234838626263,39.261956521739094,41.29751690821253,40.561903381642466,36.59602415458934,62.190980676328444,57.2390096618357,23.050400966183556
298.0,69.11094885820887,61.77747450671125,90.91474022924035,71.74042622409289,59.51332188751383,57.30185739186957,62.52958007458501,12.539556322116878,5.118972442817852,21.966073249224326,8.047278739850599,1.0274758691168038,3.84596886601411,1.6557338040466314,39.27743961352653,41.302251207729434,40.56873429951687,36.57268599033814,62.193077294685935,57.24540096618352,23.054420289855052
300.0,69.11269924806197,61.78528497256757,90.9762365615599,71.75731078339761,59.52476264554551,57.32086969973487,62.53867706982081,12.527919851188775,5.145922913934946,21.95895832061972,8.10624449500111,1.0165690861722576,3.8586549135061308,1.6178241968426412,39.29243961352653,41.30670531400962,40.57476811594199,36.5499565217391,62.197512077294625,57.24928985507241,23.060130434782586
302.0,69.1116412936893,61.790562862338525,91.04171268537641,71.7737166462071,59.536226898294785,57.34016117933519,62.547602792732015,12.481202823203539,5.119042660700993,22.049213116288026,8.10924175270788,1.019478921453832,3.849589611435131,1.6122526486252295,39.30525120772943,41.31022705314005,40.57966666666663,36.525256038647306,62.20042512077289,57.252623188405735,23.071149758454087
304.0,69.10820231827265,61.79538190831087,91.11191477606305,71.78980316815085,59.54765826845526,57.35935121467521,62.556360478472826,12.45175911617128,5.099533499456884,22.1422436984657,8.037002913231047,1.0394484680888487,3.8410202913231046,1.6529065794183722,39.31777294685986,41.31394202898547,40.58369565217387,36.50083091787436,62.204415458937135,57.2579516908212,23.083333333333314
306.0,69.10294400381734,61.79947228545605,91.18379301786199,71.80584082402208,59.559135578028105,57.37881901204963,62.56489674119677,12.43736891900982,5.113582282748815,22.168689037856353,8.059420119807495,1.0344210210864317,3.832511411501832,1.6368642645374505,39.3331256038647,41.317753623188366,40.58772463768112,36.478275362318804,62.21493719806757,57.266048309178686,23.092618357487904
308.0,69.09612500692393,61.80634854933382,91.2565607668959,71.8214475284873,59.57067874812635,57.39845788536615,62.573277282738424,12.446577887704457,4.995970186818073,22.218951430295665,8.07516796617616,1.0245838104397198,3.833167078124094,1.6050820829326227,39.349048309178706,41.32156521739127,40.59079710144924,36.45853140096615,62.233758454106216,57.27530434782604,23.098594202898532
310.0,69.08847958015708,61.81379976283897,91.33150412369025,71.83706117261089,59.58232735496773,57.41798855632508,62.58165232927996,12.446911506558102,5.028349614553257,22.077001419885296,8.039655043336403,1.0229708058265239,3.8378773446480237,1.5936720228710641,39.362106280193196,41.325884057970974,40.5943526570048,36.442492753623156,62.25904347826081,57.28533333333328,23.09902415458935
312.0,69.08070948298585,61.82166081082835,91.40635468136345,71.85236077040332,59.593973898280474,57.43741329185861,62.59021800135354,12.438166082101336,5.15089995129725,22.026299450630933,8.055540069274956,1.0226820410819155,3.8242753376087935,1.585860279827585,39.37246859903378,41.330599033816384,40.59678260869561,36.43100483091784,62.289608695652106,57.29574879227048,23.097101449275343
314.0,69.07303242430012,61.82891856862621,91.4806300357394,71.8670334828672,59.605350675697814,57.45656901977362,62.59886416799715,12.487850783420226,5.075374388101039,21.984523996127653,8.052034917186125,1.0267836434042636,3.8364495101649054,1.6029684132712816,39.38147826086953,41.33677294685986,40.60008212560383,36.42608695652171,62.32004830917868,57.30494202898546,23.095449275362295
316.0,69.06690654202266,61.83792557750302,91.55381947785698,71.88153169064488,59.616498290634496,57.475488753224994,62.60749681078207,12.48009557446865,5.025736825740838,22.06116002147483,8.041829959849931,1.0267359612135285,3.8456511189647284,1.6152652086386843,39.39230434782605,41.34603864734296,40.606246376811555,36.426710144927505,62.34606763285018,57.313082125603806,23.087642512077274
318.0,69.06271797162374,61.83624480801151,91.6240860830985,71.89552759019485,59.62747291612658,57.4938371888116,62.61636344834276,12.449409036106024,5.033541262110844,22.140482783935745,8.095324498171887,1.0270167158361447,3.840957429616064,1.6163736452240964,39.40394202898547,41.35455072463764,40.61366666666663,36.430574879227024,62.371053140096556,57.32211594202893,23.0744299516908
320.0,69.06030931105576,61.83589261171988,91.68997289649049,71.90880726517801,59.638224909070814,57.51119028441835,62.625412668549025,12.444742590840752,5.096738125486987,22.107762708321896,8.076739303426217,1.0377987243335804,3.841586211987358,1.6130872422932125,39.413004830917835,41.35898550724634,40.621956521739094,36.43585507246374,62.39703864734294,57.33276811594198,23.058241545893697
322.0,69.0597734551698,61.84497878391867,91.75210360381665,71.92165666479148,59.64872127892401,57.52757691706245,62.63438466547024,12.437796446707235,5.15031928987164,22.079387055120435,8.049814974543596,1.021721827338277,3.8504908630877,1.6309710660761947,39.42032850241542,41.36319323671494,40.630729468599,36.445420289855036,62.42053140096612,57.34333333333327,23.03958454106278
324.0,69.06144675713843,61.85441072190507,91.81084198663903,71.9344809841639,59.65916621165415,57.543283230835144,62.64354236908465,12.441890170472387,5.163310983440625,22.027114142165,8.063978485201426,1.0255842024752146,3.8414297896460448,1.6344485958514645,39.42552657004827,41.36862801932364,40.63959903381639,36.45964734299513,62.444038647342936,57.352676328502355,23.02253623188404
326.0,69.06485531777692,61.85884633316152,91.86659456083713,71.94695706491333,59.669632728705686,57.55820992642791,62.65282198419322,12.48883767783473,5.121706588052695,22.044750897207187,8.109329891372456,1.0530902204550898,3.8298900714538924,1.6161138714443113,39.430038647342954,41.373826086956484,40.64878260869561,36.47524637681156,62.468275362318785,57.36326570048303,23.009999999999977
328.0,69.06987859346285,61.86638015141717,91.91946817253734,71.95920444458613,59.68000283068408,57.57246299274045,62.66192580265909,12.519577577271507,5.115863413092233,22.037440490612823,8.080331330759154,1.0513951949904978,3.8558444944628154,1.6119709210413022,39.43413043478257,41.37802415458933,40.660323671497544,36.49432367149755,62.49221256038641,57.375173913043426,23.00013526570046
330.0,69.07593874205062,61.871901025289006,91.97155345468553,71.97161980667572,59.69010701629024,57.585928327719145,62.6708922229873,12.4480853502486,5.057324637117098,22.091304162870983,8.040006019892216,1.032524886874457,3.8459657303206254,1.6285003511297655,39.436289855072424,41.38295169082122,40.672661835748755,36.5159371980676,62.519743961352596,57.386695652173856,22.99114975845409
332.0,69.08288059661524,61.87978510689156,92.02175098543808,71.98453225971643,59.70004927641471,57.59889362593925,62.679884126432526,12.451547035573123,5.076290909090909,22.13518023715415,8.076842292490118,1.025405138339921,3.8414217391304346,1.645810276679842,39.43622705314006,41.38738647342992,40.68423671497581,36.53792270531398,62.55065217391299,57.39917391304343,22.98547342995167
334.0,69.09053363365986,61.88944851326904,92.06933760573482,71.9985013551714,59.71000535627307,57.61191784208252,62.68916506057425,12.504610398252533,5.138152044362307,22.11025229642087,8.076396012098812,1.0218176178792164,3.83406829843734,1.647602422450154,39.43425603864731,41.391376811594164,40.69648792270527,36.56173429951687,62.581830917874335,57.41277777777773,22.981265700483068
336.0,69.09872540523001,61.89715734831812,92.11598920496967,72.0132975918298,59.720150224762776,57.62497000795158,62.69877995467751,12.462601092131013,5.106613604428927,22.033199006252296,8.027994984548481,1.033997020739812,3.840520109510539,1.6236380337675926,39.4318985507246,41.39624154589369,40.70902898550721,36.58582608695649,62.607826086956464,57.426502415458884,22.9790338164251
338.0,69.10835936054254,61.903278182276395,92.16074382763645,72.02879009863223,59.73059701912949,57.638143667398076,62.708603622480716,12.448991909396064,5.087020703274498,22.005373667683934,7.996658542302459,1.0312412561522013,3.8763751255847314,1.63835844203793,39.431898550724604,41.399729468599,40.72147342995165,36.60808212560383,62.62739130434777,57.43934299516903,22.981632850241525
340.0,69.11960521556075,61.905491083757916,92.20342613102014,72.04515493874622,59.74122544286065,57.65153828089349,62.718570626855566,12.502983762076843,5.085223784946688,22.119027190603965,8.038855471785883,1.039212043258756,3.8416802056341495,1.6437775097148228,39.434618357487885,41.400811594202864,40.73221256038644,36.62943478260866,62.64100966183569,57.450864734299465,22.988869565217374
342.0,69.13256754189916,61.90390460415587,92.24546167207797,72.06250089217095,59.75204119554575,57.66519139979272,62.72886823527716,12.509231762516167,5.084575451809161,22.125576752432643,8.035978857788683,1.032600701460431,3.816903106885373,1.628468937969515,39.438024154589336,41.39902898550721,40.741415458937155,36.64903864734296,62.65273429951685,57.46180676328497,23.000550724637662
344.0,69.14812951146001,61.905797102094716,92.28483382241308,72.08058578564803,59.76318151437393,57.67929286547456,62.73952591448223,12.460150549637673,5.122189090465767,22.074196995958967,8.072121819068466,1.0391906904146189,3.832138040154589,1.6183018031600753,39.4412560386473,41.39387439613523,40.7504251207729,36.66427053140093,62.66118840579704,57.471685990338116,23.014657004830898
346.0,69.16617679254229,61.917776589899795,92.32133572870461,72.09878570282443,59.774601306881394,57.69377603273134,62.75025730083405,12.457326273581039,5.13725042174133,22.071260563471093,8.081542750050637,1.0423617515720693,3.8296219208082154,1.6062059874234453,39.445198067632816,41.38661835748789,40.758758454106236,36.67372946859901,62.66442512077289,57.48001932367144,23.032787439613507
348.0,69.18636268972907,61.93166224034122,92.35638394639626,72.11733177975547,59.78621306502033,57.70827763908414,62.760904485962634,12.454811471373858,5.144443302780206,22.07519146168234,8.0425544722707,1.039372309183311,3.8621780187851473,1.6138290548607077,39.45068599033813,41.380357487922666,40.76775845410625,36.67784057971011,62.667198067632796,57.48814975845405,23.060859903381623
350.0,69.20956119367456,61.94369775676609,92.3902664942239,72.13617966579437,59.797861411455926,57.72249986215176,62.771606367993044,12.46622634730539,5.082294011976048,22.09951137724551,8.072197005988023,1.0302574850299402,3.859163473053892,1.605356886227545,39.45855555555552,41.377077294685954,40.77821256038644,36.67707729468595,62.670753623188354,57.501135265700434,23.09960386473428
352.0,69.23543605706077,61.95475389780654,92.42250375033406,72.15555731151422,59.809652710763366,57.7367963965376,62.782399165450094,12.46167481722288,5.131287483314621,22.081349242221197,8.098975599018113,1.0257004402574221,3.8573645472035847,1.610049388973673,39.469690821256,41.37225603864731,40.78857487922701,36.67261352657002,62.67897584541057,57.520637681159364,23.134304347826067
354.0,69.26359288586056,61.96523009994498,92.45232569657317,72.17463005017645,59.82171163198019,57.751406639983095,62.7932513405809,12.470422736842849,5.15664342830188,22.122956723296692,8.118208229059443,1.0304791003921627,3.8429344412495676,1.6102753693719078,39.48140579710142,41.362676328502374,40.79677777777774,36.66392753623185,62.68814975845405,57.5407826086956,23.15577294685988
356.0,69.29348011036753,61.97708647592552,92.4808834124518,72.19315189392202,59.83401450510319,57.76605042246457,62.804216790422025,12.463508084284795,5.082200598712897,22.143320059207017,8.086407184222635,1.0277176646875636,3.8547574850736943,1.600985928254093,39.4922367149758,41.34999516908209,40.80323188405793,36.65059420289852,62.69291304347821,57.5553671497584,23.168062801932347
358.0,69.32407106631099,61.97896731757718,92.50870453182762,72.21132671414156,59.846267301089135,57.780671319356145,62.815297319341106,12.509757584345879,5.0651094813265605,22.102477345351197,8.032892713886493,1.0403804388382196,3.847552295645802,1.5990808385252966,39.503734299516864,41.3353140096618,40.809618357487885,36.633458937198036,62.69580676328496,57.560763285024095,23.16973429951689
360.0,69.35498999893125,61.981740987544605,92.53575254959557,72.22902390202908,59.858485217032246,57.795377189019426,62.82635626620132,12.524559708262787,5.068293980031489,22.106743452457028,8.07365007536778,1.050319066384917,3.8285918210641094,1.6203126962757461,39.51627536231881,41.32105314009658,40.81406280193233,36.61341545893717,62.6908937198067,57.554599033816366,23.15990338164249
362.0,69.3863265095436,61.989311173482974,92.56301354914928,72.24617472181976,59.87069076442344,57.81016850821535,62.8370404723466,12.508646103876673,5.04296233828011,22.169250648720922,8.06282013002806,1.036355194869463,3.836405843974,1.6636272727481973,39.528492753623155,41.306159420289816,40.816565217391265,36.591405797101416,62.6745555555555,57.53566183574873,23.140019323671478
364.0,69.41746722162289,61.992823742234634,92.5902188008474,72.26312613796175,59.8827742080842,57.82480740932093,62.84756338288725,12.519545072915815,5.038520713306391,22.17191645513904,8.090424314172308,1.0323580291663261,3.851089994716078,1.6559286140757223,39.5390676328502,41.28788405797097,40.817777777777735,36.56659420289852,62.65450724637675,57.50807246376806,23.113879227053122
366.0,69.44751084148234,61.996822276492416,92.61733802347192,72.27938089511251,59.894816913671704,57.83909848168632,62.85773076574558,12.505508873011044,5.125877143011861,22.126928419399587,8.131231780159782,1.0267350880518067,3.842257694236946,1.6454424562448535,39.54790338164247,41.26652657004826,40.81657487922701,36.541193236714946,62.640241545893666,57.47585507246371,23.085280193236695
368.0,69.47585140566312,62.006063807525514,92.64562764575653,72.29494792535834,59.90683364763217,57.853042066085706,62.86718539951786,12.501805415112525,5.105037476224254,22.18458315204453,8.111549203976143,1.0213347408922466,3.852158448553479,1.6515070071602385,39.554903381642475,41.242338164251166,40.813053140096585,36.518067632850205,62.63169565217385,57.442381642512025,23.05567149758452
370.0,69.50253637388575,62.01765855532442,92.67535042310874,72.309688154779,59.91851466449128,57.86701814453808,62.87587769205424,12.519754227290141,5.074258602469215,22.102040950663984,8.084781542387123,1.030268611901811,3.834601964156137,1.6498168020346076,39.55997101449272,41.21485507246373,40.8060869565217,36.49713043478258,62.62591787439607,57.41042028985501,23.026599033816407
372.0,69.52767206255214,62.03035605508726,92.70541788444402,72.32354167665635,59.93007665345572,57.88098281416625,62.883804451245126,12.4900364496128,5.082869148185599,22.0270725988864,8.0247889002496,1.0291988497664,3.8296927471360003,1.6248983002111999,39.563009661835714,41.183420289855036,40.79632850241542,36.474690821256004,62.6187826086956,57.379135265700434,22.99787922705312
374.0,69.55066110583735,62.037788820101184,92.73606976135132,72.3368941272705,59.94148687193337,57.894484974144746,62.89081543808426,12.507522338373928,5.144139429041941,22.110658318081224,8.081058018352682,1.039976461483705,3.8618949033865437,1.645496550665357,39.56270048309175,41.150753623188365,40.78560386473426,36.45305797101446,62.608497584541,57.34769082125599,22.969391304347806
376.0,69.57230691432432,62.04326101141566,92.76718768516265,72.35013790936816,59.95244365687775,57.90770968825761,62.89682818266408,12.507150024568054,5.17055813680707,22.135709812761057,8.173224186591062,1.0400675510439275,3.8251265394708556,1.6587694535457411,39.560724637681126,41.122381642512046,40.77573913043475,36.43631884057967,62.59917391304342,57.317028985507186,22.941077294685968
378.0,69.59286192750683,62.0498606227487,92.79752050683308,72.36313785833062,59.96312632796546,57.92048902866557,62.90187605406399,12.522995315544588,5.111001441809921,22.07856344415644,8.139669271801912,1.023091620411104,3.8465802033342307,1.6367810479044325,39.556937198067594,41.0994637681159,40.76556038647339,36.420685990338136,62.59115942028979,57.289265700483035,22.911135265700462
380.0,69.61232272406058,62.0605752186477,92.82586748948899,72.37541065622283,59.97381731993671,57.93276170204715,62.90638600830831,12.564328828211968,5.119238744508428,22.15635045418856,8.09289819964616,1.0237522529023582,3.8541972937291025,1.638657657243954,39.54997101449271,41.08123671497581,40.75511594202895,36.407149758454075,62.5877053140096,57.26469082125598,22.879623188405777
382.0,69.63157979037008,62.064075590222465,92.85247254994708,72.3872664315803,59.98444801215065,57.94501010015986,62.91046320681493,12.5526617425486,5.1814862785277525,22.190665547552225,8.109937255705551,1.0330931897588203,3.8117486734341086,1.6324547821814253,39.540236714975805,41.06861835748789,40.74628019323668,36.395985507246344,62.587106280193176,57.2435942028985,22.848425120772923
384.0,69.65102817805538,62.06269175751544,92.87743089511928,72.39878378514571,59.99508711575191,57.95694855531173,62.91414447932256,12.506206865168119,5.1014616910543795,22.14544084562526,8.106422139349833,1.034879005008302,3.835119303545039,1.6311911442600664,39.528700483091754,41.06115942028982,40.736705314009626,36.38549758454103,62.5856859903381,57.22748792270526,22.82247342995167
386.0,69.67124549977174,62.062171878153244,92.90034794434509,72.41028987315737,60.00559026589361,57.96844652672076,62.91742177133953,12.494372106062201,5.067046468680508,22.162648571341766,8.144411365618392,1.0419163744245608,3.8521439154489787,1.6515726579941163,39.5187101449275,41.06066183574876,40.72704347826083,36.37801932367147,62.58865700483086,57.21915458937193,22.80436714975843
388.0,69.69252769762818,62.05953399951784,92.92123238201391,72.42172740117707,60.015898978289606,57.979823052086125,62.92033682382399,12.507393865969455,5.082374471292429,22.19053286306945,8.14851165568075,1.042849447020668,3.8533549740996165,1.6550745710938417,39.50873913043475,41.07060869565214,40.71912077294682,36.3762946859903,62.600516908212505,57.2160289855072,22.79137198067631
390.0,69.71490935872832,62.06169589362981,92.93985142149525,72.43294704412372,60.02638339030553,57.991107177520256,62.922871601763624,12.443027729215954,5.11396224659746,22.08457806584838,8.08277748186887,1.0425406100049173,3.854844151010791,1.6216886925788827,39.49960869565214,41.088942028985464,40.71476328502412,36.379874396135236,62.62271497584535,57.216198067632796,22.78385024154587
392.0,69.73879980328364,62.070294092759845,92.95565243178243,72.44419201073319,60.037149575131764,58.002058336901534,62.925235626668886,12.480279149797571,5.1703748987854246,22.03209170040486,8.0807983805668,1.0366975708502024,3.848832995951417,1.6023427125506073,39.4969178743961,41.11895169082122,40.71462318840576,36.38933816425117,62.65366666666661,57.221971014492695,22.78221256038645
394.0,69.76398118392355,62.07591419189651,92.969850622571,72.45564331622275,60.047878249410346,58.01277362592122,62.92758955108085,12.515274899598394,5.124613453815261,22.12922751004016,8.131239759036143,1.0189289156626506,3.817971887550201,1.6036106425702812,39.50021739130431,41.162671497584505,40.717574879227016,36.40507246376808,62.69419806763278,57.23505314009657,22.78325120772945
396.0,69.79032520623956,62.0781719385976,92.98322701881123,72.46756423015455,60.058359820477655,58.02327724534249,62.92993988555145,12.504173584548072,5.090762164405143,22.164033466549096,8.16627775512391,1.0228687193275054,3.8475757704246765,1.6565535255485855,39.50723188405794,41.2160869565217,40.723714975845375,36.42849275362315,62.743961352656946,57.2565942028985,22.78304347826085
398.0,69.81750938946088,62.07963603648042,92.99369992583502,72.47985075988528,60.06881697854945,58.033680081563205,62.93235308397404,12.488535016547152,5.063064379989535,22.17200970371875,8.105239363834258,1.0266594292391178,3.8441652801259742,1.6462665314395908,39.51985990338161,41.27573913043475,40.73436231884054,36.46026570048305,62.79721256038641,57.28601449275357,22.783487922705294
400.0,69.84439760722533,62.080447977996585,93.00323514760022,72.49256017810535,60.079552982586364,58.043998917478454,62.93499669413689,12.449716029818466,5.0819845231414975,22.117808893979728,8.04598407044605,1.0267230653926873,3.842198593286523,1.6132420099060416,39.5375217391304,41.33314975845407,40.74540579710141,36.49730917874393,62.85060386473424,57.31308212560381,22.778951690821234
402.0,69.87090787455071,62.08168912899181,93.01148679723896,72.5055952964256,60.09036195572486,58.054491954822645,62.937990717758225,12.44458850707668,5.100361194524096,22.066495373073536,8.053040746312645,1.027330597096476,3.8499129854161507,1.6113146266946627,39.55898550724634,41.38798067632847,40.755130434782565,36.53822222222219,62.89703864734294,57.329212560386416,22.766512077294664
404.0,69.89659375136839,62.087077461773134,93.0182676984287,72.51919201845024,60.10115254103759,58.06522615893625,62.94140848559958,12.504380408956782,5.073173729194897,22.079455433771937,8.038238534276305,1.024031854514418,3.8299084748245837,1.6210529908991111,39.58417874396131,41.44436714975841,40.76542512077291,36.58266666666663,62.94075362318836,57.3358019323671,22.755690821256017
406.0,69.92066621648179,62.09146073944842,93.02523213703095,72.53318690185212,60.11172820272592,58.07593127690479,62.94526349644572,12.497411971801213,5.133874544058182,22.1406511575402,8.038304695932123,1.0376643430529293,3.8429593950642427,1.6160976255482828,39.612362318840546,41.5031062801932,40.77333816425117,36.633207729468566,62.98714492753617,57.3333864734299,22.74869082125602
408.0,69.94406702439753,62.098146124096495,93.03175919752441,72.54778586984897,60.12229397490579,58.08694621204147,62.94929154826357,12.4821338983168,5.1296421021952,22.1902851517568,8.0665815492736,1.0387849004288,3.853934497664,1.6302647998976,39.64149275362315,41.56594202898547,40.777695652173875,36.6887101449275,63.02530434782604,57.32234299516903,22.745381642512058
410.0,69.96672620650007,62.107363837002346,93.0377018786993,72.5629828491307,60.13274579654733,58.09818559295186,62.95374428737484,12.501111022926237,5.144330421610946,22.130636110939808,8.098234113909916,1.0258245887560966,3.8638071834240697,1.6362267329891824,39.671826086956486,41.63200966183571,40.7796714975845,36.74921256038644,63.05819806763279,57.30354106280188,22.746381642512056
412.0,69.98766946745475,62.11984498945879,93.04447993371939,72.57844020314296,60.14302610645233,58.10964882089701,62.95858150372595,12.494874912652977,5.184050925324016,22.18996925700132,8.151256185169151,1.041418077843744,3.8206424636969043,1.6331798695284485,39.704125603864696,41.70218840579706,40.78039130434779,36.81292753623185,63.08998550724631,57.283835748792214,22.749439613526548
414.0,70.00737972741652,62.133228105643255,93.05205505072955,72.59371724698292,60.15341747037718,58.12127680248076,62.963171289240734,12.514520895610211,5.117534477364571,22.235741541295663,8.159405522047011,1.0576356217227068,3.8358994529114776,1.620483880585305,39.73788405797098,41.77500966183571,40.779758454106236,36.87562318840577,63.11942995169076,57.267082125603814,22.752400966183554
416.0,70.0265029279417,62.14321344005808,93.05987247382632,72.60879189729613,60.16386242832262,58.133194550231096,62.96756274997161,12.51285645451087,5.076051632308673,22.159528298200982,8.111480614078305,1.039479542058008,3.858853044224157,1.6171746712993564,39.772545893719766,41.8430869565217,40.77767632850237,36.937845410627986,63.145309178743915,57.25357971014488,22.754333333333314
418.0,70.0451585225979,62.15890442236461,93.06843073982144,72.62316554319028,60.17432472345353,58.14552338200146,62.97199569196698,12.479154490243666,5.055757069318005,22.168868940346325,8.116154281731813,1.0438517026574727,3.8399400427432786,1.6120416926222205,39.80750724637677,41.90516425120769,40.7740483091787,36.99826570048306,63.16514492753617,57.244294685990276,22.756082125603843
420.0,70.06343901342171,62.1715877321464,93.0778391910996,72.63691780467285,60.18478870224664,58.15799248306485,62.97646412870073,12.48322311379872,5.08334533028093,22.148621065517347,8.111840740378144,1.0333749882480268,3.809552071785321,1.6346983510428774,39.84333816425117,41.96428985507242,40.77060386473426,37.05428502415455,63.17880676328497,57.23658937198062,22.758444444444425
422.0,70.08216434400208,62.17472540361729,93.08928585179984,72.65058052319391,60.194972833719156,58.170647557830605,62.98080355681378,12.50967222135873,5.110286804368254,22.23512500114286,8.083822917333332,1.0152159722158731,3.8299298624507934,1.658336110222222,39.87756038647339,42.01999033816421,40.766676328502385,37.10685990338161,63.188545893719755,57.23082608695646,22.76216908212558
424.0,70.10182901938916,62.18219654057129,93.10150292481813,72.66402310568479,60.20509064327424,58.18362107332587,62.98483676429889,12.514581186401402,5.080302507875243,22.289398448200654,8.073901151627533,1.0279006536799005,3.842391569186282,1.6277565965280592,39.91129951690817,42.073111111111075,40.76159903381638,37.15567632850238,63.196647342995114,57.229144927536176,22.765526570048287
426.0,70.12147097332402,62.19513920530133,93.1152745982987,72.67694871758229,60.215072200227404,58.19656194571504,62.98888739497474,12.508089770163336,5.057694685388842,22.277418990413025,8.050980953343968,1.0308882187520572,3.8280362910207906,1.6331130356479024,39.94263285024151,42.12338647342992,40.757101449275325,37.198545893719775,63.204888888888824,57.23124154589367,22.767927536231863
428.0,70.14072782021033,62.20159582578475,93.129578970701,72.68918914484976,60.225004009567606,58.20949510270458,62.99338265019086,12.473692353532767,5.124777809446208,22.127519191784668,8.063811544191596,1.0138388305138153,3.833380059930349,1.6579626688707483,39.970811594202864,42.168821256038605,40.7530869565217,37.236231884057936,63.21519323671492,57.23920772946854,22.77178260869563
430.0,70.15988997307485,62.20596884464939,93.14364487259705,72.70128975208135,60.23495889565327,58.22241289945489,62.99806487632651,12.516368149496826,5.160852087348689,22.045380318983447,8.05318723241942,1.0284818716356734,3.848748971942681,1.6524169744414052,39.99686473429948,42.20685024154586,40.74823671497581,37.26883091787436,63.222961352656945,57.253927536231835,22.775314009661816
432.0,70.17862832222019,62.21276994996835,93.1567040885487,72.71339963920916,60.24483977048188,58.23471110055481,63.0028649981292,12.513018452252819,5.113244051450015,22.109393082971877,8.029905619664465,1.0320255604853128,3.849502537837015,1.6617469420730957,40.019376811594164,42.23911594202895,40.743009661835714,37.298821256038615,63.22786473429946,57.27328502415454,22.780444444444427
434.0,70.19746161124161,62.22353272657764,93.16927149039601,72.72546654951526,60.25459999396052,58.246680580225586,63.00790056688476,12.462567641548386,5.162681657909677,22.10848136087742,8.039792840103226,1.024579333729032,3.833241732851613,1.6555994964129033,40.040536231884026,42.26659420289852,40.74086473429948,37.32623671497581,63.23440096618352,57.293942028985455,22.784318840579687
436.0,70.2160654879409,62.22667497877675,93.1801326116455,72.73761095407481,60.264421121493555,58.25827211396627,63.01309217193473,12.49579349473074,5.1385864922656355,22.08654426839765,8.07310980437833,1.0459839412682923,3.8455890943733397,1.6541087542403605,40.061309178743926,42.290164251207685,40.741038647342954,37.35166666666663,63.244671497584484,57.31246376811589,22.781033816425104
438.0,70.23352874608054,62.23126837937156,93.1896813496138,72.75006373566154,60.27438885914036,58.268974641481975,63.01871182731837,12.525143831266996,5.104175024428484,22.152270160184866,8.079740972848724,1.052687813322347,3.8467845034762203,1.6415384150699512,40.08266183574875,42.31300483091783,40.74276811594199,37.37987439613523,63.26266666666661,57.333144927536175,22.772415458937175
440.0,70.25011887898461,62.23764824904802,93.19887486734171,72.76328245029663,60.28436748549873,58.27909721680521,63.024910115580276,12.491627241090654,5.04469816780567,22.108714264336573,8.094248588880697,1.0348618127084042,3.8432367013502957,1.6267216940430735,40.10433816425117,42.336975845410585,40.74768599033813,37.414415458937164,63.29071014492747,57.35656521739125,22.75892270531399
442.0,70.26585505697007,62.241921122521745,93.207172814401,72.77679862695175,60.294210541273486,58.289000427808276,63.031542214046084,12.465391610357532,5.115640344882984,22.15124758497941,8.122111182815818,1.0319990017150593,3.8421754865373785,1.6321438338190686,40.12481159420286,42.3632367149758,40.75559903381639,37.45528985507243,63.32039613526564,57.38203381642507,22.739647342995152
444.0,70.28008019084214,62.24602227120899,93.21372507769911,72.7906293317065,60.30424747233622,58.29859494200053,63.038202437998685,12.467843874164192,5.133107713603785,22.166359503228335,8.111252243801843,1.0339947049700147,3.822404184818826,1.6155361063911695,40.14668115942025,42.39287922705311,40.7663140096618,37.502594202898514,63.34758937198062,57.409381642512024,22.7220144927536
446.0,70.29349694031134,62.24813830604326,93.21913786267291,72.80486671501453,60.31458361743523,58.308094320156066,63.04492776004438,12.51078560733667,5.134986808617669,22.11518515833236,8.101607796063817,1.0301065965995113,3.811843928449981,1.625345278187955,40.17489371980672,42.42823188405793,40.77963768115938,37.55714009661832,63.37477294685984,57.43591304347821,22.7140531400966
448.0,70.30598938319316,62.253955978996224,93.22331127700558,72.81972826312384,60.32493455184762,58.317439072804724,63.05198853598412,12.52122525869108,5.175659722327611,22.130554701110242,8.073099851114135,1.027559822824309,3.847107730960268,1.6268052668815671,40.20896618357484,42.46876811594199,40.79355072463764,37.61562801932364,63.398985507246316,57.461231884057916,22.712410628019303
450.0,70.31820107109158,62.267306853198995,93.22482055431234,72.83518621559517,60.335114971166114,58.32677671378016,63.05912051134803,12.514049159888362,5.098820020868629,22.1288435038535,8.052049617401948,1.0223973512412479,3.8630694857660486,1.6065244515203438,40.24603381642508,42.51241062801928,40.80720772946856,37.674855072463735,63.41847342995163,57.48789371980671,22.714400966183554
452.0,70.33078644741401,62.275762133665545,93.22603170677601,72.85104202191091,60.34493829135522,58.3361373757667,63.06644517928177,12.494317887498783,5.085144493487371,22.162289089119632,8.092249923391332,1.0294780250219264,3.843299303251442,1.642031390216438,40.28323188405793,42.55978743961348,40.818492753623154,37.73531884057967,63.436309178743905,57.514835748792215,22.723990338164228
454.0,70.34381585451713,62.279593312711235,93.22639983383553,72.8671892148123,60.35445617539038,58.3456633416554,63.07422074961843,12.495253626690493,5.080840420982372,22.142861130987363,8.11367393708444,1.0433775893301136,3.823107504296869,1.6432111054321823,40.32312560386469,42.61424637681155,40.82701932367146,37.79821739130431,63.45134299516902,57.53859903381637,22.74031884057969
456.0,70.35772410944037,62.28594830739203,93.22436907847982,72.88332716052794,60.363983505378386,58.355680955318235,63.082200740433464,12.542299602507414,5.060634118156313,22.138539479419638,8.109478306513827,1.033809268816032,3.810879058212425,1.6459015530837675,40.367106280193205,42.6758212560386,40.83717874396131,37.86001932367146,63.46059903381636,57.5587246376811,22.758270531400942
458.0,70.37192010695021,62.29501385334496,93.22138681046395,72.89948873655655,60.37343934013104,58.36607187982604,63.09033088349598,12.56872357890019,5.093382951524118,22.124764356685823,8.071726918844943,1.0349640079337024,3.815967148591528,1.637657527331125,40.41300966183571,42.73935748792266,40.84914009661832,37.92090821256035,63.468942028985445,57.576531400966125,22.775028985507227
460.0,70.3868692196382,62.306976544606506,93.21860529760845,72.91532448169743,60.382842508926714,58.37696970163647,63.098529840581875,12.484001202160718,5.132293082558532,22.09352541350099,8.036194586735117,1.037587819711309,3.8227129323769837,1.6236529322589288,40.45994202898547,42.801033816425075,40.86007246376808,37.97873429951687,63.476458937198004,57.59576811594198,22.790632850241526
462.0,70.40325989795062,62.316871692354084,93.2160459561869,72.93069225427973,60.392357361065585,58.38834078851682,63.106971723596686,12.48792840626155,5.1466577975001995,22.08351300825657,8.069458789849689,1.0409338623406483,3.8407531294027804,1.6232403181416282,40.50583574879223,42.852772946859865,40.86892270531397,38.02717391304344,63.48031884057965,57.613565217391255,22.806183574879206
464.0,70.4204958162194,62.33029688518995,93.21499551396936,72.94573433065067,60.401986576770895,58.40006728910335,63.11566902489542,12.574601803607214,5.130550701402806,22.124647695390784,8.100679358717434,1.0344825651302605,3.850047695390782,1.6340080160320642,40.550449275362276,42.89240096618354,40.87758937198064,38.06898550724633,63.480772946859844,57.631275362318796,22.824512077294667
466.0,70.43867178058602,62.343086522286654,93.2191267120332,72.96035680656867,60.411705450718884,58.41255317458721,63.124494711989755,12.609965198625625,5.066009013597485,22.169627640617012,8.117972759266028,1.039,3.853760791797642,1.647662143431536,40.594763285024115,42.92547342995165,40.88609661835745,38.105149758454075,63.47929468599029,57.652043478260815,22.849067632850222
468.0,70.45761133543795,62.34477879388695,93.22914682965089,72.97488305178862,60.42129019355307,58.42561760582737,63.13357925878767,12.617419758665902,5.105908705946295,22.141438669676003,8.122722061000994,1.0359069033170376,3.875817108380843,1.63825667752735,40.63798067632847,42.9508792270531,40.894420289855034,38.13431400966179,63.47797584541057,57.67358454106275,22.87857004830916
470.0,70.47709715253319,62.34712782751807,93.24495313417074,72.98939204279604,60.430803506839915,58.43910571270306,63.14282990467079,12.528484187452465,5.1088435465453585,22.17960270094077,8.126129128851787,1.029408108254936,3.8604684691047226,1.634970068656172,40.67752657004827,42.968159420289815,40.903710144927494,38.15704830917871,63.47652657004825,57.699106280193185,22.911884057970994
472.0,70.49688619020192,62.356111998265355,93.26807660768014,73.00405343679027,60.44042668715076,58.453158679041366,63.15252746881282,12.46351593176958,5.035633166548543,22.244282263917565,8.090777556030789,1.0212749500120175,3.843380260601877,1.645395992419526,40.713874396135225,42.97750724637677,40.91389371980672,38.17162318840576,63.47592753623183,57.728309178743906,22.948019323671478
474.0,70.51645740089234,62.36129111717346,93.29831666930086,73.01885976827022,60.45008772321473,58.46733709653677,63.16288947210968,12.506866436803744,5.094861544672189,22.20326502826677,8.067448953820646,1.0227755251867796,3.858079721962535,1.62797272803531,40.745101449275325,42.975497584541024,40.9255024154589,38.17823188405793,63.473589371980616,57.75681642512072,22.98430434782607
476.0,70.53492112874213,62.365045081156744,93.33348189152939,73.03381326779285,60.459804371470334,58.48109937487982,63.17405299235107,12.520351785714285,5.175602380952381,22.103867261904764,8.09173988095238,1.0326744047619048,3.868889880952381,1.6342369047619048,40.77111111111107,42.961657004830876,40.9384637681159,38.17716425120769,63.46570048309173,57.785826086956476,23.01695652173911
478.0,70.55143724412902,62.372763167612135,93.37501082275426,73.04917647438454,60.46942607896916,58.49433811293152,63.185754958411,12.4833152957485,5.114206359164264,22.11166421000995,8.050085663301708,1.042394245698754,3.83617915157126,1.6277238263898661,40.793028985507206,42.93963768115938,40.95332367149754,38.17002898550721,63.455623188405745,57.81425120772941,23.044082125603847
480.0,70.56592786951008,62.38157883213039,93.42254128861872,73.06481526961605,60.47886181668844,58.50692767219005,63.1977079279776,12.510833871075105,5.06715190623644,22.13603607067301,8.04462155444792,1.0467587975157742,3.841795894691166,1.6522585046798197,40.80898067632846,42.9124251207729,40.9718985507246,38.157357487922674,63.44727536231878,57.83933816425116,23.063265700483072
482.0,70.57828188683608,62.390096475712994,93.47554242482822,73.08068078484104,60.488271480938785,58.518721515970284,63.209941994584355,12.538573454691694,5.089975126447019,22.177624417304926,8.045980750043737,1.034337639264852,3.8505348533907098,1.6720100812261856,40.819521739130394,42.88421256038643,40.991879227053104,38.137985507246334,63.44340096618352,57.857256038647286,23.066681159420266
484.0,70.58803234176375,62.395895362938006,93.53360581455455,73.09662220328345,60.49778176729865,58.52962314410577,63.22248752995489,12.539021891323301,5.13506175249323,22.217046956415196,8.046887016973946,1.0340412680232303,3.8076771006010395,1.647456064101264,40.82703381642508,42.86473429951687,41.00983091787436,38.1162753623188,63.445014492753565,57.864859903381586,23.055487922705293
486.0,70.59544544219833,62.39740944606133,93.59552734862994,73.11252524836985,60.507580469456904,58.53991845203121,63.235588094317045,12.522377418920419,5.153171266027314,22.224451762740987,8.097411860790888,1.031618858420443,3.8065603965090493,1.6341490819954634,40.83334299516904,42.8567101449275,41.02841545893716,38.09851207729465,63.45078260869559,57.86386473429946,23.036178743961326
488.0,70.60099619682724,62.403728642740276,93.66111665987992,73.1286286972137,60.51747800767657,58.55001979065822,63.24888002730114,12.52626690101927,5.1279469705789715,22.19035798665544,8.112346118997571,1.0514234345381572,3.8392698543133053,1.635072909109998,40.83854589371976,42.857101449275326,41.047342995169046,38.08447342995166,63.45754589371975,57.854763285024106,23.010975845410602
490.0,70.60424880351938,62.41266479101711,93.72912141451775,73.14459051015203,60.527413291764624,58.559793285495495,63.26175000129005,12.525179046984531,5.090115239185477,22.190400952704934,8.104632381381217,1.0452895246214888,3.8385209528743154,1.6475257141405284,40.84466183574875,42.870985507246345,41.06337198067629,38.071603864734264,63.46323671497579,57.84104830917869,22.98210144927534
492.0,70.60526310325457,62.41691385778231,93.79850198182966,73.16014743463349,60.537489973348116,58.569400396238514,63.274073970468834,12.546990521631487,5.043927883639904,22.224228183984156,8.06880762307451,1.0190148945790904,3.8152598796620185,1.6411892178031193,40.85445893719803,42.897028985507205,41.0750869565217,38.06157004830914,63.47291304347821,57.82499033816419,22.95360386473428
494.0,70.60516953235889,62.42705285874347,93.87003450842005,73.17507027632202,60.54752276700741,58.57894902554903,63.28590999911218,12.518780768992238,5.092076923621855,22.257773076550773,8.11731923160876,1.0296192307520171,3.815984615423961,1.6178076922368707,40.86785024154586,42.92800966183571,41.082850241545856,38.055990338164214,63.48491787439608,57.80703381642506,22.926531400966166
496.0,70.60389338363021,62.44138896010821,93.9401652977513,73.18949859142793,60.55733862430387,58.58860046880256,63.29694477339018,12.508858808597962,5.176469469230476,22.18322662698709,8.163399850461651,1.043755655467029,3.838912562348753,1.627178177971775,40.882463768115905,42.959719806763246,41.08697584541059,38.052782608695615,63.49571980676323,57.78879710144921,22.89950241545891
498.0,70.60181723847025,62.449434060631404,94.00857676530616,73.20348691381976,60.56704906376984,58.59854334225018,63.307331650103194,12.521647924762352,5.167743224443561,22.16560839843785,8.105275913482489,1.0558950514085375,3.8766833097206055,1.6347917523475624,40.89659420289851,42.98964734299513,41.087729468599,38.054608695652135,63.511405797101396,57.770024154589315,22.875927536231863
500.0,70.60014926603377,62.456366006077175,94.07376224806788,73.21706284531932,60.576688287501604,58.60892801896719,63.317391570041174,12.512227634356723,5.098037574077128,22.214305368161543,8.123457952285271,1.0338643139099084,3.8734966197825376,1.6239472169800757,40.909758454106246,43.01818357487918,41.08655072463765,38.06347826086952,63.53206280193231,57.750980676328446,22.857391304347807
502.0,70.59807124202035,62.47095051933377,94.13175900543716,73.23001348650257,60.586356278370936,58.61951378422702,63.32696290485097,12.509298191525332,5.067822926454634,22.22244344048566,8.150109800681662,1.0205066366940296,3.8640526372183857,1.6233535465139401,40.92329951690817,43.04565700483088,41.084879227053094,38.07840096618354,63.55242995169076,57.734280193236664,22.843082125603846
504.0,70.5954204404829,62.48453944357147,94.18292935454731,73.24275220992627,60.5962413602789,58.63038604466806,63.33578381193508,12.45549729789989,5.073802801605872,22.22001350706843,8.142377137661036,1.0321649327478073,3.8691644317868787,1.6223232620780723,40.93738647342991,43.068729468598995,41.081758454106236,38.09843478260866,63.57394685990332,57.72009178743956,22.832188405797083
506.0,70.5924998329586,62.492639729357336,94.22796615169528,73.25578725744269,60.606269001309855,58.641472303794856,63.344053307001985,12.465613092199762,5.101164736449807,22.235283915567063,8.094357643498412,1.0426907085560386,3.8423283718055785,1.658189311195089,40.95041062801929,43.0882367149758,41.07623188405793,38.12268599033813,63.595657004830855,57.709188405797036,22.826898550724618
508.0,70.58960082197427,62.50516204976456,94.26592110305381,73.26852483592681,60.616639396176645,58.65250982733771,63.352119432555185,12.5583858,5.1774296,22.225934,8.118952,1.0401042,3.8416396,1.656183,40.96198550724634,43.10618840579706,41.06973913043474,38.1484830917874,63.6129516908212,57.70356521739125,22.828178743961335
510.0,70.58697519259213,62.519136318866146,94.29816793850183,73.28105542988898,60.627035700919215,58.66340248142392,63.35988997829126,12.514919515849899,5.190897793595054,22.234422623277524,8.13335355388371,1.0473154150960826,3.8357172171414433,1.6447121122474226,40.97172463768112,43.11976811594199,41.063719806763245,38.17255072463764,63.62718840579704,57.70343961352651,22.839439613526547
512.0,70.58497164311134,62.52413718157672,94.32525382053068,73.29350181860977,60.637535322633724,58.67408887816625,63.36703848886246,12.480137335115137,5.109798413967826,22.296341400805975,8.127271689893027,1.041884134931406,3.864425138042624,1.645041447551037,40.981067632850205,43.13347826086952,41.06026570048305,38.19948792270527,63.64150241545888,57.71272946859898,22.864806763285
514.0,70.58365950703437,62.52159076517396,94.3473196855888,73.30573684807128,60.648354783699645,58.68473073668996,63.37405507607276,12.550015229638994,5.098874280943955,22.311864698952103,8.11064679781149,1.0426294503048181,3.8757566811939905,1.6492339890574512,40.99028019323668,43.14469565217388,41.058516908212525,38.227323671497544,63.657285024154525,57.73244927536226,22.898898550724617
516.0,70.5823844874737,62.523102012510414,94.36436601640732,73.31829192286531,60.659437431881685,58.6949334095123,63.38144097328348,12.521905309665051,5.068329158344958,22.229995190124864,8.141494489639184,1.0354899798329484,3.843992886022556,1.6591523045896843,40.997850241545855,43.147893719806724,41.05766183574875,38.252357487922666,63.67302415458931,57.75950241545888,22.935826086956503
518.0,70.5820166125143,62.53099595819679,94.37785326767367,73.33128590317443,60.67057255109007,58.70466064513011,63.38918211576752,12.481162266460982,5.041832847054255,22.230022188307156,8.109625128428553,1.0353949162600926,3.859090811313599,1.6590386118342826,41.003487922705276,43.14364251207726,41.058714975845376,38.274555555555516,63.6854782608695,57.79206280193231,22.97270048309177
520.0,70.58291301792693,62.53554732382024,94.38970757844022,73.3448120804407,60.68147546056694,58.71376168171246,63.39726242587802,12.523988145799919,5.019085233050922,22.231908686131302,8.050572459173754,1.0384460907150486,3.866894992577046,1.6645672459173755,41.00690338164247,43.13133816425117,41.062086956521696,38.29088405797098,63.69140579710139,57.82525603864728,23.010806763285004
522.0,70.58421100937797,62.53679702564442,94.39857670754614,73.35866602416567,60.692460825901506,58.721995044866595,63.405834169718155,12.527273076614708,5.1072692315128565,22.20947307698554,8.093965384441773,1.025488461510428,3.8574884613058327,1.6535615382657958,41.00780676328499,43.113473429951654,41.06941062801929,38.301961352656974,63.68807246376806,57.85650724637676,23.048999999999978
524.0,70.58502905223457,62.54505529897514,94.40561658238798,73.37256448391089,60.70345036160769,58.729398555891066,63.41500942200534,12.495145885109494,5.170856858891391,22.254519449718725,8.084936907233898,1.0256558601976933,3.8315064837332744,1.6414733162317667,41.00773429951687,43.0920676328502,41.07992270531397,38.30723188405794,63.67985507246372,57.88792270531396,23.083135265700463
526.0,70.58629692225786,62.54900605087782,94.41257443300913,73.38632964131095,60.71419744504208,58.73629366143946,63.42440119846792,12.50508774471079,5.076338726254104,22.291828880424987,8.100162481176094,1.0302734304410348,3.833257810147012,1.659690808533093,41.00704830917871,43.068714975845374,41.091637681159376,38.30496618357484,63.67285990338158,57.91906763285019,23.10906763285022
528.0,70.58822204938738,62.552308948702276,94.41850484810814,73.39965073210807,60.72486559979621,58.74270792126437,63.43407957336641,12.533218234805611,5.08279292897475,22.22219143662044,8.113353756485772,1.031716332543487,3.8445568628713427,1.6409758534541081,41.0043333333333,43.04459903381638,41.1049178743961,38.295879227053106,63.66898550724631,57.945758454106226,23.119555555555536
530.0,70.59069978603443,62.55912883903046,94.42462115900706,73.41249276079228,60.7357432067618,58.74876668494675,63.44394628721867,12.549611488263782,5.203473247453462,22.171315264282757,8.12615857842479,1.0353421679214825,3.8560400799748558,1.6282633495721262,41.00122222222218,43.01987439613522,41.118821256038615,38.28013043478258,63.66779710144921,57.96301449275357,23.114468599033792
532.0,70.59397659665633,62.57057269175664,94.43203115546528,73.4247695242014,60.74671248237989,58.75487695582689,63.4540580116396,12.514510496767953,5.176651127180445,22.19734502703672,8.140675609532053,1.0407925533039097,3.8484014995382787,1.6458574721937422,40.999999999999964,42.99604830917871,41.13230917874393,38.25918357487919,63.66590821256033,57.974710144927485,23.100217391304326
534.0,70.59834944836815,62.57500010057758,94.43934117051505,73.43650684801345,60.757522375437965,58.76093067354231,63.46441913003162,12.51643579126747,5.0890066809831325,22.202331124510845,8.134765113214458,1.0365229424578313,3.849195230612048,1.6478234428144578,40.99877777777774,42.97046859903378,41.14667632850238,38.23525120772943,63.66420289855067,57.984004830917826,23.08019806763283
536.0,70.60327444332353,62.58479554371219,94.44910182451046,73.44807042650216,60.7680337957191,58.767018703526254,63.47457588675283,12.545750673176661,5.041880564817361,22.21157563426007,8.081304335213812,1.0348023904812391,3.8748934208639865,1.6508019447325737,40.9993333333333,42.944115942028944,41.16256521739127,38.2070869565217,63.665439613526516,57.99226570048304,23.053632850241524
538.0,70.60896709865808,62.60129573610836,94.46141602975362,73.45926833286521,60.77840046722863,58.77359953757247,63.4846052292417,12.54165362666488,5.091513906448959,22.216033667307286,8.108032914687703,1.0484733367202004,3.875300401711294,1.6351330162937165,41.00228502415455,42.92041545893715,41.17696618357484,38.174811594202865,63.66763285024148,58.00095652173908,23.021570048309158
540.0,70.6159384242784,62.613464502248185,94.47579121912368,73.46966485434206,60.78870890544517,58.780715581008444,63.494509805851806,12.553418713191217,5.0938041908503,22.243563326326548,8.139342963148902,1.0347064361772456,3.85624625885509,1.6414516467864273,41.004077294685956,42.894396135265666,41.18925120772943,38.1392946859903,63.67067149758448,58.00619323671492,22.98928019323669
542.0,70.62382451994856,62.625052424616946,94.4931069613409,73.47951409978674,60.798950369243926,58.78828543631034,63.50419943594827,12.548229266522386,5.077352513412922,22.302553211098957,8.102679490130557,1.026353559941975,3.8674020393350577,1.624649973138476,41.00480676328499,42.86596135265697,41.20239613526566,38.100932367149724,63.6750628019323,58.01079227053135,22.959652173913025
544.0,70.63253513636444,62.637068401465264,94.5112169209998,73.48921478137255,60.80889492609691,58.79658897476446,63.51365190952683,12.513307828436371,5.088318831843404,22.342010310177344,8.06371268481188,1.0492292378241117,3.8427886020764417,1.6282787935220586,41.005792270531366,42.836840579710106,41.21637681159416,38.06204347826083,63.68131400966178,58.01701449275357,22.933845410628
546.0,70.64180361229378,62.65156478701938,94.52996836122546,73.49862720234911,60.81897708730709,58.80526830780292,63.52302083255268,12.504464384538437,5.1809642844145705,22.325954417988495,8.058861369808037,1.0514789469491328,3.8373480327831757,1.6542159933552496,41.00657487922702,42.806367149758415,41.23121739130431,38.025043478260834,63.69175845410623,58.02416908212555,22.913115942028966
548.0,70.65192365414084,62.666595112207666,94.54806375800985,73.50799331706176,60.829226886138876,58.814527210666526,63.53232468908809,12.512127115375554,5.201834390537654,22.23849228103705,8.103114101355217,1.0400843145610152,3.853745571238422,1.6456378522754738,41.005521739130394,42.77387439613522,41.24699033816421,37.98879227053136,63.70269565217385,58.03343961352651,22.895164251207706
550.0,70.66240307986659,62.678800779773724,94.56521543851916,73.5172554062449,60.83940797129257,58.82417378395964,63.54138281072498,12.488846143197609,5.111909076033557,22.284217395337237,8.124125568334902,1.0410829051497317,3.870222390384417,1.6513565816599411,41.00282608695648,42.739869565217354,41.26199033816422,37.95399033816422,63.71221739130429,58.04545410628014,22.878913043478242
552.0,70.67297788945436,62.68828082740369,94.58210270334604,73.52679685879895,60.84971788656059,58.8341036669162,63.55010475403923,12.486500501632001,5.0924375464832,22.2934230960384,8.076948498304,1.0301978500224,3.8502183986175997,1.6407356505216,40.99868115942025,42.70663768115938,41.27573429951687,37.92195652173909,63.72201932367144,58.059681159420236,22.865666666666648
554.0,70.68322613495276,62.69376531006776,94.5991039443746,73.53664202632793,60.86017436270428,58.84411295321057,63.5587695072207,12.507201045471279,5.075217569995733,22.199722449439367,8.047262468874468,1.0414863611521248,3.8291699849904246,1.6275648088212826,40.99328019323668,42.67828985507242,41.28956521739127,37.892231884057935,63.72895652173907,58.075637681159364,22.859729468599014
556.0,70.69352118375564,62.700952906682836,94.61465658905793,73.5466685097247,60.87078651615854,58.85398495168616,63.567531267625455,12.521111359424397,5.094181855391271,22.199098638926856,8.086145545992416,1.045716793626282,3.8272727509678512,1.6205217166261388,40.986816425120736,42.6529371980676,41.30365217391301,37.86318357487919,63.73531400966178,58.09349275362314,22.864246376811572
558.0,70.70432880579935,62.71256584550915,94.62897338432252,73.55665355126096,60.88121278891893,58.863765404802855,63.57625826971119,12.554078828849894,5.068883383010747,22.26050710688334,8.137401151154428,1.0455166665107776,3.8425898395669167,1.6506507507732213,40.9794830917874,42.629913043478226,41.31638647342992,37.83500483091784,63.74337681159414,58.111637681159365,22.877632850241525
560.0,70.71549508639983,62.71562026304131,94.64071460226752,73.56708515907373,60.89185879712951,58.87363954482817,63.58506591744979,12.525837229715473,5.146929570409304,22.308498309813785,8.165173721274225,1.0588120451762921,3.8723399697438317,1.640877848927119,40.97147342995166,42.61094685990334,41.32615942028983,37.807888888888854,63.74999999999994,58.128463768115886,22.89535265700481
562.0,70.72598052728671,62.717699036335816,94.65033222010315,73.57825016454866,60.90296662829417,58.88340321960169,63.59411317462315,12.514369348748906,5.1352636132686715,22.313173163817606,8.173568741141308,1.0426675369636962,3.871311156119081,1.625660803520913,40.96298067632846,42.59228985507243,41.33314009661832,37.78020289855069,63.75443478260864,58.145362318840526,22.91343961352655
564.0,70.73641346508768,62.72738814963666,94.65918731375028,73.59010592195828,60.91420331366182,58.893120194796616,63.60326297947709,12.554828968253968,5.101359126984127,22.236127777777778,8.148913095238095,1.0305083333333334,3.8687873015873016,1.6315297619047617,40.95419806763282,42.574367149758416,41.33989371980673,37.754536231884025,63.75588405797096,58.1625169082125,22.9320531400966
566.0,70.74726553442211,62.737631213509424,94.66768781034195,73.60229898081091,60.925263005332084,58.902846862179324,63.612327171130275,12.57276347233119,5.128255392955517,22.180759307790364,8.138484394378224,1.030016507800229,3.8761969900410476,1.6406011035617012,40.9465410628019,42.55571497584537,41.34598550724634,37.72925603864731,63.75472463768111,58.17650724637676,22.95185990338162
568.0,70.75780301975847,62.74445149783999,94.67682063980803,73.61479785717341,60.9360157130396,58.912583328802064,63.62118424810508,12.570639979222443,5.119310673648096,22.238700103887776,8.100634619626453,1.0239982459639279,3.891012674603607,1.6314767036921844,40.93964734299513,42.53720289855069,41.35041062801928,37.70150724637677,63.75133333333328,58.18634299516903,22.974082125603843
570.0,70.76866929689997,62.748503282955866,94.68735510593689,73.62718844885805,60.94701201821826,58.92278716561362,63.630280568060314,12.553898645332394,5.142552734954478,22.30447300552834,8.101622077396769,1.0234668839048462,3.8619720023372683,1.642492523708899,40.931980676328465,42.52082608695649,41.35460869565213,37.67321256038644,63.74307246376806,58.19468599033811,22.996289855072444
572.0,70.78023385194092,62.75678604893324,94.69969035968509,73.63913790400633,60.958028069153805,58.93364306924241,63.639489392839245,12.545955821172909,5.210616410008607,22.290112239984857,8.082501493486264,1.0327680599350804,3.837072836156678,1.6536014922635776,40.92383091787436,42.503657004830885,41.35641545893716,37.64380193236712,63.731497584540996,58.201246376811554,23.014797101449258
574.0,70.79288083999295,62.76732404675732,94.7148508769126,73.65085869810494,60.96887566429962,58.94506240110645,63.64853927483407,12.519707886188396,5.2759235076653415,22.344900248773875,8.074883174050164,1.0292277749833363,3.8313314917277674,1.642950326949663,40.915487922705275,42.487497584541025,41.35731884057967,37.614434782608654,63.72354589371975,58.2033864734299,23.02886956521737
576.0,70.806583263061,62.78130658360882,94.73325799214335,73.66234980332862,60.97973340021777,58.95709485371274,63.65736930327483,12.482335665269842,5.105771286552381,22.37143314031746,8.102851734755555,1.043045683504762,3.8270866570158733,1.6245003966984126,40.90724154589368,42.47405314009657,41.360681159420245,37.587999999999965,63.72373913043472,58.20089855072459,23.036502415458916
578.0,70.82122207075673,62.792360051992915,94.75573154795278,73.67355342394494,60.99069662813768,58.96964833643207,63.665633294813276,12.478302717800362,5.001930951575411,22.328934273906885,8.131336235611755,1.052061499554609,3.839510971668901,1.6145257169095812,40.89938164251204,42.460106280193195,41.36391304347822,37.56246376811591,63.72818357487917,58.19657487922699,23.038072463768096
580.0,70.83691972304153,62.80520980386307,94.78296657199166,73.68423205282411,61.00155040653425,58.98242044734445,63.673742403927854,12.492278475923756,5.085954565881668,22.312757737092728,8.110828945626979,1.0428593925593417,3.869780518974612,1.619798906432322,40.89097584541059,42.447772946859864,41.36447342995165,37.5393140096618,63.731763285024094,58.19320772946854,23.032719806763264
582.0,70.85376006985457,62.81581509239312,94.81498965948528,73.69451753580428,61.01216864733065,58.99537720205728,63.68179543693555,12.519820345087979,5.135869309990507,22.170565861834664,8.09571896576511,1.0410406895706363,3.8595651721732307,1.6533386207376632,40.882869565217355,42.4415024154589,41.36464734299513,37.51871980676325,63.736521739130374,58.187541062801884,23.020743961352636
584.0,70.8707223523859,62.82646597167153,94.85213555885362,73.70435620812636,61.022629447668,59.00861670423059,63.689558886859956,12.566019279880113,5.116279401700277,22.215737241340616,8.114197868926428,1.0330093353896461,3.854378894376026,1.646264687738417,40.87890821256035,42.44209178743957,41.365497584541025,37.498309178743924,63.74380193236709,58.18171497584536,23.005396135265677
586.0,70.88827220875915,62.83668407322568,94.89337266842425,73.71371833539997,61.033145320545366,59.02220485114007,63.69717160037225,12.547268021392828,5.114586648860557,22.32606384606853,8.104022809192033,1.0419516942788845,3.8870223110629483,1.6314385462310756,40.876285024154555,42.44730434782605,41.364434782608654,37.47978743961349,63.752468599033755,58.177217391304296,22.992323671497562
588.0,70.90568691822868,62.83852203512904,94.93954748561491,73.72278640975425,61.0436345626739,59.035376258398834,63.70448308829288,12.495438206735484,5.108304037574194,22.3012281192,8.106717338529032,1.0539497987612902,3.8649218712,1.630173688748387,40.87276328502412,42.45364734299513,41.36426570048305,37.46411111111107,63.766212560386414,58.17066183574874,22.986666666666643
590.0,70.92273665406705,62.83867031417122,94.99004686654096,73.73148218018588,61.05389254065102,59.048403842542754,63.71147343725926,12.497236109917461,5.144081248228572,22.281960421561905,8.107980555987302,1.051835415847619,3.835517361803175,1.6172423602031745,40.870884057970976,42.45996135265696,41.36657487922701,37.45214009661832,63.78210628019318,58.16709178743956,22.982835748792247
592.0,70.94005436730264,62.8382454379721,95.04231838865246,73.73988019721526,61.064069293733596,59.0614448003498,63.71812321304713,12.51028906928602,5.1426430372156,22.264522708451796,8.120643985080171,1.0448183724918743,3.8530123827822305,1.6177021478309848,40.8695217391304,42.467420289855035,41.36872463768112,37.44528985507243,63.79660386473424,58.16610628019318,22.97956038647341
594.0,70.95712877131331,62.839411934397695,95.09702434636262,73.74807178108532,61.07449755445004,59.07409074216561,63.72477582453006,12.53076980926974,5.121375626362247,22.217444333484014,8.13883009034591,1.0434737211395004,3.8737925777978686,1.627538716120283,40.868724637681126,42.476545893719766,41.37229951690817,37.44375362318837,63.817603864734245,58.166700483091745,22.9780144927536
596.0,70.97418431496877,62.83769756046052,95.15312793646854,73.7561421266991,61.085044692976716,59.086864564475846,63.731527461079224,12.543769781576556,5.102515703646521,22.231111810269557,8.113669388317538,1.0378970988631244,3.8791488746373544,1.6451830892987906,40.869111111111074,42.4878599033816,41.37705797101445,37.44772463768112,63.84519323671492,58.17209178743956,22.97637198067631
598.0,70.9920296765682,62.835574232077825,95.2086560456607,73.76417701706926,61.095536042796944,59.09960780526234,63.73822431412217,12.56741531694993,5.174600398773199,22.21410219880695,8.104585081823268,1.0422020012717998,3.8637466477771625,1.6733785786156448,40.870077294685956,42.498265700483046,41.38153623188402,37.45739613526567,63.87045893719801,58.18249758454101,22.973410628019302
600.0,71.0101441162102,62.8370856448487,95.26462190930216,73.77246251548885,61.10583266395521,59.11219657872997,63.7447725169384,12.529524139255832,5.192254563343787,22.27758159634455,8.143082044491397,1.0483802492099432,3.8705991529017187,1.6701901246049717,40.87162318840576,42.50704830917871,41.38727053140093,37.47113526570045,63.89169565217385,58.19635748792265,22.971512077294665
602.0,71.02853172668028,62.83688590433851,95.3200526246941,73.7810374764589,61.11617625707372,59.12498150208414,63.751477929829036,12.528869711827545,5.183693313532935,22.320887726754492,8.117877943492216,1.0405720059401198,3.8896468052694613,1.654333182697006,40.8737487922705,42.51766666666663,41.39397101449271,37.48665700483088,63.91376811594198,58.211507246376755,22.976106280193214
604.0,71.04812541542388,62.83491730537594,95.37251669049871,73.79005734607989,61.12660900540541,59.138130674302154,63.758532896176796,12.54264456182432,5.158682577705856,22.370502014214573,8.090034541590523,1.0387750251649532,3.8390280963075547,1.6571028703321413,40.87645410628016,42.528101449275326,41.40134782608691,37.50280193236711,63.93793719806757,58.228782608695596,22.984241545893696
606.0,71.06856823551419,62.83708135061154,95.42259607541452,73.79966004808865,61.13683990789777,59.151472523343195,63.76581136187681,12.514701796984696,5.126176485394451,22.392289216353635,8.058553170067603,1.0474184225695142,3.8144665006010823,1.6509995000650544,40.87973913043475,42.539333333333296,41.40911111111107,37.521362318840545,63.959497584541005,58.24779710144922,22.993028985507227
608.0,71.08954777566582,62.83897997193759,95.46966031748126,73.81015844162029,61.147186072114614,59.16521721361445,63.773308683955705,12.528152427264837,5.161284126972977,22.364100487666786,8.112291429519669,1.0588274864076055,3.847706614971646,1.6245427742344867,40.88482608695649,42.5498985507246,41.41697101449272,37.53985990338161,63.97617391304342,58.26816425120767,23.005690821256014
610.0,71.11073361214504,62.842823797804655,95.51383165089878,73.82116952050208,61.15774211846356,59.179498150068376,63.78088330685208,12.564705883744052,5.167447062409917,22.339141172930418,8.168070592357791,1.054747058952935,3.8621941175915993,1.6392764719377524,40.89115942028982,42.55828502415455,41.4264637681159,37.55514975845407,63.98742028985501,58.29132367149753,23.01710144927534
612.0,71.13259838856739,62.8472714363267,95.5558338254055,73.83261139243464,61.16808266028386,59.19449709603096,63.78856947519723,12.538720779938192,5.117299500889479,22.334609594706706,8.14001308479764,1.0477503501139085,3.8496107903623282,1.6178967036609282,40.895787439613486,42.56532850241542,41.43672946859899,37.56881642512074,63.99437198067626,58.31571497584535,23.021599033816404
614.0,71.1549197432079,62.85247175495497,95.59610815531781,73.84454793037094,61.17825427009956,59.21016760782845,63.79639787630084,12.495167675314123,5.0671668468152715,22.28067196448103,8.149078157746171,1.0294193567572703,3.8509497799910357,1.6228671864053146,40.90058454106276,42.57121256038643,41.445082125603825,37.57869565217388,64.0016859903381,58.3373478260869,23.020729468599015
616.0,71.1783916280343,62.86238527956317,95.63470420264488,73.85672557076178,61.1884558058961,59.22667595452859,63.80443296112889,12.471575127878571,5.061838768393109,22.280698974634596,8.132452256154405,1.0159888204792662,3.892786871583959,1.6188720002804184,40.904995169082085,42.57916908212556,41.45423188405793,37.58552657004828,64.00793719806758,58.356405797101395,23.015942028985485
618.0,71.20344840215445,62.86615124465341,95.67160679781155,73.86903321977596,61.19909953076356,59.24405971499189,63.81286415924689,12.481394387084569,5.160413077354709,22.26784298705571,8.12226688109018,1.0327518547238477,3.8837258494460922,1.625232768102605,40.905415458937156,42.58708212560382,41.46566666666663,37.59299999999997,64.0098743961352,58.37362801932362,23.008589371980655
620.0,71.22967880669403,62.8736098460549,95.70712872410816,73.88194883186401,61.20985902092147,59.26207378304828,63.82144540598356,12.496284904801678,5.230719434098434,22.30277658263353,8.068730194082942,1.0454877924866872,3.8413343297647247,1.657110662061643,40.90362318840575,42.5917101449275,41.4760483091787,37.601202898550696,64.0127246376811,58.385483091787385,22.999323671497567
622.0,71.25669520286534,62.88637513624409,95.74137362736461,73.89522379759923,61.220477991397395,59.28061915192423,63.82984293855241,12.55612039811691,5.207839110149151,22.321868457834444,8.06906815870929,1.0395956217889355,3.854042387089042,1.6297638811023996,40.90134782608692,42.595908212560346,41.48626086956517,37.609096618357455,64.02306763285019,58.39139130434778,22.990541062801913
624.0,71.28499884553484,62.89458546542217,95.77440265967506,73.90870349784403,61.231085485784796,59.2997330002573,63.83816555503139,12.540679960250737,5.102975851245,22.272903808782853,8.08798957895177,1.0411314629427126,3.8527457921469557,1.624649699251264,40.89971497584537,42.599579710144894,41.495966183574836,37.61634299516905,64.03745410628014,58.39555072463762,22.98098550724636
626.0,71.31400105052603,62.90155462319516,95.80726497158334,73.92229265606257,61.24158089429731,59.31918756262434,63.84672133089501,12.521307869542404,5.104441150003292,22.22684020272633,8.082555987942465,1.0316729814272327,3.8228181455103956,1.6373785469183824,40.898072463768074,42.6008985507246,41.502999999999965,37.622700483091755,64.04714975845404,58.3997632850241,22.969400966183557
628.0,71.34352865838217,62.92015554798793,95.8415891763643,73.93565770603232,61.25149489512107,59.33836899811365,63.85564761510736,12.560095403059199,5.1346828547968,22.3537550577024,8.0823560517504,1.0278663506048,3.8464601516672,1.6249853985792,40.89459420289852,42.60235748792267,41.50819806763282,37.626801932367115,64.05064251207723,58.402879227053084,22.956357487922688
630.0,71.37332834116206,62.93502475734015,95.87454794568319,73.94889749796897,61.26054033545512,59.35732530878501,63.86450934639346,12.609252247678578,5.189945404218475,22.419816482639504,8.10856808185299,1.0322732766450653,3.861651698122569,1.6273859643725257,40.89232850241542,42.60537198067629,41.51299999999997,37.62732850241543,64.0548019323671,58.40501932367144,22.94368115942027
632.0,71.40260880472654,62.93883610713217,95.90576594246495,73.96189625882123,61.268829170070056,59.375607226968896,63.8731999130831,12.55828605868075,5.125189970165856,22.347542627546165,8.143487411731991,1.0285298896067332,3.8677555663827046,1.6600109328697088,40.89137198067629,42.607280193236676,41.51767149758451,37.62600966183572,64.06227536231879,58.408178743961294,22.933280193236694
634.0,71.43183879888097,62.941980463251525,95.93493746661915,73.97470785164309,61.276563923792025,59.392943474421095,63.881637702036684,12.531682973809549,5.081788332785098,22.343180521670774,8.189512118426075,1.0340034552176949,3.8819904361126873,1.6392879822304995,40.88886956521736,42.60551690821252,41.521304347826046,37.625227053140065,64.07155072463763,58.41140096618352,22.927159420289833
636.0,71.46078774156977,62.94960451492331,95.96179961610585,73.98717488033003,61.28376715637908,59.40922767427113,63.88984681739609,12.568881548495238,5.087944639085714,22.240271336025398,8.120986912609524,1.0280318457904762,3.848158333866667,1.6141204377396825,40.88623671497581,42.598739130434744,41.52481642512073,37.62563285024151,64.08056038647338,58.41317391304342,22.92438647342993
638.0,71.48996465036414,62.95162229362109,95.98537777465845,73.99933125143039,61.29077757853711,59.42467807824442,63.89786457896156,12.553866266139758,5.1336042151325305,22.227747582971887,8.055696384591165,1.0230837349269075,3.8427557229751006,1.6204005997236948,40.88188888888885,42.58677777777773,41.52729951690817,37.625545893719774,64.08601449275356,58.41381159420285,22.918599033816403
640.0,71.51896270328331,62.95072294946949,96.00675136630396,74.01149194325502,61.298187792071765,59.4389933861001,63.90573905607336,12.554861457208887,5.157371092906665,22.293422965617776,8.06963869166222,1.029883873813332,3.8546531196088862,1.6540742381155535,40.874845410627984,42.573067632850204,41.529019323671456,37.6233333333333,64.09367149758448,58.41423188405792,22.911816425120755
642.0,71.54733241251486,62.959213114987094,96.02587834437338,74.02345828028716,61.30588935133429,59.45220184518031,63.913796475013925,12.574880572684338,5.129456171720482,22.30603604526265,8.0984804233253,1.0336245979759036,3.8675933229493977,1.6550804709783133,40.86895169082122,42.55682125603861,41.53324154589368,37.620410628019286,64.10816425120767,58.416574879227,22.906565217391282
644.0,71.57499271615767,62.96623411212808,96.04064649232093,74.03474994390375,61.31403657359966,59.46460846686066,63.92201264501118,12.598644288940598,5.094978952231043,22.34782054817958,8.171511719819327,1.0295640398302766,3.8502052371338626,1.6559357103750343,40.86322705314006,42.536647342995124,41.53840579710141,37.61763768115938,64.1203478260869,58.42120289855067,22.90289371980674
646.0,71.6014003634092,62.96849230156439,96.05089624095699,74.04552112256965,61.32246282950332,59.475719717486164,63.930054533021945,12.596912213285309,5.112486807762564,22.339671998305555,8.194330262052874,1.0320287887532749,3.847701372481542,1.6745033352572047,40.8560869565217,42.512328502415414,41.54417391304344,37.614144927536195,64.12469565217386,58.42670048309173,22.90080193236713
648.0,71.62590817563193,62.97834835252615,96.05768273148611,74.0557599776199,61.331207950221334,59.48546629140693,63.93780786157121,12.556776695660414,5.140475215991004,22.361801273459537,8.130038297008795,1.0265478327794064,3.8712642528345045,1.6472942889943378,40.84894685990334,42.48725120772943,41.55203381642508,37.607937198067596,64.12706280193231,58.43287439613521,22.903893719806742
650.0,71.6483988351492,62.9899665634739,96.06004528235624,74.0655687596595,61.340643731241755,59.4944550905011,63.945579440794056,12.560236673082057,5.129475452546751,22.408917235984575,8.097566733821786,1.0299651301021409,3.865585371060248,1.6331488974427444,40.840777777777745,42.46423188405793,41.56047342995165,37.59767149758451,64.12901932367144,58.43953140096613,22.913995169082103
652.0,71.66885763482951,63.003136799835055,96.05941269219784,74.07548114945557,61.35036556722986,59.5025128508137,63.95363150331771,12.569213286450394,5.0716125056,22.38740640760945,8.11044872551811,1.040349015937008,3.8481159450204725,1.6434662386393701,40.83355072463765,42.44130917874392,41.56798067632846,37.58383091787436,64.12543478260864,58.44647826086951,22.926328502415437
654.0,71.68718174870544,63.02119258950665,96.05631511519073,74.0855846754247,61.360181498280596,59.50944986237184,63.96162714028941,12.561394704711077,5.140327088029056,22.427578002668447,8.14741873700774,1.0351785130520879,3.8503532586814493,1.623431771733537,40.828632850241505,42.41896618357484,41.57604347826083,37.5668985507246,64.11709661835742,58.45352173913038,22.940338164251184
656.0,71.70390355471628,63.036344179020446,96.04841687051811,74.09527549054711,61.37046366531661,59.515715377407325,63.969623444928565,12.550620896580833,5.167483084283102,22.387377111509785,8.145144775116085,1.0298402981215713,3.85343383069509,1.6193980095680325,40.82316908212557,42.39646376811591,41.584323671497536,37.54553140096615,64.10952173913037,58.46046859903376,22.953594202898525
658.0,71.71881745458518,63.04291934362952,96.0371450601666,74.10450878646142,61.38140592298642,59.52154694057949,63.977504367209825,12.544795180722891,5.127359036144578,22.392802409638552,8.11923734939759,1.0432373493975904,3.864065060240964,1.636279518072289,40.817304347826045,42.37666666666662,41.591260869565176,37.521386473429914,64.10460869565212,58.46712560386468,22.960536231884035
660.0,71.73260833960549,63.04792258022676,96.02260273548212,74.11359977992585,61.39312242153128,59.52702823908472,63.985237199053195,12.538125225697295,5.054459422471184,22.340950946931944,8.096003088564508,1.0464940183804414,3.8660576277147674,1.6570759717088115,40.81053140096615,42.362439613526526,41.5982946859903,37.49732850241543,64.10495652173907,58.47452173913038,22.962729468599008
662.0,71.745069215625,63.057329707375246,96.00471582073929,74.12222513744382,61.40549812043089,59.532171703516845,63.992792335458645,12.521044221246216,5.108433355933068,22.335107272541833,8.126826994384064,1.0298199214406374,3.852545219238247,1.6652677290581674,40.80472463768112,42.35182125603861,41.60686473429947,37.473826086956485,64.11086473429945,58.481908212560334,22.964106280193217
664.0,71.756407005543,63.067532315424835,95.98382939790757,74.13052135160652,61.41845156810362,59.53723279287057,64.00030676961279,12.560944469708453,5.177087736850083,22.33053028649386,8.119461381436006,1.034755979990905,3.84173281289475,1.6499651205093224,40.7993140096618,42.34280193236712,41.6172367149758,37.45134782608692,64.11785507246371,58.48858454106275,22.965632850241526
666.0,71.76588925941574,63.075451230643125,95.96311972976099,74.13914800848265,61.43203598053141,59.54216251250294,64.00798845170092,12.575372168283101,5.101222269213519,22.345999055561034,8.164364560706163,1.0456794242035785,3.8588248486043737,1.6405131700803182,40.79307729468595,42.33322705314006,41.627898550724595,37.4309178743961,64.12379710144921,58.49389855072458,22.968371980676306
668.0,71.77333124186531,63.0840737091794,95.94374825461675,74.14741191376666,61.44583125589576,59.54720128532193,64.01568353605083,12.585413150363706,5.0751486769379595,22.326738816435633,8.162686002935772,1.0363484300452916,3.887561386527589,1.651671599945101,40.79079227053136,42.324352657004795,41.638560386473394,37.41285990338161,64.13124154589366,58.494801932367096,22.97348309178742
670.0,71.77924007986165,63.094399653534204,95.92526742792494,74.15449429542083,61.45957168128175,59.55298427133033,64.02334993265526,12.572897141358983,5.097314330298702,22.235761998426934,8.139622621108018,1.0331687793639024,3.8680131224008245,1.641093967254909,40.79057004830914,42.32084541062798,41.64893236714972,37.394922705313974,64.14199033816419,58.49367632850236,22.979173913043454
672.0,71.78412398443017,63.104029214278434,95.91139405990026,74.1608831733505,61.473021887011065,59.559668352277974,64.0312973501904,12.525324025575962,5.095537012807162,22.218734414777824,8.163544805360706,1.0232902597108657,3.8651467532497423,1.6482558440123618,40.791077294685955,42.32357487922702,41.659946859903336,37.37948792270528,64.15471497584535,58.49168115942024,22.983048309178724
674.0,71.78778984101923,63.111159419796195,95.90462737029692,74.16695196256366,61.48576093764951,59.567077779690486,64.03941194315755,12.541486326253743,5.123196345250559,22.38224747875886,8.141049574010601,1.0254758135884086,3.8691057591028386,1.660298747625398,40.793280193236676,42.33266183574875,41.66953623188402,37.36874396135262,64.16921256038641,58.48814975845406,22.98628019323669
676.0,71.79057208885635,63.11726829617099,95.903092152499,74.17271581316515,61.497628017544116,59.57507392767301,64.04733084029884,12.535871965981302,5.162560271528849,22.41407435928042,8.105398199172585,1.0215169414028722,3.877240779734218,1.649137930765376,40.797396135265664,42.348082125603824,41.6762367149758,37.362908212560356,64.1864396135265,58.484811594202846,22.98816908212558
678.0,71.79252288715759,63.11877144014684,95.90549111451996,74.17857474697122,61.50890115097641,59.58386421946119,64.05525809735371,12.582418505773175,5.190889461223219,22.34511321047444,8.087468479862832,1.0282255809623142,3.857429392398358,1.6275316681510277,40.80532367149755,42.36906280193232,41.68158454106276,37.362657004830886,64.20733816425115,58.480347826086906,22.987966183574855
680.0,71.79362414612628,63.11997728660468,95.91482400082722,74.18432548289469,61.51968111835701,59.59325868203313,64.06327634699485,12.60892879381531,5.198131920526655,22.381071406621196,8.137091577923016,1.0459722136860203,3.8586763478986956,1.6339588997758097,40.817038647342955,42.3928599033816,41.6840676328502,37.3691256038647,64.23285024154585,58.4752173913043,22.986700483091767
682.0,71.79533315109204,63.12274675672105,95.93010274575846,74.18968645682452,61.530322369145004,59.603422048685616,64.07114129178998,12.631197039575904,5.184606077995181,22.35586094681446,8.11954754313253,1.0385277118457832,3.8695250529156624,1.6652916672,40.83181642512073,42.41774396135262,41.68395169082122,37.383304347826055,64.26148792270526,58.473497584541015,22.98967149758452
684.0,71.79767496672444,63.130593419066955,95.95260527473025,74.19484968525693,61.540903850005876,59.61424168673455,64.07888312456396,12.58892691921831,5.100431511410446,22.312439813163778,8.081279969069898,1.0212880311812242,3.8378293093602953,1.6418887166659122,40.849439613526535,42.44477777777774,41.6845024154589,37.40603864734296,64.29111111111105,58.47388405797096,22.99628985507244
686.0,71.80014058344105,63.13121843607607,95.98296865012576,74.20024448748535,61.551592547367704,59.62551331039235,64.08662379357932,12.588875162751254,5.0942719507017875,22.290837893588588,8.118077458526955,1.0261216721434916,3.860609485133201,1.6251401322375159,40.86837198067629,42.47660869565214,41.685985507246336,37.437425120772915,64.32253140096613,58.47394685990332,23.000729468599015
688.0,71.80323080536085,63.12881774691826,96.01980156864789,74.2057870747625,61.56235847779187,59.637153837353644,64.09432701460082,12.593335535890164,5.11525455462852,22.267721871498498,8.105237287709295,1.0261122122770587,3.843825675853497,1.6397072070795409,40.88998067632846,42.51630917874392,41.68871497584537,37.476811594202864,64.35833816425115,58.4761787439613,23.001565217391285
690.0,71.80740819371727,63.12927699065269,96.0607509843643,74.21149818340324,61.57300062508066,59.64906534312237,64.1019498162885,12.528078217439035,5.090431890105433,22.357468917054327,8.087107145142857,1.0227284208289737,3.859204529873642,1.6554449196040242,40.91614009661832,42.563202898550685,41.69305314009658,37.52522705314006,64.3969130434782,58.48016908212555,22.998106280193216
692.0,71.81259277613576,63.129373995523416,96.10668737880509,74.21744370284853,61.58379230268153,59.66109855413592,64.10974789662801,12.549313122914851,5.063544059057426,22.3866920766099,8.108021780682773,1.0306549506788119,3.903044059057426,1.6471378705489108,40.94685024154585,42.61651690821252,41.69758454106277,37.58055555555552,64.43120772946853,58.48138164251203,22.989140096618335
694.0,71.81939930575813,63.12877260375643,96.15662764845735,74.22362153324214,61.594733735731914,59.67339912258781,64.11758869496317,12.577028626739413,5.089828328925659,22.374544652493192,8.114980061792304,1.031777247515347,3.901313259873808,1.6418780515944775,40.981458937198035,42.675381642512036,41.702115942028954,37.63993236714972,64.46138164251202,58.4789323671497,22.973454106280176
696.0,71.8282726383713,63.138239746009404,96.21009542490646,74.22994631469896,61.60580072880649,59.68600301413775,64.1253588749944,12.546486931500834,5.166824337524666,22.419354030923316,8.190912319394686,1.029967901893413,3.8811163236347745,1.6391685523795632,41.01804347826083,42.73883091787436,41.70645410628016,37.702743961352624,64.4911980676328,58.473714975845354,22.95461352657003
698.0,71.83883692949732,63.14561132162755,96.26748537556455,74.23710278073081,61.616963894308164,59.69894421377515,64.13299784076612,12.57225593651098,5.209032035832336,22.336416061994413,8.211699050513374,1.043196208453493,3.848096706835928,1.6350042426506985,41.05763285024151,42.80702415458933,41.710405797101416,37.77067632850238,64.51964251207723,58.46535265700478,22.93430917874394
700.0,71.8514615727469,63.1498958446235,96.32647279251623,74.24533300748197,61.627971493309715,59.71190397767844,64.14054885458204,12.555250973878934,5.192247928551355,22.30871372416682,8.145369870854699,1.0491455849830011,3.869502046710489,1.6519261841532547,41.10120772946856,42.87946859903378,41.71377777777774,37.84236714975842,64.54517874396129,58.4551980676328,22.91419806763283
702.0,71.86683145470352,63.15574746067845,96.3854468469068,74.2544078730188,61.63896856268788,59.725141899936986,64.14771492983306,12.57018833574532,5.158102110860732,22.364556658702224,8.082417294786866,1.037595927708387,3.8789386618653476,1.6559740578196989,41.14670048309175,42.95262318840575,41.71698067632847,37.911613526570015,64.56752657004824,58.44450724637676,22.895333333333312
704.0,71.88500305482277,63.15749144829965,96.4440927478453,74.26400937463949,61.65029675901598,59.738408835204886,64.1546230254351,12.554174989042185,5.211580587831882,22.369652398713573,8.133271854712953,1.0332057575732168,3.834451069724234,1.6619799014215813,41.19139130434778,43.0235024154589,41.719202898550684,37.977594202898516,64.58762801932362,58.435661835748746,22.873927536231864
706.0,71.90562857176448,63.15758401022825,96.50216486084952,74.27432457312291,61.66185528654266,59.751727757428725,64.16130701941971,12.549332022946677,5.246553177880568,22.443662540572006,8.192059216490422,1.0417413881130402,3.844055585157258,1.6440613301276183,41.23733816425117,43.09267632850237,41.72202898550721,38.04183574879223,64.6052173913043,58.43039130434778,22.85157487922703
708.0,71.92841543929815,63.16553079709464,96.55878959125747,74.2855201344849,61.67357046667557,59.765395897912086,64.16758385227584,12.56770728908534,5.1930889155198745,22.42147992942171,8.17707618521414,1.0513895162188072,3.878546980395104,1.643577583232269,41.28232850241542,43.159444444444404,41.727043478260825,38.10343478260866,64.62064734299511,58.42859903381637,22.82916908212558
710.0,71.95219720103053,63.1711072655973,96.61382024193054,74.29703616830128,61.685129550023674,59.77930637139993,64.17369141073344,12.566606597244444,5.189064091174603,22.37335124593016,8.170239932711112,1.0307353174349205,3.8544839772063493,1.6574917164825398,41.324101449275325,43.22245410628015,41.73283091787435,38.1603140096618,64.6312705314009,58.4271400966183,22.806903381642492
712.0,71.97613305623237,63.17300251819374,96.66628899116705,74.30906650143926,61.69658458017995,59.79341647688502,64.17973653237192,12.5923174606553,5.144400903021611,22.272266129191227,8.180823698603364,1.0218127337900276,3.8690709112633423,1.6414174145186138,41.365173913043435,43.282748792270496,41.739198067632806,38.20982608695648,64.63686956521734,58.424599033816364,22.78792270531399
714.0,71.99948992200633,63.18037665561535,96.71610583869878,74.32199403005897,61.708261276402766,59.807798990515025,64.18577663946394,12.587269208788197,5.162490337723876,22.30239839498122,8.187750282965258,1.0270410093168876,3.8578695551509523,1.6455237831442775,41.40501449275359,43.34142028985503,41.745951690821215,38.254198067632814,64.64087922705309,58.42368599033811,22.771101449275342
716.0,72.02139960009254,63.18727555787475,96.76250799325655,74.33515088950408,61.71984024633959,59.82251560367428,64.19154922261924,12.547385619727669,5.129548577947524,22.330317224377282,8.109288915775492,1.0463360465626026,3.8561779821986066,1.6758077881766857,41.44186956521735,43.3984830917874,41.75167632850237,38.29208695652171,64.64316425120768,58.42585507246372,22.75709178743959
718.0,72.04173158913085,63.194120704828435,96.80462692696497,74.34839319418433,61.731167474751125,59.837855471238115,64.19706178646052,12.598193400010183,5.1186529735789055,22.3777581149188,8.135038029191422,1.0504187391750122,3.8698138427046906,1.6546669692695082,41.47638164251203,43.45352657004827,41.75795652173909,38.32402415458934,64.6472898550724,58.431386473429896,22.750164251207707
720.0,72.06003607659973,63.201053861724645,96.8418528730854,74.36192026365771,61.74218342938554,59.853851470529825,64.2026379347367,12.596636448771084,5.117224498043373,22.36472651226988,8.13005758226506,1.0549409647807229,3.875408785040964,1.6335280614554217,41.511637681159385,43.50511111111107,41.76577294685986,38.35303381642508,64.65266183574873,58.43881642512072,22.75225603864732
722.0,72.07555289286334,63.20618109812223,96.8733870423039,74.37607408114798,61.75285515582297,59.8700442633,64.20805950337386,12.574789881150792,5.0849548868583545,22.295143336102246,8.104319150924013,1.0374618953705441,3.8918668310154763,1.6612934845342378,41.54720289855068,43.550115942028945,41.77128019323667,38.37679227053136,64.65508212560381,58.4485555555555,22.762449275362297
724.0,72.08782776091759,63.21129115079039,96.89791211674502,74.39067411623707,61.76338689273889,59.88643417214695,64.21342748603524,12.598320769742928,5.056467426738485,22.37487077027464,8.131316970801736,1.0243760890049953,3.8872681861013536,1.6534421982383984,41.58034299516905,43.58851690821252,41.775458937198025,38.39485024154586,64.65635265700477,58.461062801932314,22.779415458937176
726.0,72.09667618618089,63.21977570465997,96.91667632506969,74.40552020461732,61.773837321233565,59.903075356762095,64.21921546740384,12.565118971455039,5.1125807296269095,22.45169336094674,8.129370993062821,1.0211788819534426,3.84303260090657,1.6294821770047818,41.61019806763281,43.62156038647339,41.77989371980672,38.407980676328464,64.65944927536226,58.47501932367144,22.79652657004829
728.0,72.10247378019552,63.22270948965754,96.93077049838334,74.42026797162663,61.78385870832943,59.91977219569858,64.22508934947967,12.574946631484824,5.151453122954156,22.469053317478878,8.095164141404666,1.043411657871206,3.846029858248041,1.6400344314552824,41.63773429951687,43.64693719806759,41.78316908212556,38.418782608695615,64.66617391304342,58.49215458937193,22.81079227053138
730.0,72.1058917637665,63.22567760160682,96.93905591524478,74.43466980844903,61.79372560857898,59.936317787243546,64.23089578486898,12.574332739787232,5.141669242553581,22.394514895648427,8.1054567872999,1.0460894254680069,3.8623961869791907,1.6298653279136466,41.66209178743957,43.665434782608656,41.786917874396096,38.4311256038647,64.67659903381636,58.51302415458932,22.825777777777756
732.0,72.10660571982993,63.23669105358003,96.94185379093331,74.44866235013241,61.80365196611203,59.952724483599106,64.23672719142235,12.58597132412125,5.12965047292963,22.380633715490436,8.168889428643805,1.0472477309592199,3.8596587035395156,1.645458803845541,41.68480676328498,43.681589371980635,41.79159903381638,38.44659420289852,64.69151207729463,58.531531400966124,22.837647342995147
734.0,72.10479109637816,63.24637364905026,96.9402348260978,74.46229988967491,61.81348276295185,59.96900010278155,64.24288063679893,12.655181839906135,5.110113906703306,22.318908960563196,8.14708314982185,1.0504715361818018,3.848657030497424,1.6591796406113573,41.707415458937156,43.69651207729464,41.7946714975845,38.463917874396095,64.71001932367143,58.54570531400961,22.841115942028964
736.0,72.10162093507577,63.25165764800581,96.93430280739315,74.47536694578677,61.823008845499835,59.98493280933516,64.24925716478242,12.611459446361447,5.148806018698795,22.34639636958072,8.066938751228916,1.0514558223421686,3.845844876106024,1.6594981911903615,41.73028019323667,43.70911111111107,41.79659420289851,38.48319323671494,64.73137198067626,58.558256038647286,22.837830917874374
738.0,72.09759802704443,63.256408767694055,96.92505201491339,74.48809601023406,61.832679569304894,60.000845102617745,64.25571374080117,12.563962565173815,5.156053128330335,22.45399040904477,8.11293653031841,1.041224390032964,3.8807053968025715,1.6573456791011112,41.75503381642508,43.71905797101446,41.79777777777774,38.50528019323668,64.75191787439609,58.56692270531396,22.83219806763283
740.0,72.09294168671029,63.259505539206955,96.91451066372676,74.50038996320482,61.84276310527406,60.01690858093495,64.26254218810037,12.588106906443674,5.139068871003268,22.424934435501633,8.125204735987818,1.0178942279635381,3.894148643465091,1.6257340896048078,41.78157971014489,43.72918357487919,41.79858454106276,38.52818357487919,64.76500483091782,58.5717439613526,22.82974879227051
742.0,72.08784796707373,63.26129804626341,96.90297618434873,74.51214071943012,61.853094580664205,60.03281513184184,64.26971681640794,12.57513868107769,5.1378383706289785,22.444639694772647,8.154265586883861,1.0268502543561255,3.881742129878278,1.6198603052273508,41.80809178743957,43.74008212560383,41.80055072463764,38.55187922705311,64.77358454106273,58.57815458937192,22.831285024154568
744.0,72.08257110487168,63.26746750295778,96.89132455152524,74.5232200472992,61.863439013884765,60.04817849121754,64.27702280403089,12.57306653445968,5.082461736876772,22.409774127455,8.161757644956154,1.0245755251612052,3.8764239742961695,1.6254889113773323,41.83401449275358,43.74831884057967,41.80338647342991,38.57526570048306,64.77871980676322,58.58563768115936,22.832961352656984
746.0,72.07718474491244,63.27342895246934,96.88008650035465,74.53422603753995,61.873854020518316,60.06320326248612,64.28431753642283,12.583688408851206,5.148171025810735,22.367653747011627,8.114797102212801,1.0203322668456194,3.8941762253986796,1.6244099895758635,41.860666666666624,43.75058937198063,41.80802415458933,38.594893719806734,64.77715458937192,58.59142512077289,22.832888888888867
748.0,72.07245243367076,63.281877038308835,96.86860037989491,74.54489038944168,61.884201393808624,60.07805641239375,64.2917349973342,12.60172269707031,5.155727624350507,22.383785267193158,8.127905973197603,1.0293036334925996,3.8586695865364127,1.6386289698732972,41.88641545893716,43.746019323671455,41.8148405797101,38.609710144927504,64.77215458937192,58.595323671497525,22.83227536231882
750.0,72.06866910114142,63.29274309232858,96.8599750991619,74.55527566200232,61.8944896451692,60.09246178336752,64.29922688111593,12.575377522145992,5.091327645997074,22.462934424897846,8.126737681402915,1.027483292049639,3.860165531018261,1.6500629203576653,41.9108985507246,43.73730434782605,41.82126086956517,38.619183574879195,64.76811111111105,58.59666666666661,22.830565217391282
752.0,72.06650823666935,63.30153693980348,96.85454210212276,74.56533102221914,61.90488734751012,60.10609667752625,64.30697398747907,12.624047306290164,5.100597006435512,22.421750895910463,8.134995509321133,1.042347604982342,3.8600655683620833,1.6521799401287103,41.9338019323671,43.72526570048305,41.82718840579706,38.6281642512077,64.76824154589366,58.59671014492748,22.822376811594182
754.0,72.06576298796284,63.305807097105806,96.8530928087121,74.57505701771895,61.91510453650578,60.11926668058145,64.31494796656465,12.651501700494814,5.157975222011602,22.33362816785315,8.152218581637152,1.0524064936028128,3.8461408578072076,1.6429846162403752,41.9548599033816,43.71188405797098,41.83317874396131,38.639106280193204,64.77225603864728,58.59375845410622,22.808299516908193
756.0,72.06624446975631,63.311585905500024,96.85791230764703,74.58496245494226,61.925302071322264,60.131962513659204,64.32255879959372,12.612181927710843,5.162362650602409,22.396727710843376,8.151878313253013,1.0580265060240963,3.8833614457831325,1.6334373493975904,41.97385507246373,43.70336231884054,41.838009661835706,38.64785990338161,64.7739130434782,58.58611594202893,22.796082125603846
758.0,72.06863515441155,63.31935845977468,96.86758787717618,74.59522207882344,61.93559894084749,60.14395369065832,64.33010241116502,12.611689620758483,5.112908383233533,22.401004391217565,8.147256087824351,1.0684347305389221,3.902626347305389,1.6276556886227544,41.99061835748788,43.70052173913039,41.84168115942025,38.65144927536228,64.770574879227,58.57626086956517,22.791057971014475
760.0,72.07308454662893,63.333355309376394,96.88307759734539,74.60598837810983,61.945941405707885,60.15521359380552,64.33750800299475,12.636488223552893,5.114351696606787,22.392844311377246,8.169777045908184,1.057465469061876,3.880611377245509,1.618833133732535,42.00685507246373,43.70000966183571,41.842971014492704,38.65162801932364,64.7667777777777,58.56784541062796,22.791400966183556
762.0,72.07966310388174,63.34713870174723,96.90536283464199,74.61721705688299,61.95640060109408,60.16586882241615,64.34452992385846,12.605673685908412,5.096821053028698,22.314063159881684,8.19586842174016,1.0377052632700066,3.8693526311602167,1.6397368417094949,42.021318840579674,43.70147342995165,41.842434782608656,38.65187922705311,64.7652318840579,58.56334782608691,22.794159420289834
764.0,72.0886366572171,63.36075102924927,96.93295896181023,74.6284344357026,61.96661306948156,60.17595397642303,64.35121730393352,12.55242606305761,5.095598745163749,22.28506390371885,8.157844111198184,1.0394651621994133,3.873788472634756,1.6472546376098764,42.03403381642508,43.703859903381606,41.841801932367105,38.65203381642508,64.76509178743954,58.56046859903376,22.80125603864732
766.0,72.10008045937931,63.36865683375693,96.96463973434481,74.63980509593637,61.97660319709547,60.18572899798855,64.35769036026285,12.610205703962205,5.088027661858268,22.368025589568504,8.116374709215748,1.0501987202015748,3.84552795424252,1.6380392711055118,42.045676328502374,43.708415458937154,41.84280193236711,38.654971014492716,64.7662125603864,58.555700483091734,22.812217391304326
768.0,72.11365138317593,63.37174921445353,97.00103990777828,74.65177257924123,61.986484717837016,60.1949741443503,64.36398872871443,12.608109401272017,5.093672213688889,22.36775261669973,8.105517873299108,1.0390320484187157,3.83545586546855,1.645218740214728,42.05392270531397,43.716289855072425,41.844164251207694,38.65817391304344,64.7667053140096,58.54971014492748,22.82169565217389
770.0,72.12973927734721,63.38021692759424,97.04208843942261,74.66453829717285,61.996224099229885,60.203570767395824,64.3697976234177,12.575916399192048,5.157824850945527,22.3693688855666,8.181935484564614,1.0205595426862824,3.8611498493455265,1.632123013140358,42.05824154589368,43.726140096618316,41.84401449275358,38.66034782608692,64.76590338164245,58.54249758454101,22.827816425120755
772.0,72.14819638587151,63.38995824808491,97.0878536334418,74.6778482721139,62.00610180071154,60.211936603945425,64.3754434599723,12.612325714381917,5.148818620798021,22.466084481733013,8.218034285842556,1.0284856649322982,3.88521807887247,1.6423842852813737,42.05805314009658,43.740178743961316,41.84347826086952,38.666246376811564,64.76796618357481,58.53339613526564,22.830908212560367
774.0,72.16889175205397,63.3983980013977,97.1373536584073,74.69127990553739,62.01615346135444,60.21993777170957,64.38108569647761,12.592203219399172,5.105589065491517,22.530935616568808,8.185761063201776,1.046835973268213,3.86838983158158,1.6667095558498544,42.05515942028982,43.761792270531366,41.842458937198025,38.67644927536228,64.77405314009656,58.52346859903376,22.828676328502397
776.0,72.19216121404513,63.40452459854403,97.18866920098178,74.7048872213505,62.02642385056914,60.227809952387496,64.38625708670884,12.598978680834302,5.092099948339885,22.45951273136817,8.152367748751377,1.0583210185094536,3.8599141783370556,1.6428019966212597,42.05196618357484,43.79015942028982,41.840859903381606,38.692855072463736,64.78294202898545,58.51368115942023,22.82533333333331
778.0,72.2169532040317,63.4222884009872,97.24119351039401,74.71855196332287,62.037017758640154,60.23571492680283,64.39121016395688,12.6322973003776,5.154581001472001,22.4094191470848,8.1173511980544,1.0507933995007999,3.861441749376,1.644253499392,42.04970531400962,43.822681159420256,41.83736231884054,38.71568115942026,64.79463285024148,58.50490338164246,22.82690338164249
780.0,72.24254645721362,63.440096648441745,97.29546476861837,74.7318534567244,62.04790441285257,60.24348860434742,64.39607145526887,12.597701446022919,5.172515825886264,22.404768399491374,8.127208339452155,1.047593260362472,3.853329206327175,1.6246735393142753,42.049657004830884,43.85858454106276,41.83242512077291,38.740415458937164,64.80607729468593,58.49913043478256,22.831062801932344
782.0,72.26943598869615,63.451069911715855,97.35033434088758,74.74471938037684,62.05865628801822,60.25131753052374,64.40061804845011,12.561734261483807,5.149317576231504,22.48191767701721,8.131087881157521,1.0565895730583246,3.8348027790873664,1.6258491567316247,42.05132367149755,43.895270531400925,41.826458937198026,38.76499033816422,64.81657487922699,58.49830917874391,22.837410628019303
784.0,72.29697641829384,63.45387074648004,97.40481502155535,74.7572113889938,62.06938226706256,60.259223497201916,64.404913078587,12.56504848422161,5.105649494257843,22.443343938024217,8.098910607242265,1.0608247475426589,3.828477273357282,1.6515131315053728,42.05665217391301,43.93314009661832,41.82287439613523,38.790338164251175,64.82594685990333,58.50499033816419,22.84924637681157
786.0,72.32425558175599,63.457620431445946,97.45849911640826,74.76974498765448,62.080201500433155,60.26736240961231,64.40890454107675,12.560380243322635,5.056706174088096,22.375720986640466,8.142017286637584,1.0514617299582967,3.855692593521544,1.6490617299582966,42.06581159420286,43.97319806763281,41.82208212560382,38.81434299516904,64.83091787439606,58.5187246376811,22.86569565217389
788.0,72.35117079907198,63.462386905107834,97.5105150966768,74.78183422820659,62.090858264983105,60.27588718804024,64.41298020093812,12.606796473338727,5.068467001328105,22.388206549086355,8.117740805730685,1.0364171283221644,3.858864734883296,1.6488546591356665,42.07719323671494,44.01222705314006,41.823318840579674,38.83423671497581,64.83176811594197,58.540285024154535,22.887724637681135
790.0,72.37793162470737,63.47073021860345,97.56076488094106,74.79326944993197,62.10140988737311,60.284561983477836,64.41738526038156,12.598541709498424,5.097042211592863,22.458341704095407,8.11289497581379,1.0402934673692643,3.8685381915955332,1.6627874379135719,42.090410628019285,44.04635748792266,41.82886956521735,38.851425120772916,64.8311594202898,58.56984057971009,22.91083574879225
792.0,72.40477097280673,63.48592050298899,97.60874226072555,74.80458122164804,62.11184162404488,60.29346955560926,64.42199075387167,12.589482434872007,5.063586527448978,22.484499502562812,8.103461377004248,1.0438839320378677,3.8771255483944813,1.6365689623209851,42.10507729468595,44.07463768115938,41.83741545893716,38.86426570048306,64.82813526570042,58.601478260869506,22.928004830917853
794.0,72.43129853678548,63.500512937311356,97.6537565721629,74.81579294065222,62.12218908830623,60.302779851007095,64.426696566693,12.581098502412857,5.057991926352659,22.42954048189253,8.134880260716713,1.0388614148044562,3.8711573248537703,1.6211987038182283,42.12080676328498,44.0984637681159,41.8488599033816,38.87294202898547,64.82539130434776,58.6340289855072,22.942318840579688
796.0,72.45708126065789,63.507725362725175,97.69505365085695,74.82674529808412,62.13248189649096,60.31252635838054,64.43183613159995,12.576866400505283,5.097441212014541,22.439005957570146,8.167007060869931,1.0261031547995,3.8405704562914917,1.6173238356646598,42.13721256038644,44.12048792270527,41.860057971014456,38.881338164251176,64.82871980676322,58.66622705314004,22.95797584541061
798.0,72.48157296808017,63.51004066216304,97.73342940520232,74.83752423024866,62.142580160790736,60.32254311608291,64.43736567998167,12.621594831793374,5.142318614409446,22.451176114958244,8.16440717541085,1.0277733567736655,3.8711412944401764,1.6257664322633443,42.15390821256035,44.14293719806759,41.86899033816422,38.88743478260866,64.83557971014487,58.6961400966183,22.973125603864712
800.0,72.5046146221024,63.51748076857263,97.76752900645897,74.84796775068827,62.15256484792893,60.33269863734443,64.44330549495788,12.640850273417465,5.1560433502558665,22.560366715813057,8.135987294936902,1.0315633778763171,3.8575064285853684,1.653257348686702,42.17050724637677,44.16162801932363,41.8765410628019,38.89057971014489,64.84292270531394,58.724217391304286,22.984710144927515
802.0,72.52545576664868,63.521463412949856,97.79754014526972,74.85829651427048,62.16231722406211,60.3430144387452,64.44958317741704,12.633431831560724,5.088071321095732,22.51779339268911,8.122501351328841,1.0271861860461302,3.866183634054302,1.656381531394977,42.186623188405754,44.175618357487885,41.88410144927533,38.88904347826084,64.84892270531394,58.75090821256033,22.994497584541044
804.0,72.5439981028224,63.52895936295774,97.82385915239293,74.86899291066926,62.17188525062126,60.353331762939476,64.45582582160866,12.595040720216817,5.093196098682567,22.50128619441428,8.129875988196593,1.0242308657014139,3.900301000205799,1.6571280143426608,42.203091787439575,44.187811594202856,41.89179227053137,38.8787487922705,64.84865700483086,58.77671014492748,23.008545893719788
806.0,72.56058590549925,63.54356827891463,97.84564264535354,74.87946229952358,62.1812083341877,60.363837438844634,64.46232647736194,12.579835873775039,5.131416142974273,22.54665156434235,8.154333185150113,1.03745246578886,3.8536067232460236,1.6683188327216716,42.218971014492716,44.192874396135224,41.90213043478257,38.86349275362315,64.84980676328496,58.80404347826081,23.025787439613502
808.0,72.57468610743129,63.553055960739684,97.86312758137572,74.88916645305812,62.19023644907225,60.374635831650416,64.46912059519914,12.596243488808016,5.1335546098404805,22.48477795571944,8.172983066420842,1.0399634275527054,3.840533318451303,1.6562728960641282,42.2321449275362,44.18561835748788,41.915251207729426,38.845898550724606,64.85583091787433,58.82942512077288,23.039787439613505
810.0,72.5860679060355,63.55572552357848,97.87583146325136,74.8982258075167,62.198982758684835,60.385335085847956,64.47605605379204,12.61580996920635,5.161400745307937,22.522571878133334,8.16469360016508,1.0519727678095239,3.869762053295238,1.643261159352381,42.24110144927532,44.16754106280189,41.92894202898547,38.82746376811591,64.85996618357481,58.84702415458932,23.051951690821234
812.0,72.5960175545313,63.55751216355347,97.88345969890592,74.9071610633824,62.2076443110768,60.39577009056855,64.48334768060485,12.602076578053962,5.131440074946878,22.553323924383207,8.070088179467765,1.045297222987896,3.8757211016632764,1.6615077281117085,42.246106280193196,44.141347826086914,41.94346859903378,38.80917874396132,64.86144927536225,58.85761352656999,23.062463768115922
814.0,72.60422975672117,63.55661152486559,97.88748536855972,74.91635790949434,62.216239030003635,60.40604795437454,64.49077013404258,12.642819162466214,5.067827245754604,22.445304489350328,8.041301199418609,1.0458119762507654,3.860747005273037,1.678233531907892,42.24859903381638,44.10974396135261,41.957318840579674,38.78847826086953,64.85999033816418,58.86309178743956,23.070333333333313
816.0,72.61084900770484,63.55776386238577,97.88785925277338,74.92544750106724,62.224932119531395,60.41611945632666,64.49819154427917,12.645164065758726,5.118851653857596,22.375745228294953,8.124474198006844,1.0524389523461586,3.8422998503861447,1.62550914443982,42.248797101449235,44.07483091787435,41.968980676328464,38.764623188405764,64.85942512077288,58.86348309178738,23.0752222222222
818.0,72.61643339451125,63.56312940577801,97.88418493591642,74.93404196146763,62.23394323079564,60.426109040021714,64.50572599956227,12.584556382984793,5.159737233900726,22.497908511753046,8.139892553811222,1.030803191297868,3.871297872295173,1.6515882980903231,42.24752173913039,44.0381062801932,41.978719806763245,38.74047826086953,64.85992270531395,58.85754106280188,23.078048309178723
820.0,72.62113980770616,63.567896872447996,97.87866738896187,74.94214372808149,62.24327695410749,60.43607902141788,64.51302633526137,12.600467517339261,5.129728528703329,22.51400640759841,8.188513914113404,1.0201426425300593,3.877792041910201,1.6583328830739785,42.24376811594199,44.0016714975845,41.98797584541059,38.720130434782575,64.8634782608695,58.84879710144922,23.080381642512055
822.0,72.62451109926337,63.566561933793274,97.87109375611246,74.94966006829722,62.25284692008821,60.44570146217421,64.52004840330657,12.609000050328287,5.142637104972296,22.393192338127125,8.175082373356927,1.0310096645438882,3.8885769154682186,1.6343458688372525,42.23953140096614,43.96945410628015,41.99636231884054,38.70106280193233,64.8703091787439,58.83956038647338,23.0820144927536
824.0,72.6274011099502,63.563022377181944,97.8628662164285,74.95686002827709,62.26255019730653,60.455399483201504,64.52688896574699,12.604063391085715,5.144135125638095,22.46826279009524,8.186602678857142,1.0346038680380953,3.874668552736508,1.624299901968254,42.23680676328499,43.93995169082121,42.002270531400924,38.68258454106277,64.87763285024148,58.83096618357482,23.083357487922683
826.0,72.62997579521205,63.56102138147582,97.85768875042253,74.96380334748144,62.272119550276415,60.46488837749757,64.53376375115116,12.612679295622103,5.053176880323285,22.537514256840357,8.180302670473436,1.0501442813467174,3.8710904777540507,1.6393552613611773,42.23581159420286,43.91223188405794,42.00586956521735,38.66517874396132,64.88811111111104,58.82542028985502,23.084217391304325
828.0,72.63254197424664,63.555190231886144,97.85479812120471,74.9702389008183,62.28173317077285,60.47395824126248,64.54058549933532,12.581339124854606,5.089652659571215,22.538035141881856,8.163620806875327,1.062492085458384,3.8841075658005395,1.6896064204649133,42.23558937198064,43.88953623188402,42.010328502415426,38.6498985507246,64.90080193236709,58.82359903381637,23.08257487922703
830.0,72.63619487722569,63.5536884079821,97.85344615040391,74.9764915312235,62.29148181314396,60.48288197874826,64.54709624695558,12.572291590336475,5.153866068880652,22.48442703042069,8.148472672629579,1.0631537540257854,3.886293393560383,1.6794297316689661,42.237009661835714,43.872057971014456,42.01581642512073,38.637797101449245,64.91541545893713,58.82567149758449,23.079410628019303
832.0,72.64111779577021,63.55819888417112,97.85707351162951,74.98311485158547,62.30108059191318,60.491508163203285,64.55344442960893,12.641252278361723,5.120606965895408,22.453310072850293,8.156701553477443,1.048014787485333,3.8805475189170546,1.6378266165342907,42.24216425120769,43.85876811594199,42.02255072463764,38.62753140096615,64.9329323671497,58.83129951690816,23.07630917874394
834.0,72.647736351608,63.56581513686403,97.86496574177275,74.9901531286224,62.31032735848498,60.50012919523563,64.5592911045882,12.667930736198004,5.138092962567665,22.478451444669062,8.190495460879841,1.0345392214994014,3.8739229039137726,1.6331817361628742,42.24954106280189,43.85041545893716,42.02897101449271,38.62080676328499,64.95139613526564,58.83901932367145,23.073681159420268
836.0,72.65729723269664,63.570979180920986,97.87772910073181,74.99730306420086,62.31958838529362,60.50895343294811,64.56497678404234,12.632555263240182,5.138274478987918,22.422177755558913,8.183361419569483,1.0373089871374626,3.8939304869033258,1.6526350549395794,42.25885024154586,43.85014492753619,42.034739130434744,38.61877294685986,64.9677246376811,58.848019323671444,23.073811594202876
838.0,72.67026615202775,63.57439816219674,97.89826680150787,75.00495901278025,62.32906812834947,60.51743388500957,64.57084426774561,12.635432681214457,5.131603919113253,22.380729519961445,8.107200453436144,1.0391874500626506,3.900650504173494,1.6566304743710845,42.26980193236711,43.85932367149754,42.04134299516904,38.62085024154586,64.97886956521734,58.85931400966177,23.07420772946858
840.0,72.68593638648224,63.57914878924647,97.92444387964298,75.01334340483773,62.338596196818216,60.52575047506149,64.57683592195285,12.59663125228387,5.1055187472000005,22.40103280832258,8.117424996954838,1.0322906251612904,3.8677968745032256,1.6397656228387096,42.2821062801932,43.87941545893716,42.047270531400926,38.62350724637678,64.98294202898545,58.87331400966178,23.072995169082105
842.0,72.70416213506765,63.58128428280793,97.95495764801312,75.02190427982765,62.347944064492694,60.53394425434731,64.58297304212516,12.573578746106405,5.137027571239338,22.439223506819104,8.157964348851047,1.040803966558525,3.853599657484014,1.6663441235584955,42.294251207729424,43.90655072463764,42.052231884057925,38.62503864734296,64.98094202898545,58.88982608695646,23.071903381642493
844.0,72.72436993963927,63.58379220258998,97.99037454206884,75.03090926184278,62.35732885316533,60.54221591931158,64.58940180158531,12.606373787286623,5.120862954601139,22.400035003887094,8.149713389101306,1.0546279507140464,3.8360701089445515,1.6365118534413687,42.3065024154589,43.93141545893716,42.055937198067596,38.62185024154586,64.9773285024154,58.906830917874345,23.070821256038627
846.0,72.74555515314395,63.58623130977467,98.02881091317406,75.04028490825496,62.36683627323344,60.55055100847328,64.59588270531732,12.670218165293265,5.160219212600886,22.407373135445383,8.13810199774761,1.0520417709257261,3.882817311720906,1.6343205121434152,42.319077294685954,43.95358454106276,42.05870048309175,38.61136231884054,64.9721594202898,58.92226086956516,23.0720338164251
848.0,72.76693482569891,63.59786464496459,98.06904760446058,75.04978347801763,62.376291320257714,60.55854722073721,64.6022782920822,12.670011029771029,5.193790312976185,22.52762831321578,8.127136512133228,1.0553882264682863,3.9005405368648867,1.6664184796628176,42.33092270531397,43.97478743961348,42.06143961352653,38.597975845410595,64.9671400966183,58.93760386473425,23.079062801932345
850.0,72.78864820526704,63.606020302600264,98.1109451317755,75.05948431633558,62.38563366273609,60.56668977128396,64.60874515693833,12.591973379211899,5.225705824405584,22.627067809610555,8.165233450369875,1.049742391289673,3.89248221914605,1.673695228923297,42.34271497584537,43.99530434782604,42.0662946859903,38.58342028985504,64.96627536231878,58.95429951690816,23.089492753623166
852.0,72.81020315438474,63.61321950878186,98.15446301151367,75.06931996920358,62.39478877586437,60.574803632387564,64.61527084694299,12.605579899278439,5.289523459479949,22.537588472070144,8.182152932893741,1.0452739853321629,3.8916157384175403,1.6558952377457166,42.3562560386473,44.01522222222218,42.07362801932363,38.569231884057935,64.96747342995162,58.97135748792265,23.101053140096596
854.0,72.83135396237049,63.628815392844665,98.19818074827998,75.07903899267646,62.403801508047735,60.58284649295206,64.62191636362344,12.588381097176454,5.256668676426332,22.4979446362508,8.204524339306113,1.0477490271425125,3.8549579049929705,1.6561856362672722,42.36964734299512,44.03021256038643,42.08385024154585,38.55923188405794,64.97407246376805,58.98840579710139,23.111603864734278
856.0,72.8516201124697,63.63512430629798,98.2399502814119,75.08833035840404,62.41307007507352,60.59080334276481,64.62875409681321,12.630724742009807,5.204717228736456,22.489346578643854,8.183258334530862,1.0406284432033153,3.843677265789156,1.6781886837740991,42.38089371980673,44.03630917874392,42.09376811594199,38.5541449275362,64.98580676328497,59.00024637681154,23.118483091787418
858.0,72.8713988807205,63.63981631655468,98.28146907645315,75.0972657835551,62.4225054709155,60.59867334093032,64.63583445075705,12.63363279388013,5.191429000632524,22.552118167129525,8.146710084968225,1.0474,3.865110287263176,1.6796696945215874,42.391507246376776,44.04078260869561,42.09953623188402,38.55404347826083,64.9994251207729,59.00528502415454,23.120855072463744
860.0,72.89016975976848,63.64421283356831,98.32185612775892,75.10642227024127,62.432046145458635,60.606921470076195,64.64330564622985,12.58393315285995,5.1328244876122024,22.51400926667471,8.147757386074549,1.0530676520850926,3.8869789174314726,1.6407469674254411,42.404729468598994,44.05080676328498,42.10386473429948,38.558951690821225,65.01837681159414,59.00796135265695,23.11905797101447
862.0,72.90736515824348,63.64769327529535,98.35978720324275,75.11552674877541,62.44170190337667,60.61590376899544,64.65091827056575,12.636860279482145,5.094377349226654,22.49810208783335,8.110929963159705,1.0493501735995852,3.8817313592451863,1.604952961794839,42.42075362318836,44.0633333333333,42.10819323671494,38.568241545893684,65.04381159420284,59.00792270531395,23.111555555555533
864.0,72.92217341246901,63.65275582396221,98.39510824033918,75.12420276005636,62.4516836841498,60.62577886664573,64.6588375339627,12.649594763337888,5.023649127346406,22.52098029523887,8.104566831017394,1.0384251868385097,3.889309226993611,1.6466466317229849,42.43794685990334,44.0802367149758,42.112135265700445,38.58368115942026,65.07342028985501,59.00486473429946,23.09731884057969
866.0,72.93473144203065,63.65572733117712,98.42853123042882,75.13272312500416,62.46183780231114,60.636692215213586,64.6669007639651,12.623626316375697,5.052226314707527,22.569605265631107,8.145573684804853,1.0383526317761562,3.884242105364464,1.6485421069043134,42.4588985507246,44.10228019323667,42.11713043478257,38.6070869565217,65.10443478260864,59.00092753623183,23.081270531400946
868.0,72.94536333762059,63.66231281970857,98.4597815957005,75.14116975140563,62.47193039466626,60.64852814086592,64.67496210080103,12.604065867841916,5.108635428381636,22.480086775198405,8.129460777734133,1.031923951942515,3.886857334802395,1.5879402687233533,42.483198067632806,44.12794202898547,42.1234444444444,38.63859420289852,65.13600966183569,58.998299516908155,23.065285024154566
870.0,72.95316053856027,63.66608237669074,98.48944005231903,75.14989076297276,62.481908643331714,60.66129546109472,64.6833085790705,12.609794410898331,5.125491288987153,22.541912789069908,8.150472859924937,1.0389346424481543,3.8938592145311075,1.6101927491411239,42.51048309178739,44.15889371980672,42.129565217391274,38.67183091787437,65.16372946859897,58.99621739130429,23.04884057971012
872.0,72.95943287374328,63.668617416975444,98.51767613222997,75.15878665514832,62.492028853428366,60.67528849508785,64.69194312696412,12.61081387385018,5.128764644415248,22.565411137450866,8.175587817608344,1.0404908998686138,3.893291099080144,1.6278271011826284,42.541661835748755,44.190951690821215,42.13520289855069,38.704125603864696,65.1880048309178,58.99396618357483,23.032019323671474
874.0,72.96416606694797,63.676005395206865,98.54356190545074,75.16767482465585,62.50239176570481,60.69026149375005,64.70063864832935,12.608792261904762,5.1757704365079364,22.519515674603173,8.152760515873016,1.0373956349206348,3.9099688492063494,1.6445521825396825,42.5740869565217,44.220681159420245,42.141893719806724,38.73706280193233,65.20980193236709,58.99265700483086,23.016077294685967
876.0,72.96711372818022,63.686680257757814,98.56491414541193,75.17652963687769,62.51268547697355,60.70611165832144,64.70911862927716,12.598990803442844,5.168535222209674,22.497800152047695,8.12132612344736,1.0528405251350208,3.9050230932043064,1.6615839311431169,42.605159420289816,44.247125603864696,42.14999999999996,38.769227053140064,65.22699033816419,58.99035265700477,23.002840579710124
878.0,72.96902266350841,63.698840861365845,98.58283733290565,75.18557262080293,62.522935752078666,60.72282063984804,64.71709789592175,12.621328655608817,5.094436520849699,22.465907365656115,8.143780612309419,1.0565820149867735,3.8679704412985974,1.6252052136016033,42.63715458937193,44.26932850241541,42.1581062801932,38.798599033816394,65.24340579710139,58.98806763285018,22.992309178743938
880.0,72.97055625483515,63.70680240467553,98.59828300207447,75.19479492814702,62.533091627501356,60.74038108374371,64.72453535548534,12.65143801082309,5.096294878638216,22.48609113808838,8.121066075761638,1.0393580009839174,3.877509601513463,1.6202367809263722,42.66817391304344,44.28995169082121,42.166019323671456,38.8243333333333,65.26045410628014,58.987338164251156,22.984483091787418
882.0,72.9712916015282,63.71162497704632,98.61008581819344,75.20390209698346,62.543213308403836,60.75844320110828,64.73156315721026,12.646166073879591,5.07810640114351,22.534144692577055,8.145906451680426,1.044601879435063,3.912188218020448,1.6698488052056015,42.69514492753619,44.3098792270531,42.17354589371976,38.84858454106276,65.27171497584536,58.98722222222217,22.979362318840558
884.0,72.9713523702372,63.711326445192505,98.61921427369319,75.21283711048603,62.55356172175929,60.776978146486826,64.73844342434886,12.62326839294434,5.12975540049156,22.562568789049877,8.171090194804666,1.0513631160055945,3.8924317088440166,1.655571278519344,42.719217391304305,44.32764734299513,42.18049275362314,38.86990338164247,65.27071980676322,58.9885555555555,22.97694685990336
886.0,72.97108641269492,63.716101075134574,98.62528782771751,75.22130580351873,62.563864955833544,60.79580317382901,64.74527494533992,12.61131743486974,5.188379158316633,22.57788476953908,8.173944488977956,1.0438190380761523,3.861456112224449,1.6662911823647293,42.73849275362315,44.338792270531364,42.1854444444444,38.884458937198026,65.25933333333327,58.99277777777772,22.979681159420267
888.0,72.97031550046971,63.72739501607746,98.62780412850633,75.22931924599669,62.57416835957255,60.81470517489616,64.75167129517276,12.595956145567284,5.178289008929301,22.585265581010837,8.157713445485228,1.0385719519557475,3.8917907679178168,1.6407945305656046,42.75285024154585,44.34057971014489,42.188763285024116,38.88964251207726,65.2441980676328,59.000154589371924,22.986454106280174
890.0,72.96934886696035,63.73771614986529,98.62839898519017,75.23718580464636,62.58458479232245,60.83344656075406,64.75752152130495,12.566770754836417,5.093844339908999,22.63859999989831,8.120507547499818,1.0478754717441607,3.893985848971704,1.6410235850471604,42.762120772946815,44.334352657004786,42.193207729468554,38.88589371980673,65.22905314009655,59.010396135265644,22.993806763285004
892.0,72.96873928679817,63.74190327117942,98.62847221479603,75.24505442246986,62.59518568077577,60.85214937794583,64.76298090395758,12.58355609261993,5.119391943707839,22.56961344477025,8.137402316477894,1.0437450152182084,3.8871453675340417,1.6443644513169433,42.76791304347822,44.32132367149755,42.19671014492749,38.871304347826054,65.21486473429945,59.02387922705308,23.00375845410626
894.0,72.96789622703601,63.73865149367697,98.62640443020035,75.25295966627114,62.60571936061346,60.87041000724437,64.76815574046194,12.59759282557153,5.116431390522567,22.545210316174657,8.131336323937058,1.0310686098856048,3.885054259804149,1.6525533643781687,42.77183574879223,44.30813526570044,42.19780676328499,38.84892270531398,65.20104830917867,59.03680676328497,23.018980676328482
896.0,72.96728090578905,63.742892807702226,98.62459005008323,75.26068387702594,62.61583708916103,60.887756831684804,64.77284602817112,12.609841916167664,5.125680239520958,22.569910778443113,8.172162874251496,1.0347890219560878,3.8656904191616768,1.6728586826347307,42.773719806763246,44.29856038647339,42.1998599033816,38.825024154589336,65.18843478260862,59.050859903381586,23.03736714975843
898.0,72.9681304688761,63.74736072582883,98.62344916382843,75.26816973053123,62.6260191075448,60.9047946786864,64.77732866881244,12.641186175059987,5.096452135939737,22.5518037219235,8.158988938418547,1.032422825328839,3.8832401719614738,1.6603110108447987,42.77527053140093,44.28873913043474,42.20200966183571,38.7995217391304,65.17861835748786,59.066545893719756,23.053777777777753
900.0,72.97016870725393,63.75517043078132,98.6227410412626,75.27570297767122,62.63619743166255,60.92095220091773,64.78172339161488,12.688471042141884,5.083446494576353,22.60813121203046,8.154272296593186,1.0327525057026052,3.891046239846092,1.6490973930452908,42.77828985507242,44.277400966183535,42.20461835748788,38.77141062801929,65.16785990338158,59.080149758454056,23.064768115942005
902.0,72.97327507145233,63.76375919390666,98.62205415913233,75.28325413975382,62.646278481972296,60.93624643664365,64.78595288602403,12.639871728455336,5.091274463789352,22.610231943345276,8.178734425031994,1.0458681073841822,3.8809971723381116,1.639720369919376,42.782294685990294,44.26703864734296,42.20866666666663,38.73870531400963,65.15607246376806,59.092130434782554,23.06974879227051
904.0,72.97791155304587,63.765970607220325,98.62173399877783,75.29068932756596,62.6564378684958,60.95108045189862,64.7904190514664,12.636140370968674,5.104810849593574,22.60033071953735,8.130006320218474,1.0556063266184739,3.9124379490441767,1.6555219859277108,42.786342995169036,44.25851207729465,42.21091304347822,38.703217391304314,65.14799516908207,59.10164251207724,23.071637681159398
906.0,72.98466529050123,63.76631587724998,98.62296998454003,75.29818936331522,62.66656754359223,60.96559752164483,64.79508203184683,12.662945974134926,5.186806443441831,22.510694800759026,8.12427943554494,1.046678879233825,3.900405543185844,1.646822567261985,42.7914637681159,44.2553526570048,42.21294202898547,38.66629951690818,65.14111111111106,59.10896618357482,23.070908212560365
908.0,72.99334585243015,63.765888595068176,98.62433764127309,75.3056949032859,62.67665733547599,60.979983192600784,64.79988197657984,12.624670663113813,5.177470659422117,22.481788515402453,8.12689233990994,1.0170226752088258,3.9175846345138656,1.6407957724357387,42.79765700483088,44.25655555555552,42.217560386473394,38.627623188405764,65.13407729468594,59.11493719806758,23.06746376811592
910.0,73.00524187772528,63.768655878260596,98.62603721440465,75.31293064367887,62.68684374682696,60.994378163865846,64.80486664643581,12.66987469879518,5.10844578313253,22.629669879518072,8.09389156626506,1.0253108433734939,3.9089710843373493,1.642667469879518,42.8020676328502,44.254101449275325,42.22340096618354,38.58878260869562,65.12728019323666,59.11916908212555,23.060033816425097
912.0,73.01992453826719,63.77953154039218,98.62761694082954,75.32007728958122,62.696853921256725,61.00871712953521,64.81003992661442,12.620857593688363,5.134949506903353,22.608605522682446,8.133346351084812,1.05170808678501,3.9032721893491122,1.6580382642998026,42.80376328502411,44.24976811594198,42.2291449275362,38.54964251207726,65.12040579710138,59.12310144927531,23.049173913043457
914.0,73.03735901344776,63.78890286768878,98.6278968424348,75.32731942260705,62.70655952816622,61.02281250162075,64.8152202433368,12.561901770051652,5.173471117410901,22.4830098651293,8.194993224520164,1.0531097617840288,3.909635811759581,1.6428783009627776,42.80490821256034,44.24298550724633,42.234695652173876,38.50951207729465,65.11366183574874,59.12699999999994,23.037869565217367
916.0,73.05765714278476,63.79763336834475,98.62712704014808,75.3342708613521,62.716266938547854,61.03658062476978,64.82066462442909,12.5807026024448,5.1523296998656,22.570840901043198,8.2212347938304,1.0397713005824,3.8905780488064,1.64181749824,42.80411111111107,44.22957971014488,42.23995652173909,38.4695410628019,65.10415942028979,59.12935265700477,23.025502415458917
918.0,73.08035591816443,63.80740527981187,98.62602926628418,75.34101846011875,62.72597032247674,61.050208609024644,64.82615602833897,12.61071211953918,5.171905692143312,22.51681648579602,8.150815898478294,1.046742688864051,3.8815333171417743,1.6112822865722607,42.801251207729436,44.20832850241541,42.24483091787435,38.42544927536228,65.09378743961346,59.12864734299511,23.012072463768092
920.0,73.10544654365714,63.81561666853098,98.62378601256216,75.34719174723223,62.735670246253385,61.0635849424725,64.83169472335913,12.608269729780801,5.2080310873806885,22.481754467827695,8.204168912619311,1.0326596731354045,3.901436804531632,1.6257975500052728,42.79747826086953,44.17786473429948,42.24922222222218,38.3765603864734,65.08626086956515,59.12514975845405,23.00062801932365
922.0,73.13268470643756,63.82157719714973,98.62013320452003,75.35267828253086,62.74533463452904,61.076671412357676,64.83727355509127,12.619935791426629,5.1781560286719985,22.53396829112226,8.174916747809899,1.0328159532911056,3.906313459779799,1.6290705869290951,42.789164251207694,44.14212077294682,42.25303381642508,38.32762801932363,65.07872463768109,59.122125603864674,22.99186956521737
924.0,73.16197511374853,63.82596743510796,98.6147416037336,75.35759719251297,62.754987715018885,61.089683834822,64.84268870866872,12.579693353705773,5.134448301110443,22.487695420461396,8.146940177175692,1.044554800787638,3.9027202365283626,1.621876218193167,42.77450724637677,44.103758454106234,42.25616908212557,38.279231884057936,65.07140579710139,59.119840579710086,22.984149758454084
926.0,73.19271687455006,63.834719372416146,98.60856607170795,75.3618527448785,62.764665009293694,61.10266889668895,64.84804026938929,12.599628490635906,5.118941437660603,22.470061366518173,8.153657441341158,1.0375555045614193,3.8755449543858074,1.6529875635400655,42.756531400966146,44.063647342995125,42.25975362318836,38.23082608695648,65.06940579710138,59.121657004830865,22.97826570048307
928.0,73.22465618649326,63.838082482012325,98.60235431249932,75.36559128847642,62.774418637316984,61.11560047512409,64.85336586214066,12.63634548924698,5.115928800649605,22.478510815062137,8.15973487798992,1.0409174389949596,3.8788526171439126,1.6666595912622753,42.733434782608654,44.023309178743915,42.26313526570044,38.183739130434745,65.06879227053135,59.12803381642507,22.97807729468597
930.0,73.25692453886221,63.83916252821744,98.59619362976056,75.36891566829308,62.78425554697459,61.128346347137615,64.85841064148396,12.61232676056338,5.134553521126761,22.54429014084507,8.183418309859155,1.0434633802816902,3.899656338028169,1.659794366197183,42.705241545893685,43.98066183574875,42.26326570048305,38.13934782608692,65.06620289855066,59.13714492753618,22.982111111111088
932.0,73.28868145775824,63.84289105006706,98.58969872966229,75.37170601491552,62.79418797691583,61.141204171096184,64.86325021311303,12.6468236960246,5.090000595870858,22.532386140810686,8.169716988188519,1.047970193816042,3.8849704922029367,1.636352905434767,42.67562801932363,43.93601932367146,42.26192270531397,38.09602898550721,65.0630048309178,59.150323671497524,22.985371980676305
934.0,73.32005270823463,63.85504338581554,98.58416378616367,75.3735407393672,62.80405456904201,61.15387939520049,64.86799303812792,12.633588248832,5.0762054497792,22.5184554465792,8.1649672041472,1.0286728482815999,3.9045331001856,1.6115530503167999,42.64349275362315,43.89025120772943,42.260280193236675,38.0533333333333,65.06412077294681,59.16544444444439,22.98834299516906
936.0,73.35014107728577,63.86182899147839,98.58113900843395,75.37508298672749,62.814109523275214,61.16613348129308,64.87254159515415,12.564996496384,5.1089901528064,22.4543863998464,8.2239233987584,1.0264035522048,3.8723263972864004,1.6263612006912,42.61083091787436,43.84660869565214,42.25833816425117,38.010714975845374,65.0702512077294,59.178130434782545,22.990299516908195
938.0,73.3779147966777,63.86649386598067,98.58097603956362,75.37707517827329,62.82466496730576,61.17786019383712,64.87705614453287,12.55155405469123,5.203277728257683,22.47780300332313,8.196486936876912,1.0655601601498996,3.846825475765335,1.636590440412224,42.57851207729465,43.81199516908208,42.25797101449271,37.96930917874392,65.0766666666666,59.18408695652168,22.98930917874394
940.0,73.40371323925015,63.87159709118522,98.58293625845621,75.37927465421892,62.83520832962728,61.18919051169493,64.88183981826911,12.643866581624048,5.1895914384673345,22.522637524392785,8.163745292556312,1.0511698406861723,3.8611451917851705,1.6409420334941884,42.547502415458894,43.7843140096618,42.25689371980672,37.928280193236674,65.08038164251201,59.18262318840574,22.98464734299515
942.0,73.42699347411047,63.87643887530266,98.58762572982772,75.3812709189365,62.84568556160628,61.2001930568431,64.88690442942502,12.642686218667109,5.1289498703254175,22.541107518084573,8.106625566225144,1.0413441093760285,3.8759957350144725,1.6382120314863309,42.51886473429948,43.76086473429948,42.25409178743957,37.88720289855069,65.08069565217384,59.1723478260869,22.978019323671475
944.0,73.44790181413659,63.88711179511508,98.5950414755179,75.38306275655329,62.85612574201676,61.21096099701666,64.89170054128897,12.614397604534624,5.1946037921729395,22.512138424020876,8.101831137166453,1.0585532932794626,3.8739909194591196,1.6326579837519182,42.49071014492749,43.74307246376807,42.24980676328498,37.84966666666663,65.08101932367144,59.15659903381636,22.968130434782587
946.0,73.4670844636642,63.900033151121015,98.60497660303874,75.38518256451225,62.86664334421008,61.22164080112515,64.8964449315802,12.635909009559382,5.1844414392990466,22.477918019528776,8.151090091493728,1.0622657653963874,3.853781086034445,1.6384603594147518,42.465420289855025,43.73039130434779,42.2431062801932,37.81724154589369,65.08044444444438,59.13622222222217,22.954289855072442
948.0,73.48529741919819,63.9089571385232,98.61711248744233,75.387809964754,62.87715530793686,61.23196696567073,64.90112758409192,12.644880458599852,5.131004786918937,22.542589528783918,8.180778264708067,1.0656732795741877,3.9088643084975914,1.6345642066846369,42.442376811594166,43.726352657004796,42.2361062801932,37.78887439613523,65.07674396135259,59.112014492753566,22.938806763285005
950.0,73.50262405560365,63.91605860243159,98.63064856083915,75.39061192160158,62.8876305226321,61.24216522493718,64.90555909018407,12.661937029499235,5.120741976964861,22.54323993669213,8.18895942058281,1.0610317861687328,3.8692426297968656,1.6503678159757822,42.41973913043474,43.73256521739126,42.22792270531397,37.76571497584538,65.07603864734294,59.088376811594145,22.919719806763265
952.0,73.51929256683226,63.9213331994969,98.64581738007472,75.39385873516991,62.89828384874667,61.25231021676773,64.90986495723568,12.634122085352736,5.1681202793668986,22.51385618220791,8.139822986493275,1.0478019524711693,3.8651331994193914,1.6585644463676137,42.396792270531364,43.74633333333328,42.215845410627985,37.75176811594199,65.08262318840573,59.064265700483034,22.89862318840578
954.0,73.5363132219293,63.924501645406224,98.66145946742868,75.39745927132196,62.908898738073844,61.262340411440164,64.91379354755775,12.583735736961648,5.129272668077528,22.584187187557937,8.13832022415505,1.0617198197954638,3.870959358972371,1.6534686677377324,42.3738985507246,43.76670531400962,42.203768115942,37.74671980676325,65.09179227053134,59.039811594202845,22.877632850241525
956.0,73.554093562051,63.930305238788186,98.67664624504306,75.40140212301512,62.919426573567954,61.27222872755763,64.91740424775816,12.626744390753087,5.082573291498818,22.566686393003447,8.18155421688156,1.0575874872699114,3.8717312818252214,1.644773585886088,42.351275362318795,43.78841062801928,42.19253623188402,37.748381642512044,65.10311111111105,59.01749275362313,22.85516425120771
958.0,73.57274847253764,63.94239173594979,98.69178393312569,75.40587157308315,62.929884168326566,61.281824006528836,64.92080448222688,12.634342281535918,5.175580321480181,22.460237744265577,8.10582230196425,1.0484022202509162,3.8746710399695794,1.6470189715878767,42.32777294685987,43.80663768115938,42.18056521739127,37.75873913043475,65.11919323671492,58.999135265700424,22.830743961352635
960.0,73.59187295489144,63.95111706457149,98.7067537338086,75.41099216672946,62.940178818405876,61.29098146882724,64.92373108748633,12.634561964333631,5.176767827776307,22.452170995096466,8.121442200865443,1.0541218460677242,3.8614155908712986,1.622384906218703,42.30692270531397,43.824256038647306,42.169270531400926,37.776729468599,65.13970048309173,58.98229468599028,22.807405797101428
962.0,73.61139830845309,63.95926475553433,98.72065656396933,75.41642908384038,62.950321439193495,61.299669728836534,64.92625691213463,12.668074053941652,5.185034593071344,22.578829189106504,8.19329783741019,1.0530978383662597,3.8730491888196816,1.614462702675571,42.29215942028981,43.84281642512073,42.15884541062798,37.801289855072426,65.16134299516902,58.96808212560381,22.78930917874394
964.0,73.63158968387012,63.96881456151078,98.73447375014614,75.42198548229732,62.96039681760881,61.307809919940425,64.9287854902465,12.641307574665797,5.221090839784866,22.578172773861063,8.176972262542298,1.0369116170816208,3.8903509211808176,1.6274239507012618,42.28204347826083,43.86204347826082,42.1494830917874,37.83257971014489,65.18205314009657,58.95995652173907,22.778787439613506
966.0,73.65200553564786,63.97605440626204,98.74792715679716,75.42816218404845,62.97042919304981,61.31558094538879,64.93122940237708,12.609947871508266,5.183645818508965,22.547030446178344,8.126545167728056,1.0401141714253777,3.880057286154132,1.655624436421887,42.27630917874392,43.88048792270528,42.14137681159416,37.8641062801932,65.20398550724632,58.957724637681096,22.774570048309158
968.0,73.67283090095302,63.97312906956198,98.75900553656113,75.4347700735367,62.980336386201664,61.323279296642475,64.93366396768732,12.669963154390508,5.164083121133386,22.548851834054535,8.133459979672532,1.0211077464664307,3.8744850041571404,1.6598579950114316,42.275864734299475,43.89917874396131,42.13471980676324,37.89537681159417,65.22446859903376,58.96179710144922,22.77538647342993
970.0,73.6943486168216,63.972636151100296,98.76681795552024,75.44166948881023,62.990307389781435,61.33138384631982,64.93608293397864,12.687092382171672,5.14926380850482,22.52335428808969,8.136777142986197,1.0277323803931466,3.8720304766771174,1.6624095232381908,42.27796618357484,43.916797101449234,42.130927536231844,37.92767632850238,65.2390048309178,58.973188405797046,22.781140096618334
972.0,73.71585303378727,63.97850140312728,98.77327646684161,75.4489351432966,63.00018590069971,61.34001588886407,64.93837194505885,12.656100500356626,5.207063352366265,22.48212845918072,8.12469829366747,1.0468759541975905,3.8455537654746985,1.6618953332433735,42.282869565217354,43.93024637681155,42.128415458937155,37.95624154589368,65.24970048309173,58.9923091787439,22.792908212560366
974.0,73.7367264379757,63.97887500617184,98.77869618619252,75.45687606472575,63.009709254015654,61.34901484006333,64.94081205103953,12.6858,5.1824372796182905,22.54138827224811,8.152933197996024,1.0401687872636183,3.8594937856636182,1.643308199596024,42.291434782608654,43.94004830917871,42.127425120772905,37.97930917874392,65.25986956521734,59.018966183574825,22.812371980676307
976.0,73.75663816065793,63.977415726764484,98.78535622974236,75.46514387856871,63.01909337772107,61.35840962510842,64.94338649249578,12.666559106098994,5.138014837878471,22.55905990550664,8.203252666037827,1.0306321939058352,3.896799496370221,1.6545743468812877,42.30152173913039,43.94672463768112,42.127594202898514,37.99811594202895,65.26682608695646,59.051140096618305,22.839434782608674
978.0,73.77398482151867,63.98523792938899,98.7946900705054,75.47337547026905,63.028331777011275,61.367969937023894,64.9460227053045,12.62980009963935,5.150704193543687,22.569996054685593,8.18024712885045,1.0296192214225115,3.916107738562499,1.6448472791785709,42.31343478260865,43.950845410627984,42.12673429951687,38.00967632850238,65.2715507246376,59.08798550724632,22.866743961352636
980.0,73.78857348386333,63.996099505491706,98.80523109157096,75.48167979379426,63.03750328194533,61.37795559594283,64.94883939449066,12.629042473740858,5.1286927208714514,22.508543271960548,8.14924087730148,1.050633001358612,3.9079158507379717,1.646913957741881,42.326304347826046,43.948806763284985,42.12686473429948,38.01283091787436,65.27507246376805,59.1267826086956,22.891072463768097
982.0,73.80080326988269,63.999857188246985,98.81856251137528,75.48993684395963,63.04659940779763,61.38818555068328,64.95189148785165,12.628271606804498,5.130088733628082,22.53415478210451,8.171881523042371,1.0502849772734295,3.8978990491080316,1.6485554834701808,42.336864734299475,43.93943478260865,42.12756038647339,38.008246376811556,65.27607246376806,59.162285024154535,22.916304347826067
984.0,73.8099673975097,64.00364605713324,98.83745340714468,75.49807321471354,63.05571810162901,61.39832601102882,64.95512508258648,12.630764813282331,5.147306766676475,22.54218646664705,8.20897909794072,1.0330840597595088,3.916716691545931,1.6591,42.34485024154585,43.92760386473425,42.128966183574846,37.99541545893716,65.27328019323664,59.19149758454101,22.942608695652154
986.0,73.81588086355855,64.01357520119718,98.86156396349203,75.50604083915901,63.06506974576347,61.40823765010966,64.95857571415279,12.647133199875224,5.150352514024569,22.54403046249734,8.136209405152316,1.0461838236028693,3.9074543552877445,1.6526840714730615,42.34994685990335,43.913410628019285,42.13240096618354,37.97570531400962,65.26542512077289,59.214884057970956,22.968898550724617
988.0,73.81947358799759,64.01924312646369,98.89009143066808,75.51306908755066,63.07417426263163,61.4181566352714,64.96225594939354,12.62255384623352,5.185125424826347,22.500142706973495,8.091732668116993,1.0659226271889628,3.89891208786656,1.6598250751216734,42.35301449275359,43.89277777777774,42.13491304347823,37.948135265700444,65.25423671497578,59.23584541062796,22.994053140096597
990.0,73.82097280634704,64.02479785793166,98.92571140723474,75.51932685404097,63.08298893112526,61.42798836776729,64.96611677325451,12.6623434476416,5.2635618461568,22.4681501997056,8.157410251712001,1.0416590502784,3.89693874976,1.6688846509952,42.35308695652169,43.8695024154589,42.13467632850238,37.914821256038614,65.2420628019323,59.255386473429894,23.017555555555536
992.0,73.82038195741958,64.03121781707173,98.96600707577856,75.52562065001854,63.091617564170164,61.4372695736601,64.96989875277409,12.7022572576007,5.286232043256932,22.5031796590558,8.153247112542163,1.0301680058986726,3.883475388895668,1.6426443996362254,42.34797584541058,43.84987439613522,42.13399033816422,37.87980193236711,65.23012560386466,59.2727826086956,23.037714975845393
994.0,73.81869201359105,64.04065956678502,99.01185534030319,75.5319101172579,63.10020499616544,61.44613366655271,64.97369820738776,12.66845327846091,5.192406167869545,22.532706757070684,8.163097646943928,1.0203885405656548,3.8808993163471537,1.6452790413866223,42.33909661835745,43.8325024154589,42.133884057970974,37.84364251207727,65.21490338164246,59.28618357487917,23.052888888888866
996.0,73.81671481710146,64.04560106747927,99.06353784529054,75.53763420259511,63.108696110451824,61.45476291415745,64.9775050863282,12.628908644419155,5.164037595504038,22.494104450864306,8.132889564942746,1.0294635802233918,3.9013485425481806,1.6564281844205608,42.32481642512073,43.81557004830914,42.13294202898547,37.80583091787436,65.19590821256033,59.296835748792205,23.06269082125602
998.0,73.81343523081289,64.05623221611465,99.11916950725222,75.54264089357095,63.117117048801404,61.46308683994469,64.98110011048472,12.633472944589204,5.189102839265679,22.5346170325583,8.153402689670866,1.0348666676785916,3.8855077728587455,1.632286249420269,42.306502415458894,43.79796135265696,42.131526570048266,37.767729468599,65.17741545893713,59.30303381642506,23.068004830917854
1000.0,73.80920626317693,64.06655493702314,99.17789017870446,75.54713701405161,63.125517752785186,61.471095637974926,64.98461448184547,12.61985325482329,5.18823905353708,22.628028895612328,8.177414102243988,1.0327948715165125,3.9024285005290413,1.6363687371447715,42.2861256038647,43.77733816425117,42.13117391304343,37.73192270531397,65.16361835748786,59.3037246376811,23.06981159420288
1002.0,73.80550088543863,64.07500800955913,99.23981753953707,75.5511671839358,63.13376887746837,61.47870406311513,64.98812518966704,12.627427795389904,5.147750679033834,22.60468120072663,8.139659871826664,1.0470539665316556,3.915019301131665,1.6607166239978455,42.264483091787405,43.75426570048305,42.13219806763281,37.69856521739127,65.15442028985501,59.303951690821194,23.06739613526568
1004.0,73.80184205451344,64.08542327552918,99.30381982621385,75.5546467350749,63.141845912167426,61.48566829159587,64.99151015189713,12.659229237598925,5.114705667035945,22.57075606805337,8.097827432760527,1.0415124372597835,3.9017806921320317,1.668118957042715,42.24242028985503,43.728512077294646,42.13551690821252,37.667763285024115,65.14845410628014,59.30402898550719,23.059536231884035
1006.0,73.79848866022517,64.09964560290416,99.36999944198402,75.55741454223791,63.14983587358969,61.49206465063282,64.99474541654435,12.664071871528378,5.1298358601599725,22.551323355376848,8.17632244812625,1.0362913610610511,3.911463686214728,1.655535463006394,42.219608695652134,43.70447826086952,42.14144444444441,37.641352657004795,65.14546376811589,59.300144927536174,23.046280193236694
1008.0,73.79615959985951,64.11025290179772,99.4377194535066,75.55962902572841,63.15799995868797,61.49799978213174,64.99782981318027,12.68729128702626,5.110850980536436,22.569805505653857,8.202061092934155,1.03846204290314,3.884915577068501,1.624741460694769,42.198149758454065,43.688246376811556,42.149690821256,37.618024154589335,65.14504830917869,59.291536231883995,23.029536231884038
1010.0,73.79535994356779,64.12599127191444,99.50518879952939,75.5612461441227,63.16611748515383,61.50357873904423,65.00085912348652,12.685354189426807,5.098163260813113,22.623351858164064,8.168649876861076,1.0403845810573193,3.880550023150422,1.6466211202672045,42.18014492753619,43.67919806763281,42.15874396135262,37.599323671497544,65.15150241545888,59.283487922705255,23.011864734299497
1012.0,73.79658236569072,64.13761478375484,99.57096913052514,75.5629354195467,63.17427446965732,61.508708890226984,65.00387005374658,12.704092771084337,5.108427309236948,22.662572891566263,8.116340562248997,1.036093373493976,3.9099570281124496,1.6593273092369478,42.16526570048305,43.67484057971011,42.16886956521735,37.58904830917871,65.16664251207723,59.27588888888884,22.9922222222222
1014.0,73.80066550714642,64.14098449702882,99.63422108093688,75.56515516134574,63.18255947523323,61.514184065858586,65.00709056768032,12.7094028,5.1222734,22.7075856,8.137773600000001,1.037807,3.8679748,1.6513842,42.15435748792267,43.67375845410624,42.18150724637677,37.58664251207726,65.1880628019323,59.26685024154584,22.97073913043476
1016.0,73.80794549392112,64.15166622687758,99.69402187680475,75.56797331752246,63.19073534752763,61.52007735776216,65.01040981413227,12.665524723861443,5.18451070915464,22.684408003383094,8.189486484659794,1.040558457949691,3.8647657665451542,1.6343492495983503,42.14943961352653,43.677391304347786,42.1950483091787,37.59145410628015,65.21335748792264,59.25687922705308,22.951115942028963
1018.0,73.81781842031604,64.16861493010798,99.74855447525793,75.57139343978804,63.19881091012305,61.52639429130033,65.01374527302106,12.660112124548345,5.10789799499184,22.613970641934024,8.112141782683217,1.046145290960123,3.9016599203065434,1.6428596192628946,42.14765700483088,43.68581159420286,42.209661835748754,37.60211594202895,65.24129468599027,59.24703864734294,22.935227053140075
1020.0,73.82994406844502,64.1825053136467,99.79882039300568,75.57537750519877,63.20698684734821,61.53303631908131,65.01743517858924,12.6702775011328,5.0783099955712,22.6201850048512,8.1304649893888,1.0455075034624,3.9114350026752,1.646212499712,42.147884057970984,43.70199516908209,42.223642512077255,37.61833816425117,65.272420289855,59.24016908212555,22.923169082125582
1022.0,73.8446708996807,64.19571067720192,99.84367776179603,75.58006341386954,63.215221760484106,61.539869105932944,65.02156953346125,12.672423732790385,5.119914796267078,22.57145104314922,8.178657501620338,1.018240615355908,3.9035643481462943,1.649601886722662,42.15067632850238,43.727043478260825,42.238236714975805,37.64213043478257,65.30605797101443,59.23668115942023,22.91448309178742
1024.0,73.86095610777342,64.21217926868081,99.88328018677107,75.58559044839971,63.22341353710595,61.54693751057916,65.02574647398153,12.663466885582949,5.129047609247385,22.500742830434856,8.139848967464554,1.0313677400586134,3.9011711633466764,1.6290742332078758,42.15766666666663,43.757183574879186,42.25342028985503,37.67240579710141,65.3403091787439,59.23638164251203,22.906314009661816
1026.0,73.87844623144078,64.22596713863823,99.91666487638916,75.59225873401823,63.23179768434579,61.55412549954139,65.02995935557766,12.66371652594547,5.178467100175379,22.493549427508285,8.1485541681993,1.0481340989732137,3.867696704948661,1.6257067404308008,42.169787439613486,43.791594202898516,42.2672946859903,37.706202898550686,65.37383091787433,59.23785507246372,22.897584541062784
1028.0,73.89842599359979,64.23157345478099,99.94373605179875,75.60008245785036,63.24061666559963,61.56155752388166,65.03419721286524,12.680433462934914,5.218245877535913,22.587777853688003,8.128162265551554,1.0503611712850893,3.8791475680001546,1.6602138032547336,42.1830483091787,43.82753140096614,42.28213526570044,37.7410676328502,65.40518357487916,59.24146376811589,22.891391304347806
1030.0,73.92036268989172,64.23588144463088,99.96642974374497,75.6088411496544,63.24965187237083,61.568775540447554,65.0384553857166,12.662542892175015,5.155686591000732,22.594689049835008,8.165912304869117,1.0444311902880985,3.8843290811876137,1.6516139128216523,42.19696618357484,43.86575845410624,42.29899516908208,37.77560869565214,65.4340048309178,59.2487439613526,22.890830917874375
1032.0,73.94378602379905,64.23857836594367,99.98560106351107,75.61838483992754,63.25877716226489,61.5758449596144,65.04286133105474,12.66194822357975,5.133455527667081,22.624433761221482,8.176924284444574,1.050347235894791,3.8826700886851784,1.641594323799839,42.21456521739126,43.90692753623185,42.317753623188366,37.81251207729465,65.46405797101443,59.26062801932361,22.89727053140094
1034.0,73.96869844231203,64.2441347288933,100.00032351004971,75.62864858479068,63.26806595242733,61.582727880908216,65.04744721772153,12.633847592043216,5.212943587907771,22.608743233711756,8.156643081694742,1.0556566142712265,3.889814394516592,1.663649670119444,42.23577294685986,43.94610144927532,42.33651207729465,37.85071497584537,65.49545410628014,59.277492753623136,22.909173913043457
1036.0,73.99488961357444,64.25233361712499,100.01069226280856,75.63967995196256,63.27736880177177,61.58949629021452,65.05227534371215,12.645466818316205,5.219144713695732,22.575193786090228,8.145928120505562,1.0470440607224358,3.8866376935976126,1.6626355908557562,42.259246376811554,43.98659420289851,42.35459420289851,37.88783574879223,65.52590821256032,59.29676328502409,22.92327536231882
1038.0,74.0219130982481,64.26554333395731,100.01766771190789,75.65181948371729,63.286631865398924,61.596053560066245,65.05736353205862,12.603506412017635,5.190728909223247,22.593929864157115,8.157619339940682,1.0452212434084167,3.8895271032432865,1.6288758526460922,42.28354589371976,44.03274879227049,42.37314975845406,37.92499999999996,65.55373913043472,59.316516908212506,22.935705314009642
1040.0,74.04941335418509,64.2714894172245,100.02077850326323,75.6649489084803,63.29597849418487,61.602375090262626,65.06267610919222,12.617549952445328,5.160549647917296,22.599581604771373,8.206946622282306,1.0468694322767396,3.898846622282306,1.6427969679650098,42.309531400966144,44.0815410628019,42.39215458937194,37.96018840579706,65.57356521739125,59.33483091787434,22.946149758454084
1042.0,74.07765863309066,64.27576803994548,100.02246367585211,75.67835141775176,63.305229078388535,61.60850255257714,65.06824085827614,12.66083167938946,5.125567320093279,22.55903323575392,8.192707666936696,1.0309157896688668,3.9166116282510557,1.6304151374784117,42.33674396135262,44.128594202898505,42.40980676328499,37.991236714975805,65.58468599033812,59.35095652173907,22.952975845410606
1044.0,74.10583365668397,64.27862243916353,100.02259953049861,75.69170050928001,63.31429264801799,61.614713303396435,65.07421006433108,12.660937131246765,5.171603597881175,22.556972061238888,8.124729335387645,1.0302935530088893,3.881804997207156,1.6237240381321032,42.36523188405793,44.17295652173909,42.42552657004827,38.01821739130431,65.5916859903381,59.36592270531396,22.957454106280174
1046.0,74.13304999776588,64.28724858381884,100.02073026773837,75.70483754161081,63.32333253091347,61.62116048514521,65.08049265505527,12.650199699667688,5.1773506008311925,22.552273424754457,8.162288288705454,1.0350234235884894,3.880929429568485,1.645262612791184,42.39616908212557,44.214690821256,42.440560386473386,38.044661835748755,65.6003091787439,59.377710144927484,22.962584541062782
1048.0,74.15941400380336,64.29665359164875,100.01827512540936,75.71785061355332,63.33218273639073,61.627859296472835,65.08718805327328,12.656246740108115,5.193193831619262,22.680461835802564,8.174987964301735,1.0548627883562873,3.8996273821161007,1.64886439337625,42.42763285024151,44.25492270531397,42.454980676328454,38.07278260869562,65.6145555555555,59.38607729468593,22.963444444444423
1050.0,74.18455551970166,64.29978385926836,100.01410114273786,75.73076693922312,63.34085540359037,61.63494147717579,65.09436128690696,12.687369319525692,5.169502272050592,22.577948858548616,8.134730682422134,1.0402170442750989,3.903956818238735,1.6339409097106719,42.45942995169078,44.2983333333333,42.467082125603824,38.09925120772943,65.6300434782608,59.39316425120767,22.959840579710125
1052.0,74.20837077650565,64.30991992702566,100.00935464637259,75.7431454769548,63.34936821611073,61.64295723417649,65.1018106048166,12.696959849157334,5.133227406003193,22.559734104342496,8.133009622413578,1.033348513568708,3.9144573801697646,1.6396339043916828,42.4900483091787,44.34415942028981,42.47698550724634,38.12542028985503,65.64662801932361,59.39745893719801,22.953864734299493
1054.0,74.23119700405125,64.32177153930684,100.00951915542608,75.7547665866724,63.35800416592955,61.651776125002755,65.10946984725645,12.634938978929247,5.117264328242319,22.68192685330044,8.116913927812607,1.0545062124128208,3.901081663959171,1.6398837673406035,42.519657004830876,44.39346376811591,42.48541545893716,38.155497584541024,65.66716425120768,59.396797101449216,22.94446376811592
1056.0,74.25274094060596,64.32978794165668,100.01452342494731,75.76573524035041,63.36664748568178,61.66130668310494,65.11718229508672,12.5924206020608,5.125760497664,22.6741402952704,8.133105202073601,1.0477551988736,3.8808432024576,1.6463623992832,42.551328502415416,44.44730917874392,42.49249275362315,38.19176811594199,65.6951594202898,59.394396135265644,22.93593236714974
1058.0,74.27345466765233,64.34040484809965,100.02439533225777,75.77629234572215,63.37484885731846,61.671567243942405,65.12503947044367,12.642077552752369,5.113248432532156,22.624341214135633,8.167507218396523,1.0480855157660434,3.8849345933187447,1.6425108513152396,42.586864734299475,44.50432850241542,42.49773429951687,38.23646859903378,65.73121739130428,59.3910289855072,22.933787439613504
1060.0,74.29394798915855,64.3478519529265,100.04166475505427,75.78674297456477,63.38294953299353,61.68231034590305,65.13297318729738,12.713201947762181,5.184606444125343,22.630060419097983,8.148609447078362,1.0542596705314438,3.8583431784889375,1.6410386808847952,42.62501932367146,44.564946859903344,42.502483091787404,38.29061352657001,65.76938647342989,59.38564251207724,22.935816425120752
1062.0,74.31385851255443,64.35307984475641,100.06510877437337,75.79704434339786,63.390957270276445,61.69391598824502,65.1410883869105,12.72505806451613,5.214407258064516,22.599407862903227,8.123481451612903,1.049120564516129,3.8672770161290324,1.623339314516129,42.66571980676324,44.627144927536186,42.50690821256035,38.35034299516904,65.80733333333326,59.381405797101394,22.94177777777776
1064.0,74.33272436630452,64.36057370315855,100.09343287819179,75.80684071308052,63.39875712499927,61.70608463923012,65.14906799419406,12.679619024857349,5.169138047054795,22.55631863235318,8.16787931697456,1.0495293663700689,3.8928330725505202,1.6332625350517052,42.70884541062798,44.6888405797101,42.509400966183534,38.414096618357455,65.84567632850236,59.378487922705254,22.949734299516887
1066.0,74.35049409728404,64.36975943114686,100.1265844796014,75.81607206460434,63.40655145327772,61.71882976285216,65.1569316207903,12.683169462770117,5.175765928235611,22.6268662256512,8.18331799672351,1.046414660466065,3.9075703740421677,1.6705571281509164,42.75240096618353,44.75145893719803,42.51140096618354,38.48439130434779,65.8837632850241,59.37710628019318,22.959019323671473
1068.0,74.36740683951076,64.37838892607476,100.16455052763203,75.82500614596596,63.41425546986644,61.73193661865651,65.16517451405849,12.683668891609312,5.177098079469032,22.674934496836322,8.195364440834863,1.0536484065067768,3.9014061201483012,1.652718360444904,42.796120772946814,44.8175024154589,42.51195169082122,38.559980676328465,65.9208937198067,59.378130434782555,22.972028985507226
1070.0,74.38372764120834,64.38112740587565,100.20521669873357,75.8340626749003,63.421771924485306,61.74543754186174,65.17342574911183,12.662457649539641,5.19577151464111,22.68134156430234,8.182183619953445,1.0489247420419003,3.874284995729975,1.6380567651118707,42.843294685990294,44.885724637681115,42.51192270531397,38.641299516908184,65.95754106280188,59.38247826086952,22.98333333333331
1072.0,74.39830573445072,64.38388867879475,100.247795054231,75.84370112275545,63.42946253904965,61.75942302986251,65.18150114290276,12.677656983566205,5.129511173352287,22.68767821258191,8.188931285563227,1.0549564247217706,3.8740815656485217,1.6463854740231534,42.895386473429916,44.95657487922701,42.51340579710141,38.72742995169078,65.99235265700477,59.38868599033811,22.99110628019322
1074.0,74.41176246012411,64.39348903084715,100.29403881944695,75.85322263732958,63.437401057371105,61.773727535605765,65.18953877702364,12.700398748864,5.1712714971392,22.6463505036544,8.182963751616,1.0533145003776,3.8951052509312,1.6386679990784,42.947811594202854,45.033468599033775,42.516714975845375,38.81548309178741,66.02580193236709,59.39651207729463,23.000125603864717
1076.0,74.42374279218046,64.39524381016179,100.34186214468332,75.86290307714829,63.4454619802482,61.7882725138186,65.19753268950187,12.708641370436391,5.163974035821818,22.62596828506749,8.17966993549286,1.0402861429453425,3.8831189095525915,1.6563990495470822,43.00015942028981,45.111995169082086,42.522212560386436,38.90542512077291,66.05901449275358,59.4087632850241,23.01094685990336
1078.0,74.43414743589541,64.3937131064101,100.39066869616637,75.87318648761999,63.453584895892085,61.80296364098238,65.20550584828723,12.720213197742833,5.129471803831316,22.669904665326595,8.20455765120729,1.0448317117047223,3.9014158059625514,1.6482641740815245,43.053144927536195,45.18595169082121,42.527260869565175,38.99890338164248,66.0919903381642,59.42285024154584,23.02112560386471
1080.0,74.44426487484571,64.39423901376827,100.44116480107769,75.88408743058334,63.46189482046886,61.81741359220138,65.21381508485489,12.706597121419485,5.16970089743846,22.57697877406174,8.164568227524034,1.047484486935153,3.9198450022143807,1.6295161617212162,43.10681642512073,45.25634299516904,42.53222222222218,39.09567632850238,66.12482608695646,59.43800966183569,23.028169082125583
1082.0,74.4535971995322,64.39759819475378,100.49094328965501,75.89556885515731,63.470427118855994,61.831632771497276,65.22240432827894,12.6485207581791,5.1360446108671765,22.520465667789626,8.178658681441428,1.0338225547270328,3.9293923152213734,1.640875249037956,43.15995169082121,45.32595169082121,42.53741062801928,39.19240579710141,66.15406280193231,59.45404830917869,23.031884057970995
1084.0,74.4618915878019,64.40222054626983,100.5385082861675,75.90775509737924,63.479068210800044,61.84559261766091,65.2311626479027,12.690001409247168,5.130747463555682,22.655288960550028,8.22187769667897,1.038975238076135,3.904044295276125,1.650490505267608,43.212454106280155,45.39821256038643,42.54309178743957,39.2892753623188,66.17685990338158,59.46829468599029,23.034376811594182
1086.0,74.47068906285153,64.41069341487093,100.5841211370269,75.92050387208484,63.48770424157483,61.85886253846017,65.24009858877858,12.706563380962052,5.174084694248414,22.68436793012929,8.180669784573254,1.0334694847497514,3.866413206987071,1.6340251628654274,43.26717874396131,45.47060869565214,42.55070531400962,39.38881642512073,66.19520289855066,59.47980676328497,23.03587922705312
1088.0,74.47996460884522,64.41302767701012,100.62536349324037,75.9335492372048,63.49645723950772,61.87148388745513,65.24916185056429,12.699982560520336,5.2073036879305254,22.58199237612381,8.160813004799586,1.0286297460510694,3.889808071385094,1.6517729444106286,43.32393236714972,45.54128985507242,42.559864734299474,39.48873429951687,66.20745893719801,59.48997584541058,23.035400966183552
1090.0,74.48954699219884,64.41238856544871,100.66242249996421,75.94684050151022,63.505334146947256,61.883407827371535,65.25847993561109,12.679613927816341,5.140891754448332,22.64045367747488,8.171429431025127,1.0356959006118212,3.902492839635527,1.6561337287406215,43.380695652173884,45.610231884057924,42.57018357487919,39.58433816425118,66.21564734299511,59.50014492753618,23.033159420289834
1092.0,74.49907109697737,64.41779657735944,100.69550728655072,75.96056154863903,63.51433220120422,61.894982634245245,65.26803019858038,12.642054546177903,5.13625850810632,22.65752092330063,8.205068461137014,1.0526233620224963,3.919742814304693,1.6454072117893659,43.437227053140056,45.676188405797056,42.58005314009658,39.67636714975841,66.22366183574873,59.509830917874346,23.03119806763283
1094.0,74.50826369004889,64.42823839182866,100.72333121912949,75.97450892758307,63.52333694933223,61.906022388591865,65.27766392910608,12.696580751744,5.1695096984064,22.6242921508608,8.201211999744,1.0487847000064,3.9235582980096,1.6357053992448,43.49506280193232,45.739086956521696,42.59086473429948,39.76860869565214,66.23066666666661,59.51855072463763,23.032227053140076
1096.0,74.51763199586811,64.43314145416359,100.74524897423201,75.98835717762825,63.53232727608158,61.916672596949795,65.28746241049198,12.733596548746352,5.13946351074714,22.6442271206501,8.191254042988561,1.046561143807495,3.8943824462643,1.632374261131361,43.5520869565217,45.801855072463724,42.60340579710141,39.8582946859903,66.23714492753618,59.5258212560386,23.033623188405777
1098.0,74.52714870379491,64.43218789747172,100.76289906359487,76.00218417741068,63.54159227314271,61.927141454639504,65.29764438233279,12.730180821405392,5.121394519807788,22.70005525340947,8.19938219249251,1.0409730592544517,3.8847520539291063,1.6507721463047096,43.60796135265697,45.866864734299476,42.6154637681159,39.94153140096614,66.24367632850236,59.5317632850241,23.032241545893697
1100.0,74.53719196469898,64.44135151947948,100.7789471377628,76.01591216763104,63.55102508581728,61.93761271085893,65.30789961427925,12.712422034802277,5.146155333477151,22.70033454315245,8.207917171640943,1.0475056572567931,3.8567953846568215,1.6634439203749822,43.66412560386469,45.92993236714971,42.62665217391301,40.021729468599005,66.25093719806758,59.5371014492753,23.029797101449258
1102.0,74.54716881544302,64.45224441192933,100.79484545342041,76.02947349147793,63.56045482421749,61.947698898883345,65.3178673672966,12.679229516014015,5.160031332619582,22.644694954100178,8.170965540085767,1.0449031788046452,3.8678606456547744,1.6598031283150356,43.72079710144923,45.99057487922701,42.63718840579706,40.099951690821214,66.25542995169076,59.539512077294624,23.029830917874374
1104.0,74.55732352527527,64.4566757699207,100.80938562746557,76.043250568188,63.57000466666187,61.957318526431266,65.32763606025479,12.659017240926682,5.145122987339323,22.699489655183,8.141062069055513,1.0275057470267348,3.9132436775874133,1.6351781610527703,43.77757487922701,46.050183574879185,42.647893719806724,40.174309178743925,66.25848309178738,59.540227053140036,23.036550724637664
1106.0,74.56812695925417,64.45884832326647,100.82344652364822,76.05689533315054,63.579645169919374,61.96647742377326,65.33739700434843,12.697549750457297,5.174371148339655,22.690257712185165,8.175289548754757,1.0444875612776159,3.927045275678903,1.6265422885535388,43.835231884057926,46.10964251207725,42.65898550724634,40.246579710144886,66.26199516908207,59.54342995169076,23.048227053140074
1108.0,74.57986880663813,64.46453109083042,100.83720057491408,76.07017123423269,63.58913516658852,61.97540649970938,65.34677420858539,12.698770528608419,5.167643830554562,22.69129521451511,8.21002619582956,1.055076070408901,3.884701511006195,1.627869521451511,43.89511111111107,46.163884057970975,42.668855072463735,40.3149371980676,66.26421256038643,59.54965217391298,23.05774879227051
1110.0,74.59188328471436,64.4723043862081,100.84884015281837,76.08304589727297,63.59864192639065,61.984149603146,65.35611026046055,12.686247852176761,5.209056093509301,22.724273576594697,8.163880669124113,1.0478219280481484,3.8779321179599844,1.626183416546115,43.95672946859899,46.2084444444444,42.677671497584505,40.37815942028982,66.26698550724632,59.55942512077289,23.064004830917852
1112.0,74.6042828927003,64.47835147841627,100.85983183860988,76.09505583957684,63.60811828386322,61.99260987282925,65.36538652861861,12.693120059631138,5.144423304584431,22.783778639827545,8.151099200651498,1.0463897703473053,3.89975868171497,1.6202379242538922,44.02082608695648,46.24968599033812,42.68677777777774,40.44107246376808,66.27216425120768,59.5751207729468,23.07005797101447
1114.0,74.61605746351664,64.4898112143877,100.87088901518933,76.10644789090337,63.617371542201745,62.001198682933456,65.37466291133005,12.6825727011328,5.164218946892801,22.76353500544,8.173406249600001,1.0469567001088,3.8976644514048,1.6343611987968,44.086362318840536,46.29157487922701,42.695690821256,40.503724637681124,66.27982125603859,59.59617391304342,23.077797101449253
1116.0,74.62657790338268,64.49736500540476,100.8813872502984,76.1175143463542,63.62656332819793,62.010126004753296,65.38427952574322,12.69285242731465,5.206963245436579,22.65851517307049,8.17804917387118,1.0458927891450869,3.878692037784422,1.661271707332894,44.1511256038647,46.334555555555504,42.703927536231845,40.56443478260865,66.29007729468593,59.61789371980671,23.08498550724636
1118.0,74.63519993630035,64.50573789596034,100.8928419740756,76.12876175489467,63.635884356857154,62.01926539670357,65.39387588460902,12.711284492982987,5.177393897326458,22.658858628992622,8.14225042624831,1.0461623311956032,3.89278339151709,1.6683147573814185,44.217777777777734,46.38283574879223,42.71405314009658,40.627666666666634,66.3031014492753,59.63989371980671,23.085830917874375
1120.0,74.6413202471182,64.51576144782895,100.90456913530782,76.14011119745454,63.64529740018278,62.02889208253986,65.40352842443427,12.67519730813303,5.162180358915596,22.655093370084522,8.173964705037827,1.0497475572736228,3.8902647059949564,1.6697308075600914,44.28420289855068,46.43900483091783,42.72690338164247,40.69198067632846,66.31728502415453,59.66061352656999,23.081193236714956
1122.0,74.6451910687097,64.52739138163531,100.9178438633066,76.15130528163257,63.65468844094125,62.038955876338505,65.41356695810158,12.70570881244983,5.19457090571176,22.635305157662398,8.23994531871292,1.0530765649136202,3.8829348020749714,1.6692127692069847,44.346507246376774,46.49863768115938,42.73736231884054,40.754256038647306,66.33224154589365,59.67971497584536,23.071917874396117
1124.0,74.64697777575768,64.53546815293831,100.93288264317131,76.16274938155394,63.66391264452634,62.049471562886424,65.42397428205646,12.71196204182135,5.19331398982547,22.623641559876383,8.15250889447889,1.0531155840329645,3.8812526482319374,1.6688418578696094,44.40867149758451,46.55324637681155,42.743966183574834,40.8162946859903,66.34758454106274,59.69563768115937,23.05640579710143
1126.0,74.64721397768476,64.54100811231933,100.94969909829801,76.17410035547518,63.67307013293466,62.0604630642103,65.43482734190582,12.656608207887363,5.183612309114727,22.604043643461466,8.146571568575196,1.0523940945237016,3.8755640635474475,1.670808108254936,44.46867632850237,46.5992173913043,42.748251207729425,40.875724637681124,66.3617053140096,59.705550724637625,23.039676328502395
1128.0,74.64546186360936,64.54444566106288,100.96856505920479,76.18527996578065,63.68243953399913,62.071763458859145,65.44607116140163,12.664331738862627,5.253629347156569,22.619123218118016,8.188739413225495,1.0504574485356404,3.8906928248818247,1.6576626313435103,44.52455072463764,46.63957487922701,42.751753623188364,40.933222222222184,66.37477294685985,59.71440096618352,23.02314492753621
1130.0,74.64104106426497,64.54786766060938,100.98868238802292,76.19668867660441,63.69188096762556,62.083341575000276,65.45743624726096,12.706951545864706,5.2931506983465155,22.719918694953943,8.192410568690054,1.060031904285103,3.904384546457616,1.6316029410263326,44.57919806763281,46.67799516908208,42.75483574879223,40.99251207729465,66.38813043478255,59.726531400966124,23.005260869565195
1132.0,74.63506369560237,64.55621548462098,101.00929997891488,76.20834632071079,63.701146926063366,62.09508973566438,65.46863940638815,12.737010848280704,5.2182334480297445,22.787032595669242,8.217179155799094,1.052106830584687,3.9034188345171352,1.6199650930272718,44.631347826086916,46.71282125603861,42.757908212560345,41.05436714975842,66.40129468599028,59.73790338164246,22.988125603864713
1134.0,74.62825514873613,64.56943235181681,101.0308160285948,76.22013892459444,63.71017778432326,62.10696460123124,65.47979386290469,12.69559290939264,5.082955691304597,22.708860708047325,8.18513456375509,1.0449573120832754,3.8959389966514544,1.6494101946482262,44.68038164251204,46.74127053140092,42.76142995169078,41.11660869565214,66.41378260869558,59.745130434782546,22.972632850241524
1136.0,74.61974485625713,64.57809568562561,101.05337658667685,76.2320868104233,63.71906472712632,62.118927708207345,65.49105340525135,12.698346446817693,5.1179967002771685,22.723373858217332,8.210948477586292,1.0530269035970337,3.919314974764509,1.658628679912045,44.726903381642465,46.76543478260865,42.76408212560382,41.17645410628015,66.42511111111105,59.75270048309173,22.958468599033797
1138.0,74.60993002047098,64.58035024176336,101.07729454141325,76.24392702431541,63.72782190175669,62.13073181062694,65.50231353154275,12.73953021869237,5.131314153792771,22.741659539534137,8.247273645224096,1.0494130026281125,3.9249979926875502,1.6398654107630521,44.77213526570045,46.78685024154586,42.76576811594199,41.234690821256,66.43662318840575,59.760323671497524,22.945318840579688
1140.0,74.59940185414442,64.59066404140232,101.10218264466812,76.2555883426128,63.73642510863409,62.142399401161875,65.51351564926374,12.718320726205869,5.1826100149582075,22.703894618565702,8.199786446692872,1.0438676632937673,3.9118449925208965,1.6482197806129535,44.81429951690817,46.80470531400962,42.76516908212557,41.29388405797098,66.44848792270525,59.76475845410623,22.93285507246375
1142.0,74.58879362640309,64.6032006298228,101.12641188999868,76.26742071594322,63.74487506827093,62.153928399533676,65.52482015618361,12.631091008518457,5.181694205653917,22.704766634979954,8.177146256013026,1.058626074557374,3.890878219976617,1.654115685714881,44.85527053140092,46.82188888888884,42.764570048309146,41.35542512077291,66.45909661835744,59.76581159420285,22.921304347826066
1144.0,74.57880001568502,64.60779355986975,101.14978165631153,76.27957816928223,63.7532717647094,62.16529228273419,65.53607101391907,12.646714335101294,5.172011879939468,22.677625465339336,8.213996090180776,1.0482355394972058,3.879833834036809,1.6510395997982283,44.895144927536194,46.84200483091783,42.76442995169078,41.414101449275314,66.46684057971008,59.76206763285019,22.909589371980655
1146.0,74.56989754287028,64.61303610902276,101.17175144646939,76.29228902465815,63.76180187159707,62.17666771463294,65.54709894629859,12.643539316113943,5.1819780247413085,22.66724169748786,8.229775035880815,1.0304986536466796,3.8924553075801,1.6507569470514976,44.93224154589367,46.86092753623184,42.762777777777735,41.46892270531397,66.47311111111105,59.755111111111056,22.899550724637663
1148.0,74.56252385306385,64.62334754438974,101.19127498084943,76.3050518826867,63.77041582899278,62.18784403706175,65.5575438067324,12.623098590623426,5.226297686969097,22.723759097822494,8.248107638242903,1.0324066341825373,3.9145264289399915,1.6703552787010432,44.96853140096615,46.875801932367104,42.760642512077254,41.524946859903345,66.47869565217384,59.74774879227048,22.894806763285004
1150.0,74.55699436310627,64.62906061666477,101.2082822644907,76.3175019695957,63.77906778029393,62.19882661450993,65.56739455625076,12.65694655360981,5.218133068919364,22.730240456795016,8.243810289933407,1.0293672319509461,3.9451938074345616,1.6326828172862136,45.004207729468554,46.8892173913043,42.759053140096576,41.58128019323667,66.48382608695646,59.73861352657,22.89723188405795
1152.0,74.55372860383896,64.62662555875974,101.222850587337,76.32979045832577,63.787817226963554,62.2093729666478,65.57683883580357,12.7076449918464,5.1660425015296,22.7668225032192,8.222270002534401,1.046175000064,3.895412503552,1.6446949978624,45.04195652173909,46.902589371980625,42.75908695652169,41.63717391304344,66.48943478260863,59.72881642512072,22.90457487922703
1154.0,74.55324172061032,64.62300834384791,101.23294000458267,76.34116634796527,63.796526229617996,62.21953987449964,65.58574295723014,12.747959854283009,5.20783615301063,22.687747886250705,8.184789278553673,1.0487795507448834,3.875031170701444,1.6460097278087893,45.082164251207686,46.913159420289816,42.75947342995165,41.69385024154586,66.49475845410622,59.72072463768111,22.912806763285
1156.0,74.55573913287377,64.62882488757192,101.23878889100955,76.35190691138533,63.80507044660471,62.22949694604017,65.59407440672224,12.71155296964464,5.211329463566907,22.700556306808384,8.16214223693125,1.0493875690468275,3.883148577947524,1.6306435836599154,45.12291787439609,46.916946859903334,42.75899033816421,41.74907246376807,66.49974879227047,59.7137053140096,22.921468599033798
1158.0,74.56115940020175,64.63566129572364,101.23944405991271,76.36267633867178,63.813833745596554,62.23919770170471,65.60204461360448,12.71042082524212,5.124813279396479,22.806248088653273,8.147487927821384,1.0517543257824484,3.8811861165052544,1.6425188128861248,45.16479710144923,46.91835265700478,42.76068599033812,41.80441545893716,66.50262801932361,59.7107439613526,22.933053140096597
1160.0,74.56929462287171,64.63792597615642,101.23662190550779,76.37295908050149,63.82267069728092,62.24858465689109,65.6092860740609,12.719089952471883,5.170913833398522,22.7563150211875,8.153233932135551,1.0522978101175524,3.8913678605903055,1.6357543278198239,45.20782608695648,46.924159420289804,42.7658792270531,41.86047342995166,66.5028743961352,59.71422222222217,22.946386473429932
1162.0,74.57956618983025,64.63771580401261,101.23018222159679,76.38290400757361,63.83134294690267,62.258284545816004,65.6159026521312,12.736133999572354,5.263165350305251,22.69481837255578,8.185597952933065,1.0385415377176943,3.9014983021692005,1.6505595099907096,45.25025120772943,46.93699033816421,42.77115942028982,41.91203381642508,66.49996618357481,59.719265700483035,22.958420289855052
1164.0,74.5921865782593,64.64171569515189,101.2204360486029,76.39261584142238,63.84025120856112,62.26831773451678,65.62212611280142,12.715824007578938,5.2825490262485495,22.734505520033576,8.173210047183202,1.0333182324968524,3.8927783552842716,1.6656884498358309,45.29154106280189,46.95902415458933,42.774990338164216,41.95707729468595,66.49455555555548,59.72152173913038,22.97085024154587
1166.0,74.607107455468,64.64627063387722,101.20741418716591,76.40207438020626,63.84920185519615,62.278402417116595,65.6280215164017,12.690942172757628,5.1747018028856155,22.758719111560815,8.155556177687837,1.0256015008593737,3.8774943961735486,1.6377675340359013,45.33299033816421,46.990855072463724,42.77766183574875,41.995507246376775,66.4860241545893,59.72314492753618,22.982893719806743
1168.0,74.62417676178798,64.64681784041375,101.1908368864212,76.41106047607788,63.85801415390634,62.288968643598736,65.63377959121809,12.647331034527756,5.097941379882086,22.739663217754654,8.167158620655245,1.0374022985497044,3.8865264371213013,1.646708045653201,45.37411594202894,47.02788888888884,42.777637681159376,42.024275362318804,66.47548309178738,59.725574879227,22.991323671497565
1170.0,74.6429408928991,64.65245582741349,101.17248554168275,76.41946745206886,63.86678905114247,62.29993719295717,65.63952742187145,12.657767951355439,5.108790994813277,22.767816123810316,8.152627004431382,1.0522917907175813,3.873438080318929,1.657500792194709,45.4138792270531,47.06146859903377,42.77272946859899,42.04215942028982,66.46516908212554,59.72898067632845,22.99589855072462
1172.0,74.66353414159677,64.65693487134862,101.15317399167486,76.42702547391146,63.87568025546799,62.31110023666557,65.64496895873256,12.662393069253463,5.184872978088664,22.765469462068285,8.11506926214142,1.0327416377879133,3.879745103161182,1.641428578663873,45.453115942028944,47.08781159420285,42.76552657004827,42.05276328502411,66.45544444444438,59.7347053140096,22.999980676328484
1174.0,74.68528617021124,64.65753329967315,101.1326187868112,76.43340804903262,63.88488495664998,62.322515682089794,65.65030847306218,12.635640829502066,5.127165293270046,22.754572262342688,8.165388825063523,1.0313599274119074,3.8773172302482557,1.6534760469125482,45.48848792270527,47.105516908212515,42.75799999999996,42.056690821256,66.44662318840574,59.74286956521734,23.005758454106257
1176.0,74.70710075451134,64.65842630883314,101.1125048033457,76.43922742806579,63.894331343005405,62.33445527762901,65.65550515857787,12.660699997007793,5.09762856563779,22.68822857320782,8.244128572926503,1.051285714559726,3.876757143628029,1.6690857146620237,45.51970531400961,47.11616908212556,42.749120772946824,42.05642028985503,66.44079710144922,59.75724637681153,23.00759420289853
1178.0,74.72863390368106,64.66879509748232,101.09287945732864,76.44508835500528,63.90385012946357,62.34659387819274,65.66074432087264,12.696977462757618,5.194212878424219,22.69743766084918,8.206669950343489,1.0487120001068955,3.8990235143382486,1.659608975385536,45.549526570048265,47.12256038647338,42.739082125603815,42.054526570048274,66.44005797101443,59.77805314009656,23.005246376811574
1180.0,74.74978813117502,64.67907984519776,101.07379550400587,76.45092882708937,63.91335315951108,62.35904245627674,65.66622513876669,12.68805714377143,5.220323778324898,22.70456438068245,8.17295387530449,1.0398735696457142,3.913508566125714,1.6641404096783674,45.57593236714972,47.12021256038643,42.728077294685946,42.04885507246374,66.44167149758448,59.79829951690816,23.006299516908193
1182.0,74.76964097757111,64.68726537094142,101.05720979335811,76.45673193821762,63.922765675310934,62.372020614238885,65.67207132824136,12.688547470779213,5.213927339259064,22.758570662479734,8.165790336225266,1.0415503264672696,3.8743845272691892,1.6550084113618353,45.59877777777774,47.1118212560386,42.71629951690817,42.04034782608692,66.44590338164245,59.81821739130429,23.008115942028965
1184.0,74.78844014709598,64.68905796817864,101.04293403820597,76.46278522820634,63.93199554516069,62.385219138995126,65.67842587048037,12.698716615204791,5.133799853081038,22.80598129592974,8.163095211126548,1.0526938632558882,3.886284730532535,1.6489107765652695,45.62039613526566,47.10547826086952,42.703942028985466,42.03182125603861,66.45541545893714,59.841642512077236,23.006884057970993
1186.0,74.80636934595321,64.69483614258117,101.03064938276609,76.46856141527297,63.9409760125707,62.39875130851989,65.68516663368673,12.753666815241766,5.088478262682731,22.717020326438554,8.143726354775904,1.0465805714120482,3.891787298788755,1.6600630539309238,45.64016908212557,47.099671497584495,42.691198067632804,42.02374396135262,66.46804347826081,59.86336231884053,23.002966183574856
1188.0,74.8230399760823,64.70753703554396,101.0202062020344,76.47447578367711,63.95002255984496,62.41288009474961,65.69246564878875,12.733786326533037,5.086667948979956,22.769679384664464,8.145079332096916,1.0485020983308366,3.9127701433203748,1.6254098356526063,45.65570048309175,47.09115942028981,42.677038647342954,42.01785507246373,66.48222705314004,59.88116425120768,23.000294685990315
1190.0,74.83863607391118,64.71736518355706,101.01124945715068,76.48136706614734,63.95906559527617,62.427284471002054,65.7002343356462,12.701536580196684,5.12382911320272,22.752428269230965,8.139677301145717,1.0439890973814347,3.918760977086661,1.642343302509692,45.67064251207725,47.08340096618353,42.664038647342956,42.01533816425117,66.49940579710139,59.89761352657,23.00162801932365
1192.0,74.85357385959861,64.72552799714107,101.00291882169194,76.48873135478458,63.9681681298093,62.44164988418033,65.70842876658361,12.74222046224967,5.211414154763329,22.727763688904812,8.173313504351745,1.0557113564874803,3.8983081044295553,1.664027864837127,45.68686956521735,47.07568115942024,42.65477294685986,42.015599033816386,66.51919323671491,59.912227053140036,23.0062028985507
1194.0,74.86803095169114,64.73068459845649,100.99657388186107,76.49647548073945,63.977410088751476,62.456187506412874,65.71728477267173,12.721664604710375,5.192344249157381,22.684535439346337,8.17062639916103,1.051072598616313,3.9019665650989745,1.6696024614999285,45.702700483091746,47.06368115942025,42.64821256038643,42.02109178743958,66.54302898550719,59.926347826086904,23.01335265700481
1196.0,74.88197918876055,64.73372404815404,100.99136697046984,76.50498893105076,63.98658658009349,62.47074516282949,65.72653403630488,12.710093726495618,5.134058814151395,22.6678701753498,8.184049945791235,1.0557414344924303,3.8984620529211154,1.662739145689243,45.71710628019319,47.04724154589367,42.64210628019319,42.03187439613523,66.56935265700476,59.93954106280188,23.018806763285003
1198.0,74.89479293036493,64.73843998543259,100.98816015742139,76.51422408414085,63.995706214588495,62.48541878573753,65.73604456238137,12.709157763693788,5.124040682927455,22.630222239102206,8.224059421832465,1.0676448384641282,3.882121793282565,1.6370134758092183,45.73148792270527,47.03031400966179,42.63775845410624,42.04740096618353,66.59599999999995,59.9489903381642,23.022468599033797
1200.0,74.90686288225363,64.74273337239117,100.98866408931,76.52375151370983,64.00489973463183,62.49982833282842,65.74589619587175,12.71063898033507,5.1410722410837675,22.722165932235672,8.161692986613225,1.0706995004152304,3.8967875744577154,1.6452222955222444,45.74664251207725,47.01432367149754,42.636995169082084,42.0689178743961,66.62015458937192,59.95370531400961,23.025367149758434
1202.0,74.91868015256792,64.74355602044193,100.99128290083524,76.53371229806197,64.01403958789716,62.51423161123807,65.75607015612042,12.685980319480858,5.156382268239426,22.693471978266338,8.15497202791909,1.0519041457808844,3.9213004993662657,1.6434551946392932,45.76093719806759,46.99999516908208,42.63916425120768,42.094623188405755,66.64195169082119,59.95512560386467,23.027260869565197
1204.0,74.92958130916996,64.75196799195,100.99832198298257,76.54458542678232,64.02311527694525,62.528841230194644,65.76625834873835,12.731006013588777,5.1074200410292585,22.740756669114226,8.162849599307416,1.0561953904352706,3.908735919672946,1.6474412312496993,45.77451690821252,46.99100483091783,42.64539130434778,42.123270531400934,66.66085990338158,59.95412077294681,23.030289855072443
1206.0,74.93925589254289,64.76382245151856,101.01079407350704,76.55659901269124,64.03218298248028,62.54355623054942,65.776468150574,12.725560189445103,5.08984979982259,22.749105443516136,8.177484066072546,1.053800949092447,3.8838225775745805,1.6473953049321683,45.78990821256035,46.99285507246372,42.65557971014488,42.153516908212524,66.67447342995163,59.95221256038643,23.037212560386454
1208.0,74.94815880700106,64.76645637209253,101.02801144394643,76.5689436790707,64.04117780729966,62.55837756249703,65.78653576928949,12.691585742649538,5.0961002486620295,22.623993868365712,8.194670089728898,1.0416784149489715,3.907049900248049,1.6655292124860117,45.80781159420286,47.008144927536186,42.666584541062754,42.18449275362315,66.68456038647336,59.94914492753618,23.047850241545873
1210.0,74.95612996093298,64.76506321475588,101.04897730848202,76.58129323839424,64.0500476259569,62.573631482260026,65.79636642475343,12.673011422118806,5.148063292157131,22.688838851628798,8.210488179236245,1.0287921194908294,3.9317452864084315,1.6350273319874076,45.82954589371976,47.034792270531355,42.6763864734299,42.21457971014488,66.69104830917868,59.94528019323666,23.058502415458918
1212.0,74.96258530026634,64.77459536799904,101.07577415728635,76.59351568662433,64.0591168432353,62.58896852378909,65.80631720708273,12.680721149913614,5.1119817048138785,22.706901607680155,8.210866066330569,1.047009523585879,3.9324097758132717,1.6326346856550675,45.854652173913,47.06715942028981,42.68709178743957,42.242618357487885,66.69569082125598,59.94037681159415,23.06977294685988
1214.0,74.96814645642226,64.78453587881609,101.10734803296013,76.60581478939976,64.06831516364741,62.604352384687466,65.81627928178958,12.75580882650455,5.134123520967798,22.65256599840058,8.169584202464405,1.054284052176751,3.9163555669019496,1.6554717151087366,45.8802753623188,47.10135265700479,42.69831400966179,42.27095652173909,66.69724154589366,59.933574879227,23.078661835748775
1216.0,74.9725823243634,64.78877639107087,101.14409714500637,76.6180328907402,64.07744268187926,62.619916347228056,65.82583792205894,12.740086867514393,5.171045548949393,22.66768558925208,8.17268165185107,1.060727938830983,3.9187917864796233,1.6559251350579482,45.90716425120768,47.135729468598996,42.71022222222218,42.298845410627976,66.69688405797096,59.927618357487866,23.08151690821254
1218.0,74.97604722056022,64.79613890098716,101.18625297069734,76.62980022180406,64.08673693484276,62.63536191194867,65.83499132997349,12.70132259288333,5.172065249320543,22.677512870900127,8.200724620068872,1.050556331299296,3.905640629251672,1.6594844982782249,45.93541545893716,47.1654057971014,42.722937198067584,42.3273140096618,66.69762801932362,59.924647342995115,23.082463768115925
1220.0,74.97885871013618,64.80784529317653,101.23289164913335,76.64115308084459,64.09629863200851,62.65070737566073,65.84385651906918,12.706272729288456,5.177122076290297,22.72568990742442,8.206351249227493,1.035710590049273,3.930721278854184,1.6578044957407716,45.964473429951646,47.19313043478257,42.736531400966136,42.35799516908208,66.70010144927531,59.92502415458931,23.08440579710143
1222.0,74.9806352298062,64.81353217367024,101.2836488032379,76.65187200096729,64.10575264981667,62.66619797010819,65.85245678030925,12.70730602364424,5.162347876912277,22.693956366597032,8.26620631455676,1.0362435346547028,3.937549061891471,1.6724145106628543,45.994956521739084,47.219062801932324,42.75225120772943,42.38829951690817,66.70437681159416,59.926111111111055,23.086690821256017
1224.0,74.98119378565775,64.81633303398277,101.33864580597127,76.66216048964795,64.11528348969875,62.681827137573286,65.86086708767347,12.67421865060618,5.204431724979438,22.690404006224966,8.29880365432551,1.0307115043652997,3.928569692764957,1.6753864688360536,46.02748309178739,47.243869565217345,42.76951690821252,42.4198599033816,66.710574879227,59.92887439613521,23.088159420289834
1226.0,74.980953114004,64.82560637636799,101.39676711734545,76.67230171065137,64.12513227707902,62.69718633725777,65.86917264268267,12.703717834465731,5.171012079570341,22.660704509396393,8.216772897641683,1.0495589172328659,3.890963177529459,1.660074398640481,46.0602753623188,47.26755072463764,42.78774879227049,42.45370531400962,66.71886473429946,59.93545410628013,23.089574879227033
1228.0,74.98012089857474,64.8310711575622,101.45783922268548,76.68200324743164,64.13515778087636,62.712414154738184,65.87741221188476,12.711992504329995,5.095987255395895,22.77562818062419,8.169965217978698,1.0550964020292704,3.892159969044597,1.6711736128343384,46.09033333333329,47.289439613526525,42.80514492753619,42.487260869565176,66.72763768115935,59.943734299516855,23.089400966183554
1230.0,74.978735227241,64.83091469162026,101.52138210445705,76.69131715273036,64.14497139007239,62.72758191937988,65.88543470096728,12.678994997972746,5.143086692815634,22.80170085487861,8.174507452993458,1.0416216610314226,3.903198349792549,1.6556322169650515,46.11760869565213,47.31669565217387,42.821681159420244,42.52099999999996,66.73833333333327,59.95337681159415,23.083149758454084
1232.0,74.97715195291352,64.83726181760323,101.58537206507212,76.70013799024561,64.15439656277584,62.74233994808969,65.89359538313859,12.64347516244341,5.1746436033893435,22.63572030761797,8.23683001357348,1.0381289196417376,3.896016923014974,1.6378098050679082,46.14622705314005,47.34987439613521,42.83850724637677,42.55422222222217,66.7512173913043,59.96704347826082,23.071159420289835
1234.0,74.97542639129699,64.85432481891719,101.64909693834409,76.70847786521537,64.16371896198028,62.7568006910664,65.90197345977388,12.636836179975964,5.158591961626246,22.640095981623574,8.231126133764752,1.0494321605189365,3.9096321615995393,1.6649994973652584,46.17548792270527,47.38354589371976,42.85372463768112,42.5862753623188,66.7629516908212,59.98196618357482,23.057975845410606
1236.0,74.97398313473785,64.86414467386348,101.71145051597759,76.71679592993848,64.17325271105199,62.77101679920998,65.91028381119904,12.646580020848273,5.117746953216189,22.691032360038832,8.155686714085064,1.0465839168565143,3.9118483499891052,1.6616984021097878,46.20473913043474,47.41467632850237,42.867212560386434,42.617159420289816,66.774420289855,59.998425120772886,23.04392270531399
1238.0,74.97385537113779,64.87126012996309,101.77277508370886,76.72501225612324,64.18284485322842,62.78467750778661,65.91860973417717,12.659193213572854,5.144932335329341,22.718356487025947,8.159999201596806,1.0487602794411177,3.9114375249501,1.6446868263473053,46.233980676328464,47.44256521739126,42.881850241545855,42.645700483091744,66.78711111111103,60.01735265700477,23.028115942028965
1240.0,74.97523860774764,64.88066084736327,101.83184225294546,76.7326683833797,64.19257078895004,62.797923914090305,65.9269957671073,12.67185490981964,5.118325250501002,22.70706492985972,8.18780501002004,1.060715631262525,3.8859442885771545,1.6284675350701403,46.262038647342955,47.468241545893676,42.8962946859903,42.671946859903336,66.79951207729462,60.036729468598985,23.013908212560363
1242.0,74.97810557901303,64.88451634922063,101.88863313685907,76.74056699008362,64.20217478985579,62.81097397686999,65.93540535407946,12.66439198875087,5.074144267926506,22.775004203527825,8.246857738282872,1.050542463696904,3.9133637460403,1.6291723086572998,46.28835748792266,47.49208212560382,42.90920289855068,42.69716908212556,66.81255555555549,60.054584541062745,23.001096618357465
1244.0,74.9824123966713,64.89580089190522,101.94291530603071,76.7490598444918,64.21155546830994,62.823543421108,65.94358558568786,12.729182224805102,5.134516832126041,22.719598213237056,8.275630287492811,1.0509802879885417,3.946369265320722,1.631991459718517,46.311777777777735,47.51568599033812,42.92162801932363,42.72208212560382,66.82417391304341,60.06955072463763,22.98840096618355
1246.0,74.98814406803106,64.9047829212633,101.99461387169593,76.75762721492508,64.2211072567027,62.835765128497904,65.95169463129913,12.75804350471499,5.152485498204906,22.841055437628548,8.221498036211756,1.0370864050069788,3.9389892752621485,1.6447031719639507,46.33479227053136,47.54440096618353,42.93644927536228,42.74505314009657,66.83290338164244,60.08021256038642,22.975289855072443
1248.0,74.995315099566,64.90751579347514,102.04384682575154,76.76622962416413,64.23081311992789,62.847618561250336,65.9599210247951,12.74946968045908,5.144830419127725,22.812163585524008,8.191826423187921,1.0293721280081758,3.8790187310277733,1.6558070927212247,46.35754589371976,47.577768115941986,42.9529758454106,42.7638792270531,66.84028019323665,60.085057971014436,22.958314009661812
1250.0,75.00345670445824,64.91392146288946,102.09040174610308,76.77512074909852,64.24037682984924,62.85927580557237,65.96812354880119,12.751429262384319,5.07293594237677,22.78450174385016,8.144353539391652,1.0510750248630125,3.881546011600144,1.642430159418076,46.37845410628015,47.614410628019286,42.96873913043475,42.778753623188365,66.84601449275355,60.087304347826034,22.936454106280173
1252.0,75.01215211253609,64.92308564304724,102.13412506205971,76.78399098940571,64.24981424700508,62.87087237255095,65.97605511424233,12.69634736728284,5.095476870315934,22.81914430857628,8.221885636938147,1.0541786675462368,3.9153663485489467,1.6661664509233114,46.398425120772906,47.653859903381594,42.984888888888854,42.79226570048305,66.84859420289848,60.088294685990284,22.913468599033795
1254.0,75.02124873994165,64.92776891283938,102.1746599327278,76.79294185250441,64.25909808812503,62.882380494329745,65.98386323457484,12.641667895713315,5.139742371187725,22.731694218458593,8.283673076739504,1.0468395811197078,3.8821241257906838,1.6737339972827758,46.4184637681159,47.689888888888845,42.99952657004827,42.80583091787435,66.84888888888881,60.08814975845405,22.89306763285022
1256.0,75.03096897319779,64.92552718583336,102.21120625392469,76.80173565494152,64.26835107406764,62.89367759639349,65.99131873403596,12.649503806259911,5.11088652972055,22.78371792799977,8.21661987968897,1.04575157739975,3.867927641924571,1.6663118679270703,46.43849758454102,47.71462318840575,43.01253140096614,42.81851690821252,66.84771980676321,60.087594202898494,22.872879227053115
1258.0,75.04054508084819,64.92896673976662,102.24467519561526,76.81015231108141,64.27760403795878,62.904898741694396,65.9984720044885,12.6649385993728,5.1187854508416,22.780272046118398,8.2440456025088,1.051204250304,3.8878,1.6565681488511999,46.45555072463764,47.725618357487875,43.02678260869561,42.82943961352653,66.84525603864726,60.08857487922699,22.850449275362298
1260.0,75.04970317008876,64.9346685388341,102.27508965072121,76.81864190609046,64.28680319602557,62.91573194152289,66.00569820457395,12.678910713656274,5.177744866810186,22.755501869340875,8.194909430687467,1.0520603929140713,3.921230026056648,1.6594951361888508,46.46791787439609,47.725159420289806,43.042159420289806,42.840159420289815,66.8446666666666,60.09065700483086,22.829879227053116
1262.0,75.05877831838926,64.93433366409405,102.30246998667084,76.8272043777309,64.29595794891857,62.92642598253576,66.01277778600063,12.70208651758375,5.202537657186016,22.807045564718763,8.074241105336153,1.044517131240292,3.929062391016722,1.684031322567666,46.475115942028935,47.716038647342955,43.05554106280189,42.85106280193232,66.84429468599026,60.091628019323615,22.81160386473428
1264.0,75.06781456915897,64.93439802699933,102.32748136826261,76.83537586857065,64.30495302592958,62.93686277455642,66.01940910271973,12.694898995666534,5.170804125036633,22.782125036980997,8.16930523707287,1.0471301663510963,3.87866505852155,1.6792442945011739,46.479091787439565,47.69855555555551,43.06863285024151,42.86136231884054,66.8443091787439,60.09353140096613,22.79605797101447
1266.0,75.07666255497391,64.94141277548403,102.34952388580193,76.84323475452642,64.3139986920324,62.94679846506415,66.02582074708144,12.699968263234394,5.196114071745908,22.692479339423,8.234752993066285,1.0479718561760503,3.900095808677581,1.6651706580859837,46.48122222222218,47.67473913043474,43.083140096618315,42.87271497584537,66.84853140096611,60.09845893719802,22.785502415458915
1268.0,75.08523936446977,64.94353136062914,102.36834001328403,76.85108034453947,64.32308249850328,62.95641700677962,66.03209306412975,12.691394011847539,5.171633134171099,22.666347902153824,8.18425369250666,1.0658692608854945,3.907494311612846,1.6353738521770989,46.47988405797098,47.64957004830914,43.09899033816421,42.88377777777774,66.85600483091781,60.1031207729468,22.77919806763283
1270.0,75.09332953140519,64.94274279611264,102.38623308044161,76.85855293727899,64.33201534946541,62.96578190953915,66.03815755553995,12.690093286362385,5.148379358758559,22.765154508600624,8.198544889979011,1.0772904804180545,3.9185346699370363,1.6498250502893723,46.477676328502376,47.623154589371936,43.114937198067594,42.89625603864731,66.86521739130428,60.10727536231879,22.774579710144906
1272.0,75.10160079237627,64.94789309735165,102.40213567586335,76.86581004484155,64.34104797853212,62.974912553454814,66.04437820056467,12.656665367259443,5.151205705661226,22.779822919561028,8.181059061586966,1.0396886892965727,3.933041042734962,1.659404304400676,46.473545893719766,47.60166183574874,43.130956521739094,42.91434782608692,66.87954589371974,60.11372946859897,22.771429951690802
1274.0,75.10978334737308,64.95013318817014,102.41501015826256,76.87328602078051,64.34997505201025,62.98362980565705,66.05080028121866,12.655079294072014,5.156521204726609,22.820536933423178,8.210876059947072,1.0425512199056637,3.9261771036599975,1.656933748102618,46.467613526570005,47.5889903381642,43.147642512077255,42.935743961352614,66.89581159420284,60.12294202898545,22.768830917874375
1276.0,75.11745985443221,64.95729167340279,102.428131129313,76.88063934953442,64.35870355368135,62.99208254707538,66.05739949517236,12.710584810147283,5.119385912157746,22.82756911647163,8.29213531077022,1.0454873228619719,3.9073758013167,1.6556840040305834,46.46422222222217,47.582676328502366,43.16136714975841,42.95767632850238,66.90786956521733,60.13119806763279,22.764545893719784
1278.0,75.12526284649046,64.96644731958418,102.44052907299114,76.88799725332044,64.36735964250083,63.00053741836276,66.06418955173761,12.716192681024754,5.12924390995222,22.824327522332784,8.257923343403432,1.045899653705514,3.8685108040158744,1.6546616723515912,46.46598550724634,47.58057971014488,43.175154589371935,42.978695652173876,66.91800483091781,60.140227053140045,22.759845410628
1280.0,75.1332510160744,64.97548134095203,102.45165138841917,76.89549940812641,64.37604437083911,63.00898979053788,66.07134352521673,12.69526715259091,5.242793372287506,22.76489884348693,8.244471321700571,1.061835860005678,3.898969562668181,1.6578140136272743,46.47143961352653,47.57596135265697,43.190251207729425,42.997449275362285,66.92785024154583,60.15298067632844,22.75528502415457
1282.0,75.14152453348325,64.98302817675594,102.46417232037977,76.90345409659402,64.38496264928436,63.01753485090264,66.07872363994692,12.71716934217703,5.184833398834958,22.817288435487878,8.227343768391226,1.0314640576533403,3.8930688434492464,1.664342223330506,46.474995169082085,47.56456038647339,43.20312560386469,43.01145893719803,66.93599033816419,60.164584541062744,22.75497584541061
1284.0,75.15067532619615,64.9888119316744,102.47769199844636,76.9116046864745,64.39385819606278,63.02661538821194,66.08613950068919,12.722040851752503,5.063336591296153,22.87299343284869,8.198338997619391,1.0290052635144915,3.897065463787353,1.6772995491319869,46.47711111111107,47.54989371980672,43.215120772946825,43.01889855072459,66.9440096618357,60.17438647342989,22.761202898550703
1286.0,75.16084992571302,64.99818270507883,102.49244336971937,76.91981623386269,64.40261503240045,63.03604691425795,66.09362957680092,12.715449185054014,5.108179947415396,22.84376716445711,8.185655718112944,1.056861664616173,3.910241605286051,1.6825970267483854,46.47942028985503,47.53782608695648,43.22640579710141,43.021594202898505,66.95288888888884,60.181685990338096,22.77447342995167
1288.0,75.17148127400955,65.00835031432895,102.50938171404492,76.9280956255259,64.41138990721575,63.04574920642654,66.10086219122343,12.69808373314859,5.177624674541763,22.833874874357566,8.192003554030602,1.0549704203294226,3.897194394138497,1.6662692192308008,46.482333333333294,47.52999999999996,43.23537198067629,43.02019806763281,66.95938647342989,60.18451207729463,22.79351690821254
1290.0,75.1826694994949,65.02178948958678,102.52896657719093,76.9368853484827,64.42016148701686,63.055502993316736,66.10809104984594,12.686032375997252,5.157071701995356,22.73298358568112,8.227004934741908,1.0506012587440892,3.8843175728285244,1.65610438080995,46.48686473429947,47.526884057970975,43.2422367149758,43.01541062801928,66.96386473429946,60.18262318840574,22.81402898550723
1292.0,75.19421620971642,65.0327087246785,102.55041800354215,76.94606397834909,64.42908047236945,63.06537157772779,66.11558630463374,12.72835522530954,5.190270696720925,22.714008988641616,8.209114286145171,1.0480263612269451,3.894326361226945,1.6398689248540066,46.493425120772905,47.52834299516904,43.247821256038605,43.00493236714972,66.96603381642507,60.17872946859897,22.832227053140077
1294.0,75.20658857005297,65.03119720631567,102.57258313556264,76.95528899613528,64.4379803163613,63.075927967575666,66.1230525514313,12.711211743460565,5.227453391745065,22.794933386528363,8.21907891835495,1.053401993271604,3.8990025546943525,1.6336399175991043,46.50059903381638,47.53236714975841,43.252342995169045,42.987637681159384,66.96677777777771,60.17431884057965,22.846009661835726
1296.0,75.21908118001062,65.03883517081512,102.59812087874987,76.96449094667942,64.44679823691709,63.086455720654904,66.13035037770352,12.71418503798248,5.165713417054476,22.777266833766767,8.208048778401313,1.0627547135915685,3.8943011976457704,1.6291597505474953,46.50752657004826,47.53802415458933,43.25419323671494,42.96840096618354,66.96758454106273,60.169705314009605,22.857400966183555
1298.0,75.23157895327462,65.05006644486096,102.62481825212856,76.97377364651864,64.45552302925816,63.09693726647889,66.13755395954121,12.690076174867743,5.162105802577349,22.76535565164881,8.189909909442877,1.0454491484411867,3.899858454169911,1.6451726717163673,46.51629951690817,47.54480676328498,43.25658937198063,42.95092270531397,66.96694202898544,60.16707729468593,22.867806763285003
1300.0,75.24370707266985,65.05043862445717,102.65183874060637,76.98279392841997,64.46420324287875,63.10750698809576,66.14451783785404,12.724425575836271,5.224224572968533,22.74629358598075,8.169729791131488,1.067716649229824,3.950715748274215,1.6455395194903417,46.52713526570044,47.5520289855072,43.25974879227049,42.93417391304343,66.96333816425114,60.16689371980671,22.87749275362317
1302.0,75.25586380692378,65.05135674461596,102.67991002509176,76.99160488203904,64.47300147565842,63.11811065805162,66.15121469012647,12.71709048015238,5.167174217346032,22.741392146692064,8.174251878603174,1.0857827376761904,3.9325103169015874,1.6353974191746032,46.538376811594155,47.55582608695648,43.26088888888885,42.91539613526567,66.95886473429945,60.16605797101444,22.886202898550703
1304.0,75.26798457423494,65.05883126882827,102.70618615071778,77.00043714596407,64.48187139191755,63.12821789310573,66.15774456598616,12.699770224489564,5.1292051092215445,22.81433474101267,8.221181654743097,1.0704953394393508,3.9108869188221997,1.6540091726284518,46.550714975845366,47.55401449275358,43.2632753623188,42.89487922705309,66.95621739130428,60.163903381642456,22.89250724637679
1306.0,75.28025237526388,65.06885785462617,102.73024650719869,77.00889489657261,64.49084825869855,63.137825693192916,66.16443887875627,12.718021278624015,5.171545054398718,22.691694505232718,8.222408891306525,1.0447381618485092,3.8922652849444774,1.6606456543363417,46.56296618357484,47.54855555555551,43.267173913043436,42.873516908212515,66.95509178743956,60.16336714975839,22.896149758454087
1308.0,75.29298586667612,65.07046878770093,102.75338940629032,77.01735283335545,64.49995054673207,63.146835963182525,66.17139573081695,12.729481471214228,5.152490083249357,22.682124786300243,8.243761742651152,1.0435947922906694,3.890002204548493,1.6393141721578903,46.57572463768111,47.53955555555551,43.27107246376807,42.85280676328499,66.95762801932361,60.163734299516854,22.899222222222203
1310.0,75.3059692197213,65.07353022804082,102.77391498132435,77.02583515080083,64.50922065097075,63.1552557635928,66.1780098392565,12.759533516789322,5.209293096606124,22.757587992460614,8.257433416233447,1.0425430714671553,3.885825311547764,1.6353620802669468,46.58591787439609,47.52950241545889,43.27468115942025,42.831198067632805,66.9611400966183,60.16241545893714,22.901942028985484
1312.0,75.31960628419121,65.08485704113629,102.7904070338748,77.03384144054154,64.51861164877961,63.16301318328999,66.18421014442957,12.729571977759951,5.202733991044167,22.79040064071994,8.265328564146762,1.0508107055749658,3.92824780453773,1.654261519218062,46.59280676328498,47.52328019323667,43.27953623188401,42.811917874396094,66.96471980676321,60.16155072463762,22.903256038647324
1314.0,75.33393362919527,65.08942627390839,102.80331419694308,77.04131493089305,64.52809571454921,63.170321262080805,66.19047077392514,12.711320917347575,5.173553484609125,22.819190487978947,8.185628291475709,1.0512577603949669,3.914030584844645,1.6283490581936797,46.60160386473426,47.523995169082085,43.28599999999996,42.798144927536185,66.97223671497579,60.163787439613465,22.905062801932345
1316.0,75.34871736790325,65.08444915056398,102.8120328452877,77.04851866114865,64.53739066158452,63.17739551170476,66.19665262152986,12.74617606536855,5.141073141716433,22.87504673005014,8.142385281927313,1.0351996531948242,3.901192220060557,1.627357631236163,46.612647342995125,47.53240579710141,43.29265700483087,42.7894057971014,66.98390821256032,60.168072463768056,22.911053140096595
1318.0,75.36401094972484,65.08520961623958,102.81707618057456,77.05550119370565,64.54646001336793,63.184082474092676,66.20252546359814,12.734815508860171,5.166426736709743,22.82150738631193,8.170685522879038,1.04811713538656,3.907097193982954,1.6373728212963758,46.62810144927532,47.55054106280189,43.2993140096618,42.78944927536227,66.99812560386466,60.176922705313956,22.918314009661813
1320.0,75.38094400710916,65.08623381450776,102.81845199884158,77.06261080971878,64.55545001241269,63.190527674518464,66.20850900393009,12.693136734693878,5.163822448979592,22.818704081632653,8.129055102040816,1.069104081632653,3.9352163265306124,1.6460367346938776,46.64713043478257,47.58109661835745,43.30760386473426,42.79842028985504,67.01628019323665,60.18980676328497,22.92518840579708
1322.0,75.39866098257009,65.08199431595997,102.81652237022791,77.06999630795582,64.56443818177885,63.19651921815208,66.21471616038424,12.705491421212368,5.128877923371093,22.795301154581875,8.170991571575444,1.0513596085165153,3.9291858496862493,1.6610246865188056,46.66889855072459,47.61773429951687,43.316159420289814,42.8122560386473,67.03368115942023,60.205589371980615,22.931845410627997
1324.0,75.41752845747139,65.08969406091565,102.81249475116962,77.07740892284266,64.57344473066674,63.20237090517856,66.22102179902816,12.733143483662714,5.133422964554034,22.829029356425224,8.178534646346172,1.042905641380948,3.9255080392560586,1.6579232647501303,46.69557004830913,47.65282608695648,43.32300966183571,42.8280676328502,67.04798550724631,60.22313526570043,22.93785024154587
1326.0,75.43841635154048,65.09763846791616,102.80617654105168,77.08493247182733,64.58234893498081,63.20863881726737,66.22759617968072,12.689947384424997,5.100854309958208,22.819219632061557,8.178381911629874,1.0432566017257487,3.939686199164167,1.6445870952406707,46.72383091787435,47.68216908212556,43.33223188405793,42.844695652173876,67.06343961352651,60.24129468599029,22.942149758454086
1328.0,75.46039658726319,65.09659630732754,102.79839144955537,77.09290142589768,64.59117400393392,63.21511634208625,66.2345344520962,12.688772931073846,5.12286659989737,22.797416051698733,8.236513559501564,1.051125872374931,3.9104859919241313,1.6610523925728347,46.74966666666662,47.703130434782565,43.341903381642474,42.86088405797098,67.07944927536225,60.260695652173865,22.944850241545875
1330.0,75.48277568733474,65.098888832747,102.79098449146852,77.10117741674514,64.59993032486051,63.22193541944336,66.24164605119101,12.720204388043832,5.127159000213527,22.785171405691695,8.240209380779525,1.0595012106230572,3.912825415648196,1.6717375181607659,46.77374396135261,47.719521739130386,43.348323671497546,42.87405797101445,67.09481642512071,60.27948792270526,22.953280193236694
1332.0,75.50654086407887,65.10521973814357,102.7845822159842,77.10943408244897,64.60831081691407,63.229426566070295,66.24893594877409,12.755565900762747,5.1141223655805135,22.79611108177059,8.275043834176932,1.0595698954873325,3.9118921614029465,1.6467642037499206,46.79901449275358,47.73809178743957,43.35384057971011,42.88514975845407,67.11256521739124,60.29877294685984,22.97000483091785
1334.0,75.53101389355098,65.10601175935952,102.78049925885828,77.11766906508383,64.61661808361585,63.23722939945955,66.25621849548453,12.747139610683053,5.13680714302703,22.814061688907042,8.240450649795047,1.0461753246673535,3.9153928572798633,1.6542344154683344,46.82593719806759,47.758367149758406,43.35780193236711,42.896821256038606,67.13211594202892,60.31960386473425,22.990478260869548
1336.0,75.55531020576281,65.10792445015844,102.77948918715674,77.12589351605753,64.62495731273681,63.24562619693792,66.26352151823549,12.696003603562259,5.096710964248324,22.79759780237389,8.215156687862407,1.0418655477573335,3.8978536803430326,1.6718791191292257,46.85309661835745,47.7750483091787,43.35715942028982,42.9074637681159,67.1480628019323,60.33998550724632,23.01085507246375
1338.0,75.57974138752593,65.11632758676733,102.78204291450871,77.1341975700158,64.63323638968802,63.25453267601812,66.27109159101865,12.700870223400797,5.118262358081275,22.83703236559044,8.241536153931474,1.040514144305976,3.9271986103585657,1.6623062725864541,46.8820289855072,47.79061352657,43.353690821256,42.91846859903378,67.16342995169076,60.36274879227048,23.03094202898549
1340.0,75.60419481614038,65.11928759186999,102.78758529886936,77.14262501318024,64.64152685260702,63.26416343487653,66.27884975397205,12.7086893823209,5.222078319506942,22.783026188759024,8.195794790342815,1.0576059594538085,3.949702452497711,1.6336627436839024,46.91299999999995,47.808666666666625,43.35161835748789,42.93062318840576,67.18001932367143,60.3877246376811,23.048719806763266
1342.0,75.62835084839313,65.11952055942668,102.7968770588558,77.15104949905295,64.64957517751321,63.27469962718064,66.28659137908866,12.701024245816432,5.190760076299799,22.892136563866934,8.203157160336673,1.071801102082565,3.8976261540681363,1.6303892279022045,46.945623188405754,47.82915942028981,43.35043478260866,42.944763285024116,67.19602898550718,60.41174396135259,23.066391304347807
1344.0,75.65211385420508,65.12465892880701,102.80977744571803,77.15961949289884,64.65768522325313,63.285617171186274,66.29458919200356,12.731262587972724,5.081506970890718,22.964802358165848,8.241383049537928,1.0670501505316046,3.8766909226425468,1.6602324972634703,46.98190821256034,47.85264734299513,43.34795169082122,42.95937681159416,67.21087922705307,60.43585990338158,23.083159420289835
1346.0,75.67547774398518,65.12970803942264,102.82541417135948,77.1684820042433,64.66584095102674,63.297040114761316,66.30275207009967,12.7275981483821,5.12924814865117,22.81341111086055,8.173209259012019,1.0585370370474771,3.8849833332607275,1.6789796295380417,47.02146859903377,47.88273429951686,43.3451256038647,42.97299999999996,67.2239903381642,60.45929951690816,23.09340096618355
1348.0,75.69848080498262,65.13124871185649,102.84317042677274,77.17782944622135,64.67389661362877,63.30874508418062,66.31100734042279,12.762504145780884,5.196618930996615,22.752422677662988,8.190125523956077,1.05899045954944,3.884124974937061,1.6582281219854142,47.06152173913039,47.91764251207725,43.337565217391266,42.98356521739127,67.23478260869558,60.481289855072404,23.09749275362317
1350.0,75.72169681153774,65.13902819802892,102.86187046609676,77.18767604950759,64.68200547922251,63.32056658514061,66.31961729885747,12.73263739264963,5.14966817261961,22.725107012044727,8.222350719696049,1.055953406181095,3.9043637000667943,1.6395718048279484,47.103507246376765,47.95076811594198,43.324531400966144,42.9889565217391,67.24450241545888,60.499231884057906,23.096367149758432
1352.0,75.74515333701915,65.14714163669277,102.88036018024079,77.19803294231927,64.69028131363397,63.33237116493688,66.32849673652261,12.692622822001342,5.129069365822183,22.783215012515555,8.201741440067815,1.057336035777471,3.923327927548161,1.6435456448995782,47.14703864734295,47.98085507246372,43.311333333333295,42.990613526570016,67.25322222222216,60.51474879227048,23.090338164251182
1354.0,75.76812177223769,65.15595114564837,102.89953434081765,77.20845478729328,64.69892319002369,63.34404114356302,66.33765274530735,12.699121142550206,5.22362364686155,22.804897696153613,8.227039378858757,1.0450981968158009,3.9378698395279956,1.6464384772666585,47.189903381642466,48.010169082125564,43.295454106280154,42.98870531400962,67.2610628019323,60.530115942028935,23.083371980676308
1356.0,75.79078759519568,65.15841457941586,102.91800730182311,77.21916730505464,64.70779751252167,63.35556370630158,66.34694974993396,12.725486958829038,5.2123247356234135,22.8192871096784,8.249695953601188,1.0325803604776465,3.923473461988354,1.644127737002436,47.2298405797101,48.03975362318836,43.27620289855068,42.98517874396131,67.26819323671492,60.54226086956516,23.078927536231863
1358.0,75.81368038527607,65.16010244141006,102.93447374893199,77.2299181060542,64.71671062298061,63.36662479742143,66.35598439582373,12.789183742804898,5.176706672750038,22.876995234276617,8.25222217920874,1.058254841534325,3.9075874052363244,1.652159709567798,47.266318840579665,48.070734299516864,43.25588888888885,42.980758454106244,67.27300483091781,60.55120772946854,23.07517874396133
1360.0,75.83665287823088,65.16109397645972,102.94930391205843,77.24021441456811,64.7257186505748,63.37748516645431,66.36507539299267,12.81459609753049,5.169984593116252,22.83644467267731,8.2346381180402,1.061211856244543,3.9422830911172997,1.6516304646649576,47.30480676328498,48.10376328502411,43.23499516908208,42.97921739130431,67.27571497584535,60.558855072463714,23.071666666666644
1362.0,75.8590681911261,65.16038265700598,102.96195921259678,77.25049998433815,64.73475609678013,63.388174213450206,66.37448615684075,12.781964853094834,5.134150716730469,22.813076668135007,8.241238012131339,1.056754671456301,3.9500960452741674,1.654122293198359,47.34537681159416,48.134763285024114,43.21278260869561,42.98015458937194,67.27774879227047,60.564753623188345,23.06868115942027
1364.0,75.88134910984321,65.16387150498382,102.97232211950501,77.26098770767003,64.74377555288523,63.39843005063695,66.3835703517973,12.714255073593854,5.185761890998545,22.80107708230328,8.18705880842802,1.0660509337085415,3.9368960626402605,1.6183477028105204,47.38514975845406,48.162705314009614,43.19028985507243,42.98199516908208,67.28053140096611,60.5703285024154,23.06421256038645
1366.0,75.90370172008689,65.16889457526045,102.98075571073618,77.27148241299497,64.75281144040433,63.40808729663518,66.39247361149026,12.72215693547864,5.178571160259466,22.826470554755993,8.185278918187807,1.045051978705722,3.9436118174834034,1.6222391581817255,47.42491304347821,48.19016425120769,43.169729468598995,42.98616425120769,67.28428019323665,60.576449275362265,23.051425120772926
1368.0,75.92595800116996,65.17568555678473,102.98712012666527,77.28183528947983,64.76170402649159,63.4174934561994,66.40160188131568,12.7081042504878,5.09761045341638,22.88245095191477,8.173219345945657,1.0377330722975493,3.947995114902351,1.6366032243242763,47.463676328502366,48.21911111111107,43.1527101449275,42.99465700483088,67.29165700483085,60.582826086956466,23.033657004830893
1370.0,75.94810297352362,65.18451092886687,102.99113245030185,77.29185259959335,64.77066532623765,63.426235240525195,66.41071601207737,12.707989701573771,5.192612751829508,22.85177541476721,8.156247950163934,1.0524180846032787,3.91958094452459,1.6288533814295083,47.500497584541016,48.24975362318836,43.139062801932326,43.00643478260865,67.30176811594197,60.58861352656999,23.015975845410605
1372.0,75.9701949123769,65.19511101564598,102.99365693171696,77.30168329854695,64.77971795191834,63.434306135825196,66.41975573909923,12.739581096895556,5.267107032543666,22.763527630917192,8.18416658284422,1.0351781050279296,3.878054863163846,1.630139002220497,47.535086956521695,48.28118840579705,43.12622222222218,43.0186328502415,67.31016425120767,60.58996618357482,22.998623188405777
1374.0,75.99209259332639,65.2008722407949,102.9957728060363,77.31154133568484,64.78871444650187,63.44231692965441,66.42884347887903,12.762141620450492,5.224172487492627,22.76696643311203,8.214950875151148,1.0352629811973832,3.866260730420867,1.6568986987670251,47.56598067632846,48.309004830917836,43.11522705314006,43.03321256038643,67.31727053140091,60.58786473429946,22.98250724637679
1376.0,76.01346594453923,65.20355766731123,102.99741207461958,77.32110041108385,64.79782755568706,63.450078664540875,66.4378484686778,12.759255705911077,5.204471621245029,22.771484984984024,8.186434685144965,1.0435782282748816,3.8824692190090393,1.6620959461667073,47.59415942028981,48.331937198067585,43.1064637681159,43.04913526570044,67.32416425120766,60.58571980676323,22.96679227053138
1378.0,76.03427333677152,65.20635076683877,102.99894499332984,77.33006174401032,64.80689735450585,63.457584586915935,66.44667419459552,12.735082376451887,5.241172690603369,22.788849426607307,8.168235598198363,1.035365851109229,3.8903505733926926,1.631026510032503,47.621874396135226,48.35007246376807,43.09966666666663,43.065410628019286,67.32835265700477,60.58154589371974,22.953106280193214
1380.0,76.05469406669744,65.21357825187788,102.9999890745244,77.3385513994734,64.81567086874391,63.46503118454044,66.45536866766025,12.727030915732078,5.152269187077724,22.786577589614726,8.208979440011865,1.0483866928156336,3.8811262626792993,1.634668984173079,47.64847342995165,48.3594057971014,43.09634782608691,43.08292270531397,67.33099516908206,60.576405797101394,22.94125120772945
1382.0,76.0738667255725,65.22005543412563,103.00027637377782,77.34668597952164,64.82448893667379,63.47248650857808,66.46367599669185,12.711883682899801,5.09235793070499,22.823863317920956,8.13025599302515,1.065985629112974,3.9312266443752497,1.652478891893014,47.67100483091784,48.357188405797054,43.09497101449271,43.10020772946856,67.3326473429951,60.572584541062746,22.92973913043476
1384.0,76.0920195183498,65.22831068050968,103.00070399151197,77.35452467191857,64.8332941332448,63.480089150297445,66.47164745796117,12.726999748492801,5.1637907492736,22.868411504051203,8.108782994790399,1.0507655006463998,3.9320640031232,1.6478220007936,47.6902173913043,48.34544927536228,43.093951690821214,43.117072463768075,67.33143478260864,60.56754106280187,22.917555555555534
1386.0,76.10942334081844,65.24016031509929,103.00108028060505,77.36212692575221,64.84204904319613,63.487895659053095,66.47924094067346,12.747752209323696,5.163283284163855,22.81867324120161,8.222737247485943,1.028452661448996,3.8834628006168677,1.6296398095293172,47.70813043478256,48.33099516908208,43.0970869565217,43.13581642512074,67.33275362318834,60.56356038647338,22.90657487922703
1388.0,76.12570923297861,65.25130235108972,103.00067904703293,77.36966660543173,64.8507867231225,63.49624803089604,66.48660494229048,12.759482241551071,5.094703850873006,22.846815607728562,8.212931965208073,1.037597249120296,3.9068867436425485,1.6339583793904997,47.72381159420285,48.31885507246372,43.10512560386469,43.15400966183571,67.3372705314009,60.55987922705309,22.89917874396133
1390.0,76.14123682935791,65.25976557723226,103.00178112683469,77.3768749830755,64.85932804213255,63.50516680223293,66.49379482685127,12.737620786942134,5.087918344093392,22.84613983030822,8.19442738798018,1.0613617686873265,3.9093051466229944,1.658451274991182,47.73698067632846,48.31178743961348,43.11333816425117,43.16993719806759,67.33974879227047,60.55568599033811,22.89465217391302
1392.0,76.15636103501386,65.26507311618049,103.00396543415889,77.38401569742771,64.86783333221815,63.51411149186036,66.50061682492408,12.67783236116996,5.21775019398577,22.830332857334387,8.235046393359683,1.0544086953739131,3.9087706507130435,1.6674833502988142,47.74857971014488,48.31159903381638,43.121120772946824,43.18259903381639,67.33865217391299,60.55494685990333,22.893405797101426
1394.0,76.1709881290427,65.26894728897975,103.00943875888476,77.39163257864038,64.87640891780877,63.523237202236416,66.50706243430214,12.686004093063435,5.231618803154117,22.789522184177958,8.231924406449336,1.0539705412828122,3.9403592212969225,1.6487234472449215,47.75834299516904,48.31683091787435,43.128946859903344,43.1899178743961,67.33304830917868,60.55797584541057,22.900038647342974
1396.0,76.18495687933891,65.27585080090353,103.01830305037393,77.40001052847627,64.88499497222166,63.532589451186965,66.51353808938944,12.718925550342355,5.157207615257089,22.79612755460714,8.219592485193424,1.0261146297092911,3.9085604217023384,1.6402824648185927,47.76844927536228,48.31791787439609,43.1341449275362,43.18934299516904,67.32256038647337,60.565705314009605,22.912545893719788
1398.0,76.19803650929828,65.28391269947926,103.03048758301796,77.40859627502405,64.89362587935766,63.54208696755747,66.52019397085137,12.72458675739778,5.175281534170008,22.850432405481023,8.197258187673084,1.0098247392693132,3.8946452982336,1.655841812326915,47.779951690821214,48.310966183574834,43.13937681159417,43.17902415458933,67.31098550724631,60.57728985507241,22.927178743961335
1400.0,76.21014693231568,65.28945806622171,103.04676460790776,77.41719698283737,64.90239308806764,63.551833792846736,66.5267576091088,12.712959032906024,5.222643221320482,22.835205124086748,8.233064554615261,1.0371562239485943,3.941561094721285,1.6645336849863452,47.78977777777773,48.30070531400962,43.1478599033816,43.16203381642509,67.29969082125598,60.58948792270525,22.942618357487902
1402.0,76.22114596206222,65.3020934103604,103.06813058936065,77.42591226525984,64.91155069674367,63.56153743276661,66.53315743924324,12.784656508139461,5.252161396450039,22.764431172335758,8.252676111675248,1.0400755118308393,3.9442490769252574,1.6668218949720703,47.79917391304343,48.28723188405793,43.15493719806759,43.13976328502412,67.28826570048304,60.600835748792214,22.959927536231863
1404.0,76.23179699473808,65.30804396826632,103.0932153873471,77.43463156684523,64.92099879914927,63.57124018155523,66.53955805727499,12.77284748477138,5.203635477440622,22.798943645868466,8.235373192425767,1.031436272711549,3.9274685609560596,1.668759392355256,47.80765700483088,48.2654057971014,43.16195169082122,43.11074879227049,67.27634782608689,60.610995169082074,22.97889855072462
1406.0,76.24253276058712,65.31043211921633,103.12278905508485,77.44341310279746,64.9303685581636,63.580931658385374,66.5458444937495,12.743900692175382,5.181406628310156,22.858040969792885,8.260245028767383,1.0392499755463624,3.901432953395205,1.6599154873418067,47.81666666666663,48.23445410628015,43.17202415458933,43.07794202898547,67.2624009661835,60.62257971014487,22.99801932367148
1408.0,76.25297068876598,65.31642365389402,103.1570192612317,77.4526474692584,64.93974259867322,63.59069681275882,66.5521591352527,12.774696245125643,5.204780721810875,22.811289093374274,8.218771790723189,1.0356500251908667,3.9300263822213655,1.6580381533243826,47.8290096618357,48.19552657004826,43.18344927536228,43.03966183574875,67.24793719806758,60.63637681159415,23.017473429951668
1410.0,76.26278321126806,65.3273830258642,103.19524622179112,77.46228259712949,64.94941039722538,63.600301868837036,66.55869532459468,12.80134932499668,5.1610319333719366,22.786010492955455,8.244631933371936,1.0434697151350634,3.9377781112188903,1.6603461766187682,47.84042995169077,48.147473429951646,43.194521739130394,42.99319806763281,67.2345169082125,60.650173913043425,23.034299516908195
1412.0,76.27286919407979,65.33171154399628,103.23700922490889,77.4719011932368,64.9591121290176,63.60998285784333,66.56486959662234,12.747962237857998,5.197834514289684,22.83661337231313,8.23007089257162,1.0423241887039805,3.9214871184920113,1.648612683051339,47.84864251207724,48.09289371980672,43.20714009661832,42.94203381642509,67.22440096618351,60.665410628019266,23.04904347826085
1414.0,76.28340709152829,65.3364521389092,103.28176684130571,77.48137303793709,64.96871057245212,63.619873380976394,66.57100713414269,12.719047748186332,5.263265993445986,22.831894272866652,8.187318601505742,1.0484863664248443,3.918992651282621,1.6205964521751044,47.855111111111064,48.03513526570044,43.22320289855068,42.887400966183534,67.21694685990332,60.68113043478255,23.066425120772923
1416.0,76.29421944896235,65.34884200008894,103.32910765729659,77.49070897200937,64.97834018544543,63.629635549316944,66.57725053089823,12.802693916659834,5.247768580535943,22.79634298818037,8.176769483022849,1.0647779283974799,3.922808597636074,1.6296994466332653,47.85901449275358,47.97529468599029,43.23978260869561,42.83132850241542,67.20978260869559,60.69637681159414,23.088212560386456
1418.0,76.30569873800967,65.36047448885603,103.37864787091968,77.49993002206503,64.98821611317798,63.63912538217822,66.5836397452851,12.760679159194135,5.154285307697681,22.771732834540583,8.174523389099798,1.0578877057179477,3.918670015209036,1.6381820089437524,47.85662801932363,47.91278743961348,43.2551256038647,42.77238647342991,67.20175845410621,60.71076328502411,23.109652173913023
1420.0,76.31817940880283,65.36360769656466,103.4295827695868,77.50916329097394,64.99830874105123,63.648726074321765,66.59037364670782,12.699440588702847,5.13540838596159,22.806236894404414,8.199502745513643,1.034744133580617,3.9232539688497985,1.644327309396631,47.84914975845406,47.84831400966179,43.26982608695648,42.711082125603824,67.19229468599028,60.72325120772941,23.129086956521718
1422.0,76.33198289895736,65.36680169489712,103.48129807316045,77.51813091052482,65.00810668053698,63.6586616803628,66.59743331708896,12.714116207219892,5.1466444203911745,22.857689692946003,8.204883641280365,1.0423232111440293,3.9249903449199692,1.6578907452993459,47.839096618357445,47.78081159420285,43.286256038647295,42.64924154589368,67.18198550724632,60.73457971014488,23.144256038647324
1424.0,76.34633862965615,65.37257945177292,103.53191897808321,77.52661297643284,65.01775516852653,63.66872142334929,66.60444775371161,12.753301402677355,5.214995241144689,22.90958882981964,8.188625203353908,1.058667334913026,3.935019438929058,1.6635521040160322,47.824908212560345,47.707439613526525,43.30439130434779,42.58578743961349,67.16898067632845,60.74426570048304,23.15102415458935
1426.0,76.36059749744398,65.37484743614458,103.57922023926807,77.53474309743162,65.02736391029075,63.678759588070506,66.61161340052905,12.73681014006858,5.171826174173102,22.84787722303151,8.184144604857197,1.058390309644935,3.911092008247241,1.6640174825505682,47.80516908212556,47.62718357487918,43.322429951690786,42.522183574879186,67.15320772946853,60.75304830917869,23.1536376811594
1428.0,76.37590336159614,65.3871337146186,103.62597342380798,77.5425695443062,65.0367079933835,63.68888478178639,66.61904362824218,12.744663032948056,5.161075038873836,22.85616558448294,8.204572434282023,1.0575568781652624,3.882398849523999,1.6450574780940077,47.777956521739085,47.54085507246372,43.33979227053136,42.45699033816421,67.13819806763279,60.76171497584536,23.157550724637662
1430.0,76.39204470123207,65.39730584371387,103.67075535796029,77.55003776584884,65.04620864575622,63.699254487546725,66.62629094242413,12.78506563577187,5.17072229322126,22.8957844384809,8.185786385370537,1.0583911224942801,3.900032868294316,1.6488664845555387,47.74139613526565,47.45112560386469,43.35467632850237,42.390690821255994,67.12508695652167,60.76748309178739,23.164710144927515
1432.0,76.40861489799323,65.4048964724629,103.71229384971389,77.55720805290488,65.0557377522507,63.70974690626786,66.63338167399408,12.760907181526237,5.142155249298475,22.88691878492195,8.254324309918657,1.06595248596436,3.9199552486298668,1.6779817678117364,47.69909178743957,47.36195652173908,43.36828019323667,42.325690821255996,67.11200966183569,60.769396135265644,23.171173913043457
1434.0,76.4252604842315,65.41989337130197,103.75054192405338,77.56393404593034,65.06510889927546,63.72048511761615,66.64035723997156,12.733937256785628,5.139477156346802,22.897947281758718,8.240430472849251,1.0589573067318043,3.9364380553779728,1.6571911715492444,47.652299516908165,47.27861352657,43.38180193236711,42.2590483091787,67.1001014492753,60.770719806763225,23.172478260869546
1436.0,76.44131005532964,65.43021610387088,103.78521399843439,77.57019315932959,65.07430711503947,63.73131668431726,66.64721705415566,12.756960551420187,5.1144183548558475,22.908793617287778,8.193093864618257,1.0507507721943388,3.916420095285629,1.6421759109610266,47.60054589371976,47.20585507246373,43.39404347826084,42.19086956521735,67.08801932367142,60.77171980676323,23.172019323671478
1438.0,76.45656222493139,65.43793958743133,103.81703498881208,77.57590787488786,65.08350399002198,63.74225586255394,66.6538510495413,12.770612018745581,5.128905536443161,22.85559929785782,8.165476607450021,1.0518942151411026,3.882094315447128,1.6556772570898586,47.54645410628015,47.14428019323667,43.405028985507215,42.12365700483088,67.07311594202892,60.773932367149705,23.17136714975843
1440.0,76.47069242949216,65.44128139789119,103.84532002371462,77.58125515712285,65.09288291781297,63.75323585987574,66.66034531187893,12.768188214319002,5.143829187468273,22.82891168423104,8.190079186967571,1.0698231193435102,3.9222006016899083,1.6572245236204308,47.49212560386469,47.092072463768076,43.416004830917835,42.05626086956518,67.05869565217384,60.77899033816419,23.173314009661816
1442.0,76.48324459387835,65.4426626063473,103.87098658355808,77.58656217910921,65.10225702030124,63.76430696748085,66.66708975705167,12.77325845110875,5.144457801205268,22.889588506100583,8.231825787383066,1.064317711218632,3.9261927737093516,1.663272153801414,47.44098067632846,47.04429951690816,43.42704347826083,41.98810144927532,67.04561835748785,60.78440096618352,23.178874396135242
1444.0,76.49353592316321,65.44812264351772,103.89267532306442,77.59181046259208,65.11173726490118,63.77530602091547,66.67391674702714,12.734144488255296,5.117963644566673,22.836772611100667,8.224261932025923,1.0574871143208595,3.8993317973418398,1.6647225861591688,47.39355072463764,46.99889855072459,43.43643961352653,41.92099516908209,67.03417391304342,60.78894202898545,23.18486956521737
1446.0,76.50169857709673,65.45242746119392,103.91023582676438,77.59672732460284,65.12110930464573,63.78616118925708,66.68057162950223,12.73116191520326,5.139518377775967,22.83196369620204,8.252012628242769,1.0522274956382893,3.8893934309930756,1.6454692972839104,47.3468599033816,46.95609178743957,43.44553623188402,41.85436231884054,67.02713043478255,60.792009661835685,23.191801932367127
1448.0,76.50764116236621,65.45182510529177,103.924137613698,77.60112960344615,65.13059255153763,63.79701867681182,66.68702516868167,12.763381903759564,5.20031734789343,22.82784247269982,8.207728614472016,1.0497654036651902,3.9118222830530667,1.6449647557528857,47.29980676328498,46.91419806763281,43.454502415458904,41.787657004830876,67.02125603864728,60.79239613526564,23.1954299516908
1450.0,76.51223942706355,65.45625110810292,103.9344569715917,77.60522948352477,65.14036035821267,63.80771432736952,66.6930514053942,12.767707572040436,5.155910882040626,22.84993530633916,8.205916600212374,1.0637081243661786,3.9223276328872934,1.6661904716908824,47.25494202898546,46.87386956521735,43.461729468599,41.71971497584537,67.0132705314009,60.79132367149753,23.19280193236713
1452.0,76.51567487464153,65.45898129569738,103.94102646263909,77.60927264500378,65.15008597549388,63.818108131763076,66.69874510611457,12.731038384356587,5.14330952076312,22.885329661175174,8.233515653277967,1.0681480557717602,3.9300148054789106,1.6777040381258808,47.21303864734295,46.8320096618357,43.46865700483088,41.65049758454102,67.00335265700477,60.78944444444439,23.18704830917872
1454.0,76.51799007595464,65.45793169685302,103.94522675714543,77.61336281606876,65.15977330802737,63.82859231965564,66.7040646751348,12.786911467018495,5.202490884169162,22.890212821767463,8.186097444063615,1.0663085618734842,3.9483365054088813,1.6548188788917417,47.17431400966179,46.78898067632846,43.47555072463764,41.58286956521735,66.99448792270526,60.78745893719802,23.180125603864713
1456.0,76.51920875602391,65.45414375866736,103.94637392405598,77.61749568589933,65.16963817863702,63.83902239036835,66.70909718041894,12.769844676844489,5.195055623293413,22.86591543915254,8.203961921506902,1.0608491757913834,3.9188026965586618,1.6593518739108646,47.139033816425076,46.745555555555505,43.480898550724596,41.51472463768112,66.99069082125598,60.7842898550724,23.173434782608673
1458.0,76.51970065897072,65.44949177058079,103.94497839470951,77.62141553271653,65.179622553387,63.849203226899284,66.71381974180156,12.773080448606944,5.203239851679123,22.867878437589063,8.258404261341216,1.0602040111028288,3.9037954847760847,1.6515338350248794,47.10263768115937,46.69986956521735,43.484410628019276,41.446811594202856,66.99100483091782,60.77947826086951,23.167217391304327
1460.0,76.52078210768323,65.44770182628938,103.94239784372026,77.62501098692758,65.1894705652191,63.85922794204397,66.7179786954337,12.805921020932677,5.168025726528175,22.966523524300207,8.207327631293863,1.0423457461138415,3.9486650654920563,1.6532322316064691,47.06351690821251,46.65524637681155,43.48762318840575,41.38089371980672,66.99677294685983,60.77378743961347,23.160541062801908
1462.0,76.52288541710014,65.44854625140212,103.93947554906877,77.62844556844577,65.19930217490298,63.86899975374862,66.72193666726191,12.76185433408921,5.218401898330729,22.961577866858807,8.196522535364947,1.0372370887744504,3.9462472584963355,1.6600269190525652,47.02539613526566,46.614768115941985,43.4908985507246,41.31854106280189,67.00863768115936,60.76558454106274,23.154903381642495
1464.0,76.5250568927237,65.4436221186027,103.93467018161293,77.63195662695803,65.20919674034528,63.87841060897683,66.72585532208655,12.740720474120165,5.1916728773057095,22.935567794037972,8.270254819068843,1.0469696965153965,3.9319798278652476,1.64708806683453,46.98768115942024,46.57949758454102,43.49282125603861,41.2623526570048,67.02414492753617,60.758111111111056,23.146323671497562
1466.0,76.52840648682127,65.43786056278245,103.9306374100277,77.63568274869401,65.21905268374286,63.88805389237461,66.7295074953505,12.789401505403166,5.078698544088449,22.902984746280648,8.267715504619881,1.064471851370499,3.903119568519941,1.63587285497261,46.94907729468595,46.55335265700479,43.49502415458934,41.2135603864734,67.04561835748785,60.75043478260864,23.135565217391285
1468.0,76.53339216705788,65.43200789823926,103.92612076022418,77.63942165898186,65.22884474686727,63.89782437919464,66.73278373308614,12.742150005760001,5.1908599913472,22.9168700012544,8.2289975022592,1.0480850035712002,3.9170374976,1.6446799988736,46.914241545893674,46.53832850241542,43.49796618357484,41.17447342995165,67.07599999999994,60.739227053140034,23.12634299516906
1470.0,76.53990157241284,65.4326016661717,103.92135711702475,77.64342360155472,65.23836440238297,63.907443890452726,66.73592620470708,12.704580733621814,5.256402880902666,22.90614865933656,8.208320158920845,1.0315312796810348,3.940836841910584,1.6405770618138351,46.88295652173908,46.53333816425117,43.50032850241542,41.14487439613523,67.11229468599028,60.727159420289794,23.116927536231863
1472.0,76.54817118142012,65.43371644370421,103.91724194450596,77.64806719475774,65.24786088598292,63.91712193148407,66.73875680181555,12.736020915419477,5.185227600057198,22.853982753450627,8.220199195974635,1.0570451484523324,3.942050628397004,1.6327426348643181,46.85257487922701,46.535434782608654,43.50201449275359,41.12628985507242,67.14982608695647,60.71625120772941,23.107415458937176
1474.0,76.55876856938947,65.43595535402972,103.91364347256277,77.65308769518184,65.25723758059601,63.926936606556204,66.74137266332338,12.781398847679629,5.09097145757951,22.8557752112801,8.237342413619556,1.0548414122840506,3.9114221838528493,1.6534654981513393,46.82344927536228,46.5440676328502,43.502927536231844,41.117816425120736,67.18644444444438,60.706695652173856,23.099729468599016
1476.0,76.5722474264159,65.44573975572546,103.91287590094537,77.65850328377743,65.26625446323095,63.93701444580564,66.74393462596375,12.798074114049012,5.083016301634783,22.867638452237156,8.245925196344663,1.039700395889328,3.9032851733501976,1.6585821148079052,46.793487922705275,46.554463768115895,43.502971014492715,41.11494685990335,67.22070048309173,60.69685990338159,23.094618357487903
1478.0,76.58766836237533,65.4485493002154,103.91323605548028,77.66441966009306,65.27524148796505,63.947078657274226,66.74623265776373,12.786075111021464,5.096123779782731,22.82735706783136,8.216836931966933,1.0454265477038283,3.9331318402105984,1.6593967251344033,46.76237681159416,46.561231884057925,43.50082608695649,41.116222222222184,67.25124154589366,60.686285024154536,23.092275362318823
1480.0,76.60450958242262,65.44679530050473,103.91482587414252,77.67073823483904,65.28400180500924,63.95710547784525,66.74845750698954,12.795349374825419,5.137252926854376,22.81160661577347,8.184473108564386,1.0528825742448096,3.9209849772862486,1.662815773664201,46.7328019323671,46.56741062801928,43.499999999999964,41.11900966183571,67.27436714975839,60.678115942028924,23.08746376811592
1482.0,76.62188327132469,65.45080276754392,103.91722116280154,77.67734692341193,65.29256875300666,63.967122548069064,66.75058811806542,12.794642603694777,5.145662066109891,22.79511154268111,8.197814054714055,1.0368355283833544,3.9151116465529507,1.6586770025835242,46.70444927536228,46.575468599033776,43.49917391304344,41.119502415458896,67.29063285024148,60.67187922705308,23.08034299516906
1484.0,76.63847721512626,65.45755752941311,103.91978172089024,77.68436907115978,65.30114671840727,63.97711727220758,66.75268091703865,12.794519419414925,5.1402482657629855,22.997308053457814,8.189435218869576,1.0499024462223818,3.9033532109474063,1.655185372039005,46.67583091787435,46.58557487922701,43.497028985507214,41.11814975845407,67.30119806763278,60.667101449275314,23.07650241545892
1486.0,76.65388303961758,65.46644625635511,103.92207217716816,77.69158338620726,65.30984060862582,63.9870601323812,66.75480507545652,12.789938253184,5.2256198962688005,22.9113603970048,8.2498108522752,1.0648843491072,3.9265553012736,1.6385225485056,46.64728502415455,46.59621739130431,43.49585024154586,41.11483091787436,67.30539613526564,60.66448309178738,23.075565217391283
1488.0,76.66768919350484,65.46952702748104,103.92446470543057,77.69871545709391,65.31856421958099,63.99691394362166,66.75700782830553,12.815079461544562,5.185776928099392,22.81296513977714,8.279048980092723,1.0491369468073772,3.949584236701844,1.635228394867321,46.62037198067628,46.605980676328464,43.49487439613523,41.10764734299513,67.30617874396128,60.66407246376806,23.07725120772945
1490.0,76.67868858168495,65.46559670726909,103.92494805439246,77.70620042210452,65.32726101432193,64.00679421136948,66.75934177624136,12.788213185699856,5.166734069557062,22.79115274474308,8.272963735620301,1.050685714216298,3.948614285783702,1.6651527474156085,46.596700483091745,46.61289371980672,43.495734299516876,41.09714492753619,67.30106763285018,60.66771014492748,23.082550724637663
1492.0,76.68739945862741,65.46636416477565,103.92510803734191,77.71362415215414,65.33606739614078,64.01668792894957,66.76147408240567,12.817413292613947,5.114618124491803,22.831538067743843,8.28145679807657,1.055475528409299,3.9349217533500425,1.6580305139129434,46.57310144927532,46.61499999999995,43.49823671497581,41.080265700483054,67.28636231884052,60.67423671497579,23.090676328502397
1494.0,76.69369498444392,65.47273582015409,103.9245821160822,77.72087801442792,65.34483198984913,64.02659349685568,66.7636209022259,12.822157128681667,5.138750638313511,22.802361159687624,8.247284364113076,1.0586241887039805,3.9252708952398594,1.6494728611286757,46.54580193236711,46.60546859903378,43.500966183574846,41.052125603864695,67.26374396135259,60.68192270531396,23.09902898550722
1496.0,76.69845205683217,65.47245823561971,103.92291058729766,77.72825827135318,65.35378630255374,64.03682020916315,66.76576121223317,12.765873497608219,5.156365587065789,22.918341737795462,8.206605177333268,1.052402740720228,3.9307548219156256,1.6489038582836073,46.51580676328498,46.58157971014489,43.504285024154555,41.01261835748789,67.23484541062795,60.690260869565165,23.106212560386453
1498.0,76.70318023705973,65.47535870093431,103.92214368321869,77.73550621743924,65.36296516857274,64.04731296519518,66.76775764703886,12.725131391927373,5.192824173446793,23.076161486086324,8.22291745098223,1.0540458370153123,3.9378446330322405,1.6446759284653367,46.48589855072459,46.548328502415416,43.509729468599,40.96401932367146,67.20007729468593,60.69936231884053,23.109053140096595
1500.0,76.70696722018069,65.47925849750006,103.92141926095192,77.74271933809847,65.37226034557568,64.05834098848663,66.76989474631188,12.786200595744768,5.173565405619207,22.98590518330569,8.252396167212224,1.047803088106818,3.949361225313648,1.6461084102565149,46.454637681159376,46.50639130434779,43.51700966183571,40.90803381642508,67.16532850241539,60.70816425120768,23.107492753623166
1502.0,76.71023478784825,65.48115224850162,103.92105014139084,77.74943494073011,65.38165031870113,64.07006378863241,66.77206035106207,12.784377031329317,5.155979739434607,22.91461288861226,8.236772918947109,1.0381434301331791,3.917757322229557,1.6638354062658636,46.42058454106276,46.45761835748789,43.52461352657001,40.845241545893685,67.13418840579703,60.71503381642507,23.100381642512055
1504.0,76.71407294307802,65.4837436013191,103.92321248729297,77.75516524563447,65.3911571336081,64.08215253855728,66.77438466171957,12.765212162254276,5.154358208476752,22.904182181991132,8.190000450165337,1.0625316817533257,3.9099103606191563,1.6553901401055366,46.38347342995164,46.404463768115896,43.53280676328498,40.77631884057967,67.10616908212553,60.71894202898545,23.08604830917872
1506.0,76.71845700771479,65.4876226402951,103.92872091275738,77.75988929470925,65.40058769615673,64.0945401988888,66.7766186438866,12.741310468996879,5.137936391384974,22.86877612178352,8.17746151520871,1.05622926238432,3.9362676969582577,1.6419042872473324,46.34176811594199,46.34942995169078,43.543028985507206,40.70203864734295,67.08332367149752,60.72063768115937,23.064647342995144
1508.0,76.72397690139279,65.48867770749189,103.93789811205046,77.76368482153669,65.41000804476751,64.10704592421733,66.77867008491376,12.733275887075834,5.170843229485265,22.869269647729666,8.209653782179961,1.0489354626640472,3.9264423376094304,1.6452064354074656,46.297487922705265,46.29694202898546,43.55489371980672,40.62509661835745,67.06475362318832,60.72021739130429,23.039347826086935
1510.0,76.73098800315125,65.4842967654136,103.9506087551464,77.76688790752138,65.41920939787228,64.11971348978368,66.78076465588781,12.781704851788039,5.262778497805696,22.87190781377845,8.226476149300026,1.057950153090082,3.923131716070654,1.6688655260590461,46.25442995169078,46.249173913043435,43.566792270531366,40.54771497584537,67.04894202898544,60.71712560386469,23.012763285024135
1512.0,76.73880100771457,65.48248642389404,103.96495831921818,77.77004861633993,65.42813634969527,64.1326821197589,66.7828534430888,12.768727272839417,5.183570343270195,22.866223843838213,8.257027570208924,1.058227570208924,3.9336011919451943,1.6602308499085814,46.21461352657001,46.207888888888846,43.580115942028954,40.46859420289851,67.03849758454099,60.71136231884052,22.982763285024134
1514.0,76.7483552473833,65.4820913734906,103.98205418917938,77.77298075658852,65.43706232728682,64.14577237042752,66.78461320238335,12.7589155287812,5.172241246565618,22.925036994471185,8.274431750686876,1.061491690444578,3.9344348164579905,1.647692284929284,46.17832850241542,46.173217391304306,43.59442995169078,40.391309178743924,67.0395507246376,60.70165700483086,22.949695652173894
1516.0,76.76041307246531,65.48669700946573,104.00166114258205,77.77528355715356,65.44603810620755,64.15860420709198,66.78608287585739,12.76667626820592,5.1563988837778325,22.910192595084126,8.26519208902983,1.043956288135492,3.9257975660270907,1.6649507103739443,46.14596135265697,46.14543478260865,43.608077294685955,40.32065700483088,67.05397584541056,60.690913043478204,22.913908212560365
1518.0,76.77491016499616,65.49490640543485,104.02482583820459,77.77734757845107,65.45467547181391,64.1715730553084,66.78744426105237,12.7631613041408,5.1131857018112,22.8644711969792,8.226982304076799,1.060666998272,3.9422722983168,1.6658606032896,46.114946859903334,46.12430917874392,43.622400966183534,40.25783091787435,67.07456521739124,60.681415458937146,22.87631884057969
1520.0,76.79175111441515,65.4974160812788,104.04989047685932,77.77929782910898,65.46310679277246,64.1846807042767,66.78879425276811,12.718391119792589,5.115220068037172,22.88022408568306,8.209365025286584,1.0765534871748235,3.955091871839177,1.6377476666363526,46.08394202898547,46.10478260869561,43.6369178743961,40.202198067632814,67.09518840579703,60.671830917874345,22.839019323671476
1522.0,76.81134337212298,65.5010094434311,104.0761090184962,77.78100205037518,65.4715393319962,64.19779442990564,66.79001424787894,12.707636281892215,5.211298497672716,22.877425636616113,8.264424286609472,1.063492504329995,3.9584613190512363,1.650479909590162,46.05277777777774,46.083478260869526,43.651144927536194,40.14998067632846,67.11612560386467,60.66322222222217,22.80410144927534
1524.0,76.83297976014968,65.50947877740035,104.10365926131432,77.7830196892417,65.47974863317887,64.21093914832701,66.79130726355822,12.725192063492063,5.2317857142857145,22.95857380952381,8.25002142857143,1.0460992063492063,3.9594658730158727,1.659988888888889,46.02123671497581,46.06099999999996,43.66459903381638,40.101381642512045,67.1367971014492,60.65722222222217,22.77187922705312
1526.0,76.85595085739251,65.5081437579093,104.13270508926638,77.78579197939793,65.48785784408172,64.2237907966184,66.79257843523249,12.7418393561014,5.109997433880304,22.975864119017963,8.181022194117052,1.0486655258712663,3.928217615144274,1.6601158025045741,45.9908792270531,46.03888405797097,43.675574879227014,40.05626570048305,67.15576328502408,60.65241545893714,22.741492753623167
1528.0,76.87973071890272,65.50966474855242,104.16221150948986,77.78889033000364,65.4959706417575,64.23647694595006,66.79350684084928,12.763394736904209,5.113725548979559,22.850220443023645,8.19288817592946,1.0579815625747495,3.904518135945491,1.654398197521443,45.96204347826083,46.01963285024151,43.685971014492715,40.01471497584538,67.17556521739124,60.64916425120767,22.7096376811594
1530.0,76.90345516185614,65.52025531590648,104.19103033386767,77.79209560514312,65.50386068139616,64.24902397325327,66.79418403422551,12.798642665504191,5.150078293550499,22.85953038561597,8.182410031303792,1.0628161680479042,3.91942380171497,1.6620187104702595,45.93324154589368,46.00433333333329,43.6958599033816,39.97942512077291,67.20099516908206,60.64900483091782,22.679565217391282
1532.0,76.92672247498894,65.52681986708542,104.21928910902837,77.79568067854485,65.51151530028297,64.26142252037006,66.79485923862511,12.771293766125288,5.203568077348009,22.865723942729545,8.183761096119257,1.0656775556812785,3.9405503736770195,1.6980613467183672,45.90293719806759,45.99205314009658,43.7047101449275,39.95270531400962,67.23257487922699,60.65347342995163,22.652603864734274
1534.0,76.94988340060974,65.53340128649451,104.24735319061594,77.80001562864922,65.51911708593965,64.2735317425857,66.79547390872366,12.753808748095606,5.264985218206865,22.83819713595325,8.240051584374912,1.0618269979359114,3.9477588233704197,1.682688084055524,45.87314975845406,45.98466666666663,43.71381642512073,39.93835265700479,67.26965217391299,60.6629323671497,22.626937198067612
1536.0,76.97234525858926,65.53837881504234,104.27419193523849,77.80509100214287,65.52684858371651,64.28549617230128,66.79628274152329,12.78319950525328,5.200588664734791,22.965366057759045,8.231417691063221,1.0486471677836977,3.9523776847522862,1.664707852838171,45.84462801932363,45.98447342995165,43.72329951690817,39.93931884057967,67.31406763285018,60.67779227053135,22.606033816425104
1538.0,76.99334896950694,65.53877057950197,104.29891626700136,77.81102162301052,65.53477776490266,64.29746776818038,66.79743939583949,12.783664118649103,5.138234430888622,22.954955732081437,8.180472005940121,1.0554478038227544,3.96471816342994,1.6527217057341317,45.816246376811556,45.99307246376808,43.73332850241542,39.955980676328466,67.36172463768109,60.69668599033811,22.59443961352655
1540.0,77.01325262706985,65.54677813287077,104.32059639121059,77.81752409430528,65.54258753219554,64.30949850810812,66.798926685915,12.75855347814216,5.116197998218373,22.877048175843182,8.228722563473015,1.0451835417746138,3.9447194590344945,1.6573335676819667,45.78922705314005,46.00718840579706,43.742294685990295,39.98618840579707,67.40924154589366,60.715816425120714,22.59544444444442
1542.0,77.03212453480798,65.55573982346236,104.3377843446749,77.82462731253744,65.55047068072585,64.32164069314739,66.8007587171239,12.797588187879924,5.116151953512038,22.891648145569448,8.266195193208901,1.0450907907773879,3.928188388720778,1.6703369359719358,45.762917874396095,46.0216714975845,43.74981159420285,40.028314009661806,67.45698550724632,60.735560386473374,22.60751207729466
1544.0,77.05001363678537,65.55619246114995,104.35152824977963,77.8325992880868,65.55868273864617,64.33437342899904,66.80293938098002,12.802432497623869,5.206989057601156,22.835826268222156,8.25517212842842,1.033562128227837,3.9467220505869354,1.6408979397079517,45.738444444444404,46.039149758454066,43.757318840579664,40.08068115942025,67.50185024154584,60.75685024154584,22.624835748792247
1546.0,77.06590276122033,65.56424139063238,104.3620921547827,77.84074250190665,65.56715916714745,64.34760444089004,66.80562160079246,12.832466001616265,5.208523012124277,22.843907588961915,8.246399498441955,1.0333231659159847,3.9516014972868216,1.6435774344762077,45.7157101449275,46.06163285024151,43.76508212560382,40.14039130434779,67.53965217391298,60.77757004830912,22.641429951690803
1548.0,77.0784580649964,65.58020327070022,104.36728838762095,77.8494634372513,65.57586717260239,64.36116059643278,66.80892281971566,12.85150621582238,5.109181899374818,22.885043708631528,8.188175733021161,1.0546875683552441,3.9205480860531687,1.651238787053962,45.69279227053136,46.08878260869561,43.77158937198064,40.20454589371977,67.57113043478255,60.7949516908212,22.66013043478259
1550.0,77.08810239080621,65.59336964808489,104.36917163168373,77.85873527710453,65.58452129785623,64.37511185740433,66.8126180946697,12.812476034781904,5.115807265401882,22.90594384485934,8.236205297327487,1.0491957619339343,3.909231685026466,1.6407100402896495,45.67199033816421,46.120975845410584,43.776550724637644,40.27146859903378,67.59529468599028,60.8091787439613,22.67996135265698
1552.0,77.09452564790422,65.59673774989382,104.36832339644299,77.86802681205033,65.59321620367061,64.38924293873193,66.81675930329146,12.77438434507833,5.090825594656064,22.91251342216143,8.25435581349662,1.0384274849335984,3.941241750724453,1.6561057659419482,45.65260386473425,46.156304347826044,43.781502415458895,40.337705314009625,67.61064734299511,60.820990338164194,22.698613526570025
1554.0,77.09741630453075,65.59708217141315,104.36339661470244,77.8775346393263,65.60196000622209,64.40315735770785,66.82118763894707,12.80995290890573,5.099782247235643,22.9276914740194,8.22017708118422,1.044057322068136,3.9548585254734747,1.6673147442510095,45.63398067632846,46.19178260869561,43.78680676328498,40.39862801932363,67.61516908212555,60.831729468598986,22.72093719806761
1556.0,77.09776866771179,65.60242498163714,104.35629135465918,77.88712422713344,65.61064601406991,64.41667256493834,66.82580969072023,12.780165920203197,5.129769927661717,22.931002250323335,8.192772683928295,1.0573518795211427,3.9429305764593696,1.665884461531927,45.61734299516905,46.224521739130395,43.7910483091787,40.452657004830876,67.60627053140091,60.84034299516903,22.74873429951689
1558.0,77.09528795580151,65.61033971584496,104.3465705930365,77.89685651245148,65.61923289802635,64.42989029177292,66.83078954028633,12.749735957270445,5.074999509034845,22.977457144664097,8.157916749362238,1.0558315274234658,3.9538798019770516,1.6464448288690336,45.60278743961348,46.25290338164247,43.79403381642508,40.49643478260866,67.58923671497577,60.84455555555551,22.77655072463766
1560.0,77.08981421633383,65.61663130135841,104.33367473780581,77.90701693090483,65.62780527394953,64.44291918014468,66.8361082780418,12.776463765182188,5.0999425101214575,22.89701052631579,8.182362348178138,1.0547497975708502,3.9676985829959515,1.6358935222672064,45.58745893719803,46.274135265700444,43.79861835748788,40.52847826086953,67.56883091787432,60.84748792270526,22.80005797101447
1562.0,77.082310305405,65.61868326937916,104.3193973187188,77.91684531582062,65.63643308189937,64.45582124955027,66.84116019265221,12.747768871928017,5.1485895245573285,22.861440600302657,8.232892180361555,1.0584424060842537,3.955400451445399,1.6502499749197,45.56972463768112,46.285425120772906,43.8028792270531,40.548608695652135,67.54573913043471,60.85165700483087,22.82203864734297
1564.0,77.07334574999075,65.62388911288679,104.30535720431972,77.92616070121538,65.64495155802105,64.4686679564744,66.8463224834241,12.80069631156016,5.134557966788845,22.947424001351397,8.21902659495777,1.0505954186964144,3.9338243531984065,1.6490973607011952,45.549125603864695,46.28575845410624,43.80371980676324,40.55495169082122,67.51714009661829,60.8554057971014,22.847004830917854
1566.0,77.06230424532332,65.62977736784393,104.29021769225963,77.93537392172054,65.65329724361499,64.4814447601539,66.85181841247571,12.819268544846647,5.121990528867192,22.907687987116283,8.209489630927354,1.0494759221647647,3.9378507974221844,1.6439426221650328,45.52515458937194,46.27345410628015,43.803473429951644,40.545729468599,67.48083091787433,60.85712560386469,22.87342028985505
1568.0,77.05031870026275,65.63235428008629,104.27540571595036,77.94438111898715,65.66160134176049,64.49376538000004,66.8573360510038,12.791414142753757,5.111703109834905,22.858416700994717,8.244147091453748,1.067082648066911,3.9449647942120896,1.6612121868188767,45.49908212560382,46.24978260869561,43.80264734299512,40.52043478260865,67.43878260869559,60.85825603864729,22.89852657004829
1570.0,77.03764488019195,65.63371483127897,104.26237811082893,77.95331072766713,65.6699314739588,64.50592742201081,66.86256352927626,12.826995822832007,5.151142979015728,22.918145092284984,8.238466330624226,1.0770330648446647,3.946850931481922,1.6856135379048813,45.46973429951687,46.217792270531355,43.801144927536185,40.48165700483088,67.39534782608689,60.86088888888884,22.923739130434758
1572.0,77.02426161113999,65.64053079307388,104.2504585869436,77.96212569061666,65.67810496872029,64.5179478141568,66.86750904945782,12.796041943521171,5.201459006474948,22.857438752778336,8.218307731480158,1.0624016453712142,3.969096159259819,1.679159251851882,45.43771497584537,46.18178743961348,43.79886956521735,40.43151207729465,67.3537053140096,60.86416425120768,22.946772946859884
1574.0,77.0110251479093,65.6429223941299,104.24144143484588,77.97039855343623,65.68616141357056,64.5296141760232,66.87226193145726,12.775199648537601,5.2233834558208,22.8679326985728,8.2389518499584,1.0515951498496001,3.9665005495552,1.6599795514112001,45.40357971014489,46.14194685990334,43.79572463768112,40.37046859903378,67.31835265700477,60.86666666666662,22.966468599033796
1576.0,76.99889320256293,65.64737910468489,104.23611280663518,77.97778730948868,65.69399521958671,64.54119786175879,66.87682117853241,12.802224184614927,5.132672503158575,22.926997690476593,8.244641495019495,1.05753753121967,3.9554582045369417,1.6318310588252825,45.36905797101445,46.10099033816421,43.792217391304305,40.30279227053136,67.29275845410622,60.8700289855072,22.985840579710125
1578.0,76.9880645498156,65.64680583193127,104.23322270458652,77.98437752942097,65.70131930931183,64.55266165833004,66.8813029866603,12.779460039761432,5.179068986083499,22.898482703777336,8.203905168986084,1.0550502982107357,3.9322250497017897,1.6466495029821073,45.335275362318804,46.06300483091783,43.78945893719803,40.23476811594199,67.27453623188399,60.87471014492749,23.007951690821237
1580.0,76.97935119765856,65.64634432824228,104.23383946183358,77.99051285618143,65.70859593207389,64.56386062956128,66.88578419006721,12.789769477911648,5.1168588353413655,22.82368955823293,8.177227510040161,1.0533417670682732,3.938635341365462,1.6589044176706826,45.30035748792266,46.02622222222218,43.78795652173908,40.16931884057968,67.26201449275356,60.87816908212555,23.030565217391285
1582.0,76.97274720993806,65.6548174112417,104.23860773066761,77.99642189274181,65.71594174393294,64.57484047417138,66.89021007393688,12.798300251697041,5.028653925457003,22.91901400501806,8.198250326115048,1.0701210603214868,3.9472473735476576,1.6508340667346773,45.264859903381605,45.99389371980672,43.78639130434778,40.109053140096584,67.25596618357481,60.88086473429946,23.051589371980654
1584.0,76.96789833623426,65.66186889954656,104.24499072676464,78.00142519299708,65.72325674848904,64.58563032577392,66.89460189694589,12.773471498021328,5.109878746106405,22.950075172047807,8.184266209276629,1.0672453968138151,3.9325060237606126,1.6636088638563833,45.22994202898546,45.966415458937156,43.783999999999956,40.05382125603861,67.25716425120767,60.883207729468545,23.075125603864713
1586.0,76.96483187156544,65.67038057773492,104.25281702435397,78.0055278754165,65.73064519500308,64.59614357942837,66.89896716570722,12.837872180001318,5.214451050135749,22.899479480365756,8.234551353376167,1.0654895361473555,3.924168147955711,1.6625752424093847,45.19676328502411,45.94067632850237,43.782971014492716,40.00306280193233,67.26150724637675,60.88556038647337,23.098801932367127
1588.0,76.96319925620186,65.68293397365048,104.26087651872531,78.00919175634797,65.73802772286938,64.60664677027103,66.90328287200599,12.84154474435682,5.265666662724591,22.918933632841394,8.243639338656374,1.0634420405968874,3.9537249249713664,1.6696975981740203,45.1664830917874,45.91356521739126,43.78484057971011,39.95693236714972,67.26597101449269,60.88945893719801,23.119169082125584
1590.0,76.96344451215802,65.69022411099324,104.2693739143308,78.01225682531474,65.74543334747868,64.61698051068747,66.90739593948199,12.809612398009449,5.220094395338583,22.89763494024567,8.234007087319686,1.0350752955716536,3.935409347502362,1.674823424151181,45.138434782608655,45.884256038647294,43.78931884057967,39.91258454106276,67.27033816425114,60.894613526569984,23.135840579710123
1592.0,76.96513470710673,65.69354549545082,104.27807313881839,78.01499471089758,65.753063201028,64.62717767444195,66.91132248297552,12.79609695422439,5.20544785558374,22.857576519154474,8.235446035798375,1.032954877294309,3.9249225634861786,1.6793594534243903,45.11312560386469,45.85715942028981,43.79611594202894,39.8701256038647,67.27537198067627,60.901956521739066,23.149048309178724
1594.0,76.96795886982477,65.70630210946875,104.28712259425305,78.01713577263367,65.76062624450735,64.63721454681246,66.91513599752817,12.807759121320256,5.121844168215726,22.78737038682542,8.227633698837332,1.0379499511609205,3.949613758914376,1.6962050844965848,45.092236714975805,45.83466666666663,43.804942028985465,39.83196135265696,67.28408695652169,60.911864734299456,23.160280193236698
1596.0,76.97158442465282,65.71612715281293,104.29500611691039,78.01899724342172,65.76814527515057,64.64704161377502,66.91899500647655,12.763938153870944,5.131831172029324,22.784998454794167,8.225246583497945,1.0475404486779993,3.955053067409973,1.6769471815548227,45.07562318840575,45.82081642512073,43.815507246376775,39.79857487922702,67.29640096618351,60.92298550724631,23.169898550724618
1598.0,76.97662718366925,65.72059827882043,104.30279378744723,78.02081579699764,65.77588314149956,64.65678735251666,66.92271567581813,12.751046015863787,5.193441205784342,22.79359984826066,8.194116840821515,1.0408169925608584,3.9424696233617764,1.6475066161690106,45.061917874396094,45.817120772946815,43.8275217391304,39.77157487922701,67.31100966183567,60.93284057971009,23.174106280193218
1600.0,76.98292918210018,65.72126875227984,104.31007665647047,78.02266453005558,65.78398632172097,64.66640377739364,66.92628644739132,12.753305811623246,5.263728256513026,22.81928837675351,8.212686773547095,1.0564703406813627,3.9391809619238476,1.6437597194388778,45.04970531400962,45.819565217391265,43.84069565217387,39.75009178743958,67.32600483091781,60.93960386473424,23.17215458937196
1602.0,76.99056496074745,65.73332632128559,104.31622199846583,78.02478712408256,65.79216840303042,64.67596319029126,66.92978237089288,12.742852958047445,5.1802255116530915,22.956127696245762,8.260140030849845,1.0621830436476805,3.949286822950991,1.6587214319857924,45.03869565217387,45.827657004830876,43.85473913043474,39.732603864734266,67.33765217391299,60.943275362318786,23.16755072463766
1604.0,76.9999765429299,65.7502184277839,104.32226520783628,78.02706726580668,65.80024440276134,64.68557928414914,66.93302054952754,12.769622467429327,5.150290721527187,22.96916705171945,8.20600280855384,1.038276930880766,3.9394176026843795,1.6468015047254727,45.02850241545889,45.83958454106276,43.869362318840544,39.71936714975842,67.34642512077289,60.94385507246371,23.16085024154587
1606.0,77.01133490562646,65.75936749306115,104.3272439574952,78.02957253322722,65.80838307582341,64.6953839859263,66.9360844753885,12.791880341275267,5.175088392071608,22.891881840392777,8.249460382727031,1.0346251628654275,3.9529373186261187,1.6319335171735143,45.01864251207725,45.85282125603861,43.8842753623188,39.707589371980646,67.35400483091782,60.94316908212556,23.149053140096598
1608.0,77.02488083183637,65.76271709728431,104.33051834585201,78.03205649419796,65.81636441927857,64.70536436958683,66.93904100781309,12.815609580838323,5.143737125748503,22.821151696606787,8.288415768463073,1.037914371257485,3.9277379241516965,1.6491738522954091,45.00975845410624,45.867743961352616,43.89918840579706,39.695652173913004,67.36029468599027,60.94247342995163,23.130985507246354
1610.0,77.04019947143908,65.7674439422646,104.33383304341523,78.03489742774373,65.82421669984437,64.71535689229465,66.94175021728073,12.801450526861633,5.2142409942074375,22.773244155377235,8.231382588993721,1.0492296543961355,3.913263823974754,1.6505957851069395,45.003666666666625,45.88585507246373,43.911985507246335,39.68188888888885,67.36342028985501,60.94002415458932,23.11090338164249
1612.0,77.05692498739432,65.7754536408406,104.33721009992935,78.03804721799995,65.83207257773451,64.7248541914727,66.94480785183441,12.79270223142857,5.252713790247618,22.88223383489524,8.231919196685714,1.0592548103238095,3.9381045138666666,1.6468372521523809,44.997961352656965,45.905608695652134,43.92172463768112,39.66641062801929,67.36211111111105,60.93464734299511,23.091888888888867
1614.0,77.07571654867058,65.78566076315307,104.34105187777895,78.0416230495594,65.83981013898982,64.73401067731808,66.94786773206441,12.804799950471788,5.182372132564091,23.004295314332502,8.219783449435154,1.0477732802888435,3.942445264268298,1.6358307076957475,44.9908405797101,45.926062801932325,43.93106763285021,39.64748792270528,67.35870048309172,60.928120772946805,23.071642512077272
1616.0,77.09660776211697,65.79182074656894,104.34466831927413,78.04553034717622,65.84734567678227,64.74278408439278,66.95037339202739,12.83114902352364,5.1077373391579,23.003259251512485,8.185645314436641,1.0581185969044662,3.9305254155636957,1.6396610500567885,44.983502415458894,45.94992753623184,43.94028019323668,39.62577294685987,67.35552173913038,60.92217391304343,23.05091304347824
1618.0,77.11841161166687,65.79426921928847,104.34743450435448,78.04929671652123,65.85491145017039,64.75132845586114,66.9528141309579,12.825134795399435,5.16945446250129,22.933776703429714,8.227325261547982,1.0510335855766255,3.9328729182053457,1.6620753410009408,44.97654106280189,45.97391304347822,43.94785024154586,39.603091787439574,67.35313043478256,60.91548792270525,23.036545893719786
1620.0,77.14079709704706,65.80271536683296,104.35160871414556,78.05294012788521,65.8625997721826,64.75989598704598,66.9553484255372,12.840051367741378,5.176699253959248,22.9004004973605,8.255096367791662,1.0334081047611543,3.955215414483846,1.6817462471432323,44.97059903381639,45.99655555555551,43.95226570048305,39.57517391304344,67.34846376811588,60.90852173913038,23.02949758454104
1622.0,77.1631320964897,65.80162550800328,104.35833453926145,78.05641168104212,65.87023439119153,64.76846808319021,66.95790906345788,12.815079901634258,5.156202011079268,22.90247135684365,8.20955175733054,1.0388286415354442,3.928274372111799,1.69556432373938,44.963971014492714,46.01816908212556,43.953792270531366,39.54308212560383,67.34201449275355,60.902908212560334,23.023647342995144
1624.0,77.1841333042498,65.79843215374733,104.36747745764956,78.0597327094417,65.87768556301215,64.77713801686919,66.96044583532843,12.763184906218704,5.141474775939608,22.93238917305512,8.238505362653767,1.061558789615653,3.9342530278103216,1.6615530278103214,44.955603864734265,46.039019323671454,43.95386956521736,39.511386473429916,67.33719323671492,60.89845410628014,23.01656038647341
1626.0,77.20381011289511,65.80199998517791,104.37965881646116,78.06322353399756,65.88509089285145,64.78607704628615,66.96295987903264,12.747953234241386,5.169101391901205,22.94918816085409,8.216783583281444,1.041786766290992,3.938195821634495,1.6623764188480687,44.94444444444441,46.058719806763236,43.9539371980676,39.482782608695615,67.33555072463761,60.89496618357483,23.008753623188387
1628.0,77.22202456009605,65.81669963507673,104.39558529305108,78.0671029740211,65.89252555859004,64.79503238190638,66.96538840541189,12.76241660488938,5.223162187248046,22.93602473213366,8.200006712614856,1.0355975269313689,3.9246519431253533,1.6593791497749952,44.928787439613494,46.07562801932363,43.95426086956518,39.45753623188401,67.33685990338157,60.892251207729416,23.000613526570028
1630.0,77.23749169768827,65.82620105693353,104.41505942360104,78.07109178177741,65.89993069621833,64.80384229354806,66.96757764124207,12.791326513175933,5.17224071850076,22.96549874931374,8.191614907013339,1.0446494750206599,3.937038769558101,1.6788161079467196,44.909879227053096,46.0892753623188,43.953328502415424,39.4334830917874,67.33732367149751,60.891942028985454,22.99360386473428
1632.0,77.25047717015875,65.8341506652585,104.43877917712368,78.07469311800651,65.9076581236358,64.81275714573611,66.96980797948642,12.782855921870496,5.094510047596037,22.964190404952046,8.19379370490815,1.064249625217827,3.944768065749391,1.6775190408073684,44.889521739130394,46.09674879227049,43.95267632850238,39.4096328502415,67.3367971014492,60.89449758454101,22.98786956521737
1634.0,77.26079487996257,65.84455377202184,104.46636459450593,78.07833065669064,65.91546849726595,64.8217261936174,66.9725965006157,12.803798192929973,5.152619052154596,22.916276257004515,8.247643820413295,1.051212505857548,3.944394870632445,1.6898105521033835,44.8682946859903,46.09691304347822,43.95327053140093,39.386772946859864,67.33635748792264,60.900425120772894,22.981632850241525
1636.0,77.26824194461179,65.84783469406587,104.49691822238441,78.08227241167569,65.92308955486469,64.83082248360803,66.97557022920489,12.822869891440543,5.149161290680303,22.915267746441266,8.27516666745315,1.040956989828294,3.941448386472662,1.6768408590378674,44.84677777777774,46.09163285024151,43.954903381642474,39.36446859903378,67.33590821256031,60.91028019323665,22.97906763285022
1638.0,77.2735042265735,65.84605873740584,104.5312948021663,78.08630821938762,65.93050270021423,64.8401817432172,66.97831772458733,12.822918929336383,5.163655351757723,22.95074871245185,8.272354063689455,1.046418483746663,3.927569970259344,1.647766947492849,44.82677294685987,46.08464734299512,43.95798550724634,39.343507246376774,67.3366086956521,60.9228405797101,22.983125603864714
1640.0,77.27652239745736,65.84501115633094,104.56938809612943,78.09032344811727,65.93797591122853,64.84963546949895,66.98100661504354,12.849426289142857,5.167154315085715,22.9107691016,8.238487598857143,1.0425429073142856,3.9330944448,1.6487407244571428,44.80952657004827,46.079270531400915,43.96232367149755,39.32655072463765,67.3402705314009,60.93810628019318,22.99015458937196
1642.0,77.27675798064823,65.85085766864096,104.61068274751007,78.09409862174334,65.94546750150676,64.85950038800003,66.98399703581538,12.787716210012322,5.176456889797325,23.035279382573172,8.224851367680559,1.0471017223066765,3.9358791792775407,1.6624795847275649,44.79455555555552,46.0742173913043,43.96772463768112,39.31273913043474,67.34937198067625,60.954251207729406,22.997724637681138
1644.0,77.2750906689014,65.85142590854782,104.65555716636977,78.09803735438041,65.95313958242643,64.8699597229247,66.98739875042652,12.741904145499566,5.220936862877082,23.021359941010026,8.230779770027079,1.0385,3.8997127875972213,1.6507495507596117,44.77842512077291,46.06899999999996,43.97521739130431,39.30130917874392,67.3616280193236,60.97001932367144,23.005787439613506
1646.0,77.27204599858311,65.84921320834508,104.70366285406145,78.10232119633717,65.96105749768967,64.88062104503693,66.99090495616093,12.80812427021636,5.196151459567277,22.931146173399643,8.24947396772776,1.0356409868734913,3.876298338603934,1.6225225579812248,44.75952657004827,46.06384541062798,43.98405314009658,39.293990338164214,67.37419806763279,60.98350241545888,23.014246376811574
1648.0,77.26766724571921,65.85065452824357,104.75373034299759,78.10691186665377,65.96917949360434,64.89150007767347,66.9944400650392,12.845142428783767,5.109810795140375,22.933504048791736,8.212420840959387,1.046168215264151,3.914864917021966,1.6328395801343993,44.73985507246373,46.0578212560386,43.9910869565217,39.28773429951687,67.38484541062796,60.9933478260869,23.021130434782588
1650.0,77.26251689012807,65.85887971228159,104.80530309945688,78.11154265553093,65.97712526873478,64.90266738762337,66.99805257947017,12.82469889978814,5.088594804913154,22.898935463955915,8.201873029055617,1.061521877848352,3.943764935874681,1.6550233778908054,44.72140579710141,46.05243961352652,43.99799999999996,39.28071497584538,67.39128502415453,61.00058454106274,23.029246376811578
1652.0,77.25719327455228,65.86005670116633,104.85875323579582,78.11635327731933,65.98495816440578,64.91430484641964,67.00148990657841,12.799172358668656,5.1189902874352855,22.89562343565043,8.25238507795757,1.0520990984493606,3.942402402579639,1.6792463694024522,44.70439613526566,46.045608695652135,44.00586956521735,39.2735024154589,67.39540579710139,61.00624154589366,23.039574879227036
1654.0,77.2519225976303,65.86177499510724,104.9130185442861,78.12088731769394,65.99284356980077,64.92613807869796,67.00487828197097,12.789498946984887,5.201582898325883,22.91386088258124,8.270507723060877,1.0458800902855825,3.934471714951043,1.6753722668018305,44.68909178743957,46.03706280193233,44.01277294685986,39.2648405797101,67.39787439613521,61.009570048309115,23.047048309178724
1656.0,77.24750623997635,65.86722376179337,104.96734367695781,78.12522398590558,66.00057147295281,64.9378445644056,67.00832033137557,12.783816981264462,5.212534905280006,22.904579245087316,8.286062264178764,1.0474113207921305,3.960999056638789,1.6566481129979351,44.67580676328498,46.02896618357484,44.01861352657001,39.253473429951654,67.39696135265694,61.00986956521733,23.054425120772926
1658.0,77.24368326460801,65.87151142466439,105.02136950080971,78.12979502318159,66.00798008211312,64.94953764052018,67.01157416472316,12.76877779223763,5.193657175696418,22.907520607448664,8.2574260164634,1.0503433718541393,3.93478264460926,1.6463510739321316,44.66185507246373,46.0204830917874,44.023294685990294,39.23692270531397,67.38971497584535,61.008314009661774,23.064463768115925
1660.0,77.24127546514859,65.87802654119957,105.07290849309747,78.13386925339859,66.01529331294273,64.96079544331329,67.01477823715601,12.76592253396254,5.241019738867198,22.967085504463302,8.201281260824988,1.0437817096757769,3.8914272365585925,1.6507679179663903,44.646946859903345,46.01017391304344,44.02671980676324,39.21326570048306,67.37796135265694,61.00250724637675,23.075748792270513
1662.0,77.24159971440567,65.88461486940035,105.12048464687481,78.13785710561427,66.02258452951438,64.97181053641373,67.01767777911301,12.80266598172214,5.246722880466364,22.965326243327684,8.180380230993444,1.039894279883409,3.902607876990519,1.6378568987442257,44.63196618357484,45.998995169082086,44.02757004830914,39.183531400966146,67.3640821256038,60.99248309178738,23.08691304347824
1664.0,77.2439456312608,65.88462596160583,105.1636995514291,78.1416659475819,66.02988227371173,64.98276816084503,67.02011304059216,12.8044274920806,5.166588230165672,22.948839660439127,8.187593891252684,1.0684631455363252,3.909786829895622,1.6528628944204433,44.618400966183536,45.987903381642475,44.02630434782605,39.15052657004828,67.34923671497579,60.98127536231878,23.0990338164251
1666.0,77.24793750964538,65.88088987035256,105.20258008382189,78.14499898962332,66.03715110930143,64.99345848531816,67.02245663866323,12.822112761509853,5.173526770821821,22.958116250894278,8.23459895347564,1.0829492021631617,3.901872482630669,1.6585756730081325,44.60596135265697,45.97363285024149,44.02455555555551,39.114661835748755,67.33398067632844,60.97071014492748,23.1120144927536
1668.0,77.25413787541466,65.88410333201288,105.23723382507808,78.14833754831999,66.044543843779,65.003945632686,67.02456878444237,12.827946923266671,5.251284193908107,22.964836386930866,8.218374691214938,1.0501497290950015,3.9219757264457606,1.660967897571756,44.59075362318836,45.957743961352605,44.02213043478256,39.07334782608692,67.31826570048302,60.96083574879221,23.120932367149734
1670.0,77.26233201190489,65.88994962019977,105.26703148209047,78.15120594079207,66.05191325208965,65.01429018526369,67.02622855285598,12.845719551598297,5.1844223471466275,23.016563686163014,8.199378774520708,1.0513882686873806,3.94714581065597,1.6636446929670996,44.57066183574875,45.94117874396131,44.02066183574875,39.02942512077292,67.30752173913037,60.951130434782556,23.123227053140077
1672.0,77.27261029560849,65.89816522196811,105.2918886976784,78.15359275310621,66.05916940319705,65.02442880600368,67.0275623227377,12.803094580629114,5.161595429604521,22.940366291102414,8.280208205302573,1.048368972342708,3.961988264481726,1.6730497758058749,44.54712560386469,45.92548309178739,44.02060869565213,38.98816425120769,67.30487922705306,60.94229468599029,23.12111594202897
1674.0,77.28599349000416,65.9066936405903,105.31190555252668,78.15599232526023,66.06637229227366,65.03416815431738,67.02856772264788,12.781583325590757,5.124915920488527,22.914682669338358,8.233733051056126,1.036811350508779,3.952160322053431,1.6714627326967577,44.522140096618315,45.914647342995124,44.01942995169078,38.95128019323668,67.30635748792264,60.93686956521734,23.118057971014473
1676.0,77.30142397663232,65.91634076433627,105.32640072054824,78.1582478394155,66.07341427355382,65.04337731769273,67.0293178062015,12.768324212194923,5.180131667019697,23.006314758533996,8.218733718695068,1.0655020516753722,3.944063031808287,1.6614891445630289,44.49770048309175,45.90728019323667,44.01758454106276,38.91693236714972,67.30559420289849,60.93506280193231,23.113990338164232
1678.0,77.31860509757122,65.9209495079461,105.33640232576526,78.16018207056469,66.08068332601934,65.05216933390217,67.02993321291868,12.790759941897365,5.19987754588661,23.028416814149434,8.229558948586917,1.078077942142224,3.960045499938785,1.6593216616021627,44.47402415458932,45.898990338164204,44.01670531400962,38.88328019323668,67.30095652173907,60.9341787439613,23.109565217391285
1680.0,77.33824726550831,65.92476126911075,105.34146525599361,78.16196555440834,66.0881149975798,65.06088343873753,67.0306334431317,12.798189696440927,5.180391212245176,22.938448786017126,8.224796971287665,1.057751514899198,3.930949392918058,1.6518842422969868,44.451376811594166,45.88894202898547,44.016599033816384,38.85265700483088,67.29609661835742,60.93222222222217,23.104927536231866
1682.0,77.36054342202098,65.93112432370764,105.34171174205142,78.16397007414916,66.09532470094479,65.06916427979534,67.03138083920847,12.770929919537348,5.1663304248289155,22.95400279379277,8.276122896655421,1.0418906630168674,3.90194598006747,1.635716266486747,44.43007246376807,45.87858454106276,44.01707246376807,38.8255217391304,67.29212560386466,60.92785024154584,23.097874396135246
1684.0,77.38520159158088,65.93206785970594,105.33761630120192,78.16589856401298,66.10260924731448,65.07686248600461,67.03189181994496,12.83147186740318,5.153350993679649,23.022335787354056,8.271041152132472,1.038811232599441,3.9514862819608787,1.6319830017759684,44.409251207729426,45.86982608695648,44.01975845410624,38.80106280193233,67.28700966183568,60.92154589371975,23.088632850241524
1686.0,77.41221643353984,65.92980510642799,105.33036621086583,78.16770057158169,66.10993996039021,65.08458986827111,67.03217041732029,12.867789885924973,5.177177878141958,22.914653654828996,8.286922919404336,1.0480336344258732,3.9583205193340207,1.6534594602628574,44.3898792270531,45.863826086956486,44.02511594202894,38.7789758454106,67.28217391304341,60.913792270531346,23.078603864734276
1688.0,77.44112271156237,65.93055749638685,105.31932788441542,78.16930689725012,66.11714999085777,65.09207604268474,67.03252091443973,12.78353636220652,5.198418882213395,22.92926573402698,8.253650351034587,1.0629594407230811,3.9392125873750308,1.673972028481728,44.37109661835744,45.85916908212557,44.03182608695648,38.757589371980636,67.28250241545888,60.90385024154583,23.066710144927512
1690.0,77.47147181638515,65.93741401204623,105.30732799808742,78.17061201680738,66.12413179975321,65.09946396381304,67.03297057296881,12.806573602621686,5.203379615614458,22.952159542438554,8.26462720593735,1.0625455817253011,3.9311642559228916,1.6714119457156627,44.351391304347786,45.856690821256,44.03979227053136,38.73803864734296,67.2934009661835,60.89275845410623,23.05299999999998
1692.0,77.50294424373173,65.93895114345827,105.29578315851067,78.17175698186588,66.13095764557357,65.10681944725869,67.03351482302699,12.838810444073365,5.218931943919956,22.99930209029718,8.245907761843087,1.0488504470383795,3.9358892550183957,1.6515635819899808,44.32915458937194,45.86013043478257,44.050140096618314,38.72548792270528,67.31363768115935,60.88272946859898,23.04169565217389
1694.0,77.53478064083794,65.93587484845756,105.28379250749583,78.17256520148953,66.13773103179477,65.11365827170489,67.03376199121121,12.772978225806453,5.284227419354838,23.034175403225806,8.234947177419354,1.0447897177419354,3.960861491935484,1.6466711693548386,44.30628502415455,45.870782608695606,44.06039130434779,38.72013043478257,67.33899516908205,60.87110144927531,23.0352415458937
1696.0,77.56590860747608,65.94229745161665,105.27443551974481,78.1731293590927,66.14480128297231,65.12068948944402,67.03381340530666,12.776349477805857,5.228284617062725,23.006542357488655,8.240760329632186,1.0515344946694911,3.967315181679727,1.6587667999336362,44.286410628019276,45.886942028985466,44.066845410627984,38.72145893719803,67.36830434782603,60.85816425120767,23.03013043478259
1698.0,77.59559072267287,65.94833397076366,105.26949687598629,78.17346433020802,66.15187130270833,65.12815977576025,67.03383790225686,12.800826919304365,5.11810947136131,22.917143070682794,8.261078613830279,1.0426454635552247,3.9435405281282216,1.6830809571489718,44.27011111111107,45.90812560386469,44.07300966183571,38.7313140096618,67.40104830917868,60.845937198067574,23.02533333333331
1700.0,77.62292192501496,65.94743012441593,105.26872406627733,78.1741559072557,66.15881291890142,65.13586201317183,67.0335892909068,12.817623785246631,5.140464494619192,22.95826169018205,8.22254261397673,1.0405655481419105,3.9230547315582887,1.6789035055464319,44.25614009661832,45.93324637681155,44.07934299516905,38.74848792270528,67.43436231884051,60.83639130434777,23.020425120772927
1702.0,77.64754536810393,65.9544265642954,105.2746076387644,78.17510955844064,66.16557090825599,65.1439561551446,67.03349488348928,12.828695178379663,5.177098343496186,23.117951679802257,8.22417518823907,1.0477188347075814,3.9234037674815463,1.659943194694744,44.2444251207729,45.96061352657001,44.08387439613523,38.76994685990335,67.46420772946853,60.827845410627965,23.015550724637663
1704.0,77.66943903937738,65.96346336965718,105.28585989263183,78.17644467673615,66.17224032869117,65.15198260268298,67.03339558343806,12.837318005053968,5.1561089270857146,23.10102753993651,8.216755655669841,1.0471468752000002,3.9175610106412697,1.654680505320635,44.2360676328502,45.989140096618314,44.08885507246373,38.792608695652135,67.48832367149753,60.81857004830913,23.012632850241527
1706.0,77.68746299097171,65.96816847017769,105.30139386925703,78.17800493618554,66.1787515713666,65.1599348297813,67.03317539480183,12.828869386007291,5.180893101740542,22.942679455856883,8.184555035440406,1.047358811634002,3.949743705828396,1.6779861529255928,44.23034299516904,46.01956521739126,44.093536231884016,38.81512077294683,67.5080048309178,60.80856521739124,23.011149758454085
1708.0,77.70258056384168,65.97728372490027,105.3231999365361,78.17955380595052,66.1853068562784,65.16814410027624,67.03322320628949,12.792378256352706,5.232483420973146,22.997231514305412,8.179704209686573,1.0669156824368737,3.956841031644088,1.685643285919038,44.22713043478256,46.050850241545845,44.09477294685986,38.837859903381606,67.52632367149752,60.79773429951684,23.01114975845409
1710.0,77.71475737486263,65.98837884384572,105.34967340756265,78.1813236313987,66.19185555009726,65.17692275655192,67.03336190186707,12.80748355261999,5.196074477402099,23.045161004906728,8.239339286775822,1.0670120062114665,3.945852806310718,1.6612741339573285,44.22508695652169,46.07956038647339,44.09302415458933,38.861758454106244,67.54335265700476,60.790758454106225,23.012632850241523
1712.0,77.72318575851584,65.99072035018314,105.38010573802336,78.18353606715027,66.19850243401389,65.18612283569591,67.03349553318745,12.8546354124797,5.088755061961437,23.010073701592546,8.280528557810673,1.0441864888588899,3.9316009220717083,1.63676878261904,44.224043478260825,46.10281642512073,44.09174879227049,38.88347826086954,67.55676811594196,60.79114492753617,23.017376811594183
1714.0,77.72818087456423,65.9918899783462,105.41452418505968,78.18610271882727,66.20506906841028,65.1953833482154,67.0338651781166,12.862049500998003,5.136496007984031,22.94622594810379,8.286738522954092,1.0603556886227545,3.9263091816367264,1.6348437125748503,44.223782608695615,46.120642512077254,44.09140579710141,38.90018840579707,67.56662801932362,60.796449275362264,23.02350724637679
1716.0,77.73028379130513,65.99989388463992,105.45274833275538,78.1888610300524,66.2117783138554,65.20497395499378,67.0342924079273,12.82616193333694,5.1444316380530015,22.938246588809676,8.263113454604454,1.0698265073641773,3.949442999120901,1.649352964497763,44.22221256038643,46.13474396135261,44.09067632850237,38.91251690821253,67.57533816425115,60.80244927536226,23.03214975845409
1718.0,77.7292022544631,66.00902565570962,105.49413313789411,78.19143705378582,66.21854676245795,65.21503629792124,67.03495055342229,12.823516809611851,5.1942494195933175,22.976806658042012,8.211817212569562,1.0589410905729582,3.947731903881495,1.6635037855823536,44.220193236714934,46.14672946859899,44.08824154589368,38.925169082125564,67.58527053140091,60.8133671497584,23.044429951690798
1720.0,77.72622515523722,66.00890612379949,105.53936901643826,78.19412300304904,66.2254790928725,65.22508170851195,67.03579295465761,12.794674589118737,5.216156913821047,23.072162758020962,8.241286320526049,1.0526846230531124,3.9325583122226,1.667023764621108,44.21914009661832,46.15938164251203,44.08456038647339,38.94097584541059,67.59641545893713,60.83042512077289,23.053599033816404
1722.0,77.72103141591295,66.0104423367699,105.5871032362238,78.19729340350509,66.23223559913332,65.23515271097308,67.03675295005985,12.805775553250783,5.2277166923256635,22.984201036932774,8.229289679520859,1.0551376789282032,3.9420880001481637,1.66746819702418,44.21924637681155,46.17248309178739,44.08126570048305,38.95794202898547,67.60520772946853,60.851893719806704,23.064352657004815
1724.0,77.71338480998745,66.01881225994279,105.63555174031455,78.200790290148,66.2389349831777,65.24541991060477,67.0381277142134,12.873543341939254,5.191775645742156,23.00854587273573,8.226364151472149,1.0638789871447822,3.9679626319210084,1.656710532513684,44.22070531400962,46.18099033816421,44.07876811594199,38.97224637681156,67.60568599033809,60.87488405797096,23.080227053140074
1726.0,77.70475512762343,66.01909299135049,105.68416705638248,78.20514564800925,66.24583681997758,65.25537033626541,67.03950760464639,12.857135685787272,5.185211161152266,23.000984284686883,8.23213373387043,1.0715742242321826,4.015850049989193,1.6235704203768837,44.221884057970975,46.18403381642508,44.07808212560383,38.98484541062798,67.5984782608695,60.89652173913038,23.093410628019303
1728.0,77.69614446462907,66.0127469015305,105.7319574310779,78.20996630819965,66.25277643368952,65.2653525806523,67.04108361670674,12.845549056613367,5.231002830693763,23.01843584981063,8.23768773610088,1.0628735848183621,4.005002829981946,1.6362867925362914,44.22232367149754,46.18674396135262,44.07961835748788,38.99847342995166,67.5908164251207,60.9139323671497,23.09917391304346
1730.0,77.68741926663122,66.01549982560573,105.77837410343616,78.21479261138208,66.2598625118463,65.27516246300846,67.04289741049537,12.822278409161477,5.21659989780613,23.05980286763832,8.254313638372329,1.0601031707670905,3.9500221936432114,1.6463,44.222739130434746,46.1925217391304,44.083183574879186,39.011038647342964,67.58699516908206,60.92422705314004,23.098787439613506
1732.0,77.67908245674846,66.02064314732112,105.82255224105596,78.21930311029908,66.26695432134716,65.28492569595298,67.04483176380958,12.78318698648812,5.144490893473256,22.94408778359878,8.230756355923516,1.0679499497225258,3.902445845291958,1.6513863868228942,44.22324154589368,46.201961352656966,44.08858454106276,39.02044927536229,67.58607246376805,60.92750241545888,23.09407729468597
1734.0,77.6712800427906,66.0193889507574,105.8642520867751,78.2239381235469,66.2737981653672,65.2948749194216,67.04701946719446,12.75725536101683,5.205463541806717,22.969295115111265,8.246157806193565,1.0652111720957183,3.9007163094477026,1.6589257855593267,44.22276811594199,46.21228019323667,44.095628019323634,39.02699516908209,67.5830628019323,60.92318840579705,23.08807729468597
1736.0,77.66424548745752,66.01988399765662,105.9028530645463,78.2285797888255,66.2803965730388,65.30446529747675,67.04919148074424,12.747942715684495,5.232773860745482,23.058342960954807,8.233286074548177,1.047677714577553,3.932713222265822,1.6604965949563255,44.220908212560346,46.221492753623146,44.104120772946814,39.03334782608692,67.5778743961352,60.91366666666662,23.08204347826085
1738.0,77.65790723258065,66.022137240275,105.93873189834632,78.23295063500785,66.2866793368028,65.31378544017278,67.05105599653588,12.787092677864509,5.199095262660839,22.965268404753974,8.180750822694941,1.0556621862628899,3.960321424661001,1.6667039866864697,44.21729951690817,46.2283140096618,44.11386956521735,39.040338164251175,67.57701932367144,60.90127053140092,23.075454106280173
1740.0,77.65290324567786,66.02256766231785,105.97247415368085,78.23716347407537,66.29292117653662,65.3230820073083,67.05286398293576,12.782334879303864,5.1527491752347565,22.988198510363972,8.199575363638992,1.0856542213134783,3.9521517736668232,1.6647723128506886,44.211628019323626,46.23328502415454,44.12468115942025,39.0499565217391,67.58271980676322,60.88833333333327,23.06961352657003
1742.0,77.64924592066019,66.02471008351337,106.00369589237334,78.24139600722577,66.29947309908296,65.3322814545224,67.05424017648922,12.790986874897074,5.157408717594072,23.06367344582625,8.218080160361662,1.0591727453405697,3.926367234005004,1.6649154311547343,44.20545410628015,46.23751690821252,44.13453623188402,39.06349275362316,67.59046376811588,60.87725120772941,23.06339613526568
1744.0,77.64648050596342,66.02805408766315,106.03354648878486,78.24577227787513,66.306220345943,65.34151934199794,67.05538666982042,12.823046373792574,5.1469652502230225,23.036964392296102,8.221904606743863,1.0514492236995243,3.910321981632352,1.6691329008979998,44.1979903381642,46.24146859903377,44.143811594202866,39.0827101449275,67.59981642512071,60.8669130434782,23.055642512077274
1746.0,77.64554031049312,66.0328166824772,106.06265681362439,78.25019363152704,66.31301674676355,65.35047679364004,67.0564253333148,12.854861160350712,5.133719562697745,23.016569992540624,8.204492374522284,1.0541407131026224,3.912502923636559,1.6449514618182794,44.18849758454102,46.24432850241542,44.15348792270528,39.10740096618354,67.61137198067627,60.85328985507241,23.046367149758435
1748.0,77.6463590386086,66.03972588620974,106.09042605082693,78.2550922904617,66.31939410054817,65.35940017575548,67.05752237229942,12.91050847505962,5.12713373818259,23.02374734672047,8.193787442379017,1.0411060522640252,3.9372042335923414,1.6560193634649105,44.17501449275358,46.24334782608691,44.162753623188365,39.13533816425117,67.62253140096612,60.83660869565212,23.036792270531382
1750.0,77.6484570463435,66.04718999539558,106.11746156953762,78.26038052810097,66.32541597041107,65.36841702608785,67.05869528055322,12.842821838947229,5.159327584822541,23.09075287508698,8.246403447632654,1.0437528730911785,3.9984091953502423,1.6695229887977943,44.15791304347822,46.237966183574834,44.17201932367146,39.16583091787436,67.63415458937192,60.817048309178695,23.0300144927536
1752.0,77.65216815008331,66.05568478312394,106.1431162628462,78.26592632717683,66.33152203391073,65.37699065664275,67.05968814264517,12.805151745321504,5.233007464119878,23.01361691350078,8.256752739060074,1.0603333345645107,3.9979940301815104,1.6371368170817475,44.140468599033774,46.230333333333284,44.18109178743957,39.200898550724595,67.6487826086956,60.7959130434782,23.022574879227033
1754.0,77.65759483306796,66.06456213661593,106.16737146442571,78.27133343409731,66.33772424397776,65.38553432123724,67.06065487659032,12.746267999999999,5.194456,23.057072,8.195765999999999,1.051668,3.997462,1.641244,44.12220772946856,46.22653140096614,44.18795169082121,39.244714975845376,67.66890821256032,60.77745893719801,23.01349275362317
1756.0,77.66474050383279,66.07144097840103,106.19098857651221,78.27678946558053,66.34390171822348,65.39434867756664,67.06164813916021,12.778623943661971,5.1962577464788735,23.06327323943662,8.206154929577465,1.057230985915493,3.964688732394366,1.6693112676056336,44.10251207729464,46.22819323671493,44.19175362318836,39.296434782608664,67.69402415458931,60.76289371980671,23.00421739130433
1758.0,77.67343800637417,66.08013640718502,106.21408044811206,78.28253898670935,66.35042688419611,65.40300933980274,67.06261063492845,12.817285142485318,5.2212855430183716,23.03651350707951,8.212644223441506,1.051732516032976,3.917621060321487,1.6568904955232657,44.084222222222174,46.2368212560386,44.195256038647294,39.35506763285021,67.72062318840574,60.753425120772896,22.996816425120752
1760.0,77.68313723955586,66.08404755071948,106.23730301711525,78.2887161594262,66.35722681526019,65.41175212331856,67.0636518762345,12.825964425845852,5.205165898009241,23.03770029422416,8.188132924051528,1.0555496075273552,3.9448579487439734,1.668738665071712,44.071256038647306,46.255091787439575,44.19759903381638,39.41947826086953,67.74942028985502,60.74965700483086,22.994024154589354
1762.0,77.6936471058689,66.08708404755663,106.26023864788813,78.29518050834317,66.36393480523986,65.42078727248789,67.06492041170189,12.824041221545896,5.158212723394176,23.06727582680175,8.232712468175881,1.0545849871452837,3.9719516539161743,1.6735111964618068,44.06505314009658,46.27966666666662,44.197922705313964,39.49021256038644,67.78417874396128,60.749763285024095,22.991400966183555
1764.0,77.7050354318216,66.09183536814814,106.28272021574259,78.30185827439945,66.37079530629528,65.4300262905145,67.06620397057331,12.845745558634663,5.1291172006875065,23.045749433893487,8.222326724243189,1.064510708948679,3.959840358648777,1.6335835895744917,44.062782608695606,46.3114637681159,44.19776328502411,39.57137198067629,67.82636231884051,60.75614009661831,22.989381642512054
1766.0,77.71699894456266,66.10127508226407,106.304747081143,78.30880844133962,66.37744184351112,65.43918751049526,67.06766182992544,12.87300871625217,5.18861989817777,22.986662368308306,8.198662418476573,1.0734866998645585,3.9383437280513847,1.6470778331075977,44.06394685990334,46.35262318840576,44.19683091787435,39.66405797101445,67.87153140096612,60.770009661835694,22.987178743961334
1768.0,77.72922028540825,66.10478134746339,106.32640586066573,78.31630658085098,66.38395337932913,65.44813287360766,67.06916129705537,12.827222306350762,5.170394938989235,22.944011228891068,8.171820100772889,1.061271429348686,3.923003158295638,1.6600864663904091,44.072173913043436,46.40168115942025,44.195439613526524,39.76399033816421,67.91469082125597,60.7865942028985,22.982734299516885
1770.0,77.74129441308894,66.10774315420277,106.34683606334684,78.32423263262147,66.39018444701657,65.45697174694389,67.0708586760009,12.822558060759803,5.1299159729424755,23.014332190471663,8.17070978308506,1.0320772337660793,3.9392319984524975,1.6743630528746702,44.08861352657001,46.45901449275358,44.19572946859899,39.867507246376775,67.95441545893713,60.80533816425115,22.981768115942007
1772.0,77.753224551301,66.10632198176907,106.36574107353923,78.33239703675257,66.39640460527113,65.46578716605082,67.07298507601928,12.850616442395594,5.164198953920378,23.12085979265146,8.190217887870968,1.048800846381745,3.958065422445322,1.678490185887651,44.11258937198064,46.521396135265654,44.19745893719803,39.97212077294682,67.98735748792265,60.824415458937146,22.98025120772945
1774.0,77.7646148119463,66.10084324992887,106.3837233336578,78.34126336276813,66.4028263850778,65.47435240780919,67.07516393861324,12.822791711147145,5.159735996091111,23.095648128790874,8.212700800309909,1.065378781843913,3.9341792815743015,1.6517371947027557,44.14220289855068,46.58680676328498,44.20043478260865,40.07467632850237,68.01732850241538,60.84190338164245,22.970975845410607
1776.0,77.77517421764674,66.10198663035233,106.40073934872474,78.3501678370502,66.40931633272739,65.48311783399018,67.07773047383976,12.836657316973188,5.18963981988102,23.07335625772006,8.282578733761406,1.0617612366692404,3.946490346804717,1.6514473599757822,44.17733333333329,46.656830917874345,44.203893719806715,40.175574879227014,68.04934782608689,60.85635265700478,22.957971014492735
1778.0,77.78456832461848,66.11311653049627,106.41546413530133,78.35924324089876,66.41550563204264,65.49208797773845,67.0805339157949,12.881027747776,5.216687999232,22.986035148889602,8.314025500031999,1.0574190500992,3.9271223988735997,1.6399843507584,44.21781159420286,46.73001932367145,44.20707246376807,40.27396135265697,68.08005314009655,60.86739130434777,22.948106280193215
1780.0,77.79289313384285,66.11778152828364,106.42848100708395,78.36849383174001,66.42129548541178,65.50122106642803,67.0838103240308,12.818091954500323,5.219486206552448,23.031083906697795,8.248595403668208,1.0629425286579883,3.9299080454996775,1.6571724137189887,44.2615942028985,46.801285024154545,44.21160386473426,40.36777294685987,68.1061594202898,60.876980676328444,22.942772946859883
1782.0,77.80015079420144,66.11283370270448,106.43995830829594,78.37764301465155,66.42703865488973,65.51045757228518,67.08761851632337,12.76779286589608,5.21216263886542,23.105800397573862,8.20577511984302,1.057174926612483,3.955903370117161,1.6627160554380847,44.307159420289814,46.86488888888884,44.217294685990296,40.456217391304314,68.12384057971008,60.88524154589367,22.944028985507227
1784.0,77.80630244250605,66.11506506156864,106.44915364650407,78.3867430913358,66.43288966887809,65.51964668983268,67.09156623716382,12.761099748745988,5.16128246819087,23.081051788195523,8.237435515338978,1.0317794958824624,3.937122065111442,1.6434134502275368,44.354111111111074,46.922917874396084,44.22395169082122,40.538647342995134,68.13667149758449,60.895946859903326,22.953473429951668
1786.0,77.81167054559042,66.12552165795157,106.45824011824237,78.39571792349598,66.43862383900766,65.5289079660146,67.09574716605248,12.803869545067561,5.200225946480713,23.07662985502153,8.211316961329997,1.048011593884567,3.9176975912364504,1.629367086311437,44.400782608695614,46.97328502415455,44.230159420289816,40.61283091787436,68.14975845410622,60.912980676328445,22.96869082125602
1788.0,77.81657797890493,66.13103177960991,106.46635178835757,78.40478539380922,66.44443764763044,65.5382909996574,67.10025119507213,12.849655226023149,5.221649647426888,23.086656517702274,8.267498311164287,1.0829444770296055,3.938142788193892,1.6402423873565046,44.446681159420244,47.01281159420285,44.236280193236674,40.67742995169078,68.15775362318834,60.93316425120767,22.98872946859901
1790.0,77.82102846095904,66.1345809808379,106.47294030516208,78.41449200223661,66.45041299184776,65.54783262725493,67.10486134170243,12.855237104759127,5.14312283390599,23.174501154397234,8.283881220995694,1.0773501253015565,3.954932748592737,1.6405265902478225,44.49071014492749,47.04267149758449,44.245072463768075,40.73265217391301,68.1538212560386,60.95228985507241,23.008038647342975
1792.0,77.82541671724344,66.13772138273261,106.47856347696178,78.42463600056885,66.4562389659892,65.55733906986309,67.1097300878814,12.808918894567535,5.122675332752629,23.193989241041486,8.220913812317276,1.0702910206897753,3.946925062310802,1.6524064132607743,44.52877294685986,47.060531400966134,44.25446859903377,40.77482125603861,68.13792270531395,60.962594202898494,23.019975845410606
1794.0,77.8301777265959,66.14544327917712,106.48367632832341,78.43461389718486,66.46216197737985,65.56687661831451,67.11475550155718,12.818289631416963,5.160739455208156,23.09267081533866,8.204841325950554,1.0493449163992286,3.9463126447429486,1.6603822968289665,44.560425120772905,47.065376811594156,44.262400966183534,40.80115458937194,68.10883091787433,60.95986956521734,23.024502415458915
1796.0,77.83503329783139,66.15250161950705,106.4876035344152,78.44428363302355,66.46806029361096,65.57680634326461,67.1196843245205,12.83581039628696,5.209144851108554,23.07459537655786,8.253921748658668,1.0487466099866483,3.923051080137384,1.6804359619042182,44.584048309178705,47.059338164251166,44.26980193236711,40.811492753623156,68.06642995169075,60.94944927536226,23.022657004830897
1798.0,77.83956033324746,66.15005147764663,106.4901532254988,78.45355089507943,66.47395659400765,65.58680006439982,67.12425768895744,12.820470741482966,5.1535188376753505,22.98959619238477,8.253330260521043,1.0530132264529057,3.934218436873748,1.6699090180360723,44.6005024154589,47.04594685990334,44.278207729468555,40.80825120772943,68.01828502415454,60.934777777777725,23.017159420289833
1800.0,77.84500795110205,66.15527795109541,106.49244253464303,78.46222295594919,66.48009993950888,65.59638874375841,67.12868220798683,12.790727170910829,5.147966336151294,23.007777923463923,8.263397205610211,1.0477876123356715,3.9288347646743507,1.6401576415621268,44.611951690821215,47.02656521739126,44.28615458937193,40.79519806763281,67.9699903381642,60.91929951690816,23.00698067632848
1802.0,77.85118345826373,66.16201888611052,106.49199128056924,78.4700984815529,66.48638626311592,65.60585235326381,67.13280899007184,12.789599906243826,5.1936205169721115,23.02676294670279,8.2845334604749,1.0433401389386454,3.914080378033466,1.6316657382756972,44.617657004830875,47.004004830917836,44.29217874396131,40.773801932367114,67.92461352656998,60.904681159420235,22.99216908212558
1804.0,77.85758399744132,66.16357734614051,106.49011051800431,78.4775617209416,66.4928524725024,65.61544428639431,67.13640053088805,12.860709292010473,5.202995600055181,23.003395500659593,8.2193103659335,1.0381380928715336,3.943260833205438,1.650642885541597,44.618198067632804,46.98066666666663,44.29781642512072,40.74619806763282,67.8851400966183,60.89081159420284,22.976884057970995
1806.0,77.86415569328773,66.1715498717197,106.486917315946,78.48431405469508,66.49964354953268,65.62500418356474,67.13952658725108,12.862859726963746,5.245996383530754,23.03864485350713,8.224119091695316,1.0503324836757637,3.969844808159674,1.6573321795910387,44.61729951690817,46.95850724637677,44.30399999999995,40.71636231884054,67.85696618357483,60.8788019323671,22.964014492753602
1808.0,77.87088700768862,66.18028103306845,106.47994453710707,78.49064791810194,66.5062306148304,65.63451431790706,67.14225289598794,12.846343390297857,5.252354238369597,23.110675681122142,8.246448536996072,1.0629810293396427,3.942238193717098,1.6289092838108923,44.615830917874355,46.9359903381642,44.30988405797097,40.687714975845374,67.84259903381637,60.868541062801874,22.953415458937176
1810.0,77.8773272860236,66.18368804515954,106.4716690545073,78.49634314653811,66.51269740374737,65.64408718193923,67.14455865360004,12.857546761918725,5.189766630731475,23.144301197666934,8.227670318737848,1.0468337145880477,3.9554339649019923,1.6332489069386453,44.61120289855068,46.909246376811545,44.31405314009658,40.66439130434778,67.83446859903376,60.85986956521734,22.941908212560364
1812.0,77.8846213750938,66.19194698701357,106.46529064866054,78.50145003741733,66.51927670068581,65.65354081620703,67.14636201874042,12.839633034407317,5.157634131291388,23.05803711438646,8.219248529766663,1.0455514702333362,3.9418795204853567,1.683478027088294,44.60154106280189,46.88293236714972,44.3175217391304,40.64828985507243,67.82875362318835,60.85497584541057,22.929917874396114
1814.0,77.89359253847441,66.2027865199152,106.45924093806236,78.50629787932235,66.52554348624503,65.66254113232037,67.14755852318517,12.824866197183098,5.221621126760564,22.975838028169015,8.205202816901409,1.061287323943662,3.9219239436619717,1.655692957746479,44.58867149758451,46.85696135265696,44.32070048309175,40.639120772946825,67.82590338164245,60.85357004830912,22.916028985507225
1816.0,77.9037504952455,66.20506739180449,106.45463247053567,78.5109495175762,66.5315713639246,65.67142938105114,67.14856308836097,12.797475326364673,5.192099102741883,23.069471918188363,8.221427681814873,1.0621562690916737,3.9514537609080835,1.6334859563595776,44.57572463768112,46.83134299516904,44.32461835748788,40.63440579710141,67.82641545893713,60.85471014492748,22.901207729468577
1818.0,77.91546315178194,66.201856064172,106.45227965594142,78.51545602308661,66.5376612406678,65.68021424989726,67.14949773783327,12.825320232736509,5.1392452290031745,23.021351487669843,8.20979018415238,1.0504544651428571,3.9611300592507934,1.6599077388698413,44.56110144927532,46.809801932367115,44.32913043478257,40.6318599033816,67.83026570048304,60.85923188405791,22.89002415458935
1820.0,77.92898901455244,66.19719293475598,106.4504503501977,78.51982330340714,66.54378665826871,65.68869616398237,67.15014397918384,12.864912456725559,5.213454877889013,23.024947273650966,8.205085590233734,1.0450166581994988,3.958376988786584,1.6520996998947186,44.54386956521735,46.787681159420245,44.33169565217388,40.632391304347784,67.83630434782603,60.86674879227047,22.883444444444425
1822.0,77.94420394512458,66.20067233020518,106.4511987271314,78.5239964568928,66.55000788028802,65.69702945887967,67.15062451920404,12.857507503962943,5.194050124695944,22.988122009403998,8.263276838211848,1.0537244124486431,3.9442839416673476,1.650240920426904,44.524318840579674,46.76642028985503,44.33339130434779,40.6352753623188,67.8464782608695,60.87870048309173,22.881879227053123
1824.0,77.961915597638,66.21161811473056,106.45532125405782,78.52790118273745,66.55614504359298,65.70563415117425,67.15132031512617,12.831328543307087,5.203201574803149,22.983082874015746,8.25156653543307,1.0520375984251968,3.935173818897638,1.6362409448818898,44.50456521739127,46.75115942028982,44.33346859903378,40.642410628019285,67.8603864734299,60.89535265700477,22.88883574879225
1826.0,77.9826631718968,66.21946848324151,106.45933653426559,78.5317676236324,66.56196555911554,65.71413435189191,67.15218951754721,12.819195513603118,5.208680570369585,23.014474858723503,8.263578684977173,1.0365155532080548,3.912967311853701,1.6334863850031254,44.486772946859865,46.74113526570044,44.33360869565213,40.65471497584537,67.87889855072457,60.91519323671491,22.905521739130414
1828.0,78.00535794183885,66.22033379810559,106.46551581443512,78.53537397342075,66.5678072623538,65.72233538031945,67.15342970961582,12.823580460677137,5.185777011278967,22.98916091912819,8.261314943144594,1.0340632183687466,3.9000655168416896,1.6589724137189887,44.47137681159416,46.73207729468595,44.335541062801894,40.669091787439584,67.90050241545887,60.93671014492748,22.92901932367148
1830.0,78.03019754125567,66.22826384224554,106.4742947355265,78.53882639125284,66.57382902539052,65.73039566201477,67.15516157119816,12.78453184474534,5.163234595246553,23.06759969987417,8.239066239908006,1.0551570285234932,3.9276825573811287,1.6630087213094356,44.45768599033813,46.72093719806759,44.33621739130431,40.68198550724634,67.91820772946855,60.960169082125546,22.95825120772945
1832.0,78.05727867541948,66.23760719255385,106.48436336092666,78.54253859765824,66.57988304314046,65.73828889535693,67.15736694557691,12.8086768253492,5.084992039772389,23.09583655418523,8.286400150646651,1.0708478828970573,3.938696170532846,1.6373698342886833,44.44505797101446,46.71066666666662,44.33563768115938,40.69111111111107,67.928497584541,60.98883574879221,22.990884057970995
1834.0,78.08611885322205,66.24103384692683,106.49833683702542,78.54617648820057,66.58583704748551,65.74618071657284,67.15992666575357,12.80689197974379,5.073058645178576,23.097194983990697,8.308385714813662,1.054511278167702,3.934455640007761,1.6322819532686392,44.4352946859903,46.69751690821252,44.33380193236711,40.69357971014489,67.92883574879221,61.02114975845406,23.022057971014473
1836.0,78.11632284111784,66.23745848451475,106.51445385105099,78.54981879835834,66.59183305898654,65.75421438320616,67.16275736802272,12.810609413531687,5.09403563360688,23.134055249866826,8.257248497548884,1.0614787085993533,3.906421932094524,1.6614860031729362,44.42842028985503,46.677642512077256,44.33253623188402,40.68585024154586,67.91522222222216,61.04946859903376,23.046115942028965
1838.0,78.14822567096446,66.2407616498703,106.5331457928159,78.55372057359497,66.59806562985496,65.76237095988603,67.16576832761633,12.80590353730201,5.092348306156885,23.067259979732146,8.201160081071418,1.0634218801242046,3.9087084885675742,1.661901413963553,44.421458937198025,46.65613526570044,44.331270531400925,40.667333333333296,67.89006763285019,61.07144927536226,23.060159420289835
1840.0,78.18085307538938,66.24005713145819,106.55349112638899,78.55701775151066,66.60433223227483,65.7704826077013,67.16890569519354,12.781813093661835,5.139646866344104,23.06809001499777,8.168515802380838,1.0517200699896059,3.938422028819975,1.6859924237613222,44.41260869565214,46.63499033816421,44.32760869565214,40.63494685990334,67.85624154589365,61.08576328502409,23.067700483091766
1842.0,78.21404825442032,66.23357763590224,106.57501721173996,78.5593496983537,66.61065157738676,65.77868236166232,67.1719766770882,12.769087751190439,5.126355172921116,23.110482775381673,8.176298911082073,1.0607060775266932,3.9382821680446214,1.6702339612557768,44.40424154589368,46.613772946859854,44.32455072463764,40.589164251207684,67.81355072463762,61.094541062801866,23.072743961352636
1844.0,78.24722331235533,66.23437495767155,106.59808348303235,78.56056432530991,66.61684441641748,65.78719133240388,67.17495411366767,12.812212659746052,5.136433559014491,23.081465534557815,8.261514869857885,1.072271019000831,3.9424955338994905,1.6666353617893204,44.39568115942025,46.5920483091787,44.322048309178705,40.53284057971011,67.76848792270526,61.103468599033754,23.076280193236695
1846.0,78.27972173018345,66.2335596105259,106.62129453759923,78.56085970947113,66.62294804959795,65.79578004566957,67.1779434715175,12.851758141943934,5.222831368578214,23.022635015631728,8.284508591292957,1.0512930567868575,3.959272577107847,1.6753474023610053,44.385028985507205,46.56633333333328,44.320053140096576,40.46703864734296,67.72767632850235,61.11283574879221,23.080570048309156
1848.0,78.31039801617781,66.2331307269089,106.64511264706194,78.56034823079105,66.6293123607787,65.80449094215552,67.18126483069648,12.875213943254183,5.212009512274104,23.079160758693227,8.252840688560957,1.0311229582406374,3.9395461141163346,1.672680127502789,44.37399033816421,46.53670048309174,44.31851690821252,40.3965217391304,67.69371014492748,61.12302898550719,23.08614492753621
1850.0,78.33807399544231,66.2381168671686,106.66836916640983,78.55915177255062,66.63585842639186,65.81351458442086,67.18461188131269,12.889101553378758,5.212719538584368,23.08514283286573,8.242239077168737,1.0450828144737476,3.9486048108761524,1.697223648141082,44.3630483091787,46.508603864734255,44.31739130434779,40.324975845410584,67.66999516908206,61.132705314009606,23.093028985507225
1852.0,78.36292920303471,66.24226042420426,106.69064108227602,78.55752276528675,66.6424911725304,65.8224767668385,67.18766813769673,12.857205717453526,5.1636517057638,23.1160993984128,8.258126579760182,1.063515646967504,3.9282140421016036,1.6630103312054776,44.35268599033812,46.483879227053094,44.31845410628016,40.25688405797098,67.65892270531394,61.14301449275357,23.103787439613505
1854.0,78.38495633376937,66.24910513825101,106.71363532865071,78.55612194087007,66.64911019148343,65.83152919908265,67.19082125883686,12.844509725190091,5.155136656898235,23.07180448915428,8.260845137047447,1.0571443890934051,3.9291957606404058,1.6541162091268269,44.34338647342991,46.463188405797055,44.320483091787395,40.19514492753619,67.6600434782608,61.154599033816375,23.118130434782586
1856.0,78.40492967190396,66.2570249612893,106.73833626097627,78.5550494427513,66.65578354854722,65.84066994943643,67.19422781793682,12.853523563028576,5.252626913248007,23.088335365462125,8.27079144556516,1.0469470238364325,3.937130314577799,1.6629931973404173,44.33380676328498,46.44720772946856,44.321652173913,40.141690821256006,67.66636714975839,61.1651980676328,23.131690821256015
1858.0,78.42283310813126,66.25884805396196,106.76618858727652,78.5538015955951,66.6628505165595,65.85006221271357,67.19767994887916,12.837587505955243,5.226159709650043,23.108514551665433,8.27102784754373,1.0402236828621438,3.949450426536035,1.6431482187963582,44.32499999999996,46.43357971014489,44.321309178743924,40.095043478260834,67.6696473429951,61.175077294685934,23.140149758454086
1860.0,78.43929318770839,66.26481680414332,106.79628208348196,78.5529633067727,66.67001714239271,65.8596039497351,67.20115091819576,12.87881802183937,5.159883326282575,23.075621616831228,8.284690712937701,1.0430708936024022,3.940702995826548,1.6594051912408372,44.31619323671494,46.42294685990334,44.32240579710141,40.05326570048306,67.6729710144927,61.18520289855066,23.144584541062784
1862.0,78.45401598873153,66.26816109851988,106.82649395128445,78.55261048622656,66.67714059586255,65.86898270998186,67.20462153502882,12.890955448760751,5.1668707856205724,23.11526645321864,8.273069931403722,1.0425423093978636,3.9334660528443144,1.671783622421778,44.30539130434778,46.41472946859899,44.32671980676324,40.016309178743924,67.67871014492748,61.19481159420284,23.144801932367127
1864.0,78.4667735598502,66.26730738731601,106.8564780895474,78.5527150806697,66.68447839832596,65.8782494016747,67.20820682873153,12.8285650938368,5.222584000512,23.1095215948288,8.2589244052992,1.0308900986368,3.9345846000128,1.6603953007104,44.29420289855068,46.41017391304344,44.33125120772943,39.97929951690818,67.68191787439608,61.20258454106275,23.144212560386453
1866.0,78.47804492263462,66.26451176743171,106.88630120665134,78.55311399985426,66.69216381487475,65.88753839521773,67.21171028952733,12.776422877421913,5.231763836562552,23.08284565608819,8.28764175657675,1.0342776237472848,3.9275161831885756,1.6804915096876558,44.28301449275358,46.40935265700479,44.33422222222218,39.9409178743961,67.68115458937191,61.20720289855067,23.147497584541043
1868.0,78.48834177487467,66.27046747346425,106.91554324564932,78.55359968435326,66.69984428982431,65.89682537172341,67.21504846575233,12.83037830947064,5.213962812819292,23.103250024378553,8.27666994636718,1.0505521395329744,3.9320226762993857,1.6862473188249032,44.272212560386436,46.40751207729464,44.33807729468595,39.90457487922701,67.68088405797094,61.20912560386467,23.150386473429933
1870.0,78.49746955779257,66.27928115969759,106.9453001681081,78.55399509108788,66.70759133920758,65.90597769569108,67.2184679521171,12.883308568678297,5.173972261179716,23.0590543583286,8.267508060481948,1.0393930524300203,3.9552433065281947,1.6578830620819471,44.26218357487919,46.4058985507246,44.342864734299475,39.86998067632847,67.68186956521734,61.209985507246316,23.150483091787418
1872.0,78.50561355047624,66.28725950938527,106.97320209073409,78.5544289218833,66.71553279213595,65.91504980659832,67.22180362177043,12.82558403354217,5.174086998669879,23.047001207672288,8.244595935306025,1.04213945846747,3.9693714866891567,1.652034287807229,44.25453623188402,46.40448792270527,44.34563285024151,39.834971014492716,67.68304830917869,61.20958937198061,23.15205797101447
1874.0,78.51246642567698,66.29027332049034,106.99747254394354,78.55506720918629,66.72322331649181,65.92405225287423,67.22497277676493,12.840273000644489,5.20272229583006,23.058723393795592,8.23169573836954,1.0589043591182365,3.9700695381162325,1.6715382771302605,44.24910144927532,46.401381642512035,44.347652173913005,39.8009371980676,67.68273913043473,61.20896618357482,23.15339613526568
1876.0,78.51757259697816,66.29787929145422,107.02027213720937,78.55579931396845,66.73083689047556,65.93285231982874,67.22818837658063,12.903544160153293,5.202535976354491,23.063544265887426,8.209559733077844,1.0694972058443115,3.975136628426347,1.661856485518563,44.24271014492749,46.394584541062756,44.34897101449272,39.76617391304344,67.67737198067627,61.20981159420285,23.15410144927534
1878.0,78.52148017554018,66.30788162896182,107.04062510372682,78.556734646494,66.73839344243135,65.941670151637,67.23161977916341,12.849535769535871,5.172015130254108,23.14435791593427,8.260604359118236,1.0585688365018038,3.979514727503006,1.625661372062525,44.235193236714935,46.386830917874356,44.34781159420287,39.728879227053106,67.66805797101443,61.21091787439608,23.153304347826065
1880.0,78.52456715596986,66.3073312643308,107.0575434131696,78.55770959509879,66.74582145314145,65.95063499511633,67.23500492145834,12.868602254144,5.196791751872,23.0893531957248,8.279841650905599,1.0358405498752001,3.935251749312,1.6235694507648,44.22815942028981,46.382028985507205,44.34539613526566,39.68953623188402,67.65631884057964,61.20938164251202,23.146613526570025
1882.0,78.52587773910497,66.30376045553395,107.0728238719151,78.55855951396126,66.75319631310407,65.95955322352053,67.23825033659236,12.902163847059928,5.20221670688281,23.000243360975645,8.264277422786597,1.046041273538219,3.949136699298285,1.6429705124289842,44.22321739130431,46.3774830917874,44.341724637681125,39.64664251207726,67.64653140096613,61.2029516908212,23.13206763285022
1884.0,78.52667574229801,66.30327832193154,107.08315536687935,78.55933703727284,66.76031129601701,65.9681109988055,67.2411847582612,12.832690044804506,5.145091100453811,23.044298946152605,8.207258973920048,1.053624434087463,3.977804977147269,1.6680996989007444,44.21837198067629,46.37054589371976,44.336797101449235,39.60332850241543,67.6442125603864,61.192376811594144,23.110038647342975
1886.0,78.52945276583164,66.30533201226466,107.09455340940643,78.56216957845488,66.76748552248164,65.97762011178767,67.24426055307262,12.84106914887619,5.105147816380953,23.150774555314285,8.231023366285713,1.0523239592,3.956998163847619,1.6796584316190477,44.21040579710141,46.36038164251203,44.33061352657001,39.56314975845407,67.65071980676322,61.17957971014487,23.08685024154587
1888.0,78.52844133324798,66.3090632514321,107.09850215416195,78.56293730493432,66.77413229999664,65.98615940571486,67.2468400299707,12.864469346561972,5.136523116206754,23.138274371314214,8.241349748155193,1.0630228642590318,3.9508633166946208,1.6636133165917064,44.20297491638795,46.35173968784837,44.32781326644369,39.53693534002228,67.65849442586396,61.1726454849498,23.07418004459307
1890.0,78.52625414434581,66.31302865451504,107.09935952721158,78.56360221629669,66.7805961318544,65.99462071241476,67.2492823294995,12.872368244702761,5.1642804838923855,23.073682876054466,8.182007687744937,1.0702591097974123,3.961375037661906,1.6541798813018909,44.19541304347825,46.342583054626516,44.32483556298772,39.513138238573006,67.66862597547377,61.16530434782605,23.0608232998885
1892.0,78.52289119912513,66.31722822151352,107.0971255285554,78.56416431254203,66.78687701805494,66.00300403188743,67.25158745165906,12.922848250581307,5.16464934544811,23.068369130924697,8.193050549287548,1.0661634386454149,3.9472864145829476,1.6597934048411367,44.18772017837234,46.33291174284651,44.32168041620214,39.49175845410626,67.68111445559269,61.157556298773656,23.046780007432165
1894.0,78.51835249758595,66.32166195242755,107.0918001581934,78.56462359367039,66.79297495859826,66.0113093641329,67.25375539644939,12.934667567979655,5.255795795168238,23.11097146868651,8.212753152054253,1.0412516511614558,3.937754053666207,1.6782450456187359,44.17989632107022,46.32272575250835,44.31834782608694,39.47279598662205,67.6959598662207,61.149401337792604,23.032050167224064
1896.0,78.51263803972826,66.3263298472571,107.08338341612559,78.56498005968172,66.79888995348439,66.01953670915114,67.25578616387048,12.889943287425192,5.246815731997208,23.166006613342734,8.25711252455792,1.0556387774638913,3.951583967805559,1.6638751503487166,44.171941471571884,46.31202508361203,44.31483779264212,39.45625083612038,67.71316220735783,61.14083946488291,23.0166337792642
1898.0,78.50574782555208,66.3312319060022,107.07187530235196,78.56523371057605,66.8046220027133,66.02768606694217,67.25767975392235,12.867232241121927,5.228837314557624,23.097386263231922,8.29012985115193,1.0513456708046538,3.9568692535358885,1.654870745722858,44.16385562987735,46.30080973615755,44.311150315867685,39.44212300260124,67.73272147900404,61.13187068004456,23.000530843552568
1900.0,78.4976818550574,66.33636812866284,107.0572758168725,78.56538454635337,66.810171106285,66.03575743750596,67.25943616660498,12.90070153550545,5.217846608139583,23.048182366368067,8.259565281012295,1.0525266959302086,3.936450619668331,1.6473765725265475,44.1556387959866,46.28907971014491,44.307285395763635,39.43041248606464,67.75463768115938,61.122494983277555,22.983741360089173
1902.0,78.48844012824422,66.34173851523903,107.03958495968725,78.56543256701369,66.81553726419949,66.04375082084255,67.26105540191838,12.877053162254022,5.171390490914007,23.111993474369438,8.213953363376538,1.0630885689845566,3.922975163881442,1.662785280090166,44.147290969899636,46.27683500557412,44.303243032329966,39.42111928651057,67.77891081382381,61.112712374581896,22.966265328874012
1904.0,78.47802264511253,66.34734306573075,107.01880273079618,78.56537777255699,66.82072047645677,66.05166621695192,67.26253745986256,12.851947323577074,5.170101550548025,23.080715209191307,8.24172115999372,1.0489638319267207,3.9416834916503536,1.6809452226610835,44.13881215161647,46.26407562244517,44.29902322556668,39.41424340393903,67.80554087699734,61.102522853957595,22.948102749907083
1906.0,78.46642940566234,66.35318178013802,106.9949291301993,78.56522016298328,66.82572074305685,66.05950362583407,67.26388234043749,12.87068427545955,5.190149041956077,23.03738535672314,8.2591892381867,1.0482520393075143,3.9463785749491334,1.6835112531572287,44.13020234113709,46.25080156075807,44.29462597547378,39.40978483835003,67.83452787067998,61.091926421404644,22.929253623188394
1908.0,78.45366040989366,66.35925465846081,106.9679641578966,78.56495973829257,66.83053806399971,66.06726304748899,67.2650900436432,12.862817116260354,5.19489785326296,23.072176290190164,8.254936791421633,1.0652390914970336,3.9542015333836003,1.6705545210354276,44.1214615384615,46.2370128205128,44.29005128205125,39.40774358974356,67.86587179487172,61.080923076923035,22.909717948717937
1910.0,78.43971565780647,66.36556170069916,106.93790781388809,78.56459649848485,66.83517243928536,66.0749444819167,67.26616056947967,7.408255485478396,2.993637847649561,13.330930684460812,4.775525240685851,0.6298259479893497,2.290601855981082,0.9490725867637677,44.1125897435897,46.22270940170939,44.28529914529911,39.408119658119624,67.89957264957258,61.06951282051278,22.889495726495714
