t_s,Tm_HIP_X,Tm_HIP_Y,Tm_SHIN_ANKLE,Tm_SHIN_KNEE,Tm_SPN_X,Tm_SPN_Z,Tm_TALUS,Tm_THIGH_U,P_HIP_X,P_HIP_Y,P_SHIN_ANKLE,P_SHIN_KNEE,P_SPN_X,P_SPN_Z,P_TALUS,P_THIGH_U,Ts_spine,Ts_pelvis,Ts_hip,Ts_thigh_u,Ts_thigh_l,Ts_shin,Ts_ankle,T_amb,T_torso
0.0,39.61376278718778,39.60000932272784,36.296585419185284,35.26593810937422,41.03824338017106,40.906834900028564,38.916376435607724,37.300629778666995,6.67499974295987,5.5167877612233704,7.120464156826463,5.2626334706814335,5.690046166669657,5.659335295627353,51.261345403350184,8.32857511594109,37.92473504273503,34.24615384615386,32.957470085470085,27.82894017094017,30.94835042735043,26.460264957264947,34.91263247863247,22.930717948717938,22.930717948717938
2.0,39.7223670358905,39.668441122165014,36.39835000638852,35.33182613188932,41.108468199182816,40.97531773537394,40.09113512095614,37.402852235066064,6.849645040745691,5.507808397594981,6.760173792230393,5.303364125383463,5.610827733894441,5.659649871302998,51.341360561993625,6.747799237719263,37.93935897435896,34.25726923076924,32.97925641025641,27.839397435897435,30.94770512820513,26.452871794871786,34.929858974358964,22.93853846153845,22.93853846153845
4.0,39.82908957139806,39.73580104421691,36.498412516015925,35.396875763209025,41.177455243328524,41.04277342028184,41.229393098265845,37.50341062654596,6.926800502042983,5.561262563115574,6.811936181056567,5.45361909554048,5.578383920010682,5.602082160904866,51.666057037966986,6.823987186274593,37.95428483835004,34.26815050167225,33.00014158305463,27.849197881828317,30.947303232998884,26.44603790412485,34.9540707915273,22.94633110367892,22.94633110367892
6.0,39.93393039371045,39.802089088883534,36.596772948067496,35.46108700333333,41.24520451260819,41.10920195475225,42.33115036753683,37.602304953106675,6.857109273572179,5.560582431990081,6.871105659424286,5.472906929666591,5.615214885732041,5.589109859548576,51.81982636141654,6.8644733039718355,37.96951263470827,34.278797658862885,33.020125603864734,27.858341508732813,30.947144741731698,26.439763285024146,34.98526793013748,22.954095875139345,22.954095875139345
8.0,40.03688950282768,39.86730525616488,36.693431302543246,35.52445985226225,41.31171600702182,41.17460333878518,43.396406928769096,37.699535214748224,6.822443380855398,5.5248558044806515,6.7944749490835035,5.469103054989817,5.587149898167007,5.59247617107943,51.80679857433808,6.812730957230142,37.98504236343365,34.289210702341144,33.03920847268673,27.866828316610928,30.947229654403564,26.43404793756967,35.0234503901895,22.961832775919724,22.961832775919724
10.0,40.137966898749745,39.93144954606095,36.78838757944316,35.58699430999575,41.376989726569406,41.23897757238063,44.42516278196264,37.795101411470604,6.762903895570919,5.521463505482145,6.669723212757721,5.398705343242565,5.558863205413857,5.642010883872244,52.2844677431575,6.733723065381989,38.00087402452618,34.29938963210703,33.05739018952062,27.874658305462653,30.947557971014486,26.428891861761418,35.068618171683376,22.969541806020057,22.969541806020057
12.0,40.237162581476646,39.994521958571745,36.881641778767246,35.64869037653387,41.44102567125095,41.302324655538584,45.41741792711748,37.8890035432738,6.748901480074329,5.56558045302147,6.7562092302916,5.422371864637907,5.545662882575345,5.5899677696106,52.606261054980365,6.7399193483953,38.01700761798586,34.309334448160534,33.0746707543664,27.881831475287996,30.948129691564468,26.424295057599398,35.12077127461908,22.977222965440347,22.977222965440347
14.0,40.33447655100838,40.056522493697265,36.973193900515504,35.70954805187659,41.50382384106645,41.36464458825906,46.37317236423359,37.98124161015784,6.7866208974592,5.482576234560001,6.916306515072,5.525077699097601,5.581452253248,5.5210964494976,52.8367857078016,6.857209508736,38.03344314381269,34.31904515050167,33.091050167224076,27.888347826086957,30.948944816053505,26.420257525083603,35.17990969899664,22.984876254180595,22.984876254180595
16.0,40.42990880734496,40.11745115143751,37.063043944687934,35.769567336023904,41.56538423601591,41.42593737054205,47.292426093310986,38.07181561212269,6.790979214226486,5.297435394743346,7.032268536948329,5.5266960676807475,5.650033146179651,5.561897753528237,53.00554325875427,6.913191571494729,38.05018060200667,34.32852173913044,33.10652842809364,27.894207357859532,30.950003344481598,26.41677926421404,35.246033444816035,22.992501672240795,22.992501672240795
18.0,40.52345935048637,40.17730793179247,37.15119191128453,35.828748228975826,41.62570685609933,41.486203002387555,48.17517911434967,38.160725549168376,6.864672355359681,5.469100796691417,6.79853338285988,5.526103145772455,5.654174002535728,5.605385181815569,53.0148293930028,6.809214467231937,38.0672199925678,34.33776421404682,33.121105536975094,27.89941007060572,30.951305276848746,26.4138602749907,35.31914251207727,23.00009921962095,23.00009921962095
20.0,40.61512818043261,40.23609283476216,37.23763780030529,35.88709073073235,41.6847917013167,41.54544148379558,49.02143142734963,38.247971421294885,6.8803185534,5.5527446249,6.79359663175,5.4931528317,5.60551196585,5.53195757095,53.04405561055,6.83755874335,38.08456131549608,34.34677257525083,33.134781493868445,27.90395596432553,30.95285061315495,26.411500557413593,35.39923690078036,23.00766889632106,23.00766889632106
22.0,40.704915297183696,40.29380586034657,37.32238161175024,35.94459484129348,41.742638771668034,41.603652814766114,49.831183032310875,38.333553228502225,6.8878419618453846,5.638443023093583,6.874140948898099,5.485688877873496,5.4609385251810565,5.491278564075459,53.33473927886685,6.643492873751612,38.10220457079151,34.35554682274247,33.14755629877369,27.90784503901895,30.95463935340021,26.40970011148271,35.48631661092528,23.01521070234113,23.01521070234113
24.0,40.79282070073957,40.35044700854567,37.40542334561932,36.001260560659176,41.799248067153286,41.660836995299135,50.60443392923338,38.417470970790355,6.8832265832206065,5.650628860622457,6.867783030972499,5.4457225307472195,5.4535830437530555,5.519923798225862,53.79023747541752,6.622828362802929,38.12014975845406,34.3640869565217,33.15942995169078,27.91107729468596,30.956671497584505,26.408458937198038,35.58038164251204,23.022724637681133,23.022724637681133
26.0,40.87954223518385,40.40571437716056,37.491689405962475,36.054642442059205,41.85668277532911,41.715348343984175,51.35642153890875,38.5059977003017,6.850826317761562,5.5727157918374886,6.7151947348051815,5.432568420585274,5.6300473684804855,5.520731579671368,54.072578945303135,6.836778948793457,38.13626086956518,34.37713043478257,33.170792270531365,27.913642512077264,30.959323671497547,26.409743961352625,35.683014492753586,23.034318840579683,23.034318840579683
28.0,40.966133067661715,40.46322520872279,37.57349581457626,36.110494424294465,41.90982863457829,41.770524758350746,52.0480527074164,38.59018080918932,6.819502161934549,5.511010672127832,6.747094936047849,5.475210918822183,5.612412199388874,5.563351742928141,54.170119429015465,6.796897736395796,38.15428019323667,34.39016425120769,33.18109178743958,27.916971014492724,30.962458937198033,26.410603864734266,35.80380193236711,23.047038647342973,23.047038647342973
30.0,41.04896130230062,40.518690778420726,37.651284101986846,36.16652146060248,41.96516363636654,41.827306520217306,52.695941199695504,38.66938127193175,6.719483600601645,5.656945060366742,6.716686580739675,5.783778927739822,5.606864404555685,5.5888657746806025,54.13736911539624,6.831099189730861,38.17628985507242,34.406057971014455,33.19344927536228,27.919140096618325,30.965980676328467,26.41230917874393,35.9355024154589,23.06010144927534,23.06010144927534
32.0,41.1287547026847,40.570969298060696,37.72554731721661,36.223621723424905,42.01942994104852,41.882259072967315,53.30196413272027,38.74655910582731,6.677067809276253,5.770519386929443,6.724878250939942,5.852504614249365,5.653892918622723,5.525529132057053,53.93260381438751,6.870526871580693,38.200212560386426,34.42057004830914,33.20682608695649,27.920053140096584,30.96796618357484,26.41552657004828,36.074429951690774,23.068550724637657,23.068550724637657
34.0,41.206696534333496,40.6227063381094,37.8005610870242,36.27754045947343,42.07198971529426,41.93477161959758,53.87257753667022,38.82307585744706,6.947462574465459,5.683465866722124,6.687401797467236,5.413491317666578,5.678597005771241,5.59829461091965,53.87065718870647,6.866216765289675,38.22222705314005,34.42958937198064,33.218454106280156,27.919613526570018,30.969492753623154,26.417922705313984,36.20819806763281,23.07351207729466,23.07351207729466
36.0,41.28306060039861,40.670960253650335,37.87227450564358,36.326726747905894,42.119364484035685,41.98564627283456,54.41200789133326,38.897699755215875,6.9497771693361505,5.690459242159544,6.780621498395569,5.480437009256342,5.520499772088359,5.652588850602693,54.03069244213074,6.8357044627826635,38.24154589371976,34.43024637681156,33.227439613526535,27.91894685990335,30.97224154589368,26.418371980676294,36.340352657004786,23.076144927536205,23.076144927536205
38.0,41.35699436646018,40.71527155962357,37.940779707236736,36.37471385265951,42.16398241972298,42.033882551715415,54.925861391174706,38.965822144454656,6.977657216041031,5.735095363841154,6.802758032682363,5.5251487008358575,5.499753433415716,5.679617798841172,54.1571593502926,6.882316165558509,38.26038164251204,34.42200483091784,33.23171497584538,27.919227053140066,30.974893719806726,26.41752657004828,36.477115942028945,23.076434782608672,23.076434782608672
40.0,41.42814831528928,40.76080041345588,38.009601300970886,36.42138179592767,42.2090804338669,42.07912323017769,55.4152689597774,39.03284223629569,6.948715060240963,5.562826907630522,6.741924297188755,5.523893775100402,5.763025702811245,5.608653815261045,54.35794899598393,6.870135742971888,38.27912077294681,34.40718357487919,33.23164251207726,27.91623188405794,30.979178743961317,26.417212560386442,36.61240579710141,23.076207729468575,23.076207729468575
42.0,41.497431263169204,40.804844373080506,38.07704255692979,36.46712554270648,42.252573614733116,42.12310177293372,55.88037938982955,39.10044406088728,6.893561560184948,5.539909573872466,6.736935494419966,5.557469955364005,5.699868775778302,5.57747997024267,54.49385110965384,6.848234461836331,38.29632367149754,34.39217874396132,33.224521739130395,27.910565217391273,30.983826086956487,26.41560386473427,36.75145893719803,23.073685990338138,23.073685990338138
44.0,41.565885957766945,40.846051992079545,38.14152588545877,36.51308051146132,42.294132960915654,42.169258296307476,56.3251614025662,39.16726952938945,6.808009256782307,5.604332095913271,6.797892065302653,5.51526317366018,5.6353062565822984,5.6747841316991,54.72270656159469,6.8525154124230045,38.31172463768112,34.37908212560383,33.21725603864731,27.905830917874365,30.98696135265697,26.415700483091758,36.88296618357484,23.06769565217389,23.06769565217389
46.0,41.629959605033555,40.8853403731803,38.2055441075349,36.55740416980048,42.33495200730573,42.21121275142541,56.75273559467626,39.2315530548296,6.809952839460279,5.571941771190419,6.805875150652295,5.471248054853493,5.623440272134132,5.765942220480639,54.738645508164474,6.824240125215169,38.32683574879223,34.36511111111108,33.21249275362315,27.900806763284994,30.989710144927503,26.416280193236684,37.01714009661831,23.058840579710118,23.058840579710118
48.0,41.69320948143075,40.92570231784931,38.26861804618999,36.60022669505699,42.375742256692334,42.251680778077684,57.16379351856644,39.29224759433491,6.862758285763856,5.5404881485365465,6.80074718784257,5.459626656192771,5.61006897326265,5.63568629833253,54.699230074383934,6.746670480346988,38.34499516908208,34.354690821256,33.209275362318806,27.897318840579675,30.993801932367116,26.414294685990306,37.1604637681159,23.04950241545891,23.04950241545891
50.0,41.7558479247255,40.967221109136666,38.32873543532543,36.642730975416356,42.41462765510179,42.29523579303445,57.56375872927145,39.35138996945048,6.8196243674023345,5.720373921942413,6.94451064219144,5.639659520149416,5.5323541922614785,5.827092734319066,54.74900329814164,6.856649021111284,38.36231884057967,34.35042028985504,33.20969565217388,27.897241545893685,30.997966183574846,26.41269565217388,37.31224637681156,23.042062801932342,23.042062801932342
52.0,41.81362551765573,41.01090698515798,38.387189084194034,36.68518364558976,42.45318588935807,42.34034541813638,57.9490767572397,39.40999550272143,6.807534311204214,5.721851840208671,7.00950078339679,5.755047266618272,5.5041019863206335,5.921185185568438,54.86935732501178,6.913877304963047,38.37792270531396,34.347642512077265,33.210415458937156,27.897671497584508,30.998502415458905,26.4101642512077,37.46398550724634,23.032251207729445,23.032251207729445
54.0,41.86870321816472,41.05362015109464,38.44594317121062,36.727091414666035,42.49387328751607,42.380581209546776,58.31710895317604,39.46831993824537,6.777220320725226,5.521900399067893,6.828386888237799,5.570361861917076,5.703080281553892,5.589767264042748,54.790185585751225,6.863015212384558,38.39631884057967,34.34587439613522,33.21109661835745,27.896927536231853,30.9983140096618,26.408985507246342,37.60641545893716,23.021797101449252,23.021797101449252
56.0,41.92364856835816,41.092429076417766,38.5032940083123,36.76580799286568,42.533019787784454,42.41765566584585,58.67130985939826,39.52730103911337,6.742344883984581,5.567913109844726,6.841185404338297,5.505240412996412,5.667420654409257,5.587854713660677,55.03300478223029,6.9292826230519236,38.41536714975841,34.35063285024151,33.215608695652136,27.89632850241543,31.00028985507243,26.411444444444417,37.7554444444444,23.0154299516908,23.0154299516908
58.0,41.978920307570064,41.131114727730356,38.55709658302606,36.8050329716257,42.57206699789535,42.45514480521791,59.017451115797385,39.585590756825525,6.7461272496314475,5.715508598491065,6.992832487231906,5.114290298598836,5.654503357137794,5.5334344536302025,55.24932111476747,6.946122703647924,38.43414975845406,34.35838647342991,33.221772946859865,27.893526570048273,31.001888888888857,26.414396135265665,37.89965700483088,23.011275362318816,23.011275362318816
60.0,42.0318507350955,41.16977407759445,38.61061606782222,36.84134985524733,42.612566040705694,42.4922388253991,59.35339870780599,39.64253018012417,6.841948652547539,5.781039386220113,6.992131649053041,5.036331970753205,5.637195266214603,5.613044938202379,54.91426518539286,6.90246478290613,38.45235265700479,34.36742995169078,33.227980676328464,27.890347826086924,31.000536231884023,26.41709178743958,38.04083091787435,23.00750724637679,23.00750724637679
62.0,42.08183358515342,41.20700160110498,38.66318987132122,36.87585575921091,42.64781327568221,42.531205348775536,59.683404269241365,39.69760589321556,6.9082624012288,5.6268460485376,6.8121024025088,5.5024470474496,5.5894133495552,5.6617503476992,54.9667281219072,6.8724514003968,38.46843961352653,34.38393236714972,33.235574879227016,27.889188405797068,30.998434782608662,26.418734299516878,38.19154106280189,23.00412560386471,23.00412560386471
64.0,42.12990543122034,41.24642397406695,38.71640376318549,36.91278721521908,42.67920974116249,42.56932015689766,60.00954893421171,39.748456279358344,6.907788347796997,5.571142330012676,6.876330432885401,5.4449651424305126,5.606177040627601,5.630668879187013,55.304766764279776,6.859653441242655,38.48387439613522,34.408111111111076,33.24523188405794,27.88699999999997,30.997772946859868,26.422130434782577,38.34380193236711,23.001734299516883,23.001734299516883
66.0,42.174909948123855,41.284424666430176,38.76679013246454,36.94663855556284,42.710678790439935,42.60542685675482,60.329908213098946,39.79851827572843,6.870886870469598,5.538564427085661,6.894270076738771,5.487799386590107,5.664731449281839,5.606804887268149,55.28423389041454,6.854248853921184,38.49950241545889,34.43728019323668,33.257579710144896,27.884338164251172,30.99956521739127,26.42769082125601,38.4998792270531,23.00154106280191,23.00154106280191
68.0,42.2212412620402,41.31992163659981,38.813965914960086,36.97639644362474,42.744082157170695,42.6399717605753,60.64232420179313,39.845820520677805,6.864300397442238,5.548846448028501,6.887839791545031,5.522870639291664,5.668801042274847,5.578644610869178,55.32286199559701,6.893866964973018,38.51677294685986,34.466975845410595,33.271990338164215,27.882932367149728,31.00244444444441,26.434048309178714,38.66202415458933,23.00414975845408,23.00414975845408
70.0,42.268454361324174,41.35634299191734,38.8589662901782,37.006055613994754,42.77780285757251,42.671922891522456,60.943643393044574,39.89045249897198,6.9072114290625155,5.547610446356513,6.8423126508315795,5.496660031257361,5.640285434592316,5.626002599824931,55.36889755268277,6.863202842667101,38.534705314009614,34.497526570048265,33.28778743961349,27.882685990338135,31.003821256038613,26.441057971014466,38.82525120772942,23.0095603864734,23.0095603864734
72.0,42.312651295600304,41.388427532119394,38.90256519622325,37.03690211382569,42.810269819413996,42.70659265781973,61.24179006179995,39.93474050236434,6.953294460605996,5.5654200010450054,6.7726967184605025,5.554224410205499,5.689758361059011,5.7000610294325185,55.506224716788495,6.8062084104145,38.552888888888845,34.52983091787436,33.30545410628016,27.884724637681128,31.007106280193202,26.449797101449246,38.98388888888885,23.01777294685988,23.01777294685988
74.0,42.354859694420675,41.4186546855767,38.94530018433826,37.06893157248518,42.84175110482392,42.74144346547252,61.53824332570052,39.97792700018776,6.906507265837433,5.591531956366085,6.7821050272711965,5.543962020396661,5.722114085847534,5.737520554912122,55.45752344321369,6.8673492814606965,38.574516908212516,34.561169082125566,33.327251207729425,27.89022222222219,31.013280193236678,26.461391304347796,39.146661835748745,23.0287874396135,23.0287874396135
76.0,42.396155878172074,41.4480442114975,38.98684615680133,37.1013934992516,42.873468819470894,42.77480355753791,61.82819914207392,40.021226848660746,6.880701198673403,5.565180020362359,6.790620978881661,5.523707292803663,5.632602348538012,5.629792358194916,55.49984230676474,6.93614795217889,38.60038647342991,34.59247342995165,33.35178743961349,27.89617874396132,31.01910144927533,26.47096618357485,39.316869565217345,23.042603864734275,23.042603864734275
78.0,42.43887635066634,41.47652164166706,39.02736508566952,37.132320910020916,42.91046486711395,42.80742245009171,62.110439765912105,40.06498258097086,6.929811460273979,5.649777715397284,6.951454891658368,5.379022137160329,5.5477538610475445,5.608568715468178,55.630788095912976,7.156944314552824,38.62829468599029,34.62107246376808,33.381893719806726,27.902038647342962,31.02737681159417,26.479695652173884,39.48699999999996,23.05679227053138,23.05679227053138
80.0,42.48239742622961,41.50269943977234,39.067699015003484,37.16212883445188,42.94466343546507,42.83589669429941,62.384330221093094,40.10775056874048,6.943605413955918,5.726653384176326,7.014330635493878,5.3471590560391835,5.599566423405714,5.61885745653551,55.754273456065306,7.196223312927347,38.654782608695605,34.63759420289851,33.413748792270496,27.909690821256007,31.03853140096615,26.486309178743934,39.65436231884053,23.067666666666643,23.067666666666643
82.0,42.52498857801786,41.527349673149665,39.10924403406951,37.19112810247239,42.975646974327375,42.86716566607959,62.654646534877884,40.15072014471243,6.868370386470392,5.603547772255514,6.804421210581727,5.5423074057387804,5.661926912582075,5.5891250103443735,55.80142511666315,6.77908934390613,38.678086956521696,34.63974396135262,33.442879227053105,27.916850241545863,31.047594202898516,26.488884057970985,39.81498067632846,23.07509661835746,23.07509661835746
84.0,42.569853690698146,41.55117907961635,39.14876171145469,37.217125498335534,43.00718840960425,42.89823080947645,62.92129383811557,40.19297285169567,6.912430767249699,5.64300871738998,6.798622594706212,5.52410255752465,5.666083866420841,5.65677089288978,55.76542991474148,6.804995391320241,38.70299999999995,34.63473429951687,33.47076328502412,27.92188405797098,31.055024154589336,26.490893719806735,39.97999516908208,23.078888888888866,23.078888888888866
86.0,42.61561088947954,41.576033382580555,39.18731443949588,37.24448387149011,43.04066526848781,42.92868607094986,63.18251675013575,40.23180899398854,6.963589035724584,5.552919369570462,6.857151967417772,5.574221091529056,5.704529990951898,5.640554670143266,55.874546263778406,6.880619420694943,38.73191787439609,34.625541062801894,33.49578260869561,27.923159420289824,31.062454106280157,26.492193236714947,40.14554589371976,23.081231884057946,23.081231884057946
88.0,42.65743572360026,41.60409738613209,39.227450470536354,37.274201527462054,43.07518570323888,42.960148498283075,63.440549617521995,40.27356809496227,6.854809327560769,5.452194119499454,6.851928032987022,5.572909985284865,5.660275576275741,5.585449721442667,55.93126147868096,6.907646835259907,38.761285024154546,34.61160386473426,33.518096618357454,27.920217391304316,31.069690821256,26.494512077294655,40.30300966183571,23.084314009661814,23.084314009661814
90.0,42.698811759093,41.62963532228779,39.26645642029181,37.30444910620406,43.106899042383326,42.99217144685201,63.69275587611505,40.314499483343134,6.891219238476954,5.531482965931864,6.772326653306614,5.592056513026052,5.512922044088176,5.641510821643287,56.05336412825651,6.84019759519038,38.78942028985503,34.59788888888885,33.53724637681155,27.916202898550694,31.075318840579676,26.49480193236712,40.45701932367145,23.08489371980674,23.08489371980674
92.0,42.73765074023043,41.65406922144031,39.30277858547802,37.334260205141,43.133957495847596,43.02105742161464,63.93889025064631,40.353304204361216,7.020919842829077,5.566542632612967,6.862079567779961,5.578428683693517,5.581804125736738,5.789249115913556,55.916333398821216,6.896924361493124,38.815246376811544,34.587647342995126,33.55763285024151,27.90942028985504,31.079700483091756,26.490618357487897,40.61036714975841,23.08395169082123,23.08395169082123
94.0,42.77402215788516,41.681520577132694,39.33872751565249,37.36384610023284,43.159253180441276,43.04502110880399,64.18314777294604,40.39206871465469,7.031782058991694,5.5641520919585465,6.854480427272118,5.47905096751566,5.581408867203841,5.749840358702735,55.86463212975052,6.885841077851405,38.840685990338116,34.57636714975841,33.579483091787395,27.901173913043447,31.084371980676295,26.48429468599031,40.76651207729464,23.08307246376809,23.08307246376809
96.0,42.81308308942018,41.70832196247624,39.37473392111638,37.3925103156934,43.1880917996383,43.07302856227304,64.42415673363273,40.43126572436974,6.985630006184327,5.63968973309896,6.820923627828602,5.4818832521901015,5.621869298149118,5.605490930428496,56.1438502360279,6.840990729023124,38.86583574879222,34.5662367149758,33.600038647342956,27.894560386473398,31.08904347826084,26.477512077294655,40.91686473429947,23.082666666666643,23.082666666666643
98.0,42.851854758222906,41.73558185315128,39.41093829499911,37.41902661269306,43.219172467707544,43.10354707369748,64.66145068220168,40.47215489858745,6.94223951319037,5.6246263382806685,6.748105362563456,5.514840487963504,5.68692048597045,5.622159022289734,56.04022732354356,6.847402438244054,38.88896618357484,34.56009661835745,33.62076328502411,27.88662801932364,31.092202898550692,26.471951690821225,41.064884057970964,23.081971014492726,23.081971014492726
100.0,42.88962096530304,41.7632043364537,39.445327417216774,37.44580491481324,43.246961218765755,43.134006380630204,64.89115421838324,40.513458112672204,7.052982242021865,5.671664986310498,6.708411678641272,5.6480279313525,5.63545685190453,5.601931474821102,56.083190852626785,6.836096954964664,38.91317391304344,34.55540579710141,33.64251690821252,27.877425120772912,31.09411594202895,26.468739130434752,41.20850241545889,23.080222222222197,23.080222222222197
102.0,42.92772437689813,41.7879320103029,39.47670876820135,37.47232985543989,43.275724008642946,43.16165517491194,65.11677983254566,40.55140674536779,7.118334343434343,5.711661616161616,6.7748,5.72740404040404,5.635590909090909,5.63759797979798,56.067485858585854,6.875918181818181,38.93915942028981,34.55511594202894,33.66255555555552,27.870618357487892,31.09744444444441,26.466048309178714,41.3510483091787,23.08210144927534,23.08210144927534
104.0,42.96451188734591,41.8107109095364,39.50922408924455,37.495427306092274,43.303535869885835,43.18991524885767,65.33992536934997,40.58811326381773,6.968865784698244,5.580387341536773,6.797578689172468,5.540661331476576,5.646527714131379,5.603859730650614,56.18480745645119,6.903518709821512,38.96401932367145,34.56044927536228,33.68056521739127,27.863874396135234,31.10185024154586,26.463309178743927,41.50075845410623,23.08751207729466,23.08751207729466
106.0,43.00036381345722,41.83664199269164,39.54254339762648,37.518533125233276,43.329503590328116,43.22083290451991,65.56476017947097,40.62387620961863,6.7914885727267675,5.667552857206092,6.853388570797309,5.527491428287144,5.634658571429112,5.6860828556284755,56.15680285597654,6.855145714654311,38.98724637681155,34.564850241545855,33.69683574879223,27.855512077294655,31.106425120772915,26.462396135265667,41.64177294685986,23.0915797101449,23.0915797101449
108.0,43.034446163822146,41.862045514858764,39.57368863329106,37.54475720233119,43.35387909310529,43.24815947903347,65.7870254319736,40.6580816892682,6.755791846491867,5.674630020577858,6.902661722470183,5.543088582870469,5.708176963289576,5.857681702446861,56.391333334812096,6.824211111234341,39.008285024154546,34.56841545893716,33.71165700483088,27.84932850241543,31.111483091787406,26.461579710144896,41.78116908212555,23.09365217391302,23.09365217391302
110.0,43.069801551785254,41.884181561858966,39.60336050016642,37.569716736299824,43.37508862862103,43.2763263017055,66.00724444312847,40.68993625973983,6.872067981472494,5.631222546386755,6.869529476568721,5.511633815890156,5.7650051891010134,5.765615465809571,56.42716798516247,6.822941746246919,39.02835748792266,34.57484541062798,33.72654106280189,27.843120772946833,31.116734299516875,26.460956521739103,41.92967632850237,23.09363285024152,23.09363285024152
112.0,43.10394691804504,41.906337696834214,39.63292016531932,37.594823051106424,43.39578998926837,43.304677747376694,66.22465815457241,40.72230531560077,6.852622549331928,5.5941847701020535,6.866399303295149,5.511643504659226,5.675329516380432,5.691253063309604,56.3069944263612,6.828502439811327,39.048685990338114,34.58241062801928,33.73999999999996,27.83652657004828,31.12311111111108,26.46062318840577,42.08189855072459,23.09198067632848,23.09198067632848
114.0,43.13393820108136,41.92542304199526,39.6599205587948,37.615953377862766,43.41748038756582,43.33305486806113,66.44208469340818,40.755534353603046,6.963156514896198,5.661634735261664,6.987911096035978,5.552221526383264,5.797877552865395,5.717270700602733,56.39355898409924,6.8778869882960745,39.06871497584536,34.588777777777736,33.754198067632814,27.83100966183572,31.130371980676298,26.46189855072461,42.23136231884053,23.09337681159418,23.09337681159418
116.0,43.16412701073607,41.9443525193209,39.686018497960646,37.634022004064235,43.4396412837564,43.36233459966467,66.65941891717019,40.7868137330471,7.107536190741131,5.604671664111425,7.059769634692057,5.543191938790445,5.923416061072538,5.562405520776351,56.39226350460203,6.910780639291494,39.08854106280189,34.59277294685986,33.76829951690818,27.826241545893687,31.135879227053106,26.46187922705311,42.37821256038643,23.097724637681132,23.097724637681132
118.0,43.195184620262964,41.9646391409363,39.711500488049225,37.6536508432034,43.457733900912096,43.38827920309257,66.87607984608964,40.81897326158293,7.0715932307381815,5.545325676775971,6.859274725018237,5.540460781696178,5.726443330686031,5.51965947786781,56.434339266525285,6.933153008950243,39.10891304347822,34.59982608695648,33.780864734299485,27.824338164251177,31.14121739130431,26.461265700483064,42.5273864734299,23.101975845410603,23.101975845410603
120.0,43.22242562159682,41.98239920667972,39.73679440451825,37.673524317751756,43.478953876667,43.413635456370166,67.09225174957258,40.852214778701764,6.908012538459814,5.593364832297959,6.811811761368201,5.551156313831581,5.648591441465151,5.609330942102695,56.608372359000406,6.948999312111734,39.131246376811546,34.606888888888854,33.79467632850238,27.82503381642509,31.14979710144924,26.46193236714973,42.68636231884054,23.106130434782585,23.106130434782585
122.0,43.249206044729725,42.005209587694154,39.76148922962202,37.69557928789984,43.501646106931794,43.4377544266581,67.30586768382588,40.88620054341551,6.88853074032066,5.544686560431237,6.8662484978077805,5.457720305136337,5.643225037657401,5.664609568692805,56.62483185624605,6.918949208823284,39.15340096618353,34.6114830917874,33.81012077294682,27.82384057971012,31.159028985507213,26.460879227053113,42.84471497584536,23.110188405797075,23.110188405797075
124.0,43.27863577156366,42.0264900908541,39.787774440416676,37.71967676417097,43.524479633241825,43.46327628349652,67.51330877377447,40.91860075363872,6.939929685407846,5.4730551709315,6.881822187281469,5.465274062427156,5.606406447848282,5.722518139717922,56.57831034554756,6.886232832557572,39.17266666666662,34.61590821256035,33.82641062801929,27.821048309178718,31.166942028985474,26.459280193236687,42.99270531400961,23.11414975845408,23.11414975845408
126.0,43.31042195495813,42.04520532248184,39.814381461937074,37.74126319090888,43.54959510061027,43.49165508612665,67.71753964876193,40.949967310191354,6.921489598311154,5.54998292251491,6.899728559473771,5.492227869831419,5.609599507017892,5.697985872418552,56.5433587839021,6.934319626079239,39.18993719806758,34.615748792270495,33.84520289855068,27.819898550724606,31.176391304347792,26.45948309178741,43.140454106280146,23.116792270531374,23.116792270531374
128.0,43.34069219275913,42.06582852806928,39.84225295561897,37.76119697512028,43.57283713138269,43.517922059623864,67.91886727811003,40.98041322712674,6.932554659669941,5.596613703291407,6.848607132241553,5.510054966661311,5.708387821910576,5.632310849419299,56.5806977552332,6.937777586474018,39.20788405797097,34.61254106280189,33.86577294685986,27.81875845410625,31.182961352656967,26.460835748792242,43.28712560386469,23.116845410627995,23.116845410627995
130.0,43.37014782816308,42.08833584496168,39.871961772342274,37.7824616045631,43.59655121627486,43.54703113378543,68.12075538559583,41.01149178949028,6.987084042786704,5.589612355643026,6.8930233639244145,5.513069584690919,5.776208454249254,5.650110704769642,56.679461881844546,6.893836267399739,39.22857487922701,34.61077294685987,33.885618357487886,27.815342995169054,31.184584541062765,26.46211594202895,43.43308695652169,23.115386473429925,23.115386473429925
132.0,43.40159912312287,42.11063762841161,39.89846413873005,37.80066301129318,43.62167017101115,43.57390456826588,68.3228829447433,41.04323807930816,6.978738678696956,5.635100490944172,6.9273969181980455,5.579066945929919,5.748370708153606,5.667934817753657,56.833718194652896,6.866214229682206,39.25169565217387,34.61193236714972,33.90466666666663,27.81031884057968,31.188193236714937,26.463927536231854,43.576913043478214,23.113444444444422,23.113444444444422
134.0,43.430997559287455,42.13123366793504,39.92482782998293,37.82288151588445,43.64700385859393,43.59924715340477,68.51971969783294,41.07266626381111,6.969078723937347,5.711754001860734,6.802842501431084,5.574718184908243,5.71196448840595,5.664249695238115,56.947286777159924,6.917038501360016,39.27393236714971,34.61090338164247,33.92284541062798,27.804908212560353,31.19105314009658,26.464444444444414,43.71721256038643,23.11387439613524,23.11387439613524
136.0,43.45763950599953,42.152153028178475,39.95279175464122,37.84771010085212,43.66997011061029,43.621323494666015,68.7174548809902,41.10276939679082,7.105559242190671,5.696927139269069,6.763622431759143,5.463567342524016,5.6727290623931035,5.631921519932421,56.80069584704445,6.973936201994,39.29314492753619,34.60739613526566,33.93947826086953,27.800333333333302,31.192256038647304,26.46606280193234,43.85443478260864,23.1165797101449,23.1165797101449
138.0,43.48749897507949,42.17336535963872,39.980263057164215,37.87026490161778,43.690660704464634,43.64052324394812,68.91097815062427,41.13070156821675,7.083657681570276,5.65347265368493,6.8589,5.510940219459933,5.632050000472654,5.671077145130265,56.87267545231132,6.913958482528257,39.311367149758404,34.607154589371945,33.953888888888855,27.796038647342964,31.19451207729465,26.4663526570048,43.98785507246372,23.11851207729466,23.11851207729466
140.0,43.51495606007763,42.196364680481736,40.006458327964566,37.89337529104764,43.71148686911743,43.660548442635594,69.10199653492812,41.1583998413881,6.918030189011454,5.603942119378447,6.818423814347336,5.504007167497526,5.673568776092489,5.669950069579973,57.02416902828455,6.8863713300099,39.32941062801928,34.61174879227049,33.96600483091784,27.790294685990307,31.19753140096615,26.463487922705287,44.122275362318796,23.119671497584516,23.119671497584516
142.0,43.54220528423533,42.219888163252634,40.033876203750104,37.913720043858035,43.73676964835803,43.681121846296556,69.29392679679822,41.188243971953554,6.8696528730377775,5.625939309028804,6.862812742923726,5.482296293486523,5.71757785557023,5.711636820992156,56.90810172930671,6.892286439748467,39.34751690821252,34.61676328502411,33.97818357487919,27.785628019323642,31.200454106280155,26.462898550724606,44.25110144927532,23.120057971014468,23.120057971014468
144.0,43.5706350980953,42.24132120218298,40.060729390836485,37.931255283498636,43.7669264951915,43.70377711904851,69.48537295522034,41.21701420284411,6.783271943887776,5.621372344689379,6.989766733466934,5.461710621242485,5.686129859719439,5.637378356713427,56.87040861723447,6.903322044088176,39.36475362318836,34.623227053140056,33.99100483091784,27.78461352657002,31.202420289855034,26.46401449275359,44.37623188405792,23.119671497584516,23.119671497584516
146.0,43.596357966674795,42.26130665653134,40.087149201253595,37.949859145402485,43.79696921135912,43.72613438718851,69.6761084658548,41.24533713217602,6.891699995118968,5.638947366199969,6.955368421804589,5.541389469375843,5.579431579771578,5.584915787089364,56.88098421336823,6.937310524929619,39.38018840579706,34.633995169082084,34.00449275362315,27.785062801932334,31.206188405797064,26.46448792270528,44.50994685990334,23.11851207729466,23.11851207729466
148.0,43.62150982282486,42.27998860640491,40.11313658838192,37.970576576753594,43.824160546248365,43.75002191581554,69.86357209589862,41.2724571394492,7.04372503145532,5.484958263106447,6.817074383988105,5.741563272473058,5.611243833636222,5.675662093200977,56.87628297180668,6.991606083135275,39.397111111111066,34.64592270531398,34.018719806763244,27.786661835748763,31.211516908212523,26.464971014492725,44.641178743961305,23.118405797101428,23.118405797101428
150.0,43.64810944842624,42.299110126893595,40.137999075784016,37.990434048048215,43.851810125374904,43.77175542575589,70.04917152035017,41.29866411793516,7.033939233110649,5.416370187533954,6.689633449456736,5.749784041130754,5.686473897406147,5.6666237232210435,56.992661022175724,6.9715192625409195,39.415207729468555,34.65891304347822,34.02893236714972,27.78852657004828,31.217594202898514,26.463637681159394,44.764420289855025,23.12000483091785,23.12000483091785
152.0,43.67539977129142,42.3185036204713,40.1632185212678,38.0102466070059,43.876346790957335,43.79053480976776,70.23325618724986,41.32286893894625,6.932997054185217,5.748594307904725,6.805966448715201,5.437192664430788,5.675134798374125,5.629347277319308,57.05891672441684,6.930153019298157,39.43299033816421,34.67104347826083,34.037599033816385,27.787342995169055,31.221782608695616,26.46283574879224,44.88316425120768,23.12035748792268,23.12035748792268
154.0,43.70508363944361,42.338989596158996,40.18718454803781,38.03266280472394,43.89968611636772,43.812407352332414,70.41838651833892,41.34599251144668,7.00492008455873,5.702720987746032,6.907834818971429,5.4007490985904765,5.564001345892064,5.635410273231746,57.18905222383492,6.922733486590476,39.45201932367145,34.67973913043475,34.04596618357483,27.783971014492725,31.22684057971011,26.46185024154586,45.002043478260816,23.117685990338135,23.117685990338135
156.0,43.735066472516436,42.35501425517047,40.21046113321367,38.05726722655069,43.92428804323034,43.833025643389114,70.60195873706097,41.37105015881655,7.013938393509127,5.651166375282759,6.914881037462069,5.55513590288357,5.5465486734150105,5.559547868378093,57.27885969052819,6.872898932589047,39.472077294685946,34.68720289855069,34.05288405797097,27.77860386473427,31.234304347826054,26.459917874396105,45.129405797101406,23.113768115942005,23.113768115942005
158.0,43.765013591326095,42.36859144639585,40.23432089441555,38.07759886137045,43.948038301189094,43.85525993989031,70.78462852003658,41.39676709067522,6.92237814236487,5.658188028883035,6.874348502010379,5.531762725978443,5.740954038278643,5.627205536268263,57.31420313436487,6.895954792073454,39.491772946859854,34.69501932367147,34.06025120772943,27.77199033816422,31.241487922705275,26.462289855072434,45.255028985507195,23.112777777777755,23.112777777777755
160.0,43.79207959611577,42.38509374507749,40.25755782567337,38.098380801812816,43.96989892416734,43.87861385208722,70.96802729312019,41.42404724728816,6.929411105201667,5.561591195443277,6.819689543301847,5.556725363711491,5.805923661817181,5.688246323428561,57.4183097035407,6.879542221383545,39.512763285024114,34.700550724637644,34.06636231884054,27.766053140096588,31.24992753623185,26.465169082125573,45.37478743961347,23.116555555555532,23.116555555555532
162.0,43.81487906052519,42.40211782640088,40.2789142460555,38.117711132238995,43.98794928510075,43.90043977661039,71.15036478114206,41.450451103002116,6.916816501259134,5.580801591169578,6.803381711728768,5.570707255130688,5.820767893023568,5.690432106976432,57.23082534552361,6.940536382735728,39.53432367149754,34.7023333333333,34.07256038647339,27.759062801932334,31.257507246376775,26.464743961352628,45.49661835748787,23.120420289855048,23.120420289855048
164.0,43.839664832536855,42.41886034676872,40.300171253557444,38.13599342039374,44.00710863203048,43.9227490332176,71.33237248395697,41.47660973069018,6.978715749734788,5.645020834098842,6.901460192137875,5.492905032803305,5.8040109231744825,5.690651785365044,57.21244730076511,6.95627785851019,39.553951690821215,34.70063285024151,34.079014492753586,27.752289855072434,31.265111111111075,26.464376811594175,45.620666666666615,23.120342995169057,23.120342995169057
166.0,43.86450623919117,42.43596991030126,40.32189313724867,38.15699705257373,44.024042204588184,43.94329059913861,71.51227680311669,41.50189836008635,7.011463312947296,5.642553453052832,6.869313863744457,5.492226126143672,5.696452952328139,5.700397297060434,57.30205570485329,6.935843393842265,39.57157487922701,34.69865217391301,34.084719806763246,27.746386473429922,31.273004830917838,26.46799999999997,45.74049275362314,23.11646859903379,23.11646859903379
168.0,43.88863030478312,42.45173109561446,40.34268021542253,38.175520427594584,44.04319926641104,43.96274250407174,71.68911031311555,41.52604143855486,6.953354099007781,5.593344262375973,6.802142774294852,5.593666314595651,5.737950963675341,5.63385126844634,57.07806215142254,6.904000003700745,39.58650241545889,34.69894202898548,34.090497584541026,27.7389565217391,31.280231884057937,26.470483091787408,45.85683091787434,23.110671497584516,23.110671497584516
170.0,43.914031714157495,42.468822811894725,40.36419158911854,38.193505579166526,44.062056979253946,43.98477596141781,71.86624439070376,41.55033054262253,6.981095180722892,5.609139959839357,6.782405421686747,5.636647389558233,5.781191967871486,5.626241365461848,57.112854016064254,6.850006224899599,39.596169082125556,34.702241545893685,34.096565217391266,27.731173913043445,31.28823188405794,26.474521739130406,45.97086956521734,23.104777777777752,23.104777777777752
172.0,43.94010704076363,42.48598509455041,40.388318063228205,38.21174446188025,44.080839297423715,44.00811781221765,72.03942005560017,41.574895973090925,6.993264328657315,5.582955110220441,6.795148496993988,5.518567134268537,5.668347895791583,5.725122444889779,57.44458036072144,6.893212024048096,39.603357487922665,34.706289855072434,34.104362318840536,27.72721256038644,31.296618357487887,26.48460386473427,46.08371497584535,23.098787439613503,23.098787439613503
174.0,43.96599661068166,42.50476136309465,40.41194334207841,38.22757858752428,44.099314160066385,44.0311607755919,72.2078499844099,41.600517304143935,6.9146368421052635,5.385647953216374,6.827508966861599,5.566460428849902,5.69384171539961,5.846441130604289,57.55367095516569,6.85386432748538,39.611405797101405,34.710652173913005,34.11415458937194,27.727072463768085,31.30500483091784,26.497391304347797,46.200748792270474,23.09270048309176,23.09270048309176
176.0,43.98962337900547,42.52603641348596,40.433665115235435,38.24564627345532,44.115873445155316,44.052695587997974,72.37858456335103,41.626636216935935,6.8788790554414785,5.449716427104723,6.9516129363449695,5.565386652977413,5.725752977412731,5.849698973305955,57.657711088295684,6.877086858316222,39.621256038647296,34.717323671497546,34.12442995169078,27.727801932367118,31.31300483091784,26.508323671497553,46.32570531400961,23.088342995169057,23.088342995169057
178.0,44.01304233501138,42.544682832801655,40.45491698043611,38.26503037595725,44.133191492785365,44.07733175512472,72.54812892123803,41.65063685867612,6.8813340681362725,5.752530460921844,6.880157715430862,5.50660621242485,5.7786422845691385,5.698842885771543,57.521136873747494,6.858506813627255,39.633898550724595,34.725903381642475,34.13307246376808,27.730719806763258,31.322057971014456,26.520014492753596,46.45038164251203,23.085144927536206,23.085144927536206
180.0,44.037758543341006,42.560814534729886,40.47382711280226,38.28306080188953,44.149837288800796,44.09952182461166,72.71332575546258,41.67439828765249,6.919090491077468,5.682618425000308,6.835007133042271,5.499114265184293,5.675191382145098,5.700459732139563,57.473004599048096,6.8322098071454045,39.64549758454102,34.73660869565214,34.14096618357485,27.735367149758424,31.331207729468566,26.53625120772944,46.57019323671492,23.083758454106253,23.083758454106253
182.0,44.06143742635568,42.57616822623323,40.494944557655046,38.3020004185205,44.167378311930435,44.12050195792473,72.87563028652428,41.697037340322446,6.885282353160024,5.548041190892222,6.9512470424724615,5.49877058500617,5.627700003872269,5.8637705724023155,57.726276476827636,6.939899986864657,39.657613526569996,34.74844927536228,34.14837681159417,27.74011111111108,31.33889371980673,26.554821256038615,46.6925555555555,23.085454106280167,23.085454106280167
184.0,44.08483030859229,42.595097421126916,40.517139928503774,38.32025117597049,44.18210680644391,44.140673312326335,73.04337168349544,41.72087508078676,6.94971393164159,5.424669674412137,7.043011952287031,5.567927869764855,5.612258956518285,5.905793118721939,57.701614544787134,7.010357892830993,39.674202898550675,34.762879227053105,34.15434782608692,27.745144927536202,31.34899999999997,26.573560386473403,46.81761352656999,23.087898550724614,23.087898550724614
186.0,44.1107356515852,42.61771200835613,40.53941377011841,38.334212590607734,44.196358936840745,44.1607679499264,73.20916618399578,41.74661780437724,7.017158573957579,5.623162962302662,6.83940403756385,5.584403788391383,5.649082302935526,5.686272133789216,57.803478066033705,6.887808275435563,39.693222222222175,34.779004830917835,34.159096618357445,27.750057971014463,31.36001449275359,26.58785990338161,46.945574879227,23.088758454106255,23.088758454106255
188.0,44.13504353103123,42.63699361993787,40.56145830228356,38.34875524820275,44.20946179146462,44.181586192446176,73.37063038752426,41.77169997097431,6.943536307310889,5.731858600170383,6.820375795318398,5.529914013874423,5.606380255852002,5.682030574440939,57.85737261029449,6.958024202085227,39.71023188405792,34.794188405797065,34.16279227053136,27.75261352657002,31.36742512077291,26.601507246376784,47.072473429951636,23.08930434782606,23.08930434782606
190.0,44.156304538197325,42.65425282490966,40.582521452893985,38.362881641401515,44.22522647206243,44.20190068596129,73.53247568462233,41.79693295617539,6.923031113706048,5.717194675527883,6.886436435544799,5.507730910032775,5.685499378446714,5.556070220703691,57.804877487972,6.98303398356543,39.72801449275358,34.80761835748788,34.16860386473426,27.754178743961322,31.37271980676325,26.61524154589369,47.19799516908207,23.089584541062777,23.089584541062777
192.0,44.17599861913187,42.672219147697476,40.60462351269417,38.37991487396449,44.24346745206287,44.220867566694764,73.69323285411205,41.822403379865996,6.97463622272793,5.695395967789151,6.928316841791347,5.523988341016523,5.759438918649264,5.524193866292986,57.75276023496899,6.936550672813219,39.74630434782605,34.82210144927532,34.17670048309174,27.75794685990335,31.379164251207694,26.627405797101417,47.32547826086951,23.08842512077292,23.08842512077292
194.0,44.19621324813258,42.6888885074331,40.626674676703345,38.398741432378706,44.259349827394956,44.24132722521402,73.85024626098021,41.84596137172164,6.994240722253755,5.666789218382236,6.861904412674541,5.488741173168069,5.684958977466224,5.628282697816156,57.838140471196596,6.905807873309024,39.765439613526524,34.836840579710106,34.18547342995165,27.759285024154558,31.38580193236712,26.637565217391273,47.45164251207724,23.087652173913018,23.087652173913018
196.0,44.21656657867277,42.70668175738518,40.648430867336735,38.41670209137287,44.27423869021455,44.25998689451082,74.00325847809945,41.86707181525999,6.951109945537622,5.661173106239376,6.818607600642495,5.29155352054269,5.649242989847953,5.582039620927875,57.69413860543626,6.849805849437817,39.788806763284974,34.84803864734296,34.194536231884015,27.7559565217391,31.39107246376808,26.64711111111108,47.56525120772942,23.088487922705287,23.088487922705287
198.0,44.23549956018797,42.72531910486077,40.670341913556925,38.432805589560246,44.29129235148226,44.278191213566444,74.15683978699671,41.88900577372905,6.928028860326083,5.585247575271313,6.84363141287201,5.266806619904346,5.553665576719325,5.612146453518702,57.578550787908235,6.85140647488119,39.810743961352614,34.85672463768112,34.2035024154589,27.75172463768113,31.395811594202865,26.656260869565187,47.67479710144922,23.0915990338164,23.0915990338164
200.0,44.25511431221704,42.74278351864636,40.689739028230726,38.45155161048048,44.309991042058435,44.29641190766919,74.31130445762552,41.910254585092616,6.999642813751498,5.6398547724642265,6.884264123861813,5.57942613230158,5.676654275193843,5.686984522753577,57.680548041825,6.906304824879908,39.83281159420285,34.861483091787406,34.212589371980634,27.746130434782575,31.40023671497581,26.663454106280167,47.79109178743956,23.09347826086954,23.09347826086954
202.0,44.27561583564745,42.75920311487717,40.710166890082526,38.47237578849276,44.32944595753935,44.316859165929635,74.46583075845194,41.933486317040625,6.979938794523116,5.593080650065586,6.970694078452496,5.547779757174033,5.694652215454944,5.646071467007529,57.83603643708674,6.937131491902453,39.85774396135261,34.862676328502374,34.21957004830914,27.737541062801903,31.40639130434779,26.6683526570048,47.91539130434777,23.093048309178723,23.093048309178723
204.0,44.29692049916178,42.774638080194556,40.73140960618879,38.49153172862704,44.35003993293767,44.33716077682125,74.62077133873437,41.95786901659824,6.960459898577225,5.603865480026609,6.951284774329517,5.479607612568846,5.577427920566714,5.599743146237197,58.02178223236664,6.890842643918448,39.883449275362274,34.86061835748789,34.22761352657001,27.726149758454078,31.412714975845372,26.67182608695649,48.04245893719801,23.094057971014468,23.094057971014468
206.0,44.31921808080481,42.79199291495962,40.750178001714296,38.509055206663554,44.37004305312347,44.3579507128322,74.7714577368072,41.98062587399428,6.869565606454217,5.642248877191306,6.8811060415238945,5.53008002913518,5.5768805271274395,5.609369496376507,58.035563605180734,6.856571389677537,39.90905797101445,34.85435265700479,34.23806280193233,27.713975845410594,31.418869565217353,26.677792270531373,48.164072463768065,23.09725603864732,23.09725603864732
208.0,44.340840269276704,42.80942893509807,40.76852722071606,38.52716291446838,44.38880918750981,44.38090293530809,74.92038081779872,42.00093271818998,6.913688655904435,5.649428649518902,6.859441080765293,5.586735677278485,5.646338919710225,5.620221622778288,58.09849946287805,6.9210086479564845,39.93308212560382,34.844652173913005,34.24803864734295,27.701864734299484,31.425120772946823,26.680531400966153,48.286487922705255,23.09673913043476,23.09673913043476
210.0,44.361467545750735,42.82385454838225,40.78876111298635,38.5436363827262,44.407419610075195,44.4016847651555,75.06829939343001,42.02177744008156,7.133805138197445,5.615044380870751,6.816633651336501,5.590370829708278,5.582732238951569,5.616911333720063,58.20646367755812,6.916958086221318,39.955811594202856,34.83524154589368,34.258884057970974,27.68888405797098,31.430512077294647,26.67914975845408,48.40383574879221,23.09012560386471,23.09012560386471
212.0,44.382426692690174,42.83682062107541,40.81192498554494,38.55931061343778,44.43054909403819,44.42149443658875,75.22413230561766,42.04326136752985,7.098387159860646,5.5822822766674065,6.830762840674298,5.5677639985779495,5.539032226672646,5.572075428165128,58.253079507162646,6.899842698335214,39.97750241545889,34.828019323671455,34.270115942028944,27.675323671497555,31.436483091787405,26.68061352657002,48.519260869565166,23.08276328502413,23.08276328502413
214.0,44.405513639988065,42.85181524715631,40.83323593084463,38.57355680113031,44.453554406414156,44.438974449002494,75.3787470765433,42.06330012440887,7.058787331499244,5.690889633179037,6.872049476187064,5.58894456874254,5.617703056335,5.653822430856603,58.224387335204,6.872264044625788,39.995362318840534,34.82493236714972,34.28125120772943,27.66147342995166,31.441425120772912,26.681062801932335,48.63771497584535,23.07633333333331,23.07633333333331
216.0,44.43170206232534,42.867420305837754,40.85293855834047,38.58424942390798,44.475013186451065,44.45608032490294,75.53032849636567,42.08565411985659,6.995303732809431,5.712691944990177,6.830629469548134,5.524718271119843,5.368001178781925,5.726118074656188,58.07556502946955,6.9228133595284875,40.0120289855072,34.82862801932363,34.29363285024151,27.649449275362283,31.447333333333297,26.678478260869536,48.75943961352651,23.071342995169054,23.071342995169054
218.0,44.455820548503645,42.88456996585445,40.87482493705937,38.59775536424377,44.495082892911014,44.47373641189016,75.68210232593674,42.109203476060586,6.904714284968458,5.650161028579862,6.908267341312625,5.4996982326436585,5.361715808795261,5.691109893540956,58.25188228817227,6.9655956598888045,40.02896618357483,34.83519806763281,34.30742995169078,27.638971014492725,31.45742512077291,26.67931884057968,48.88790338164245,23.06712560386471,23.06712560386471
220.0,44.47720184515758,42.903228044732664,40.89554306392094,38.61351219983089,44.51431408245286,44.48829701397786,75.83218010035725,42.13194462442394,6.916210216613272,5.625841881052079,6.945198533807729,5.492112847391772,5.678819171911947,5.666784218592125,58.33464471833981,7.031877490842854,40.04528985507241,34.840130434782566,34.31981159420286,27.62975845410625,31.469536231884025,26.681647342995138,49.01342995169077,23.064236714975817,23.064236714975817
222.0,44.500138966627254,42.919213709024575,40.91248285410547,38.62893984349192,44.533415378707616,44.505301351000526,75.98334761059256,42.15163849871141,6.911508343466666,5.654200001957647,6.855958339589019,5.5824249901929415,5.608041661916863,5.635491670538039,58.16204998219294,6.992900009110588,40.061386473429906,34.846690821256,34.33094685990334,27.622101449275334,31.480328502415425,26.682367149758424,49.13423188405791,23.063850241545868,23.063850241545868
224.0,44.52222233787183,42.93250878666837,40.92908565848797,38.644433219895284,44.55456168220103,44.524517711588146,76.13483729345093,42.17133537945665,6.928700592982518,5.697415773770061,6.804519270779379,5.62447557521661,5.665023974109426,5.61699468672436,58.273354179805494,6.975556592446951,40.07586473429947,34.85749275362315,34.34217874396131,27.61563768115939,31.490067632850206,26.681381642512047,49.25211111111105,23.064140096618335,23.064140096618335
226.0,44.54307771186746,42.94584358962135,40.94679286811183,38.65663609161335,44.57805324133788,44.543408141859395,76.28492516622319,42.192129558082584,7.008958808981891,5.736623947447887,6.839592251570221,5.569287322746077,5.694520069575856,5.680539785786721,58.283192950985914,7.01402183548652,40.08915942028981,34.87092753623185,34.35302415458933,27.611782608695624,31.501415458937164,26.684024154589338,49.365821256038586,23.065106280193213,23.065106280193213
228.0,44.566786426107164,42.961017686150875,40.961899726786065,38.66874564567064,44.59568419033716,44.56147312054144,76.4353333184208,42.21283662693725,6.9241907479936,5.674721999513601,6.888615748953599,5.541002753779201,5.677478752448001,5.675902004377599,58.234594512921596,6.8901697532288,40.10292753623184,34.88781642512073,34.36299999999996,27.607681159420256,31.512207729468564,26.689024154589344,49.47833816425115,23.068574879227025,23.068574879227025
230.0,44.59096683993233,42.9757037187636,40.979685849364934,38.684381982888105,44.61305107923591,44.58072440776077,76.58784477691007,42.234083076029435,6.975929728065109,5.669008355361703,6.929216705288909,5.51407419705005,5.68208992106017,5.647516947891359,58.12327099430774,6.873547907083702,40.117652173912994,34.90715458937194,34.37040096618353,27.603429951690792,31.5227101449275,26.692729468599005,49.59206763285018,23.072149758454078,23.072149758454078
232.0,44.61290148171055,42.98941138637492,40.99827148863581,38.69836275827234,44.627467051238156,44.59832189957093,76.73683376095231,42.25706172325135,7.011032059408677,5.632029009712497,6.885890085608227,5.539635118589235,5.754922136887439,5.7139770998416965,58.339625185228705,6.881085502595762,40.132642512077254,34.92484057971011,34.37712560386469,27.60207729468596,31.533188405797066,26.69448792270528,49.70952657004825,23.075830917874374,23.075830917874374
234.0,44.63295819941571,43.003793583681436,41.01857286065127,38.71038724306042,44.641701816622536,44.61449011687148,76.8820989351941,42.279176622121305,7.018759452870651,5.6295880594460055,6.779575124389262,5.5281771140061045,5.740326617162292,5.698103482695545,58.28526816062842,6.863440297841373,40.14722222222218,34.94085024154585,34.38385024154585,27.603623188405766,31.540256038647307,26.695425120772917,49.823676328502366,23.080188405797074,23.080188405797074
236.0,44.651319077868564,43.01761026876006,41.03794316435568,38.725069916105056,44.65694217615746,44.631116189566704,77.03035370531587,42.30053315731258,7.008382595946849,5.680432770735904,6.829205521923643,5.581216509415287,5.721400845767452,5.665977224377055,58.34180030819293,6.854314566043097,40.16011111111107,34.959855072463725,34.39125120772943,27.60624154589369,31.54530434782605,26.699096618357455,49.93052657004826,23.084570048309153,23.084570048309153
238.0,44.67037074901981,43.03128701300315,41.05521664162316,38.74180440703939,44.67324171922822,44.64924213554951,77.17934634558256,42.32084563834598,7.009969276166931,5.49379354420732,6.9837899953468385,5.380815844142927,5.787133105419741,5.820435492232975,58.49143071337994,6.91345471900129,40.1718405797101,34.983478260869525,34.40122705314006,27.61110628019321,31.551502415458902,26.70123188405794,50.03146859903375,23.087705314009636,23.087705314009636
240.0,44.690471666502155,43.04421301829891,41.074242184777646,38.759954302066014,44.691165803938155,44.66630829654059,77.32562475755502,42.34114004607059,6.944140444022688,5.359047514250622,6.97534339963271,5.247563039093734,5.7692157215368685,5.86867475000778,58.31561920841877,7.079509695025311,40.18049758454102,35.00977294685987,34.41207246376808,27.618169082125576,31.557797101449243,26.703004830917845,50.1247826086956,23.090101449275338,23.090101449275338
242.0,44.70899089547329,43.056937559886634,41.09232363853804,38.77496205424556,44.70693110347731,44.68544966282515,77.47299279182856,42.36149802848586,6.913096296490764,5.588780741244839,6.820107052614081,5.5193309644220205,5.683469233052711,5.588707052614081,58.4330033004149,6.922353177332564,40.18956521739126,35.03501449275358,34.42208212560382,27.625555555555525,31.563135265700453,26.7031449275362,50.217144927536175,23.09526570048307,23.09526570048307
244.0,44.72588465554603,43.070890129348555,41.11090006534194,38.78750166602116,44.72351502294965,44.702998469134805,77.62061145542133,42.38357312207239,6.925629063480219,5.547129112714918,6.860069690912522,5.5794093218590195,5.723686690232451,5.658634396448057,58.46169910296624,6.897148454562613,40.19947826086952,35.059096618357444,34.43132850241542,27.634391304347798,31.571908212560356,26.703381642512042,50.30796135265695,23.10432367149756,23.10432367149756
246.0,44.744602298523915,43.08890280643836,41.12919356438124,38.800435443412844,44.73852760299803,44.7222225936412,77.76810265518438,42.40702332090942,6.895006205976761,5.601209160728416,6.994538262910857,5.617017726014212,5.614965284787702,5.414306043389667,58.78224802157761,6.89886838964787,40.211289855072415,35.081913043478224,34.439835748792234,27.644579710144896,31.58068115942026,26.704840579710115,50.40333816425115,23.113019323671473,23.113019323671473
248.0,44.76668513873444,43.107893862261115,41.14434143447517,38.81674435904233,44.75273742054529,44.74266888204741,77.91269474561076,42.4298395794803,7.007937886141271,5.768765386037769,7.113330955124413,5.478278723625953,5.5754303699959875,5.37198657088738,59.01959573033247,7.125873110933214,40.224879227053094,35.10096135265697,34.44757971014489,27.654198067632816,31.587845410627985,26.70564734299514,50.50709661835744,23.11465217391302,23.11465217391302
250.0,44.78888954740915,43.126002870756516,41.16005222173319,38.83346383113784,44.76628955442165,44.76658366157911,78.05443377772973,42.451371871225454,7.031405636804553,5.83070666077823,6.973436919398602,5.329020008984943,5.573882042008153,5.7922922962121985,58.6670194905259,7.280349211651334,40.23833333333329,35.117391304347784,34.45753623188402,27.662497584541033,31.595396135265666,26.703309178743933,50.614772946859844,23.113903381642487,23.113903381642487
252.0,44.81117424535193,43.143102203737406,41.175989376202274,38.8488860482499,44.779301352679056,44.790254179939005,78.19939042433036,42.47394573816856,6.954523134298989,5.709999498255367,6.903350925939339,5.5228954950664555,5.523035656378509,5.597882723460638,58.77625738794616,6.952967800544586,40.25335748792266,35.13117874396131,34.471507246376774,27.671729468599004,31.60228019323668,26.701333333333302,50.72139613526564,23.114183574879203,23.114183574879203
254.0,44.83192813376113,43.15716401996608,41.193280096807676,38.86539499578394,44.79402839110073,44.81039646481405,78.34044671894486,42.494940028418256,6.947580536374623,5.6364932468882145,6.899989374577041,5.566030833723562,5.60854741759063,5.612187289486409,58.755833911367056,6.9433827214501544,40.26922705314005,35.14234782608692,34.48773913043475,27.679922705313977,31.609840579710113,26.704449275362286,50.82499516908207,23.114077294685966,23.114077294685966
256.0,44.853615729662955,43.17299409327476,41.213123422632826,38.879688709668685,44.811158849269695,44.82909518505342,78.47960725716646,42.515699007157096,6.984911438812515,5.717742037011843,6.94761609430994,5.392652663357221,5.598069881315665,5.819925689402653,58.51979659294315,6.880044094204447,40.283995169082075,35.15401932367146,34.50392270531397,27.686932367149723,31.61881642512074,26.705338164251177,50.92471014492748,23.113391304347804,23.113391304347804
258.0,44.8743572652626,43.188211371654646,41.23372083547926,38.895395630935454,44.82861857480168,44.84430197610493,78.61869126365605,42.54001564032808,7.030634939983665,5.768191077470101,6.933870956025465,5.364616893270229,5.718533817042034,5.892841054028353,58.57027488745231,6.819043155308665,40.29992270531397,35.16396618357484,34.52017874396132,27.692613526570014,31.626328502415426,26.705125603864705,51.02563285024149,23.113758454106257,23.113758454106257
260.0,44.89355196021934,43.20388469698874,41.25421347312025,38.91084526286572,44.84378251842884,44.85830167963253,78.75997434042701,42.56557847308693,7.0374173661508985,5.603939170261078,6.894397801925749,5.561612626126946,5.729951452512575,5.661561379257485,58.81731242688383,6.969785429652695,40.319270531400925,35.17183574879223,34.53662801932363,27.695599033816393,31.633705314009624,26.7079371980676,51.141396135265644,23.115637681159395,23.115637681159395
262.0,44.914457361005425,43.22117828061317,41.27071464246393,38.92485167742462,44.85784123444441,44.87481412633064,78.89859509987008,42.59143837203338,6.9941119644530065,5.65425144534725,6.950173628973791,5.511106131927809,5.638000448574306,5.645528613897738,58.682864856736344,6.983991076472411,40.337043478260824,35.177893719806725,34.551565217391264,27.698743961352623,31.642845410627988,26.710676328502384,51.26047342995163,23.11771014492751,23.11771014492751
264.0,44.935706937327126,43.23619389449726,41.28836146935557,38.93933104074304,44.87086372691262,44.89117470065994,79.03313645017258,42.61644412819714,7.000006258506309,6.015637996983957,6.920296573110312,5.424640984540552,5.628140685886631,5.5962602100751315,58.61295290475402,6.9402637868004735,40.35729468599029,35.18057971014489,34.56506280193233,27.70129951690818,31.655043478260833,26.712072463768088,51.373275362318786,23.119879227053115,23.119879227053115
266.0,44.95441424804315,43.25098543180023,41.306714185474405,38.95659577995319,44.88382143697561,44.9055717648353,79.16701655077485,42.63822658840734,6.9586731162624,6.1490554518016,6.8923600943103995,5.4286193880576,5.6468762929152,5.578856485376,58.7855667894272,6.859416495616,40.3780289855072,35.18255555555552,34.578367149758414,27.70134299516905,31.670420289855038,26.71385507246374,51.481628019323615,23.12204830917872,23.12204830917872
268.0,44.97030429174247,43.264780704282174,41.323111710817734,38.97247815285419,44.899868920149345,44.92135975450889,79.30043246862782,42.65965877879933,6.837669636597336,5.658073714444296,6.9316486508029245,5.521814927135846,5.710758176351283,5.685647123410009,58.86244788710647,6.926611052941275,40.397251207729425,35.181657004830875,34.590898550724596,27.70060386473427,31.68427053140093,26.715927536231856,51.58664251207723,23.1283913043478,23.1283913043478
270.0,44.98805248449278,43.278099358811254,41.34040383101244,38.98744536801937,44.917146544021996,44.942568109144055,79.43215566754112,42.679764965119965,6.914927522480546,5.629848579695289,6.920846082366554,5.505311116642594,5.697127423954402,5.638479529779931,59.006870374295296,6.909693682003138,40.41779227053136,35.17875362318836,34.603903381642475,27.69963768115939,31.697285024154553,26.71941545893717,51.68812560386468,23.138971014492725,23.138971014492725
272.0,45.00604933163061,43.29167167544646,41.35912426441312,39.003740802840944,44.93521701963489,44.96132795528431,79.56246419388789,42.69946436224328,6.907298941022459,5.73296330501834,6.961051138277792,5.549423436117352,5.651253884608296,5.710148697095121,59.175763326111394,6.866432264311484,40.437657004830875,35.17531884057967,34.61745410628015,27.697222222222187,31.711932367149725,26.722444444444413,51.790057971014434,23.14734299516906,23.14734299516906
274.0,45.02446132687125,43.30546803466799,41.37655721074247,39.01851447523654,44.952055945431255,44.97885028723005,79.69286221928797,42.71971372180338,6.882014975498521,5.765277291241904,6.977811968830551,5.60733654986382,5.628454095157095,5.7657904045559505,58.98156476715261,6.920412568146006,40.456676328502375,35.16979227053137,34.62984541062798,27.69213526570045,31.730729468598998,26.725570048309148,51.89646859903376,23.150144927536203,23.150144927536203
276.0,45.04354863374635,43.32084840773874,41.39288489250884,39.03391262155279,44.966286126404505,44.99730452941409,79.821388220968,42.73792577689056,6.961590900100058,5.614617903101793,6.877248797769564,5.5575375826774245,5.672618740031677,5.681958042303844,59.04872429069865,6.895306592824999,40.47528502415454,35.164835748792235,34.64059420289851,27.68615458937195,31.74658937198064,26.729347826086926,51.999990338164196,23.148222222222195,23.148222222222195
278.0,45.06058724269545,43.33275628350545,41.41014026775676,39.05132147531643,44.983217797604794,45.01407623309209,79.9476310038832,42.75657304937285,6.960528426826211,5.623365603219929,6.814011735871699,5.507587811019939,5.660173544606933,5.719851442806723,59.172316889681476,6.8957019237422985,40.49331400966179,35.16071497584537,34.64921739130431,27.682280193236682,31.75785507246373,26.731903381642482,52.1041787439613,23.143594202898523,23.143594202898523
280.0,45.07571276230426,43.34388383543882,41.427478281779045,39.064582168020394,45.000132686276416,45.03080825520578,80.07100894993911,42.77539097814283,6.957238214647898,5.555537261619273,6.86944648964837,5.526124874224281,5.635453912043079,5.72706459323798,58.91813525513916,6.99610190605725,40.51059420289851,35.1565217391304,34.65705797101446,27.680560386473395,31.77069565217388,26.73436231884055,52.208985507246325,23.13828019323669,23.13828019323669
282.0,45.09272634437084,43.35733816419531,41.44608914507938,39.07820935526919,45.02059652597148,45.04552072462093,80.19816463906334,42.79003475183825,7.015607224685497,5.623686635565914,6.880512383104853,5.557699657500901,5.6506069283544615,5.688957101214233,58.84379012282718,6.976123979214056,40.52878260869561,35.15560386473426,34.66428502415455,27.67809178743958,31.78285024154586,26.735405797101418,52.305884057970964,23.131299516908186,23.131299516908186
284.0,45.11121366816716,43.370331149341794,41.46129450127526,39.093871969568305,45.03986677187363,45.05941841555294,80.32697477979993,42.80593188555726,6.946728939863415,5.722323776780488,6.8900280524487805,5.57543179457561,5.693959056078048,5.74234055164878,58.86861291067317,6.910685571902439,40.54410628019319,35.161357487922665,34.66989371980672,27.673797101449242,31.7927101449275,26.73671497584538,52.40017391304342,23.121067632850213,23.121067632850213
286.0,45.13175423738431,43.38190670096864,41.47579594690617,39.1117598315094,45.05450748567443,45.07478557986206,80.45190944692692,42.82226369898423,6.834068068434272,5.664614326230332,6.892500892841336,5.476246569823104,5.758519399666029,5.735748952380564,59.204320324628355,6.981146272621133,40.55457004830913,35.17058937198064,34.675927536231846,27.670821256038614,31.802318840579677,26.7381449275362,52.49410628019318,23.108999999999973,23.108999999999973
288.0,45.14868650976982,43.39361657819106,41.491249906424805,39.12571706870826,45.06946863022079,45.09183666361727,80.57814443730308,42.83841371278865,6.995901911136605,5.644433166680324,6.8714050264767055,5.519008241270882,5.72278392065183,5.670725124317595,59.35433174205953,6.990467333278703,40.5653864734299,35.18072463768112,34.680826086956486,27.667483091787407,31.810115942028947,26.73955072463765,52.58636231884052,23.097115942028957,23.097115942028957
290.0,45.16366253551133,43.40847142903524,41.50603314236766,39.13541092785282,45.08463170870215,45.11013732476914,80.70642145423673,42.85589988762125,6.993683496124668,5.636563751787662,6.907422298804269,5.550691454605397,5.73189557922256,5.709872791503617,59.07556169164175,6.853700685994412,40.57876811594199,35.19279227053136,34.683028985507214,27.66392753623185,31.816367149758417,26.742009661835716,52.6793091787439,23.08626086956519,23.08626086956519
292.0,45.18331634856668,43.42471172457204,41.52084036989006,39.14593363328906,45.09991624798568,45.12802462177301,80.83314252455432,42.873098663412925,6.954877720120624,5.623778634597999,6.920142827813165,5.565942932348675,5.689951375479235,5.701746194695175,59.18662238065171,6.7880374341949095,40.5945942028985,35.20659903381639,34.68580193236711,27.661521739130404,31.823164251207697,26.745425120772918,52.77171014492748,23.07672463768113,23.07672463768113
294.0,45.2038161811277,43.44061152155932,41.534528095830794,39.16106018988035,45.11278306727151,45.147564392548425,80.95629496713173,42.88810183656081,7.062333739495255,5.684274676357938,6.88926566342763,5.566945648211132,5.698301704334844,5.614577080887421,59.13762922627134,6.82000340326268,40.611014492753576,35.220125603864695,34.68941062801929,27.65863285024151,31.827169082125568,26.748526570048277,52.86899516908206,23.06581159420287,23.06581159420287
296.0,45.2214235341294,43.45292753327989,41.54963054558217,39.17732280981441,45.12758009849325,45.165990201852516,81.07807885280342,42.903701463440065,7.122485221426758,5.7168259966416235,6.901648899376499,5.613619053684874,5.728632640919109,5.709562630883305,59.17813605377336,6.829371345647383,40.623178743961304,35.23130434782605,34.692946859903344,27.656676328502385,31.829265700483056,26.748217391304316,52.97243478260864,23.05204830917872,23.05204830917872
298.0,45.23897492484041,43.466214879584044,41.56671007892507,39.191920109728805,45.14220154686033,45.182225987670414,81.20271995202637,42.9181868906195,7.046824593635845,5.6819317186085545,6.947971789282281,5.613047709601629,5.697296639895723,5.695294956643584,59.436213196239514,6.875789360736457,40.63406280193232,35.241623188405754,34.697328502415424,27.655289855072432,31.830942028985472,26.747400966183545,53.075536231884,23.037599033816402,23.037599033816402
300.0,45.25459988011931,43.479745235675345,41.58278438707292,39.20670811756891,45.15619739153417,45.194740343030695,81.32896713153468,42.934675508841835,7.067336363773598,5.644961818425181,6.936109092729739,5.558238178756931,5.67358908956968,5.657985454973627,59.42561817438921,6.934907273519575,40.64602415458933,35.251299516908176,34.70164734299514,27.65171497584538,31.83128985507243,26.749584541062774,53.175458937198016,23.02161352657002,23.02161352657002
302.0,45.27179007714879,43.49306532600104,41.597416074514896,39.21951148112742,45.17477953241352,45.20513686671901,81.45244208981285,42.95203786879626,7.045527188645458,5.674065560289422,7.003573414514299,5.480745318499597,5.6392586108041804,5.742311787034798,59.278560126592396,6.940295769116344,40.6565942028985,35.25928019323667,34.70616908212557,27.64497101449272,31.83122705314006,26.749830917874363,53.27357004830912,23.005637681159396,23.005637681159396
304.0,45.29269657960093,43.50808484709768,41.61330761729575,39.22933540593947,45.19744014874942,45.218332932062104,81.57877520371453,42.97117144173179,7.00096113033875,5.702060423877032,6.976114232874945,5.535805251398179,5.633796112082759,5.774987224735413,59.3782026233213,6.928701111512866,40.664478260869515,35.2674637681159,34.71050724637678,27.638251207729436,31.829845410627986,26.748599033816394,53.366951690821196,22.9917874396135,22.9917874396135
306.0,45.31152563278054,43.52029163489195,41.6306830901802,39.24312632371221,45.21728657004373,45.230524486167006,81.7047474769168,42.99086947308411,7.070632153398589,5.664787567958869,6.867500498196753,5.543453369346304,5.683425213689087,5.67694488261958,59.3480859213023,6.947422266506378,40.67193719806758,35.27527053140093,34.714227053140064,27.631700483091755,31.824362318840546,26.751743961352627,53.463497584541,22.980352657004804,22.980352657004804
308.0,45.32983076919317,43.531226941810424,41.64659486248891,39.25794251779954,45.23522788084153,45.24337428003633,81.8294555906788,43.00945352258662,7.044941023271382,5.697249208034993,6.878854065146839,5.550006076474993,5.742247736662916,5.58535404480609,59.244760792326815,6.900112088309678,40.68423188405792,35.283898550724594,34.719275362318804,27.62546376811591,31.822821256038612,26.757294685990306,53.56624154589366,22.972845410627993,22.972845410627993
310.0,45.349214981777145,43.5420247214607,41.660401166971425,39.27180834731654,45.253779269644895,45.258758170097195,81.95664942783166,43.02893300720296,6.886233798232649,5.718742207079153,6.9982207946752,5.561131320105258,5.637090143776089,5.530303097058206,59.10411506746154,6.873565273972159,40.698193236714935,35.292705314009616,34.72577294685987,27.621512077294653,31.826043478260832,26.75905797101446,53.668545893719745,22.968999999999976,22.968999999999976
312.0,45.36725900170648,43.55528178082889,41.677219269908434,39.28541059611975,45.27029820562978,45.27312657110542,82.0758804623467,43.04741017262112,6.938543525584064,5.605960606087649,6.980679035486853,5.538647605163346,5.605315933577689,5.655901492372909,59.22965895743745,6.932654082779282,40.71370048309174,35.30222222222218,34.73506280193233,27.61699033816422,31.83007246376808,26.76288888888886,53.771009661835684,22.966154589371953,22.966154589371953
314.0,45.384451936643146,43.57134415024295,41.69391846428739,39.29824100671684,45.286045228681765,45.287791050165815,82.19313444392425,43.0650870520497,6.983958613834734,5.626937359123019,6.927271429645052,5.5895648024621245,5.629234709001385,5.693809523451649,59.284876929812135,6.931153363572418,40.73185507246372,35.31537681159416,34.7473140096618,27.612661835748764,31.83761835748789,26.771038647342962,53.87121739130429,22.965251207729445,22.965251207729445
316.0,45.40113702901566,43.5867549900392,41.709799924236066,39.31135374164815,45.302308271850954,45.30320898763345,82.31491525786345,43.084532623368894,6.995446511912085,5.7753451808294995,6.845138514044592,5.6186967374020425,5.565711513922396,5.682632298239599,59.289039477180985,6.970175953084839,40.75015458937193,35.3284444444444,34.759695652173875,27.608067632850215,31.84656521739127,26.774917874396102,53.967980676328445,22.968405797101422,22.968405797101422
318.0,45.41979966811218,43.604664419044546,41.72369624667351,39.32739275053892,45.31646422881638,45.3172939209398,82.43680479013953,43.10174673033892,6.946366331464649,5.828584854561681,6.784523933393242,5.64592283314554,5.565727143194048,5.635330808477056,59.44957797207917,6.963362021416141,40.76730434782604,35.343144927536194,34.77359903381638,27.604574879227023,31.858449275362283,26.77981159420287,54.06798550724631,22.972256038647316,22.972256038647316
320.0,45.43892994072181,43.62110164010843,41.73693993694052,39.34404895056523,45.33081137857984,45.32944946933484,82.55807001606772,43.11853255806226,6.953896212272226,5.618124823856442,6.862442069551852,5.502050451394587,5.668954134603924,5.656062709250635,59.48392372826329,6.880034194068407,40.78378743961348,35.36062801932363,34.78981159420285,27.601772946859878,31.87180676328499,26.784922705313978,54.17377294685985,22.972135265700455,22.972135265700455
322.0,45.45934814897399,43.6358152389521,41.75098898092858,39.35593435633646,45.34713263460429,45.34263770568166,82.6760773545043,43.13779878719769,7.029628605094425,5.67905171849765,6.862697549825608,5.437852901182483,6.282500934311956,5.692336776579698,59.46875103484923,7.182905092462071,40.80065700483087,35.37847342995165,34.807342995169044,27.59685507246374,31.885173913043445,26.790676328502386,54.278328502415405,22.970502415458913,22.970502415458913
324.0,45.4773477749177,43.65379875935479,41.76492726555391,39.36695818255894,45.360905538117535,45.355802096305325,82.79109100709601,43.1564544029661,7.118269484176961,5.6640020378952896,6.757028889715311,5.486921664656168,6.5141698219511,5.6802407924644855,59.5071257325558,7.264606628420322,40.81896618357484,35.399149758454065,34.824028985507205,27.59488888888886,31.89643478260866,26.796927536231856,54.382574879226986,22.972198067632824,22.972198067632824
326.0,45.493258260842296,43.67073868195691,41.77737949582366,39.38217430326354,45.373837664399346,45.369039469936055,82.90551785168823,43.17490297956716,7.0367276185222005,5.612187037032074,6.8374158481366045,5.56707288148182,5.761289229622443,5.693733600002144,59.50817109632198,6.916313459258286,40.83737198067628,35.42096618357484,34.83830917874392,27.593115942028955,31.907647342995137,26.801135265700456,54.48386473429945,22.97549275362316,22.97549275362316
328.0,45.50838541928317,43.68736620524274,41.791684567409334,39.39810461047351,45.38677278197896,45.382500631391785,83.01943988748825,43.19353246325185,7.029708750316067,5.646419862011729,6.919614256694481,5.569867747979218,5.771282106243014,5.689173647482484,59.56149241590608,6.960183085109422,40.85453140096614,35.438661835748746,34.850400966183535,27.58877777777775,31.922077294685955,26.807425120772916,54.58018840579704,22.976309178743936,22.976309178743936
330.0,45.5251561691494,43.704130246811275,41.807082209062735,39.41241133279962,45.397629647923885,45.39684907708511,83.13689703723838,43.211439513709706,7.0372555915447155,5.654266768234146,6.9215057957463415,5.540593704949593,5.779314930419512,5.656995332162602,59.72921384091057,7.207331066848781,40.87454589371976,35.45423188405793,34.860473429951654,27.58206763285021,31.935164251207695,26.810874396135233,54.67071014492748,22.974173913043455,22.974173913043455
332.0,45.54123186602922,43.72228228788691,41.82030198676559,39.42640071137963,45.409101538344565,45.414975367433684,83.25701918451495,43.22892727339235,6.982221278802891,5.6665588545688745,6.885858405355012,5.530281229200802,5.824850530830725,5.657708772952013,59.55407972844732,7.25435000315986,40.89613526570044,35.4702753623188,34.86986956521735,27.574908212560356,31.945966183574843,26.815038647342963,54.75937198067626,22.97156521739128,22.97156521739128
334.0,45.557770651146214,43.73904160071762,41.833559892819835,39.439814469045594,45.420448148954065,45.433362287990626,83.37669172565803,43.246786835717714,6.903008207290583,5.6593822936882106,6.851960932966933,5.547375892433388,5.702672794667004,5.70620145511471,59.608161625716484,6.888618613875942,40.91384541062797,35.484565217391264,34.87993236714972,27.570999999999966,31.955922705313977,26.819869565217363,54.85440096618352,22.970309178743936,22.970309178743936
336.0,45.5727646495304,43.755721210598544,41.846598569840324,39.45085125510805,45.433606321614946,45.45176343544892,83.49912113231858,43.264599352168204,7.017091078254909,5.62463925262101,6.851783714823295,5.377381125256661,5.60355390972329,5.5856900717328895,59.64501953117622,6.926403726745616,40.931304347826035,35.49666666666663,34.89144927536228,27.567391304347797,31.964028985507213,26.82109661835746,54.94176811594197,22.969183574879203,22.969183574879203
338.0,45.58932741022163,43.77351038155181,41.86063441589431,39.464160868899725,45.447569551561436,45.4701669427907,83.62422821749931,43.283765203492955,7.0766832309484675,5.684527467905604,6.964952911153465,5.35877019108915,5.634746932560671,5.584671815346272,59.582174000065656,7.046659656072488,40.95036231884053,35.503652173913004,34.902874396135225,27.56413043478258,31.97167632850238,26.819830917874366,55.02622705314003,22.968743961352633,22.968743961352633
340.0,45.60780626380217,43.78937594544806,41.87593943140878,39.4780602350382,45.46139923530514,45.48622053432005,83.74533107456284,43.30311561885192,6.862274021124235,5.724434406487661,7.0171397221206195,5.537408828032332,5.713102203654021,5.684052258737668,59.51443701324537,6.969628789868564,40.967487922705274,35.50670531400962,34.91458454106277,27.56182125603862,31.979033816425083,26.817705314009636,55.11807246376805,22.969497584541035,22.969497584541035
342.0,45.623840065024666,43.80516325867197,41.89107859760918,39.49532478728759,45.474798056309325,45.5011243192052,83.86188979003174,43.322596945801,6.880150394540483,5.672217356524478,6.9399140042873695,5.545875442704593,5.730266865112977,5.685443785851682,59.683926029901514,6.923876527826623,40.98037198067628,35.510531400966144,34.9252753623188,27.559193236714947,31.98504830917871,26.818144927536203,55.20420289855066,22.971299516908186,22.971299516908186
344.0,45.64100616005994,43.82039989108271,41.908609828989206,39.50888841328194,45.489165720739095,45.514823724300626,83.98090634423718,43.341164473751896,6.858854457155014,5.556144028018925,6.921970602986487,5.386594890408534,5.681983310637303,5.833020837863611,59.87422843592296,7.027910471126721,40.988483091787394,35.514357487922666,34.93318357487919,27.55670531400963,31.98984057971011,26.814908212560358,55.2891400966183,22.972748792270508,22.972748792270508
346.0,45.65932233721375,43.837592422825644,41.92514113224592,39.51807195127823,45.501618058929935,45.53009265639104,84.10301586913057,43.3579555028189,6.8829883279139485,5.473150447484359,6.9218654256649605,5.212755906224364,5.676089134633812,5.895960166346482,59.6381975958192,7.0262772971725385,40.993671497584494,35.519236714975804,34.93851690821252,27.554719806763256,31.994705314009625,26.81200966183572,55.368942028985444,22.972396135265672,22.972396135265672
348.0,45.67512043190033,43.852431959439116,41.94140855884333,39.52887614465627,45.51680753447153,45.546312870398936,84.22164133437863,43.37550842286132,6.952276087731031,5.603561374864668,6.927252276991223,5.5091239223604145,5.681554683416759,5.784219957370047,59.60865548555861,6.958939777583519,40.99778743961348,35.526270531400925,34.93923188405793,27.55412077294683,31.999111111111073,26.811033816425095,55.43961835748786,22.972999999999974,22.972999999999974
350.0,45.6935351167663,43.866039921419116,41.95896743705062,39.540186014473974,45.5369564435555,45.55985359186553,84.34160177346624,43.394708564839085,6.973755021386355,5.617283388132553,6.901667053860429,5.605421586987914,5.709970854599611,5.730996050863158,59.74423002298636,7.029068419705263,41.002125603864684,35.53483091787435,34.9352560386473,27.557570048309152,32.00313043478258,26.808739130434756,55.50983091787433,22.976748792270506,22.976748792270506
352.0,45.711891393808365,43.87762305382926,41.978892358855724,39.553076374847606,45.55907734020454,45.57318938089565,84.4635144663234,43.412644251522366,7.104486664508971,5.705990903268611,6.887634968900334,5.5623732688016725,5.688236686959097,5.729877616506839,59.76412379768938,6.921026423506776,41.00380676328497,35.541323671497544,34.92543961352653,27.565333333333303,32.008661835748754,26.810362318840554,55.57741545893713,22.982879227053118,22.982879227053118
354.0,45.728427580744906,43.885946923902196,41.99922413534428,39.5663694795884,45.57618488932806,45.58512209094025,84.57894122241517,43.42903871286602,7.161850383253158,5.653261492107187,6.954351293345468,5.482302132969591,5.737583561813218,5.697897415075477,59.74941339247526,6.852589800355075,41.004207729468554,35.54758454106276,34.907507246376774,27.574676328502388,32.01582608695648,26.815140096618325,55.64576811594197,22.988850241545865,22.988850241545865
356.0,45.74628206247182,43.8975750432774,42.01713087063985,39.5779981857164,45.59245020609293,45.59687682657394,84.69401071538286,43.44632789763332,6.979636734389181,5.628641629349857,6.925610396849908,5.453823085750663,5.7715843060352805,5.549369966567755,59.81748765651375,6.91251724214428,41.00775362318836,35.5578599033816,34.88405797101446,27.585864734299488,32.026618357487884,26.819927536231855,55.713526570048245,22.995120772946834,22.995120772946834
358.0,45.76428909874805,43.912143679843304,42.03581790281973,39.5903138158989,45.60786545549067,45.6101179462459,84.81355018641011,43.464080275588195,6.860245238343175,5.642011679278457,7.035493828389799,5.6271897994921956,5.790306965235374,5.578011290417196,59.88867380298324,7.099185881724726,41.01166183574875,35.571014492753584,34.85651690821253,27.599115942028956,32.03703381642508,26.8239758454106,55.77867632850236,23.000275362318813,23.000275362318813
360.0,45.78209054781137,43.92682909594512,42.053290121376854,39.60226973556193,45.622945457828735,45.62540856808726,84.92652111058976,43.48054636219406,6.881106122561884,5.655341792884531,7.146920170893689,5.689864622041859,5.7638542329179705,5.642568701235885,59.97426472703839,7.250113849651288,41.013149758454055,35.58843961352653,34.823309178743926,27.614599033816397,32.04728985507243,26.830743961352628,55.84813526570043,23.00402415458934,23.00402415458934
362.0,45.800647726897665,43.93943889891155,42.06743963240313,39.61375984633247,45.638878059788226,45.63870381351032,85.03729173116663,43.49876214788883,6.953418277169505,5.619844428475263,6.938600149073398,5.563022487538861,5.726133533881454,5.6335035643846325,59.87781035334212,6.990599654837455,41.01481642512072,35.60862318840576,34.78463768115938,27.63243478260867,32.06060386473426,26.836420289855045,55.9221014492753,23.01085507246374,23.01085507246374
364.0,45.81973351775574,43.95015685155178,42.08137629341557,39.627332646576185,45.6505395352277,45.649749531841,85.1485626674686,43.51781730855032,6.96923790647584,5.648792496773464,6.9052466931646475,5.535758686727498,5.672051776142264,5.688869595562936,59.900163572158014,6.956272358846822,41.0167826086956,35.62832367149755,34.74365700483088,27.65209178743958,32.072318840579676,26.840159420289826,55.998995169082065,23.01981159420287,23.01981159420287
366.0,45.83929732198935,43.96228200635643,42.09582748966317,39.64182798950791,45.66326973698795,45.66269107377552,85.25383443759925,43.534349602964596,7.051643279706721,5.790347561202444,6.970569813155193,5.5546186851063135,5.653259360990631,5.616700658574338,59.84071271313727,6.968345261829735,41.01973913043473,35.64734782608692,34.704695652173875,27.67543478260866,32.08499999999996,26.850768115942,56.077893719806696,23.03115942028983,23.03115942028983
368.0,45.85706317847409,43.97132030570598,42.1133276814383,39.65346053324527,45.67940281787289,45.67620279444289,85.35487668135131,43.55181464606159,7.097977382568352,5.792773619715234,7.0408561177255855,5.57017432344558,5.6084039129096785,5.631443631833508,59.74203475665815,6.914606870608185,41.026806763284974,35.663676328502376,34.666033816425085,27.697057971014466,32.09816425120769,26.863830917874367,56.16274879227048,23.045782608695628,23.045782608695628
370.0,45.87480863243494,43.98122466906085,42.13058863437084,39.66283107841551,45.69177395756185,45.690532289015714,85.451953208805,43.571756822332226,7.112514481430059,5.6507850211142285,6.962357415464529,5.647316531238477,5.720718788989179,5.67259299082004,60.04565681083768,6.950772542307014,41.03693236714971,35.67828985507243,34.62590338164247,27.715111111111078,32.11010628019319,26.875599033816393,56.251507246376754,23.061565217391276,23.061565217391276
372.0,45.89116983589815,43.991313367988276,42.14602218543318,39.674907411695074,45.700939440124195,45.704173792994794,85.54862278373301,43.58998086563171,6.929004935415283,5.504340708436605,6.876297514301142,5.600006445740367,5.716644606171037,5.937863771513558,60.09191727690205,6.914108105380048,41.04728502415454,35.69277294685986,34.58666183574875,27.73429951690818,32.12394685990335,26.885323671497552,56.33727536231878,23.075169082125576,23.075169082125576
374.0,45.9079376156419,44.00055984667805,42.158492381467546,39.68944963360908,45.71358298478747,45.71615041411638,85.64815024681099,43.60899707788001,6.833896319018405,5.4632104294478525,6.802352760736196,5.558119018404908,5.759937627811861,6.12869263803681,60.16553721881391,6.814554396728017,41.05803381642507,35.702057971014455,34.55057004830914,27.752628019323637,32.13920289855069,26.894033816425086,56.41849275362312,23.084381642512053,23.084381642512053
376.0,45.925803371810694,44.01055693924118,42.17220219320375,39.700060117652335,45.72622806006028,45.72994535753589,85.74946066906539,43.626967553916835,7.050933614655852,5.642643772668934,6.907320908604033,5.662959579816802,5.680591048657415,5.694932315497514,60.152085396833286,6.886584340996599,41.073570048309136,35.703425120772906,34.52044444444441,27.76927536231881,32.152391304347795,26.90336231884055,56.503169082125545,23.09111594202896,23.09111594202896
378.0,45.94455514352752,44.022372021103855,42.18621235572657,39.70875525882494,45.73687694528197,45.74656626910333,85.85346006309459,43.642588316298344,7.095816720210778,5.668617710026347,6.9448401728766465,5.6157212609916165,5.580625596129341,5.6716978083257485,59.94513717782994,6.968968310955688,41.09228502415455,35.70131400966179,34.497879227053105,27.78702415458934,32.16241062801929,26.908289855072432,56.59269565217385,23.09784057971012,23.09784057971012
380.0,45.96239588182614,44.03478309480373,42.19809283090895,39.720488283664025,45.75339333263758,45.760279679714635,85.95763111105481,43.657435625458774,7.04402820744075,5.780179382558551,7.018098382122523,5.75956943886351,5.798649458977439,5.5509719399535795,59.985183054729596,7.1038550917926795,41.10957004830913,35.697719806763246,34.48324637681156,27.806879227053113,32.1723333333333,26.912845410627988,56.68127536231877,23.106454106280168,23.106454106280168
382.0,45.9802805740084,44.04622549587287,42.20955849045796,39.7328896506637,45.76939194696019,45.77246898533313,86.06303961484832,43.67498141829014,7.020777993198576,5.771490326777298,7.052036231033041,5.864695032919056,5.965785259851119,5.578315456948834,60.02898469699179,7.097322771735663,41.1243864734299,35.6928599033816,34.476869565217356,27.825671497584512,32.18157971014489,26.915613526570013,56.77825603864727,23.115903381642486,23.115903381642486
384.0,45.99656896322103,44.05987149935284,42.22297292759508,39.745761174418945,45.78191370668833,45.784981874281144,86.1722199150958,43.69467724165647,6.992781573551807,5.606173952771084,6.860057226255422,5.585424196549398,5.857853011739759,5.738556424404819,59.98154000578314,6.947351552385542,41.14047342995165,35.68577777777774,34.48142028985503,27.842057971014462,32.19139613526567,26.914574879227022,56.873661835748734,23.124579710144904,23.124579710144904
386.0,46.012140713525476,44.07296564559679,42.236493962006094,39.75991490671573,45.796083082068535,45.79838212390044,86.28059505923643,43.71461361088609,7.080378908020594,5.575234943353664,6.900796980733465,5.566205397810693,5.771102779234852,5.726174755168317,60.0728524246305,7.029723414837227,41.157951690821214,35.67551690821252,34.49526570048305,27.85464734299514,32.20063285024151,26.91436231884055,56.96594685990332,23.132700483091764,23.132700483091764
388.0,46.02656455978491,44.0873381142002,42.24908419824952,39.773399181248024,45.813638910567214,45.807407360662815,86.3840292083099,43.731322179368,7.0455355304600795,5.65679076466087,6.888296739339131,5.483257217340712,5.634993923604743,5.661335771952569,60.11933151972174,6.916828023968379,41.17211594202894,35.66899516908209,34.517294685990294,27.86560386473427,32.20814009661832,26.914816425120744,57.060758454106214,23.14108695652171,23.14108695652171
390.0,46.04027742167436,44.104149716789735,42.261562254780344,39.788295763397024,45.830700855110834,45.81828507675406,86.48611594948568,43.74793461589453,6.974363022719544,5.578106230959345,6.867132380223567,5.48440408475614,5.679118691740548,5.691319560035599,60.12135469917579,6.80115183757152,41.18426086956517,35.66656038647339,34.54507729468595,27.87826570048306,32.216990338164216,26.913999999999966,57.14613526570042,23.153004830917848,23.153004830917848
392.0,46.054674321889415,44.1193763961811,42.27455769604982,39.799296609520695,45.844579640460026,45.831690615033615,86.5904334697982,43.763973726161886,6.977877952962014,5.617171319760002,6.891162823834893,5.581426285891496,5.720245273032133,5.72326691190299,60.0614532724119,6.898288205013916,41.1956328502415,35.66500483091784,34.57481642512073,27.892367149758424,32.227256038647305,26.909942028985473,57.23603864734294,23.16633816425118,23.16633816425118
394.0,46.066933437583245,44.13613347093035,42.28765755375179,39.81249328009373,45.85990072644685,45.84561201282083,86.69505672853077,43.77887607575993,6.912347866591463,5.678656553348032,6.884296608484169,5.607326069921549,5.772427104779772,5.682524743296245,60.18961090637816,6.889633431661454,41.2062560386473,35.66351690821252,34.60674396135262,27.909516908212527,32.239057971014454,26.908497584541035,57.33182608695646,23.177193236714952,23.177193236714952
396.0,46.079647323708635,44.15264454269046,42.30117435800412,39.82723869907991,45.87846478785219,45.85702746985537,86.80008077027767,43.79268996361148,7.032098109378426,5.702769713524475,6.8123774765877005,5.629102758354419,5.830176558988457,5.718105464619765,60.23284377126987,6.88063942816029,41.21675845410624,35.66179227053136,34.63907246376808,27.927149758454078,32.25073913043475,26.90890338164248,57.41318840579704,23.18650241545891,23.18650241545891
398.0,46.09481652036362,44.16716495680166,42.3149886251621,39.84130216841552,45.89623428485534,45.86327831700831,86.90972853895605,43.8076718957652,7.11013726964765,5.656528581490705,6.895443425996437,5.549886698278536,5.722695286423971,5.704430420612433,60.216366212269854,6.896037569682181,41.225942028985465,35.66182608695648,34.67164734299513,27.943922705313977,32.26064251207726,26.90679227053137,57.488091787439544,23.193975845410602,23.193975845410602
400.0,46.11137412838718,44.17862010706401,42.330309807317256,39.8532340662725,45.912473517616256,45.873939669968514,87.02336783715519,43.821916830366746,7.035806547619048,5.566668055555556,6.945646031746032,5.5489492063492065,5.779588095238095,5.6500176587301585,60.51353650793651,6.965758928571429,41.231956521739086,35.66430917874392,34.70294685990334,27.960888888888856,32.27071497584537,26.906845410627987,57.56800483091781,23.199323671497556,23.199323671497556
402.0,46.12909008216533,44.189330142192,42.347007281617486,39.863089938001025,45.92450339022378,45.88815105653234,87.1334199822417,43.83604808166461,7.061619238476954,5.584511422845692,6.874443086172345,5.810540881763528,5.822788376753507,5.617575951903808,60.51178136272545,6.9461823647294585,41.23895169082121,35.67536231884054,34.73435265700479,27.97605314009659,32.28107729468595,26.908917874396103,57.6408357487922,23.202256038647317,23.202256038647317
404.0,46.14682328072522,44.205297657510975,42.3619716597339,39.8752004252085,45.93922788316556,45.90065917076961,87.24712374857783,43.85125632059545,7.11361766516362,5.542993640008679,6.859351289866574,5.866299285939603,5.8039158999783025,5.630195255793891,60.46696895503019,6.9596358434127685,41.248681159420244,35.6933140096618,34.76597584541059,27.992246376811565,32.29124637681156,26.909864734299486,57.711434782608634,23.205531400966155,23.205531400966155
406.0,46.16276698184551,44.21970563824329,42.37794619035333,39.88868218973564,45.95406581242261,45.91436751456014,87.36183531890283,43.86641398870307,7.010159969753366,5.606414541834886,6.950323538705188,5.546452323849052,5.749653823233616,5.703993852354413,60.47057676150948,7.077041829282943,41.25812077294681,35.712285024154546,34.79426086956518,28.009299516908186,32.30073913043475,26.9101449275362,57.79140096618351,23.20773429951688,23.20773429951688
408.0,46.17794356185292,44.2304466155257,42.391980827115894,39.899675121366855,45.9658589843941,45.930193379142764,87.46796735496811,43.883722368306124,7.048327977094894,5.646764459920305,6.903815225712171,5.541204893978913,5.420963686023247,5.779771179901961,60.547399551158435,7.001151214633433,41.26669082125599,35.73418840579706,34.820429951690784,28.02586956521736,32.3108985507246,26.911391304347795,57.88174879227047,23.208101449275336,23.208101449275336
410.0,46.194166226212886,44.241931601833606,42.4062183365644,39.90802411739558,45.976275718012154,45.944511894152356,87.57121024585548,43.90147959598133,7.035832225722088,5.609218222252209,6.880869728655422,5.542259488526908,5.273871107778313,5.700504960783936,60.60200541835823,6.876039153683534,41.276241545893676,35.75661835748788,34.8468792270531,28.04366183574876,32.320671497584506,26.915236714975812,57.969859903381575,23.208917874396107,23.208917874396107
412.0,46.21097577922147,44.25297981010786,42.42320934588898,39.91804512214996,45.9870055836304,45.95893397047897,87.6742659545418,43.916529376088846,6.9400870748568995,5.596003167256813,6.9095708432851355,5.547270034587673,5.666536546980764,5.55841458288795,60.50777862883873,6.8539908531673275,41.28805314009657,35.77767632850237,34.874830917874355,28.06260386473427,32.330227053140064,26.922140096618325,58.04062318840573,23.20886473429949,23.20886473429949
414.0,46.228464838677624,44.26641269328987,42.44006626901106,39.92920695169591,45.999258106975965,45.97595562581355,87.77542577363214,43.93215418707658,6.943947269453428,5.59238478133409,6.939343342971585,5.551832196364209,5.636528581248303,5.635047317978991,60.426376238906236,6.941731195534105,41.30102415458932,35.80141545893716,34.902555555555516,28.082067632850208,32.34217874396131,26.93078260869562,58.111893719806694,23.209671497584512,23.209671497584512
416.0,46.24597469888349,44.27918931512215,42.455999859735364,39.93891896263321,46.010065427345154,45.991331089817,87.87905962519343,43.95044530228103,6.939917638388104,5.612658825914519,6.9434352970869515,5.373170567366707,5.813370603881244,5.655058819492739,60.3647235279315,6.839511747500609,41.31467149758449,35.82945893719803,34.927768115941994,28.097821256038614,32.35314009661832,26.939241545893687,58.19482608695646,23.210067632850215,23.210067632850215
418.0,46.265642398352526,44.29172317601648,42.469807929134156,39.95147525623711,46.01781178162646,46.00543604215234,87.98364341860648,43.96755435193022,6.926681854733689,5.670865988050627,7.006798980033179,5.272227900319496,5.941758301529753,5.723844005652166,60.524195675354825,6.781930201373129,41.32851207729464,35.859874396135226,34.95123188405794,28.109840579710113,32.36277294685986,26.946768115942,58.27351207729462,23.208178743961327,23.208178743961327
420.0,46.28483949771144,44.30408301305311,42.48271933067518,39.9636860378767,46.02787383510341,46.01502859243681,88.08663963910331,43.98273954679201,7.047250172577985,5.722320212545648,7.008980841095814,5.586506792881063,5.7676087924612185,5.803993955825647,60.6472503114152,6.986213016113843,41.3408405797101,35.88838164251204,34.973140096618316,28.122309178743933,32.371342995169044,26.953169082125573,58.34959903381636,23.205130434782582,23.205130434782582
422.0,46.301941742768726,44.318844101062595,42.49409280782409,39.97323855002382,46.03951288843249,46.025693317682304,88.18806752355457,44.00072929804984,6.987677221333724,5.766184317980623,6.940024373538502,5.638575622765995,5.718161740521127,5.68903626588859,60.49508741636045,6.9365414603098365,41.35355555555551,35.91435265700479,34.99251207729465,28.135806763284993,32.37789371980673,26.961251207729436,58.428338164251144,23.202652173913016,23.202652173913016
424.0,46.31700701945892,44.33561641540715,42.506307050245276,39.98240517551339,46.051066458919976,46.040513542202156,88.29204449034197,44.01568674385566,6.9992737254901956,5.7499705882352945,6.914019607843137,5.606863137254902,5.7242082352941175,5.708757450980392,60.623771372549015,6.997463529411765,41.36611111111106,35.938381642512034,35.00958937198064,28.148531400966153,32.38203864734296,26.970217391304317,58.5053478260869,23.202521739130407,23.202521739130407
426.0,46.33394564768073,44.35127934510408,42.51807959676956,39.99467412675334,46.062849571943346,46.05640962396977,88.39639330623051,44.03141401361268,7.048315934667436,5.686776200902224,6.911286618207092,5.5755906012169545,5.693458325524548,5.769194693700164,60.56728446380613,6.981487227743394,41.37608695652169,35.95988888888885,35.02461352657001,28.161729468599,32.38639130434779,26.976874396135237,58.57864251207723,23.202961352656978,23.202961352656978
428.0,46.35209002959719,44.36473639358371,42.530514362745166,40.00703846063084,46.07807793988906,46.07048709795138,88.50243137374038,44.04879651080498,6.9715344218864335,5.684574812730867,6.921007304049378,5.530257227249385,5.730753950551437,5.830967955288898,60.529838311407374,6.891404321935803,41.38885507246372,35.97772463768111,35.03782608695648,28.173647342995135,32.39177294685987,26.982855072463742,58.64853623188399,23.20101932367147,23.20101932367147
430.0,46.37016075668956,44.37741137872861,42.544401707134156,40.019460669687774,46.090818484455376,46.08357279595884,88.60819817489443,44.06565630174973,6.964653013821299,5.606234071029327,6.9531257287091925,5.549015225658869,5.738170402294378,5.764097487353406,60.6645266346791,6.8852350754627585,41.404961352656954,35.99073913043474,35.0512946859903,28.18192753623185,32.39600483091784,26.989188405797073,58.727995169082064,23.199792270531372,23.199792270531372
432.0,46.38570124677826,44.39192728904981,42.557989791493306,40.0320157130307,46.10176033440521,46.096287907391755,88.71143920988676,44.08450735897612,7.036484886614173,5.482710035703937,6.858098123262992,5.406622180094488,5.810191100384252,5.747512596459843,60.611790215445666,6.935232730897638,41.42077777777773,36.00140096618353,35.06835748792267,28.190260869565183,32.401748792270496,26.995125603864704,58.80828502415452,23.199995169082097,23.199995169082097
434.0,46.398625630657754,44.407249018736536,42.56949955621751,40.04441518712411,46.11635332595581,46.1114634498186,88.81349232897796,44.101186391216785,7.009378483187096,5.456131051664516,6.827354342012903,5.302684186864516,5.916485783148387,5.767410286709677,60.74194364663226,7.022388407509677,41.43328019323667,36.01040096618354,35.08701932367146,28.19571980676325,32.40684057971011,26.997521739130406,58.88735265700477,23.198169082125574,23.198169082125574
436.0,46.413290904543665,44.42499545910062,42.58170724213078,40.05760406540215,46.13251149653408,46.122206228940854,88.90835956687798,44.115342714638544,7.085875811332224,5.553139613456653,6.9879310494295375,5.555414872933877,5.768828633107377,5.790691731225373,60.77542234230137,6.989729089561673,41.442999999999955,36.0148599033816,35.10233333333329,28.200855072463735,32.41154589371977,26.99805797101446,58.97406763285018,23.195111111111085,23.195111111111085
438.0,46.428949129405815,44.44382192976384,42.5924630281504,40.0711832257851,46.149847233301784,46.13455257903924,89.00182528722975,44.13127728352758,7.035817218821851,5.617561632511637,6.9819790495207865,5.606629913237145,5.707599401712828,5.691190431504343,60.83332335852901,6.974905844288848,41.45464251207725,36.013724637681115,35.11417874396131,28.210710144927504,32.41795652173909,26.999637681159392,59.05684057971008,23.192222222222192,23.192222222222192
440.0,46.44476935564501,44.45894703421724,42.602143676867456,40.08453308424528,46.16676576262799,46.148656774583856,89.09918423862138,44.14604954914878,7.107442549019608,5.534709411764706,6.888770980392157,5.625079215686275,5.684577450980393,5.734482156862745,60.642801176470584,7.046772745098039,41.468086956521695,36.01016425120769,35.12421256038644,28.218946859903348,32.42333816425117,27.000990338164222,59.14105314009656,23.188473429951664,23.188473429951664
442.0,46.46161693091852,44.47166002013954,42.61333586524068,40.09932184061348,46.18621414089426,46.159120828455755,89.1967850953918,44.160460809758185,7.204046975806452,5.5241931451612905,6.900362701612903,5.6056110887096775,5.596837096774194,5.781986693548387,60.60244375,7.024603629032258,41.481434782608645,36.004347826086914,35.13347342995165,28.226545893719774,32.429178743961316,27.00089371980673,59.22483091787433,23.184628019323643,23.184628019323643
444.0,46.477922825649294,44.48406582072152,42.627216289826336,40.113528669244005,46.20528647034144,46.168464273568816,89.29442345497927,44.17513854233424,7.083131900619118,5.717379493635905,6.937409368692355,5.6216243051576935,5.688393671511699,5.72522936667287,60.685676965004085,6.976356454919892,41.49461352657,35.99587439613523,35.142999999999965,28.232710144927502,32.436362318840544,26.999347826086925,59.29289855072457,23.18144927536229,23.18144927536229
446.0,46.495235578394244,44.49720390370989,42.64341500788052,40.12905438347764,46.22386582236294,46.18081951767555,89.3923359096426,44.19132102744514,6.97025752813599,5.717293696815802,6.8950494252677785,5.559921460677999,5.688380340722074,5.730534116799275,60.56638734387872,7.017920160238855,41.506932367149716,35.9898212560386,35.15444927536228,28.23362801932364,32.440328502415426,26.9963526570048,59.36242995169076,23.174859903381616,23.174859903381616
448.0,46.512242983042306,44.507101314011635,42.66062034773877,40.14399556394683,46.24160627982867,46.197618912564586,89.48863373764847,44.20871759366587,6.983722321542016,5.700246246379716,7.093841216023817,5.426657855947963,5.705667334551688,5.754093040717432,60.70581006899821,6.993581653476201,41.52192270531397,35.987106280193196,35.16770048309175,28.23269565217388,32.44372463768113,26.992512077294656,59.446966183574816,23.166164251207704,23.166164251207704
450.0,46.531614494355644,44.51594152830163,42.67802579701501,40.15675038706994,46.25918956817611,46.21127628961792,89.58507034894903,44.22338185594011,7.077065686505518,5.633939483837617,7.2128229112322355,5.32554525954998,5.662198074278139,5.767889255734244,60.841979625671726,6.963219513088826,41.540734299516856,35.98082125603861,35.18145893719803,28.23205314009659,32.45159420289852,26.987207729468572,59.528739130434715,23.16023671497582,23.16023671497582
452.0,46.54888531789417,44.52850969492972,42.69341478737843,40.16884907821145,46.279498343465264,46.220041022921585,89.68395915793565,44.238000039649826,6.938057334683394,5.651296822523779,6.929924298828333,5.462962290284961,5.685504368513364,5.722749469858606,60.78568355925216,7.0507865688804126,41.557294685990286,35.97366183574875,35.194429951690786,28.23323671497581,32.46055072463765,26.98161352657002,59.611743961352595,23.15774396135263,23.15774396135263
454.0,46.56493156570096,44.53694237792964,42.71135928153321,40.18034434233162,46.29467040006881,46.23068871248829,89.77901353156214,44.25306077699689,6.914618547898079,5.734863624359387,6.831347173864222,5.538698328698229,5.751123023952024,5.79749832869823,60.88410470861556,7.075758470917105,41.57213526570044,35.970671497584505,35.20649275362315,28.23478260869562,32.467811594202864,26.976903381642487,59.701787439613454,23.154574879227027,23.154574879227027
456.0,46.583337563171014,44.54496675834959,42.7296000153882,40.19071679411604,46.308715909888406,46.2453350332244,89.87089195662887,44.26674176803693,7.117996733852418,5.656683527698392,6.9626748605641975,5.599900509676305,5.761074961972054,5.785069910638896,60.963599845251196,6.9753880667182235,41.58813526570044,35.9720676328502,35.221130434782566,28.235227053140065,32.47659420289851,26.974903381642484,59.77926086956516,23.150270531400942,23.150270531400942
458.0,46.60229286612539,44.55566549365554,42.74652081288666,40.200846629139285,46.32651982742206,46.25946280742694,89.96435427838288,44.28159332476534,7.038190163344009,5.620791256577088,7.003069945246781,5.5459131155921915,5.784190710113156,5.670151366083526,60.732652462063555,6.9658519122422415,41.60574396135261,35.978734299516866,35.238826086956486,28.236710144927507,32.486463768115904,26.972661835748763,59.85277777777771,23.1455797101449,23.1455797101449
460.0,46.61889968953522,44.567582422414326,42.76332163180424,40.21387284531515,46.34228964364706,46.27251659123629,90.06173742733598,44.2975026195177,7.034512663521895,5.647812167939528,7.0108046123465115,5.549124626422744,5.782643377695364,5.658950050314429,60.625352296720855,6.942257609688407,41.6242367149758,35.986159420289816,35.25768115942025,28.240768115941997,32.49881159420286,26.967830917874362,59.940599033816355,23.14002898550722,23.14002898550722
462.0,46.63474584151467,44.57984381317195,42.77831506476004,40.22797015041555,46.355786631178084,46.285639882558854,90.1616365309531,44.313353716686734,7.017347935804016,5.781057544877095,7.13487820205167,5.3856078565752625,5.785533201620968,5.692668543269481,60.77263215519386,6.901174863933893,41.64354106280189,35.99524637681155,35.27824154589368,28.246555555555524,32.51325120772943,26.964062801932336,60.039594202898485,23.136763285024127,23.136763285024127
464.0,46.65037493280537,44.587836422286586,42.79355904758472,40.24135000254913,46.371886908830746,46.297881752858984,90.25826960532852,44.32884467084491,7.028757577442938,5.832072632712277,7.145973038836205,5.272993785551198,5.819193873681058,5.749673607786059,60.58258110381603,6.934595354495302,41.66180676328498,36.008024154589336,35.2992753623188,28.250227053140065,32.52579227053137,26.961357487922673,60.13128985507239,23.13532367149756,23.13532367149756
466.0,46.66400488422811,44.59544271927797,42.80664295877038,40.255042804934206,46.387533541268304,46.31024596795573,90.35194102529731,44.343637573037896,6.955605870445344,5.572011538461538,6.927902631578947,5.641940688259109,5.761578744939271,5.699884412955465,60.591678340080975,6.973911133603239,41.675961352656955,36.02156521739126,35.31837681159416,28.251541062801902,32.53727053140093,26.95971497584538,60.20565700483085,23.13285507246374,23.13285507246374
468.0,46.678219458550636,44.60710009514719,42.81654497434988,40.26536132416629,46.40169361121232,46.32504469958618,90.44300925639794,44.358995777520136,6.991994260659689,5.520330827518443,7.013979664225778,5.583520484624103,5.714311776380383,5.695696239928629,61.014640525396636,7.043108857093601,41.68893236714971,36.03641545893716,35.33496618357484,28.25446376811591,32.54607729468595,26.959135265700453,60.28331884057964,23.131328502415432,23.131328502415432
470.0,46.69244081379912,44.62022008763996,42.826340971260336,40.27453058749595,46.41389010382931,46.34348536424247,90.53525499571779,44.37704001412109,7.117922264245683,5.54886818448516,7.129155911382714,5.577737802950194,5.670058734121288,5.746519940054712,61.15918609409652,7.03994542318658,41.703043478260824,36.05602415458933,35.35028985507242,28.261183574879194,32.55542995169078,26.96266666666663,60.35706763285017,23.13088888888886,23.13088888888886
472.0,46.707422429510075,44.632161594912766,42.83648869784823,40.28385533915803,46.425625075248846,46.36051200021279,90.63039043766689,44.39477171382048,7.170253077603266,5.602137741426938,7.106911757479184,5.585860204277552,5.646274483226123,5.769483676995918,61.19868369107592,6.983248986932245,41.7164444444444,36.079570048309144,35.36442028985503,28.269729468599,32.566768115942,26.966753623188378,60.42090338164244,23.130458937198043,23.130458937198043
474.0,46.72480312275164,44.6429700565653,42.84645625466298,40.29186266397041,46.436480464023035,46.37610308596015,90.72298579118306,44.411295246470814,7.001502675789854,5.716706290702926,6.899042496460504,5.65596478055891,5.683913176025819,5.710771769701922,60.97604482774711,6.87157934874811,41.73098550724633,36.104405797101414,35.37747826086953,28.278178743961323,32.57675362318837,26.969062801932342,60.489352657004765,23.130135265700456,23.130135265700456
476.0,46.73999097214646,44.653339303729176,42.859606118655535,40.299354203447855,46.44854615464278,46.39165429027331,90.81624697771352,44.42706689074154,6.978223781680787,5.743883605891605,6.955173562574541,5.679392167912803,5.700448451130723,5.773639147831362,61.008797199024805,6.851170607545584,41.74739130434777,36.130884057970974,35.38963285024151,28.286434782608666,32.585096618357454,26.97269082125601,60.56195652173906,23.129362318840553,23.129362318840553
478.0,46.753727871412806,44.66506916246128,42.87184854890347,40.30979871133214,46.46013249297146,46.40661753201433,90.91123243709968,44.441732733348225,6.969772260865327,5.780439302736658,7.021415044678161,5.580162231953309,5.804875744561768,5.82561278820964,61.13976018133291,6.893298361075839,41.76100483091782,36.159961352656964,35.40110144927532,28.294400966183545,32.5933333333333,26.976512077294657,60.63849758454099,23.131188405797076,23.131188405797076
480.0,46.76577453564554,44.67611029352793,42.880133414898985,40.321725764585146,46.46992546851005,46.42059664791077,91.02196101818576,44.454830098282685,6.986839421968984,5.7301862568064985,6.942887458196191,5.60071865654444,5.825985453423602,5.704206921808182,61.00757692484962,6.8939414267415735,41.77078743961348,36.19142028985503,35.41214975845406,28.301980676328473,32.601826086956486,26.978797101449246,60.713521739130364,23.132613526570026,23.132613526570026
482.0,46.77967159068903,44.68691665572292,42.89436232858163,40.332035573214206,46.48282468026996,46.43579017386515,91.10977712664096,44.47084771947684,7.0860283555771,5.660884480071037,6.873827462926808,5.629113730106987,5.759329852068944,5.6890056736474,61.11324894259907,6.953170147931055,41.77952229654401,36.21373913043476,35.41889687848383,28.305788740245248,32.606867892976574,26.978839464882945,60.77705016722406,23.133351727982152,23.133351727982152
484.0,46.79346408476568,44.69776324365135,42.90909492322013,40.342463774853925,46.496029286805026,46.450923385527474,91.19590123998556,44.4869230358442,7.128676719412397,5.739745379652071,6.93892180562003,5.60777563976118,5.817450488889649,5.7403253413375674,61.15106729488941,7.028834871051929,41.78703455964323,36.2360802675585,35.42383054626532,28.308943701226294,32.61083946488293,26.978466555183946,60.83782775919731,23.134104793756958,23.134104793756958
486.0,46.807152017875524,44.70865005731324,42.92433119881455,40.35301036950431,46.50953928811528,46.46599628289779,91.28033335821955,44.5030560473848,7.064408224546341,5.832785757554472,7.010281804461789,5.544809858471544,5.838330878178862,5.810442164734959,61.04334901879675,7.000428440091056,41.79332422891116,36.258443701226284,35.42695076179858,28.31144555927163,32.61374080267557,26.977678372352283,60.89585451505015,23.13487272389445,23.13487272389445
488.0,46.82073539001856,44.7195770967086,42.940071155364876,40.36367535716537,46.52335468420072,46.481008865976094,91.36307348134297,44.519246754098646,7.022659118806045,5.667961622501115,6.926524447842956,5.569233266964871,5.683545190176168,5.740637776078522,61.246228053286984,6.898900101091771,41.798391304347795,36.28082943143809,35.4282575250836,28.31329431438125,32.6155719063545,26.976474916387957,60.95113043478259,23.135655518394636,23.135655518394636
490.0,46.8342142011948,44.73054436183742,42.956314792871105,40.37445873783711,46.53747547506135,46.495961134762396,91.44412160935578,44.53549515598573,7.048797542324329,5.6640673515653,6.916882493097817,5.580642970672518,5.683839330312012,5.738524879929196,61.11805417617332,6.94489478897745,41.802235785953144,36.30323745819395,35.42775083612039,28.31448996655516,32.616332775919716,26.974856187290964,61.00365551839463,23.13645317725751,23.13645317725751
492.0,46.84758845140423,44.7415518526997,42.97306211133325,40.38536051151952,46.55190166069717,46.51085308925669,91.52347774225801,44.55180125304606,7.014755977155074,5.721483860861525,6.950979062653054,5.577238507705756,5.6809983669606785,5.719109089228414,61.21392451143619,6.945072522572582,41.804857673727206,36.325667781493834,35.42543069490894,28.31503251579336,32.61602341137122,26.972822185061307,61.053429765886264,23.137265700483077,23.137265700483077
494.0,46.86085814064685,44.752599569295455,42.9903131107513,40.39638067821261,46.56663324110817,46.52568472945897,91.60114188004964,44.56816504527962,6.973429985596961,5.71045542416809,6.952183401988075,5.618549972634481,5.702927580297135,5.713433638196379,61.2319652239661,6.975876559124488,41.806256967669974,36.34812040133775,35.42129710144926,28.314921962095845,32.61464381270901,26.970372909698987,61.100453177257506,23.138093088071333,23.138093088071333
496.0,46.87402326892266,44.76368751162467,43.008067791125264,40.40751923791637,46.58167021629436,46.540456055369255,91.67711402273069,44.58458653268643,6.979927326452638,5.64234514886993,7.014987357294968,5.6136247898480764,5.747875511184486,5.6927970118465945,61.22692453652403,7.02696799309246,41.806433667781455,36.370595317725716,35.41535005574134,28.31415830546262,32.612193979933096,26.967508361204004,61.144725752508336,23.13893534002228,23.13893534002228
498.0,46.88708383623167,44.77481567968735,43.02632615245514,40.4187761906308,46.597012586255744,46.55516706698753,91.75139417030114,44.60106571526648,6.972696295496575,5.584324444625365,7.030317037919353,5.7245259308160295,5.719713333415927,5.669958516216368,61.172934810084655,7.081396297089463,41.80538777406165,36.393092530657704,35.407589557785194,28.312741545893683,32.60867391304346,26.964228539576354,61.186247491638774,23.13979245633592,23.13979245633592
500.0,46.90003984257387,44.7859840734835,43.04508819474092,40.43015153635591,46.612660350992314,46.56981776431379,91.82398232276101,44.61760259301977,6.931720647358705,5.639089274921457,6.999624842675304,5.7581876373246965,5.7146560721878545,5.6454416559417,61.0147997511255,7.068914621745749,41.80311928651055,36.41561204013374,35.3980156075808,28.31067168338903,32.604083612040114,26.96053344481604,61.22501839464881,23.140664437012244,23.140664437012244
502.0,46.912891287949265,44.7971926930131,43.064353917982615,40.44164527509169,46.628613510504074,46.58440814734805,91.89487848011028,44.634197165946304,4.104100852840388,3.381814191670679,4.089679251659805,3.2571469652007763,3.3800025898500974,3.412220646387573,36.20946800497087,4.149565996104078,41.79962820512816,36.4381538461538,35.38662820512818,28.307948717948673,32.59842307692306,26.956423076923063,61.26103846153843,23.141551282051264,23.141551282051264
504.0,46.92563817235786,44.80844153827618,43.08412332218021,40.45325740683815,46.644872064791016,46.598938216090296,91.96408264234897,44.65084943404607,0.0,0.0,6.003078042173933e-05,6.003078042173933e-05,0.0003001539021086966,0.0,0.00018009234126521796,0.00018009234126521796,41.79491452991448,36.4607179487179,35.37342735042733,28.3045726495726,32.59169230769229,26.951897435897422,61.29430769230767,23.14245299145297,23.14245299145297
