t_s,Tm_HIP_X,Tm_HIP_Y,Tm_SHIN_ANKLE,Tm_SHIN_KNEE,Tm_SPN_X,Tm_SPN_Z,Tm_TALUS,Tm_THIGH_U,P_HIP_X,P_HIP_Y,P_SHIN_ANKLE,P_SHIN_KNEE,P_SPN_X,P_SPN_Z,P_TALUS,P_THIGH_U,Ts_spine,Ts_pelvis,Ts_hip,Ts_thigh_u,Ts_thigh_l,Ts_shin,Ts_ankle,T_amb,T_torso
0.0,45.0036993789679,45.759241542577264,40.870871641291856,39.86111133287586,45.09327436823898,44.92936664230798,39.74095683011282,42.575215008529895,5.2105995706230575,14.154968672623156,10.247118451342407,6.830890121693424,1.684873823828003,4.2208918444750125,1.6374433459758546,6.829106864757251,41.735444444444454,38.43320512820512,36.66516239316237,29.493170940170938,31.60558119658119,28.084470085470077,35.44915384615385,23.082153846153847,23.082153846153847
2.0,45.09991314890006,45.89171287045041,41.0104659531309,39.92652786520703,45.13164841496262,44.98797562724318,39.78967673892376,42.65907574135937,5.169528540354203,13.94030864040095,10.437123639780825,6.849495656902621,1.6595633366512643,4.22426772554245,1.6241105532464313,6.86985778129005,41.74875641025642,38.406730769230755,36.68971794871793,29.498397435897434,31.6156282051282,28.08979487179486,35.45376923076923,23.099153846153847,23.099153846153847
4.0,45.19348661387245,46.02260661408035,41.14751778284109,39.99141701317655,45.16876472088609,45.04548913713419,39.83640779702741,42.7421223899241,5.082087159047827,14.23378998101944,10.366964281560819,6.77903287233044,1.7672871392992675,4.28847142590694,1.658044277611107,6.8181485703627756,41.76224024526199,38.381989966555174,36.71264492753621,29.502875139353396,31.625032329988844,28.094670011148263,35.45804180602007,23.1154347826087,23.1154347826087
6.0,45.284419773885084,46.15192277346708,41.28202713042244,40.05577877678442,45.204623286009394,45.10190717198101,39.88115000442378,42.82435495422408,5.164249949866667,14.122378116533334,10.385162490666666,6.8615968232,1.6938031490666667,4.2888062512000005,1.6336031128,6.794493674133333,41.77589594946118,38.35898272017836,36.73394332961722,29.50660405053883,31.633793571163128,28.099095503530275,35.46197157190635,23.130996655518395,23.130996655518395
8.0,45.372712628937954,46.279661348610595,41.413993995874954,40.119613156030645,45.23922411033254,45.157229731783644,39.923903361112856,42.9057734342593,5.237967334886233,14.21056142204288,10.426723901797324,6.854746543617612,1.721743582380092,4.215596014761831,1.6406554225143273,6.704272242992312,41.78972352285397,38.33770903010032,36.75361315496096,29.50958416945373,31.64191192865105,28.103071348940905,35.46555852842809,23.145839464882943,23.145839464882943
10.0,45.45836517903106,46.40582233951089,41.54341837919862,40.182920150915216,45.27256719385552,45.21145681654209,39.96466786709465,42.98637783002978,5.1657106182463135,14.158581811010698,10.283071803979883,6.849094662704586,1.7448827629880233,4.2402340543798065,1.649826779323033,6.686268857896684,41.803722965440365,38.318168896321055,36.771654403567425,29.5118154960981,31.64938740245261,28.106597547380147,35.46880267558528,23.159963210702344,23.159963210702344
12.0,45.54137742416441,46.53040574616798,41.67030028039344,40.24569976143814,45.30465253657834,45.264588426256346,40.003443522369146,43.06616814153551,5.106951611287131,14.11908763973343,10.348330658773786,6.8577709660015245,1.756737103922308,4.186347831706034,1.6357956980959643,6.801851584310768,41.817894277220375,38.30036231884056,36.78806707543662,29.51329803047194,31.65621999256781,28.109674098848,35.471704013377924,23.17336789297659,23.17336789297659
14.0,45.621749364337994,46.65341156858186,41.794639699459424,40.30795198759942,45.33548013850099,45.316624560926414,40.04023032693636,43.1451443687765,5.1452880589487195,14.252766119387587,10.304733863800488,6.8557581474787845,1.6825716631196055,4.309372106725152,1.6640169066823578,6.808608482762047,41.83223745819399,38.28428929765885,36.802851170568545,29.514031772575244,31.662409698996644,28.11230100334447,35.47426254180601,23.186053511705687,23.186053511705687
16.0,45.699480999551824,46.77483980675252,41.91643663639656,40.36967682939905,45.36504999962348,45.36756522055229,40.07502828079629,43.22330651175273,5.255039917708573,14.292657564603545,10.263433104790252,6.852051245911294,1.7191829145808628,4.254040411934644,1.6949901751677265,6.707018130774924,41.84675250836121,38.26994983277591,36.81600668896319,29.51401672240802,31.667956521739118,28.114478260869554,35.476478260869555,23.198020066889633,23.198020066889633
18.0,45.774572329805885,46.89469046067997,42.03569109120485,40.430874286837025,45.393362119945806,45.41741040513397,40.107837383948926,43.30065457046422,5.171659016393443,14.222131147540983,10.322422950819671,6.928781967213115,1.733939344262295,4.184095081967213,1.652227868852459,6.880268852459016,41.86143942772204,38.25734392419174,36.827533630620565,29.513252879970263,31.67286046079523,28.11620587142325,35.47835117056855,23.209267558528428,23.209267558528428
20.0,45.847023355100184,47.0129635303642,42.15240306388431,40.49154435991335,45.42041649946797,45.466160114671474,40.13865763639428,43.37718854491096,5.15576330612206,14.154896228689186,10.333355825512873,6.808745942318884,1.76164291738352,4.394478366560344,1.6123285413082402,6.8535298728267815,41.87629821627648,38.24647157190634,36.83743199554067,29.511740245261976,31.67712151616498,28.11748383500556,35.479881270903,23.21979598662207,23.21979598662207
22.0,45.91683407543472,47.12965901580523,42.266572554434916,40.55168704862803,45.44621313818997,45.51381434916478,40.16748903813234,43.452908435092944,5.226467997487922,14.266008373467312,10.471443814449241,6.8767941276392905,1.7053221687102522,4.281102946521239,1.6564901403459655,6.796828564042226,41.89132887402453,38.23733277591972,36.845701783723506,29.509478818283156,31.68073968784837,28.118312151616486,35.481068561872895,23.229605351170566,23.229605351170566
24.0,45.98400449080943,47.24477691700299,42.37819956285662,40.61130235298103,45.47075203611176,45.56037310861388,40.194331589163056,43.52781424101017,5.166290626745813,14.19110199074617,10.455015771864979,6.8616650224662,1.7267586189371842,4.311149263716488,1.6567201994024987,6.812379308648889,41.90653140096614,38.22992753623184,36.85234299516904,29.506468599033784,31.683714975845373,28.118690821256006,35.48191304347822,23.238695652173888,23.238695652173888
26.0,46.0531237117687,47.36144919623271,42.49027206447155,40.67054487699696,45.485966742523125,45.603554216171695,40.22466061839699,43.603376146366585,5.149465824139634,14.159678381385847,10.36109596973798,6.854108035052692,1.7487030223427467,4.2625231312006004,1.6430115578173885,6.806022109130578,41.923937198067584,38.21409178743957,36.8484637681159,29.50072463768112,31.68570048309175,28.117082125603833,35.480603864734256,23.24612560386471,23.24612560386471
28.0,46.11792525391146,47.473091964827475,42.60200615267821,40.73642817105472,45.50830813746679,45.64486359154064,40.245328420032656,43.672104097840126,5.183499061883594,14.222607380352407,10.398651172645506,6.9058741739573595,1.7363783435733362,4.207256697528242,1.6289281142350198,6.791955769793407,41.94134299516904,38.2054830917874,36.84358454106276,29.49449758454103,31.685497584541025,28.11630917874393,35.4792946859903,23.251550724637656,23.251550724637656
30.0,46.176287685623855,47.58710548834885,42.70662063391616,40.7847420718794,45.52707898570343,45.693979938480965,40.25943243607384,43.747867376819094,5.171583417503001,14.205776447049773,10.252053515618048,6.828503788388009,1.7734716283647902,4.353731513178519,1.649937968483262,6.873684533909037,41.95807246376807,38.20719806763281,36.83963768115938,29.48788405797098,31.684135265700448,28.11514975845408,35.47788888888885,23.256362318840555,23.256362318840555
32.0,46.21831362654983,47.70132026537687,42.81057613866771,40.848634870001426,45.53654730889451,45.738603767872256,40.27826680169713,43.827480911183635,5.129944631968628,14.239723979921568,10.302213173458824,6.918775968878432,1.710980850070588,4.272282358588235,1.6716132374588235,6.729955896470588,41.97344927536226,38.212173913043436,36.83617391304343,29.480980676328468,31.68324637681156,28.113603864734266,35.47628985507242,23.26077777777775,23.26077777777775
34.0,46.262042573796045,47.81019980551153,42.903960686325476,40.90400692921367,45.554036095953805,45.78545501559969,40.288580889364646,43.895465402354475,5.15723773258686,14.235756754281244,10.421412044088589,6.829212100691586,1.7237688549728305,4.327838648526264,1.6660211139469785,6.815347215132554,41.98740096618353,38.21396618357484,36.83214009661832,29.47388405797098,31.682067632850202,28.11167149758451,35.47440096618354,23.266285024154563,23.266285024154563
36.0,46.31016479977741,47.9195978985692,42.98798201357172,40.95660486981206,45.570654115278835,45.824098079397565,40.30417809618976,43.96413292517297,5.1950600094952835,14.24597093721709,10.384328249400145,6.885889088103666,1.7413,4.315372710368245,1.6575590892905767,6.711908143369476,42.00045893719802,38.21571980676324,36.829483091787395,29.465468599033784,31.679835748792236,28.1093526570048,35.47090338164248,23.269594202898524,23.269594202898524
38.0,46.358671445211726,48.02470423477053,43.07826803549973,41.004700428515584,45.602125586146414,45.869714101278184,40.30724924527394,44.02998624768853,5.125485388755545,14.24675819487348,10.49799821342961,6.941643654222993,1.6680090619380603,4.230418186402205,1.674247273754094,6.664101760349774,42.01437681159416,38.2192946859903,36.826483091787395,29.45760869565214,31.678183574879192,28.10664734299514,35.46808212560383,23.271067632850215,23.271067632850215
40.0,46.409152434888874,48.12261667991074,43.170583218762076,41.056785347271145,45.62928630631803,45.901263583217656,40.31888373175461,44.09978257804287,5.243542045454546,14.214197727272728,10.403865909090909,6.8975147727272725,1.7261852272727274,4.201455681818182,1.6635125,6.774588636363636,42.027908212560334,38.22896135265696,36.82619806763281,29.45157487922702,31.6769178743961,28.103555555555523,35.46822222222219,23.27471980676326,23.27471980676326
42.0,46.45218817502987,48.21074375367796,43.25328184197851,41.11286917278444,45.6401435868232,45.92772956160628,40.33687493754835,44.16969334798851,5.113973215520472,14.209030905554412,10.442198022200756,6.94816085229582,1.7257680704449125,4.244292776836471,1.671569059344534,6.862851661361921,42.03980676328498,38.242400966183524,36.8322560386473,29.44441545893717,31.677671497584505,28.10007729468596,35.47000483091784,23.279787439613504,23.279787439613504
44.0,46.50226988649227,48.297520616389264,43.33012722198011,41.16157864178493,45.65661591576343,45.95834741910829,40.34677741272963,44.236510198420596,5.2015654954985635,14.22770440710797,10.494177858529147,6.9843896410830695,1.7312384269750771,4.277086697966755,1.6335478065346816,6.764311838041588,42.05182608695648,38.25372463768112,36.84468115942025,29.438608695652142,31.680903381642473,28.098038647342964,35.473333333333294,23.28495169082123,23.28495169082123
46.0,46.553494882208824,48.38854515537592,43.40872320450322,41.215200734492,45.675495035727906,45.988809468520785,40.35742483422336,44.29549142493929,5.1629903696896084,14.074949467755792,10.319490835202455,6.896962778895323,1.6679422716941197,4.243790369689608,1.6637807554461574,6.877677400883039,42.06571980676324,38.26369565217387,36.86354589371977,29.437855072463737,31.68651690821252,28.098091787439582,35.47811111111107,23.29011594202896,23.29011594202896
48.0,46.612234615844066,48.47894425038322,43.48651352674266,41.268334498620426,45.681417910532815,46.01685739132386,40.36581145763866,44.35087118593677,5.224549226395774,14.356100033114439,10.321919431043003,6.780888103765366,1.7341820881455405,4.251922418474799,1.639841783288926,6.8468895898394715,42.07963768115937,38.274285024154544,36.885318840579664,29.439251207729438,31.693859903381608,28.09728502415456,35.48424154589368,23.295183574879204,23.295183574879204
50.0,46.657054630396544,48.56205171585986,43.56967243994533,41.32041284610109,45.701753323560496,46.04616634240107,40.38430281446675,44.40690703626746,5.2585688487979585,14.358423130557386,10.474453268565783,6.97178643226165,1.7751296537954881,4.333568848797959,1.6333814033426641,6.818868332166969,42.09233333333328,38.28200483091783,36.90886473429948,29.441719806763253,31.699884057970976,28.09688888888886,35.49162801932363,23.30005797101447,23.30005797101447
52.0,46.699342911236435,48.64653120644955,43.65153161272841,41.371850151558256,45.723454602123816,46.07418050991034,40.40222521581321,44.454492914230045,5.268409061888686,14.273581815325617,10.448940937917374,6.897722726867217,1.6764363515063283,4.288868183704684,1.642227271775206,6.78768633463359,42.10616425120768,38.286285024154544,36.934826086956484,29.44535748792267,31.706367149758414,28.098777777777748,35.498951690821215,23.30281642512075,23.30281642512075
54.0,46.74508051504687,48.726807482006166,43.72379619437649,41.41774262745883,45.73655840627985,46.098322503909706,40.40747016660581,44.50396954719834,5.201708948794889,14.22990647081599,10.54579704288065,6.808659176265608,1.6749646646016842,4.256492541864292,1.6476970138418352,6.92041047817249,42.119231884057925,38.29186956521735,36.96384541062798,29.44960869565214,31.713260869565183,28.09999999999997,35.506067632850204,23.302710144927513,23.302710144927513
56.0,46.78899994970416,48.78973728633473,43.80227351663805,41.45812717648683,45.75390930013349,46.121334037877986,40.42386534365536,44.55211882954209,5.226196819331839,14.329306324570315,10.315927594386512,6.867812739013091,1.7321840762336358,4.247209623706722,1.6427563715491016,6.881763842129487,42.13020772946855,38.29862801932363,36.99418357487919,29.45386956521736,31.718690821256,28.09999999999997,35.51340096618354,23.300768115942002,23.300768115942002
58.0,46.82603217815801,48.869916197110015,43.87920127388736,41.495658220535155,45.7704546078025,46.13680640099376,40.427644719897614,44.59477782282014,5.173987317223759,14.37512929389265,10.444466601077206,6.944149108267785,1.6727097967563334,4.244301960154403,1.6468019601544028,6.831487261004221,42.14136714975841,38.29977777777774,37.022323671497546,29.457487922705283,31.723178743961316,28.09999999999997,35.52015458937194,23.29862318840577,23.29862318840577
60.0,46.86612207017752,48.95058630495211,43.95245087934303,41.52840326368043,45.78094117668499,46.163468276818826,40.438951604075285,44.633381467186304,5.263738849670914,14.27288136266325,10.473618654845563,6.953242483810979,1.705637305313925,4.323989112170483,1.6587347124177285,6.786704666629527,42.15441545893716,38.29514009661832,37.048400966183536,29.46036714975842,31.727850241545855,28.09999999999997,35.52613526570045,23.29673429951688,23.29673429951688
62.0,46.904925873623874,49.01464894173888,44.02745193690447,41.55702642482971,45.798214354442685,46.19248993304126,40.45428234784014,44.666888496591184,5.1930203208,14.393325507466667,10.633717647466666,6.9322364538666665,1.7617036210666668,4.4001036146666666,1.6778463245333333,6.934416603733333,42.16993236714971,38.28629951690817,37.0744251207729,29.462966183574846,31.73143478260866,28.09999999999997,35.53297584541059,23.29560869565215,23.29560869565215
64.0,46.93362521510251,49.06523181952373,44.08523293003449,41.59481036942035,45.821006595673936,46.22173255823196,40.464415770633934,44.69574799638045,5.238844038338602,14.334216031176444,10.494248060176158,6.907639959156984,1.6911800049152055,4.2785200073728085,1.629207989841909,6.819496005079046,42.18494202898546,38.2754444444444,37.097676328502374,29.468140096618328,31.73328019323668,28.09999999999997,35.53930917874392,23.29702415458935,23.29702415458935
66.0,46.97314148339492,49.12126681352697,44.142863701739216,41.62093967130516,45.83481809330675,46.23697809600274,40.473739043510484,44.736722534283054,5.214645992685714,14.392325498057142,10.397604004114285,6.946179454171429,1.688046421942857,4.217720533028571,1.6669861618285713,6.837626311771428,42.19769082125599,38.264811594202854,37.11553140096614,29.473917874396104,31.735782608695615,28.09999999999997,35.543164251207685,23.29798067632848,23.29798067632848
68.0,47.00763706500436,49.17638332456272,44.209325763585085,41.65020346027339,45.83644120665508,46.255824450265976,40.48562957540512,44.77115312291147,5.218202855934956,14.402114287281632,10.482122862985925,6.975674285906547,1.7126685731589217,4.348857143860245,1.650628572515265,6.739471422803594,42.21125120772942,38.254893719806724,37.1290676328502,29.480154589371953,31.73776811594199,28.10122222222219,35.54861835748788,23.298526570048285,23.298526570048285
70.0,47.04942960881124,49.24457232593666,44.277858101226556,41.67908386215187,45.83679368753316,46.27450264270035,40.49440272766013,44.80360734200278,5.193608816835911,14.328987043792917,10.455003028627566,6.976887043792918,1.7011573025221285,4.262421486717975,1.6648333321814512,6.834003304585644,42.22569565217387,38.25112077294682,37.1376328502415,29.48610144927533,31.736285024154554,28.10311111111108,35.552526570048265,23.301154589371958,23.301154589371958
72.0,47.085106529645984,49.30878773202616,44.337071358765215,41.71456355744421,45.851237289052804,46.29115487971564,40.49734545032413,44.84185883691765,5.202685752360853,14.323679156785108,10.493859868673256,6.780680657569351,1.6934167407160985,4.255595428514251,1.6591791864135428,6.798905055286921,42.239922705313965,38.25060386473426,37.140067632850204,29.49100966183572,31.732603864734266,28.1039371980676,35.55357004830913,23.30235748792268,23.30235748792268
74.0,47.11175766923276,49.36748908199127,44.40209591745105,41.75475948242275,45.86998116266615,46.31966482352102,40.511865466137614,44.86764617501881,5.25721438181493,14.267988984769833,10.463454541980338,6.956085651624314,1.7309339611663805,4.305305746038123,1.6744272853212738,6.879165080364427,42.25283091787435,38.248140096618314,37.1340869565217,29.496560386473394,31.72859903381639,28.105019323671467,35.5552560386473,23.30105797101447,23.30105797101447
76.0,47.13526478638849,49.42809547750058,44.459739000860395,41.791677940034695,45.89211951513431,46.339168885238614,40.519061254041446,44.904960820031654,5.131782772676923,14.307380818707692,10.486038464984615,6.933708636061539,1.7259990454153846,4.290878794338461,1.6852134281846154,6.9052133513846155,42.26449275362314,38.24760869565213,37.11988405797097,29.501434782608666,31.723144927536197,28.104676328502386,35.55626570048305,23.300400966183552,23.300400966183552
78.0,47.15303459284761,49.48328945703414,44.51313256393775,41.82024675832832,45.895535543356026,46.367067938737556,40.526881310333856,44.93489401532041,5.182142222222223,14.228566666666667,10.489451111111112,6.866013333333333,1.7465777777777778,4.321988888888889,1.6762088888888889,6.85586,42.276154589371934,38.248028985507204,37.10135265700479,29.505536231884022,31.716338164251173,28.101830917874366,35.556502415458894,23.29992753623186,23.29992753623186
80.0,47.16698107888043,49.54962347776052,44.56025900682113,41.85467794676593,45.904001759882654,46.37586416720026,40.53271260074488,44.97333370550734,5.209300011027689,14.34714617897151,10.464461533452626,6.910523023319623,1.7044615402792893,4.28099999212308,1.666946155340749,6.686338423486877,42.2872367149758,38.243497584541025,37.07887922705309,29.50999033816422,31.709497584541026,28.099628019323642,35.55464734299513,23.29800483091785,23.29800483091785
82.0,47.18598078830535,49.61205738627848,44.59739960288622,41.88653330905803,45.913630021308535,46.40228753003017,40.54009847158378,45.005942753214555,5.144351168016229,14.364621352360661,10.410009004656535,6.906882945288746,1.714337431116525,4.224227951100316,1.6366369635217868,6.875333639886535,42.2971594202898,38.23945893719803,37.05239130434778,29.512922705313976,31.702164251207694,28.09760869565214,35.55238164251203,23.296048309178722,23.296048309178722
84.0,47.202240892901735,49.66215697993842,44.63248713984397,41.920278066244926,45.926167952069825,46.427199056860324,40.547969146647404,45.033555916858234,5.233238220401779,14.342994979185534,10.477425650805822,6.934005542462539,1.6683442393586367,4.189120640025522,1.6428095551004447,6.859672829403713,42.30594685990333,38.236434782608654,37.02073913043474,29.51306280193233,31.693309178743924,28.092917874396104,35.54956038647339,23.291869565217368,23.291869565217368
86.0,47.220873665966735,49.70756728131699,44.68103749078787,41.95330050173701,45.952704671082735,46.44753917569334,40.55069559770785,45.06203211090005,5.313405836429004,14.539023361599234,10.532373714580421,6.941171525685968,1.6949291980282386,4.392070797300226,1.6703547457190053,6.876606570420588,42.314227053140044,38.23553623188402,36.98469565217387,29.513966183574848,31.684333333333296,28.086304347826054,35.54664251207725,23.28510628019321,23.28510628019321
88.0,47.25076124232958,49.753995431177735,44.72952372135491,41.99145387091049,45.95799101885615,46.46762746922936,40.56559293668866,45.099157622537206,5.322199438178995,14.340962235970954,10.527110193563814,6.931122126549989,1.729649110667241,4.321356904879795,1.688753914275159,6.86047185299758,42.3208019323671,38.23908212560382,36.94756038647339,29.514362318840547,31.676033816425083,28.079690821256005,35.544690821256,23.277826086956495,23.277826086956495
90.0,47.27780006127886,49.802518636851055,44.75778608921165,42.02179001947127,45.97209791814982,46.48669850025111,40.58190881246743,45.14502938596668,5.15316532191668,14.283093439455376,10.606816005011938,6.886288915589494,1.724134159136753,4.2179140905442125,1.6639065214370987,6.936253238720566,42.32747342995164,38.24026086956517,36.90911111111107,29.51237681159417,31.66860386473426,28.073173913043448,35.542942028985465,23.269096618357462,23.269096618357462
92.0,47.30319616351051,49.856551530763156,44.79498401371366,42.050755880551236,45.98452058412798,46.51112766175178,40.58955653115072,45.192889701285694,5.269502949647059,14.301080359152941,10.564655921694118,6.968836784188236,1.7401068675764706,4.208329852611765,1.5853886919529412,6.773534299482352,42.33359903381637,38.243019323671454,36.87101449275359,29.51096135265697,31.66345893719803,28.066850241545865,35.543028985507206,23.25920772946857,23.25920772946857
94.0,47.33141328220268,49.90910577092503,44.83277146473075,42.07570713215867,45.99695574897686,46.52683532816557,40.588651322421654,45.23033067311268,5.175228943642406,14.386129822777683,10.634642128002387,6.950971582552695,1.74236683017499,4.22866350860633,1.6781341253962843,6.858575369167661,42.34031400966178,38.24942995169078,36.832555555555516,29.51067149758451,31.659014492753585,28.06081642512074,35.54475845410624,23.247227053140072,23.247227053140072
96.0,47.37364224106055,49.95429454995154,44.87935762469272,42.10555773629056,46.00498507600786,46.54438011841171,40.59231264922703,45.25901709258995,5.316855516919654,14.352012738725994,10.397958698476982,6.870531697764792,1.7509137387029419,4.204031721059573,1.6585933418181333,6.842530298743417,42.34932367149754,38.254946859903335,36.79362318840576,29.508458937198032,31.6524637681159,28.055169082125573,35.54671497584537,23.233999999999973,23.233999999999973
98.0,47.403926698397086,49.98999161447652,44.922837604529136,42.13419275916759,46.02855829971543,46.5577944176763,40.60287150549651,45.2857650940333,5.186385794742779,14.344546702411336,10.548287834683938,6.855050290046417,1.7463319744987864,4.379137065904992,1.6200142322866367,6.857437055768961,42.35990338164246,38.26172463768111,36.75832850241542,29.50549758454103,31.64517391304344,28.050004830917842,35.549260869565174,23.22154589371978,23.22154589371978
100.0,47.43292422170112,50.03373760914042,44.96978778001613,42.14851159486789,46.03264469219988,46.56954070816199,40.61139282709049,45.320055662679515,5.282482618202236,14.268578216358538,10.447269563055826,6.940165217606386,1.7103521723537058,4.268021730462667,1.6388739080105814,6.715760869683512,42.37620289855067,38.27260386473426,36.72717874396131,29.50478743961349,31.64151207729465,28.04542028985504,35.55515458937194,23.208835748792243,23.208835748792243
102.0,47.45788198626357,50.07635040105961,45.005620394564154,42.16657403312778,46.04433480198672,46.582283225641824,40.61537619946455,45.36359756807705,5.175292307692308,14.322615384615386,10.509092307692308,6.960992307692308,1.676276923076923,4.344553846153846,1.6667153846153846,6.9047230769230765,42.39642028985502,38.28507729468595,36.700729468598986,29.503328502415428,31.639845410627984,28.041512077294655,35.56537681159416,23.19784057971012,23.19784057971012
104.0,47.47886584709852,50.11518663136464,45.04097799933738,42.18250688847515,46.05425858419095,46.60313539610405,40.62907841311562,45.39989343673633,5.263609828252608,14.393053724024657,10.45052803919434,6.896599521375415,1.7462752433496782,4.235832712393398,1.6443710293957559,6.836033174868441,42.4158019323671,38.29787439613522,36.67775845410624,29.50116908212557,31.63858937198064,28.03837681159417,35.576734299516865,23.191149758454078,23.191149758454078
106.0,47.49783202371703,50.16289380118996,45.08630257507382,42.19718879124833,46.0695135041558,46.62004259687466,40.63459663526344,45.43145540305912,5.242268074931514,14.341321127139713,10.436981951196339,6.894732971766085,1.7395551741065067,4.303044347674621,1.6380855742585232,6.879582495922471,42.435642512077244,38.30969082125599,36.65643961352653,29.499579710144896,31.637985507246338,28.03611111111108,35.587256038647304,23.186574879227027,23.186574879227027
108.0,47.523248849423354,50.19918787730588,45.12179343502016,42.2141620486587,46.091071617397446,46.6355321741499,40.646507858252015,45.461868376936216,5.171088233026434,14.477369463694655,10.478488790052737,6.882550573892196,1.768794707271309,4.308367066930497,1.642764708716957,6.743371691799862,42.456632850241505,38.3228405797101,36.637946859903344,29.496830917874362,31.63644927536228,28.034811594202868,35.597971014492714,23.181357487922675,23.181357487922675
110.0,47.546972986089806,50.231291637622846,45.151774501911625,42.24136559298273,46.1120671679764,46.65733609375506,40.650437536129985,45.49886004883947,5.258628552150216,14.398380916918297,10.506254252584075,6.962480961901128,1.7406714328555075,4.22381522248215,1.6295752534703218,6.835741961787757,42.47646376811589,38.3354637681159,36.6210096618357,29.49484541062799,31.635396135265665,28.03457487922702,35.608685990338124,23.176342995169055,23.176342995169055
112.0,47.57453676356927,50.25892800018003,45.18255786595609,42.269577481544324,46.114454643792826,46.671865041744965,40.65034410601176,45.52528994428747,5.063047014656,14.287706518912,10.302464544895999,6.936387019775999,1.6785639838720001,4.254527993344,1.670913509248,6.848018460288,42.494652173912996,38.34211594202895,36.604309178743925,29.494371980676295,31.636241545893686,28.03427536231881,35.619207729468556,23.174772946859875,23.174772946859875
114.0,47.6049889246307,50.29643780695316,45.22024139105356,42.28217266996477,46.118150202364546,46.68335147632088,40.66153096198283,45.55949706312476,5.198874358070558,14.27812965019348,10.520310048318377,6.990144222120451,1.7300522618042977,4.304793972809978,1.6749663351103243,6.80535326805121,42.51071497584536,38.34211594202894,36.587652173913,29.49255555555552,31.63679710144924,28.035787439613497,35.62934299516904,23.17445893719804,23.17445893719804
116.0,47.620916323605755,50.334450616869766,45.254518542478664,42.30150194872586,46.116744705237,46.69554882434711,40.66988079207437,45.587018487235746,5.206499999109566,14.456682620503585,10.64441738795554,6.8718782511425385,1.7427391287990934,4.25570869397777,1.6285652131810988,6.931852183456176,42.524772946859855,38.34008212560383,36.57257487922701,29.490763285024123,31.634874396135228,28.039159420289824,35.6388985507246,23.17626086956519,23.17626086956519
118.0,47.64086963418253,50.380612225425956,45.28666847980863,42.3273982966074,46.13048028228551,46.70868981132113,40.67061192095574,45.612565012855114,5.107748572094321,14.333433469239763,10.358948979395652,6.827337143310927,1.7477579589375891,4.217546123270824,1.6136644900739894,6.879654285493364,42.53450241545889,38.34053623188401,36.55812077294682,29.489140096618325,31.631888888888852,28.041391304347794,35.645855072463725,23.17864251207727,23.17864251207727
120.0,47.65145308609306,50.412316500814626,45.32245796713659,42.349258952890764,46.15088291761169,46.72368749516076,40.67589346384022,45.64342974240145,5.094640312498408,14.408511931896337,10.430904472486995,6.918362686141353,1.716164180876157,4.32778955264941,1.7111522377718569,6.883576130093892,42.541753623188356,38.33642512077291,36.54201449275358,29.48600483091784,31.628033816425084,28.04487922705311,35.65119323671494,23.177019323671473,23.177019323671473
122.0,47.67478228854804,50.453657065874594,45.36237585698884,42.37382792716684,46.161603574793965,46.73301735631299,40.68717049295944,45.66906094699666,5.300823768474467,14.382573242406808,10.54942375478733,6.9770326628325785,1.7556465349997847,4.276690091526395,1.6340871328235296,6.836627721522516,42.54955072463763,38.32778743961348,36.52483574879223,29.482676328502386,31.6235024154589,28.04897101449272,35.65649758454102,23.175806763284996,23.175806763284996
124.0,47.69039052288336,50.48831813218494,45.39777385986189,42.39495744180846,46.16592002033053,46.74475547713621,40.68680908331792,45.69940516884871,5.24486479270028,14.410609855390177,10.475583102572978,7.039408444867505,1.746925349986539,4.281518304103688,1.6306422560670744,6.885392943540634,42.556695652173865,38.32604347826083,36.50879710144923,29.479251207729437,31.61848792270528,28.05179227053137,35.65913043478257,23.176975845410603,23.176975845410603
126.0,47.69865608397058,50.5243701804677,45.429196816965195,42.41768869391393,46.16162697418635,46.76668544906119,40.69061027550527,45.72082617463976,5.197936014090244,14.372096437616763,10.420045778843244,6.902201771406726,1.718267562970329,4.276898662883175,1.6832244681456265,6.849961765535792,42.5625942028985,38.326946859903344,36.49534782608692,29.475826086956488,31.613183574879194,28.055690821256007,35.65945410628015,23.17644927536229,23.17644927536229
128.0,47.711995151762174,50.58096296676787,45.4598387172317,42.44280244672205,46.16952534626271,46.776551403537454,40.69784452331638,45.75394049214639,5.231165293551185,14.415112952543154,10.552085439033513,6.8960300801426175,1.7326533788031928,4.307099477123143,1.6479228235350296,6.8590549235581095,42.5690483091787,38.32507729468595,36.48579227053136,29.47127536231881,31.607782608695615,28.060618357487893,35.65900483091783,23.175545893719782,23.175545893719782
130.0,47.73053889272503,50.6216477256433,45.49341023896124,42.47702893687143,46.1751659477096,46.790884931942344,40.70465455182284,45.785091450555,5.233869765359667,14.361161969702737,10.49033180280392,6.8852871502483195,1.7142938741189337,4.240397969329897,1.6664415049381727,6.86713781578246,42.576652173913,38.32949275362314,36.48008212560382,29.465647342995137,31.60065217391301,28.06352657004828,35.65809661835745,23.176758454106253,23.176758454106253
132.0,47.746861949391544,50.65623824377788,45.532437372993584,42.49806675545194,46.189368359677005,46.798582637252174,40.70621235776623,45.80677206690009,5.27561455273914,14.401809696440976,10.543697090421492,6.928522338002229,1.707363102796491,4.151921352525889,1.6740951517795117,6.859055323995541,42.58299999999995,38.33594685990334,36.47742028985503,29.46138647342992,31.59255555555552,28.063763285024123,35.65704347826083,23.17653140096616,23.17653140096616
134.0,47.772421533848636,50.701160884388976,45.57984506732374,42.52647973463365,46.20544116152617,46.8072715445275,40.71173986574271,45.833156325059534,5.28238304948316,14.445043717936308,10.459928822807187,6.969355292706163,1.7215378036976092,4.258032329371488,1.6470169067038907,6.881696537248649,42.588115942028935,38.343811594202855,36.47991304347822,29.4585410628019,31.58608212560383,28.064280193236684,35.65677777777774,23.174309178743936,23.174309178743936
136.0,47.80516486682154,50.743176433734696,45.61269007754358,42.559870951510646,46.210133361346536,46.83185337617683,40.719236269510354,45.86512740490871,5.23624355652661,14.412641533364933,10.499859386968325,6.894557414499748,1.7194979819076321,4.291703024603897,1.6255970210198947,6.81006829349278,42.59262801932363,38.357888888888844,36.48534782608692,29.455985507246343,31.579028985507215,28.065632850241514,35.65828019323668,23.17009178743959,23.17009178743959
138.0,47.82824450966822,50.77398724120431,45.64221672441601,42.583948235446464,46.222393315140074,46.84793816011787,40.720960237130264,45.89729992698003,5.239580548727447,14.428034677244503,10.496962276881925,6.930790808044659,1.7097050889076388,4.2995867049969565,1.6625163205011324,6.880552048127938,42.59716425120768,38.3800289855072,36.493845410627976,29.45381642512074,31.571019323671464,28.067821256038616,35.66140579710141,23.163212560386444,23.163212560386444
140.0,47.85326763069976,50.811138926245576,45.682020371866685,42.59819942211147,46.21959157585043,46.86043951508298,40.71495161516148,45.92238564524335,5.215227450980392,14.425523529411764,10.462839215686275,7.044201960784314,1.6962686274509804,4.275429411764706,1.6621411764705882,6.922749019607843,42.603574879227004,38.409178743961306,36.509082125603825,29.452130434782575,31.56407246376808,28.07028985507243,35.66488405797097,23.155956521739103,23.155956521739103
142.0,47.87614161354463,50.844510773329645,45.720717182091505,42.61543195825175,46.23167461645907,46.869860066325984,40.71191364845211,45.94893300374803,5.257029330378557,14.435548561679878,10.54708985308435,6.921557540821036,1.7324969511414634,4.2845373713696135,1.6329353467703251,6.87678383190874,42.61498067632846,38.43768115942025,36.529256038647304,29.451024154589337,31.556555555555523,28.072531400966152,35.667492753623144,23.151178743961324,23.151178743961324
144.0,47.90421080971153,50.88178502880053,45.770590784543664,42.63398203222355,46.236111598534805,46.88954245856818,40.71753041075663,45.9648254600821,5.1732705801778485,14.487506042928196,10.542333355904178,6.959461892360341,1.712403904830087,4.304575295452732,1.590962780934987,6.8518359018290145,42.630376811594154,38.465671497584495,36.556183574879185,29.450594202898518,31.548613526570016,28.074086956521707,35.66923188405793,23.14873429951688,23.14873429951688
146.0,47.93326753188099,50.925187711959474,45.803673556848985,42.64568358395229,46.2557088187743,46.89837139261618,40.7235351652679,45.9950753193705,5.225071063272727,14.445960232727273,10.591307947054545,6.900910824145455,1.7079442874181818,4.3223931653818175,1.6393693306181818,6.853093216581819,42.6470289855072,38.49441062801928,36.59050724637677,29.449714975845374,31.54277294685987,28.073323671497555,35.67192753623184,23.146685990338135,23.146685990338135
148.0,47.950729647487115,50.96924929950905,45.8412476964169,42.655711195445235,46.261433048106895,46.92510716876493,40.73443057753365,46.02245917056001,5.193200583650473,14.317468236651608,10.531544014186737,6.972675502204362,1.725578719073802,4.269584534232742,1.6903306115716543,6.910489217020204,42.66464734299512,38.523333333333284,36.62809178743957,29.449038647342963,31.539734299516876,28.070434782608665,35.67623188405793,23.14609661835746,23.14609661835746
150.0,47.97217967747108,51.00263796986429,45.874103594478235,42.67765856533195,46.269842962293,46.93544957574749,40.73608096764386,46.04106479541703,5.300152492584073,14.436235998220425,10.569717440818604,6.970767038861073,1.697510650103705,4.284487415603831,1.6949145830614885,6.990540840848677,42.679893719806714,38.55374879227049,36.667246376811555,29.448565217391273,31.537768115941997,28.06561352657002,35.67919323671494,23.15042512077292,23.15042512077292
152.0,47.997553042159694,51.04224520567929,45.89726158609574,42.69190221371981,46.275216173934766,46.95077905804166,40.75082182815928,46.05500669378498,5.2372476183966095,14.427145108525199,10.456347708465689,7.022307811080105,1.7268533337622338,4.253472778229017,1.6704795808571038,6.84329480011902,42.69238164251203,38.585888888888846,36.70505797101445,29.449468599033782,31.536318840579675,28.057830917874366,35.6802560386473,23.159526570048286,23.159526570048286
154.0,48.01937821783726,51.07307272715055,45.92985020403961,42.70467529967171,46.29595340768661,46.962555684054536,40.75304476409082,46.0665992870123,5.306608568802396,14.470949519634578,10.568040482840088,6.925807604536318,1.7196638103992012,4.300188566681254,1.6334780940933522,6.945027138665363,42.70528019323667,38.61163768115937,36.74039130434778,29.451700483091752,31.535386473429917,28.047835748792238,35.680642512077256,23.169048309178713,23.169048309178713
156.0,48.039047604073325,51.10826509448864,45.9606194224923,42.722300422044945,46.304558215709655,46.97974529743898,40.75831843975797,46.08728298797666,5.336242845811122,14.479432007430303,10.399660610187789,6.902436446191466,1.7217359664753604,4.295079301334605,1.6376162505722167,6.864760088477608,42.71748792270527,38.6270869565217,36.770840579710104,29.45338647342992,31.535526570048273,28.03755072463765,35.68035265700479,23.177637681159393,23.177637681159393
158.0,48.04922713421288,51.13142907895146,45.983226836005024,42.74374903547583,46.30608903148722,47.00572791281118,40.76750668299512,46.11632823306675,5.1650960340252094,14.428214777292531,10.469447480933058,6.930190077839257,1.732413849608776,4.239470281676218,1.6578198154264177,6.901578228073332,42.72847342995164,38.63546859903377,36.79450724637677,29.455652173913013,31.53846859903378,28.028294685990307,35.67938647342991,23.18692753623186,23.18692753623186
160.0,48.06345362768552,51.152314659825144,46.005781295724006,42.76157300462873,46.3131011262916,47.022244932352244,40.76873846268361,46.129792034138134,5.3232125407790445,14.398013666910604,10.653109350832468,6.9931581328894215,1.7295481706058486,4.233602135119703,1.6296701691743936,6.955306782523381,42.73887922705308,38.63632850241542,36.81422222222218,29.45840096618354,31.544115942028952,28.019608695652142,35.67774396135262,23.199154589371954,23.199154589371954
162.0,48.072676285647894,51.17865801679741,46.03080576537177,42.77726410958907,46.33012071351182,47.04263268161389,40.7792401545233,46.14275318233164,5.229868688845183,14.529345234779958,10.509589556195927,6.967159139594652,1.6845347765063103,4.214639130623516,1.646207826703486,6.823351312891165,42.74812560386468,38.63534299516904,36.83094202898546,29.461536231884025,31.550545893719775,28.011685990338133,35.67420289855068,23.212347826086933,23.212347826086933
164.0,48.082292952259756,51.20456914766924,46.05030232733686,42.78859236709545,46.346145401586156,47.06308701660181,40.78515316173964,46.168260215558085,5.280696448718182,14.375639057283431,10.542858568883718,6.940665679021322,1.7443526611891733,4.246395268997025,1.6977970408509504,6.884071002157066,42.7556328502415,38.631748792270486,36.84379710144923,29.46373913043475,31.555787439613496,28.002323671497553,35.66931884057967,23.22271014492751,23.22271014492751
166.0,48.106325603099656,51.238067543544936,46.06369157732807,42.80291087822704,46.362171766281826,47.07420625198131,40.79249605539157,46.18840673321765,5.233426171491667,14.345747508717581,10.517649504613821,6.913623175255386,1.7558020150316058,4.2668323457502035,1.6937404202281505,6.839659594123374,42.7614251207729,38.62013526570044,36.85314009661831,29.465468599033784,31.561425120772913,27.99231884057968,35.66482125603861,23.229999999999972,23.229999999999972
168.0,48.11702597592207,51.26948052670213,46.08237455141985,42.81720358960257,46.37366470936412,47.094206950138705,40.79853710393798,46.21078377489679,5.22675515562399,14.439621142314516,10.530775851893328,6.937590610351729,1.6916842510867385,4.307892606016124,1.6737216768877472,6.920971414519357,42.769178743961305,38.610347826086915,36.86059420289851,29.46835748792267,31.57021739130432,27.986690821256005,35.66183574879223,23.240594202898528,23.240594202898528
170.0,48.13829740083076,51.30642351660196,46.1040536538204,42.83686084410911,46.370218088893225,47.112966213367386,40.80388438777548,46.22773772026781,5.205723088619711,14.438429143853943,10.543234141383996,6.991057289694138,1.7536306595278282,4.253172394203853,1.6616030089638565,6.943232122972583,42.78023671497579,38.604009661835704,36.866705314009614,29.472212560386442,31.581318840579677,27.982028985507217,35.65848792270528,23.256758454106254,23.256758454106254
172.0,48.15051221799408,51.33410025231416,46.1261374280517,42.853751879043436,46.37177054571108,47.13765714676267,40.805027812393405,46.2400411681483,5.171862544931327,14.345051276719206,10.571777964811124,6.96248462029255,1.7000866630432785,4.268790268577085,1.6589492363315559,6.9204471817654305,42.7893864734299,38.58542995169078,36.86854589371976,29.476840579710114,31.595154589371944,27.977971014492724,35.653507246376776,23.270681159420263,23.270681159420263
174.0,48.17384542794588,51.3660791229024,46.15241138066458,42.876022165897076,46.38183485079569,47.14296589606226,40.80910036271457,46.256120412205206,5.273300038745968,14.435649982414406,10.481216655461855,6.894150020007219,1.7340000061117153,4.284033315997588,1.6608666640528513,6.84731667506547,42.79689371980671,38.55215942028981,36.86571497584537,29.48204830917871,31.610420289855035,27.974758454106247,35.65044927536228,23.278903381642486,23.278903381642486
176.0,48.201587096536514,51.39358238833475,46.18278476887012,42.89309622445952,46.39046554277935,47.14503845123229,40.81942115156864,46.271141158648476,5.191665754330437,14.437790356058915,10.531500545266123,7.033067849970362,1.711801063837069,4.31063048753609,1.6794272746687402,6.898573222546063,42.805454106280145,38.5154444444444,36.86151207729465,29.48764251207726,31.622241545893687,27.96958454106277,35.64864734299513,23.2822222222222,23.2822222222222
178.0,48.22000856179393,51.41980891277935,46.212422355398054,42.919444759140866,46.40203404158712,47.15612830476587,40.818388951280944,46.289605268264296,5.2614448979591835,14.501238775510204,10.486648979591838,7.021018367346939,1.7146755102040816,4.320302040816327,1.6351,6.841920408163266,42.81171497584536,38.479164251207685,36.856285024154545,29.49525603864731,31.632396135265665,27.964420289855042,35.64865700483088,23.28143478260867,23.28143478260867
180.0,48.234067546177926,51.445445025306306,46.23010735258099,42.93949551320272,46.407626443587375,47.17095207679498,40.821013429647884,46.294986004056064,5.264347928842604,14.455974169089208,10.550737109286855,6.937726798035927,1.7363103112509286,4.278495365875223,1.678996903985548,6.840931960259325,42.815893719806716,38.441086956521694,36.8510483091787,29.503521739130402,31.64205797101446,27.962410628019295,35.65347826086952,23.276130434782583,23.276130434782583
182.0,48.26364924120381,51.47151749492368,46.2521949632619,42.9586926301967,46.4196208736992,47.17960671445891,40.81612032699243,46.30777524126459,5.214883474529303,14.431288667373966,10.563628875235546,7.011329385652378,1.6916809224451448,4.230119059080616,1.6802757850231984,6.912877845164764,42.82055555555551,38.406724637681116,36.845038647342946,29.510468599033782,31.646352657004794,27.961874396135237,35.658888888888846,23.264676328502393,23.264676328502393
184.0,48.27786259471799,51.491094543580154,46.27203827557424,42.97780371741438,46.42555884164048,47.19340803705066,40.81779920604066,46.32308129056949,5.22183747244361,14.458264957614421,10.505086691401193,7.010232728801447,1.7259748594730284,4.274816598865107,1.6569037669599949,6.825516598865107,42.82704347826082,38.38150724637677,36.83871497584537,29.517125603864702,31.64518357487919,27.961734299516877,35.66366666666662,23.247821256038623,23.247821256038623
186.0,48.296260259940496,51.511996310076945,46.30060072341676,42.99119651026653,46.43063513990032,47.19786082093549,40.816951804512506,46.34114479447071,5.18766313791115,14.411273715285075,10.37301576985885,6.977936841339391,1.711531581216619,4.358373700464034,1.6810842225958922,6.866147371824929,42.83552657004826,38.36421256038643,36.834980676328456,29.523299516908178,31.642009661835715,27.96391304347823,35.670159420289814,23.22931400966181,23.22931400966181
188.0,48.31010161382407,51.54531875873786,46.32348929379867,42.993146352128015,46.446904272052535,47.20786781940742,40.80991902957298,46.36362042447692,5.244168949528999,14.415074070830155,10.48034163133129,6.793139168142674,1.716106101898429,4.218595984047426,1.6234177647164312,6.934773098029839,42.846222222222174,38.351792270531355,36.83561352657001,29.52879710144924,31.637845410627982,27.96668115942026,35.67706280193233,23.210507246376785,23.210507246376785
190.0,48.314310586879984,51.57153629699342,46.34702252294051,43.00572971559892,46.46202938514698,47.217143988106685,40.817246747972455,46.38527614864265,5.219113846838532,14.343983065671198,10.551441548392518,6.988426152295006,1.7512584669674776,4.317383076305042,1.6903384605084026,6.893659996928001,42.8563478260869,38.345975845410585,36.83948792270527,29.533425120772915,31.633101449275326,27.96826086956519,35.682454106280154,23.190357487922682,23.190357487922682
192.0,48.33365015063451,51.60000779469473,46.3778604139383,43.01654467348051,46.47173521174676,47.23621920545797,40.81853436776762,46.40222344249905,5.3693289308287815,14.39431845363421,10.387350611108731,6.907954307854186,1.6945636681570397,4.240402467004726,1.655231845363421,6.8896702342975304,42.86551690821251,38.350270531400916,36.84374879227049,29.536990338164216,31.627584541062767,27.96860386473427,35.68679227053136,23.16961352657002,23.16961352657002
194.0,48.34573711716322,51.62638076211547,46.39585346577239,43.02933532495335,46.483192004326376,47.23427536010577,40.82099396106916,46.426338959169286,5.214871340735873,14.556190061365124,10.431212865567115,6.906808774808412,1.7117087748084119,4.245294151524996,1.625071929236237,6.711475432692236,42.87573913043473,38.36457971014488,36.847985507246335,29.538077294685955,31.62292753623185,27.968787439613493,35.6917101449275,23.15203864734297,23.15203864734297
196.0,48.35656804855965,51.65369356495345,46.41609094856951,43.04246482059973,46.48732063070499,47.241311271455466,40.82254929682945,46.442359280647764,5.2324355582915025,14.443161847529467,10.46277475112561,6.974306197315429,1.6962762780214617,4.21397988115786,1.652601035876972,6.866868540350377,42.884801932367104,38.38886956521735,36.85240579710141,29.540096618357456,31.61958937198064,27.969840579710112,35.698236714975806,23.140270531400944,23.140270531400944
198.0,48.37427586484682,51.681199187200214,46.43242054085819,43.05307121873207,46.49699522674121,47.24330995946446,40.82671671176103,46.4587517480081,5.368410016543512,14.466478361832085,10.564367296975341,6.958731664745595,1.681169875113206,4.26699094146221,1.6759618197348922,6.934889441740079,42.89109661835744,38.420169082125554,36.852995169082085,29.544681159420257,31.616251207729434,27.971570048309147,35.704400966183535,23.13042512077292,23.13042512077292
200.0,48.38519744351282,51.71631486741213,46.448311558075766,43.063705418058696,46.51301453326486,47.25370382898043,40.82934460647428,46.48571998829208,5.182275625400369,14.466367714535478,10.463796393824389,6.89020232228366,1.7161299443053026,4.211020758986241,1.6605244406640893,6.8805409987766275,42.896618357487874,38.448888888888845,36.84934299516904,29.548685990338132,31.611594202898516,27.973782608695622,35.70883574879223,23.120492753623164,23.120492753623164
202.0,48.390375490820105,51.74292708083531,46.47310320314531,43.07464693330051,46.53103236834795,47.26748102679269,40.83150564293799,46.51218773523123,5.267760821724851,14.494602302467039,10.715301364350632,6.949850689312646,1.7374092176543314,4.2429253517936525,1.6425069151872929,6.8852691363005745,42.90214009661831,38.467710144927494,36.84281642512073,29.55201449275359,31.604855072463728,27.978111111111083,35.71317391304344,23.109637681159395,23.109637681159395
204.0,48.39681534495115,51.7657337839275,46.505761015444385,43.092063258991715,46.55234623097262,47.27827052633975,40.836299731239315,46.54036925150972,5.1778016370438396,14.472014258779165,10.546042838102514,6.906892107351933,1.754098424721177,4.253925393007008,1.6406920553392876,6.990047567189773,42.90721256038643,38.48598067632846,36.83111594202894,29.554570048309145,31.600048309178707,27.985014492753596,35.71722222222218,23.09692753623186,23.09692753623186
206.0,48.40085164218739,51.788799871017225,46.52325199779758,43.115824351743825,46.56775765166029,47.3006981563945,40.84242292069784,46.57865508249064,5.226432528898224,14.230577801591723,10.382030820009431,6.976166020832441,1.715741873490791,4.269140038864361,1.6431567562547331,6.830550163601812,42.91438647342991,38.51350724637676,36.81732367149755,29.55625603864731,31.599362318840544,27.99317391304345,35.72078743961349,23.086159420289828,23.086159420289828
208.0,48.42371289896475,51.81876254034647,46.55344275524972,43.132765798422135,46.58478714615234,47.31361750896957,40.844768878422585,46.60724498823543,5.192162439719778,14.515912688117828,10.599093902259948,6.972764978798775,1.7093644674483548,4.345416244699694,1.6890593903299542,6.809251780370121,42.92378260869561,38.5480289855072,36.80629951690817,29.556975845410594,31.602603864734263,28.00188888888886,35.72367632850238,23.08230434782606,23.08230434782606
210.0,48.43691766058009,51.84758907205496,46.57734124295386,43.145357080439624,46.60455333504519,47.33413145376912,40.8587403444551,46.631462862101465,5.2172155962865565,14.674409132336596,10.448124666562492,6.8694571290518125,1.7234246798612058,4.3712675383972615,1.655974021852001,6.857838961902514,42.933695652173874,38.581869565217346,36.798077294685946,29.556632850241513,31.607801932367117,28.009855072463736,35.725695652173876,23.08250724637679,23.08250724637679
212.0,48.45574958401139,51.87238341495898,46.59297762855955,43.15765768711283,46.61605657414942,47.34329761858997,40.86450352593157,46.658633897737765,5.266013287382917,14.47876895333181,10.448570198173325,6.966130384146134,1.7451031789392841,4.366604450514998,1.6542082385079402,6.977357017727204,42.94297584541059,38.60724154589368,36.78964251207725,29.55390821256035,31.61236714975842,28.013927536231854,35.72847826086952,23.082690821256012,23.082690821256012
214.0,48.483354647126376,51.900840198558384,46.61430164871199,43.185249646586186,46.62216436877492,47.35872761592805,40.86813949093679,46.682358352018795,5.154234883720931,14.485162790697675,10.499559302325581,7.003859302325582,1.7468116279069767,4.260968604651163,1.6811011627906978,6.874459302325581,42.9534251207729,38.62946859903377,36.78393236714972,29.549864734299483,31.620314009661797,28.01694685990335,35.731260869565176,23.08838164251205,23.08838164251205
216.0,48.49588753202606,51.93521786713794,46.6424024346912,43.206177594728,46.62405604282635,47.37387108393426,40.87338595998872,46.69680200899189,5.240934188418821,14.54825371287829,10.518549958972603,6.932342658251896,1.7608173659738044,4.358071055407868,1.6414405232104579,6.904274195452089,42.969241545893674,38.65560386473425,36.78257971014489,29.548565217391268,31.63383091787436,28.024149758454072,35.7345024154589,23.10328019323669,23.10328019323669
218.0,48.51587085691204,51.952314899974425,46.665295629706144,43.224642098713744,46.618562221600264,47.38860724907839,40.88576939395188,46.70927101166444,5.265329956770281,14.525854597974167,10.560093820894892,6.934858709020179,1.7544371047172649,4.313605200234359,1.654462895282735,6.842125705320053,42.98924154589368,38.67334782608691,36.78291304347822,29.54864251207726,31.649676328502377,28.03173913043475,35.737454106280154,23.120227053140074,23.120227053140074
220.0,48.53665038692816,51.97399347012433,46.690102684028545,43.249551621742114,46.62140525016575,47.39831428146736,40.88984465045174,46.728478547540405,5.219579619820879,14.415635563433359,10.574895386806528,6.996701944038715,1.651169550324093,4.297051288835292,1.6670548177333755,6.767968532562648,43.0068599033816,38.678159420289816,36.78460869565213,29.548729468599,31.667004830917836,28.037140096618327,35.739367149758415,23.131980676328475,23.131980676328475
222.0,48.56320969640986,51.98977030811814,46.72197279088439,43.27426200537902,46.62066627755342,47.401939353894015,40.89837443770914,46.74995885795448,5.264865288888888,14.506175470814815,10.556321315081481,6.930693083377777,1.7231731439407407,4.28489909357037,1.635907855051852,6.880195834666666,43.022183574879186,38.67991304347822,36.78912077294682,29.55045893719803,31.683096618357453,28.041381642512047,35.74314492753619,23.140806763285,23.140806763285
224.0,48.58665077659898,52.017691765439565,46.74443563553799,43.28984314881684,46.617455521132044,47.40629928821634,40.91169816352275,46.75616606282228,5.250918647693617,14.506351619676597,10.492389345089363,6.9569999616,1.7025638590638297,4.367588305838298,1.625562749412766,6.894146834246809,43.036507246376765,38.6813140096618,36.796111111111074,29.554859903381608,31.69757971014489,28.044270531400937,35.746913043478216,23.14763768115939,23.14763768115939
226.0,48.606344723123385,52.050825026102686,46.76204244445168,43.313174033447204,46.62839113336995,47.417729256340635,40.915713635956024,46.76598456062673,5.2466483075630945,14.510344797842034,10.604204940924552,6.9406950931247,1.7303349727416835,4.164651340216326,1.6376842684896888,6.925817753279132,43.048729468598985,38.678560386473386,36.80589371980672,29.55996135265697,31.712463768115907,28.04743961352654,35.7506714975845,23.15456521739128,23.15456521739128
228.0,48.621977922731546,52.06886083345406,46.77685867687302,43.322437659305194,46.62966308978815,47.427390354968075,40.923146510319036,46.77655708847276,5.264509512789078,14.442589937003357,10.549958217029033,6.841816553696374,1.683958256908469,4.255532078760599,1.6829824176714785,6.910476899772687,43.06140096618353,38.67578743961348,36.820053140096576,29.56561835748789,31.72614009661832,28.051347826086925,35.75324637681155,23.163077294685966,23.163077294685966
230.0,48.63846824942455,52.082791499484216,46.7977889707671,43.3298791733514,46.63498610315499,47.43263173803607,40.918651268124826,46.791197879540285,5.377315486298634,14.521402098237669,10.445485337400774,6.896058569633662,1.7193518853504686,4.2435661026807185,1.635861502710496,6.884966929165064,43.07651690821251,38.6808792270531,36.837840579710104,29.572908212560353,31.737618357487886,28.054072463768087,35.752859903381605,23.170454106280168,23.170454106280168
232.0,48.64758216762027,52.1051838408012,46.817235347131486,43.34155335240516,46.64487456611733,47.43607183422597,40.9287414134784,46.80425182053034,5.214834864543024,14.401623263949105,10.595547049642509,6.886789065501289,1.7872774021461049,4.226131006046553,1.6079477471183494,6.755056236900651,43.091913043478215,38.68921256038643,36.858603864734256,29.57990821256035,31.747734299516875,28.05613526570045,35.75256038647339,23.17885024154587,23.17885024154587
234.0,48.66900743315227,52.12968085081086,46.83223730461991,43.347494609218586,46.65087338834039,47.443683757873416,40.93012238193366,46.81676329908956,5.253034721256898,14.496652192571304,10.509617352589803,6.912452233382885,1.7082435212232592,4.257891328651956,1.6637217327855514,6.958612972394057,43.105473429951644,38.696879227053095,36.87934299516904,29.586521739130397,31.756753623188366,28.05748792270528,35.75299999999996,23.188072463768087,23.188072463768087
236.0,48.68117712135804,52.16345669258897,46.84095352820313,43.358884428817596,46.668703120501156,47.46101217023639,40.92317557934637,46.8278335326669,5.161346153846154,14.481876923076923,10.535230769230768,6.994546153846154,1.7239153846153845,4.278376923076923,1.666053846153846,6.861946153846153,43.115685990338115,38.70541545893715,36.89828019323667,29.59265217391301,31.764990338164218,28.056908212560355,35.751227053140056,23.194975845410603,23.194975845410603
238.0,48.695272729942765,52.185966661281114,46.845677823342406,43.37854248352206,46.67248619028837,47.459799402547425,40.92978874995483,46.837136552721574,5.381813158154352,14.488988783824793,10.409983906211561,6.981275121287842,1.7417341487872464,4.2735487788796185,1.6898243908134682,6.828801957089391,43.12159420289851,38.71513526570044,36.91481159420286,29.596980676328467,31.77280676328499,28.054396135265666,35.74668599033812,23.202512077294664,23.202512077294664
240.0,48.71252433736654,52.21107436964352,46.85963656547766,43.393278076372354,46.67933404567486,47.466883835950846,40.922297427513584,46.848163247076315,5.283137305711853,14.315493285767722,10.466568391815425,6.908266322591942,1.7156544054563831,4.271264247399543,1.653995337084464,6.867069942539255,43.12701932367145,38.72695652173908,36.92706280193233,29.599966183574843,31.778787439613495,28.051777777777748,35.74120289855068,23.212507246376784,23.212507246376784
242.0,48.72623718494408,52.24558145318644,46.8694552334416,43.39326862870927,46.68610913377086,47.46624515152919,40.92388099432769,46.85784889856916,5.258611080533333,14.528290772622222,10.50755043128889,6.933605514666667,1.6982277653333333,4.164008760888889,1.6715134321777776,6.896587034311111,43.13213043478256,38.738748792270485,36.937937198067594,29.603241545893685,31.781516908212527,28.04970531400963,35.73598550724634,23.220835748792247,23.220835748792247
244.0,48.74693593846625,52.26747182427607,46.87965709747293,43.40624689972953,46.687848503074385,47.48266066082861,40.922779314859696,46.867128306918914,5.220850521739131,14.565710325843478,10.597034255165218,6.949523327582609,1.7299358875826087,4.282846194226087,1.6548891428173913,6.842948325982609,43.13466666666662,38.751951690821215,36.946685990338125,29.60966183574876,31.782579710144894,28.04827536231881,35.7328599033816,23.223990338164224,23.223990338164224
246.0,48.75401399462124,52.29248086772976,46.895428668270974,43.41867288256415,46.699926387391365,47.49570096288301,40.921618843652226,46.87026265219395,5.200105741261088,14.561592837754745,10.640204782791894,6.952413389906493,1.7280823137017614,4.255478971002173,1.6396803872093053,6.881359334326303,43.13536714975841,38.76431884057966,36.94890821256035,29.616082125603832,31.782956521739095,28.047028985507215,35.729444444444404,23.220811594202875,23.220811594202875
248.0,48.761990148626076,52.325764373587106,46.90417524356496,43.429851155380035,46.70514398645234,47.502301593101485,40.91184481490579,46.875330323131934,5.1815761694621445,14.463140495883888,10.532802371533792,6.950330938434476,1.702726209995453,4.246457142944218,1.6772666686984115,6.959692836027224,43.135574879227,38.76929951690817,36.94680676328498,29.620579710144895,31.77940579710141,28.043111111111077,35.72518357487919,23.213695652173886,23.213695652173886
250.0,48.771633718384116,52.35170874453912,46.917250725179514,43.4382747274265,46.71317435090837,47.520522098831215,40.912346695623896,46.89142201949024,5.173251316072276,14.460662051640796,10.556472240848004,7.038553509183825,1.7112374556620473,4.3250171309117835,1.6811615206120998,6.837843812673776,43.13545893719802,38.77115458937193,36.940140096618315,29.625454106280163,31.77411594202895,28.038492753623157,35.72195169082122,23.204420289855047,23.204420289855047
252.0,48.77706336330428,52.370814765718016,46.93564409058653,43.45322435365204,46.73191502250389,47.52992562753356,40.91154593273333,46.90108757008489,5.1193000256,14.374886963409836,10.59344054295082,7.016806553495082,1.7606049135213115,4.34739835362623,1.645663110190164,6.8817052995147545,43.13401449275357,38.775990338164206,36.92866666666663,29.627560386473395,31.771101449275328,28.03331884057968,35.71740096618354,23.19236714975843,23.19236714975843
254.0,48.78322773463172,52.39464249844264,46.95612746785676,43.46306201747156,46.73714668273993,47.54804516457987,40.91810307664808,46.92308556606208,5.20094500608,14.591964988159999,10.71486308464,7.014246845600001,1.75467061552,4.2851837673599995,1.63361752512,6.88151320304,43.13388888888883,38.78521739130431,36.91701932367146,29.628579710144898,31.76959903381639,28.027734299516872,35.71340579710141,23.181792270531375,23.181792270531375
256.0,48.80032771911772,52.41564995696067,46.980524846625116,43.47212932653445,46.74321238502329,47.56092795026736,40.920597954953365,46.93629449240839,5.167556054145875,14.516135949576844,10.712359507118185,6.946208439295861,1.6735640277236563,4.210317310260553,1.6445852453248488,6.937417741929382,43.134729468598984,38.79735748792266,36.905705314009616,29.628367149758418,31.767067632850207,28.023106280193204,35.711236714975804,23.173396135265676,23.173396135265676
258.0,48.80557101079234,52.43232267166373,46.99003479548974,43.48553846689578,46.761443887830914,47.5820929354522,40.92328480890787,46.93933626839589,5.243695942730261,14.568206767156648,10.558594194236417,6.917062140372938,1.6865595753316727,4.358066387056211,1.630896892981353,6.907331645589768,43.13557971014488,38.80551690821252,36.89232850241542,29.625555555555522,31.762140096618317,28.015975845410598,35.70794202898547,23.162497584541033,23.162497584541033
260.0,48.812068474796504,52.4496484412844,47.020277229464,43.50192191909235,46.759128917880574,47.58704394422866,40.9248203455249,46.95472160953773,5.193054269023753,14.374715067074552,10.644115580618104,6.902690951882307,1.7171417025152313,4.2844557795519105,1.632441207496295,6.879836672438457,43.13970531400962,38.80875362318836,36.876367149758416,29.621777777777744,31.75762318840576,28.005884057970984,35.70417391304344,23.150463768115916,23.150463768115916
262.0,48.82823435550846,52.47001960222082,47.04341710568476,43.51060794843979,46.767591123617045,47.601520234977414,40.927826525140034,46.97258285414633,5.1771404494348765,14.390631745444535,10.531174555995868,6.909824315237754,1.6742450991591962,4.235875757270836,1.6504757365540959,6.83406940403858,43.1491980676328,38.81449275362314,36.86277777777774,29.617444444444416,31.755705314009624,27.997801932367118,35.70175845410624,23.139869565217364,23.139869565217364
264.0,48.8336633470823,52.50089935966413,47.06806137491043,43.5182413843628,46.7704420477751,47.614693344988495,40.9364670858302,46.97656847307048,5.262579507403649,14.50302048734507,10.553574350383803,6.984869203866517,1.7266512750765046,4.326584576201985,1.6685846255640202,6.890189759478233,43.16197584541058,38.82533333333329,36.853565217391264,29.615396135265666,31.756178743961318,27.991908212560357,35.702521739130404,23.13089371980674,23.13089371980674
266.0,48.84453416510857,52.52456177236006,47.09188501628486,43.53219765914962,46.76542927266931,47.63400788447734,40.949988622821145,46.998834506867766,5.283624210919671,14.577812792109865,10.580135999412777,7.002807114735282,1.7073066409534359,4.272745483057294,1.701045033298189,7.004904753833629,43.17413043478256,38.837285024154546,36.84657487922701,29.614869565217358,31.758231884057935,27.984777777777747,35.70528985507243,23.122507246376784,23.122507246376784
268.0,48.85351414009027,52.54677518510014,47.121704396729506,43.55314449064128,46.77562305932545,47.63702504837058,40.95977167391561,47.02198520951681,5.314999029973467,14.706177384207182,10.583095081768748,6.977945813702444,1.6757797827907306,4.289703446797349,1.6369881780853706,6.858113792233734,43.18527536231879,38.84696135265696,36.84087439613523,29.615719806763252,31.761004830917837,27.97777777777775,35.70706280193233,23.114251207729442,23.114251207729442
270.0,48.86494494588229,52.57044986614255,47.1508306921203,43.565193612694344,46.78463311941896,47.643976240791396,40.96596314228892,47.03802419408992,5.262361360630301,14.533000423753066,10.571352022244955,6.870766650883461,1.7640800811083348,4.22819390230577,1.6832658616537817,6.878315436079577,43.197323671497536,38.853927536231836,36.83426086956518,29.61962801932364,31.76658937198064,27.972227053140067,35.709618357487884,23.10744444444442,23.10744444444442
272.0,48.875412810678796,52.60222666868781,47.17254763630791,43.578022127002804,46.79719933526626,47.65032503921504,40.97136118760572,47.04654139208369,5.1276149681762995,14.533406575978317,10.493182030033234,6.951537732852605,1.7231377445029004,4.386929913052009,1.6641467032731196,7.013173608709515,43.21091787439608,38.86254106280189,36.827434782608655,29.62527536231881,31.77642512077291,27.968222222222188,35.714082125603824,23.100961352656977,23.100961352656977
274.0,48.88803204459044,52.62103298863031,47.190430704756075,43.58947309905273,46.80738046300021,47.65970250926438,40.979188261519326,47.06863684994501,5.295101561333333,14.272503133333332,10.520317149066667,6.970074965333334,1.6631249941333333,4.339871904533333,1.6142281104,6.811362436266667,43.225478260869515,38.87236714975841,36.823999999999955,29.63073913043475,31.788299516908175,27.965859903381613,35.719149758454066,23.097280193236692,23.097280193236692
276.0,48.89718554080777,52.635271066702025,47.203408099249046,43.597127925865365,46.80605258259463,47.666914636261886,40.98003376317621,47.09161185575583,5.365748102958087,14.412040697918544,10.655829604987803,6.9530408095291625,1.7317852040076882,4.3046592749915,1.6253851845029195,6.869333363312885,43.24347342995164,38.88122705314005,36.82568599033812,29.637096618357457,31.802999999999965,27.965236714975813,35.7228985507246,23.10010144927534,23.10010144927534
278.0,48.91341464850602,52.64547035146638,47.2233377943054,43.605412771187,46.80888928748797,47.66516732538199,40.98398972371067,47.10091689708121,5.2294315936124,14.513857926832555,10.557957855422076,7.00246840719602,1.7741842110085315,4.321505283297493,1.6418421068516333,7.039363183721645,43.26319806763281,38.88754589371976,36.82934782608692,29.64420289855069,31.820091787439576,27.966449275362287,35.72578743961349,23.105917874396113,23.105917874396113
280.0,48.93039739961025,52.67431835179559,47.23500471500463,43.61601530496337,46.82726435861025,47.67201657294155,40.99375314654804,47.120120833901495,5.259243695667405,14.534953168199971,10.53611682538656,6.885519487245819,1.71369737963966,4.279854749470484,1.6881015737252556,6.813708437215368,43.27994685990333,38.88965217391301,36.83296618357483,29.650086956521704,31.8373140096618,27.967768115941997,35.729449275362285,23.113666666666642,23.113666666666642
282.0,48.94561193038682,52.69722213831994,47.24395905468212,43.637275380221546,46.82595612418413,47.68583855093725,40.99337332465263,47.130573258376785,5.263531700890804,14.505939571745222,10.46798811983327,6.976780201580863,1.68755247236279,4.301841586159787,1.699670303765352,6.899710875050534,43.29441062801927,38.896062801932324,36.838647342995124,29.655777777777747,31.85540579710142,27.96863768115939,35.733690821256,23.12106280193234,23.12106280193234
284.0,48.96766045650346,52.72249779715393,47.262679262120784,43.660655930824745,46.84638470135834,47.68927550426317,40.98676113497193,47.148990185503315,5.204675742742209,14.551291305190713,10.510064997819027,6.912767949401444,1.7037358939562837,4.247056346629186,1.641987364900887,6.893367004313478,43.30723188405791,38.906864734299475,36.84722705314006,29.661082125603834,31.87266183574876,27.970280193236682,35.73831884057967,23.127599033816402,23.127599033816402
286.0,48.99091394334754,52.732701710028685,47.27450009035641,43.67591237588989,46.85088400424237,47.693783868103395,40.99190529814871,47.16308827863352,5.200408383498381,14.423015824358542,10.580655921461178,6.974530200288444,1.7275460449242264,4.2808247542018245,1.6427148533321843,6.945774760284996,43.31843478260865,38.91557487922701,36.85831884057967,29.66580676328499,31.889154589371945,27.9739178743961,35.74436231884054,23.134545893719782,23.134545893719782
288.0,48.99946172076588,52.748629157302055,47.29217036321621,43.68684449938795,46.85167718781152,47.70371035944188,40.99169322467445,47.17963693353774,5.25491476827158,14.552268357777534,10.543926145680084,7.020469188642683,1.7634438764201508,4.299009284691213,1.652845143457099,6.766329970122555,43.33047342995164,38.92541062801928,36.871536231884015,29.671584541062767,31.906130434782575,27.977772946859872,35.74985024154585,23.138903381642486,23.138903381642486
290.0,49.013905644342266,52.769555977669846,47.31399404091076,43.69986675395586,46.86078633369473,47.71484088056414,40.99454690190116,47.19202000160361,5.345132359684913,14.453541660279916,10.525972013623658,6.990613667861334,1.71647515813174,4.297022366140568,1.6924677188641863,6.899445973166101,43.345246376811545,38.93658937198063,36.888318840579664,29.67887439613523,31.92300966183571,27.98067149758451,35.75524154589368,23.14184541062799,23.14184541062799
292.0,49.02511382814015,52.78344257059913,47.330923702060346,43.72208808862023,46.86239321146974,47.7199191673878,40.99423703170404,47.2037838899424,5.177236775396865,14.504123439120406,10.636252017825935,6.86518678519277,1.6559541003048486,4.300890832599729,1.6683408149670989,6.948661157797671,43.360492753623134,38.949980676328465,36.908328502415415,29.68635748792267,31.939816425120735,27.98443961352654,35.762821256038606,23.145719806763257,23.145719806763257
294.0,49.03908197420939,52.81091130567065,47.344150737508286,43.737148637330066,46.87561925310624,47.71685166559189,40.98358648988209,47.21474124869766,5.321558943434377,14.419522834037874,10.572100010395943,7.004486807808912,1.6817116446251028,4.275691858937456,1.6586060863045153,6.960550253596021,43.373999999999945,38.96712077294682,36.92884541062798,29.69211111111108,31.955352657004795,27.98725120772944,35.7694444444444,23.148652173913018,23.148652173913018
296.0,49.05776390451577,52.83583993011871,47.34891331052218,43.748492066887756,46.883216290709235,47.72813446403154,40.98049632512606,47.23489499687724,5.141523076923077,14.618471153846153,10.57746153846154,7.048984615384615,1.6914384615384617,4.282367307692308,1.6519961538461538,6.921813461538461,43.384159420289805,38.98051207729465,36.94897584541059,29.695990338164215,31.96776811594199,27.988454106280162,35.77436231884054,23.149371980676303,23.149371980676303
298.0,49.07256917890215,52.85322500636009,47.365789374092145,43.76492249490406,46.89948839418033,47.73846856826952,40.98589240311428,47.26068773202488,5.335467820892045,14.57790051903744,10.55175122576794,6.931485757651495,1.7636199051707195,4.223287654237107,1.657008051510644,6.89001332099032,43.38991787439608,38.98803864734295,36.96842995169078,29.699628019323637,31.979990338164214,27.990999999999968,35.77860386473426,23.149608695652148,23.149608695652148
300.0,49.084245812063855,52.871624436598914,47.39266444020097,43.770829087347,46.91941998906864,47.74128218131499,40.9857034718226,47.27742889716737,5.3184373762344235,14.386408054427116,10.60482829237767,6.977233328851181,1.7532333340228952,4.27533233148617,1.6430050499199675,6.823536356113871,43.39317391304343,38.99414009661832,36.985695652173874,29.702227053140064,31.993724637681122,27.99361835748789,35.781975845410585,23.149265700483067,23.149265700483067
302.0,49.10145522131236,52.88547206498656,47.41219376869761,43.78074868210887,46.92030278626745,47.76208893219559,40.98430261594174,47.30862496844409,5.22844225488346,14.423303146422665,10.623830851806447,7.014541180343963,1.7139464037961871,4.286820605611147,1.648072181395674,6.89373401366828,43.39699999999995,38.99776328502411,36.999816425120734,29.70481642512074,32.00707246376808,27.995038647342962,35.78611111111107,23.15007246376809,23.15007246376809
304.0,49.11322762189331,52.91196745765365,47.42676639716138,43.787146273376756,46.92598615169475,47.77358424451972,40.987367198136184,47.32751624145347,5.351523860034783,14.43839127707826,10.685080431026087,7.068076558747826,1.7506662850782608,4.3096624704,1.6736206369391304,6.811018983791304,43.40146859903376,38.99901449275358,37.00973913043474,29.706028985507213,32.01935748792267,27.995768115941996,35.78964251207725,23.150758454106253,23.150758454106253
306.0,49.12798775484649,52.938382431957194,47.44802928631559,43.79163754127026,46.9457615664085,47.78843361239684,40.99088038947726,47.35253827859451,5.258202541205749,14.492322382723344,10.574489446424154,6.950267910769394,1.690537959085356,4.2909771987111425,1.6283767950519616,6.877100861974916,43.40670048309174,39.00157004830913,37.01671014492749,29.705719806763252,32.03050724637678,27.995661835748763,35.790599033816385,23.14822705314007,23.14822705314007
308.0,49.13285290465685,52.96067028128423,47.47759769116142,43.80257593320564,46.95580590452796,47.797220078491904,40.994368975577125,47.38291473626205,5.315579904749787,14.501179273080908,10.448988700549567,6.890400568350511,1.693422483776562,4.310543204939438,1.6527650915844134,6.870213595877338,43.41286473429946,39.00607246376807,37.023101449275316,29.705570048309145,32.04105314009658,27.9957487922705,35.79183574879223,23.14415942028983,23.14415942028983
310.0,49.14606019594135,52.988534143452256,47.495315034817516,43.812508784832296,46.96882920566135,47.8111558141587,40.9949310239852,47.403519023187826,5.257649031678407,14.486748519255357,10.614715995695251,6.91339948757695,1.6961625388143182,4.290655935566997,1.673149041551684,6.9316506578070465,43.41835265700479,39.012594202898505,37.03128502415454,29.704260869565182,32.0521449275362,27.99583574879224,35.79381159420286,23.140188405797076,23.140188405797076
312.0,49.156632242019576,53.02301141537401,47.51718409652168,43.83177032535169,46.977734430647104,47.824244752697616,40.997478558559806,47.421787752028344,5.193282404186563,14.535405536287668,10.594165827484357,7.065854275584554,1.7144532667647785,4.3297738787460895,1.6549407034723367,6.996191966748312,43.42277777777773,39.024908212560334,37.04068115942024,29.7035217391304,32.06315458937194,27.995729468599002,35.79520772946856,23.136724637681134,23.136724637681134
314.0,49.159639596289516,53.04817654792978,47.53674546684807,43.85160784135543,46.980477304364264,47.835465265644864,41.005172475231895,47.447386397702005,5.263400004571428,14.606824979199999,10.584449998889797,7.0468499672816325,1.7476500001959183,4.238924994742857,1.6444999932081632,6.918074995330612,43.427579710144876,39.03902415458932,37.04775845410623,29.703908212560354,32.071661835748756,27.995840579710116,35.79592753623184,23.134782608695623,23.134782608695623
316.0,49.166559782119556,53.06914573179073,47.55422834160289,43.87584558415705,46.994100433575476,47.83502626519325,41.00421899409444,47.462885948181764,5.213795384615385,14.538510769230768,10.724138461538463,6.9054400000000005,1.7519600000000002,4.321383076923077,1.650693846153846,6.896178461538462,43.43362801932363,39.05161835748788,37.050811594202855,29.70297584541059,32.07885024154586,27.997183574879195,35.794652173913,23.134772946859876,23.134772946859876
318.0,49.18777290257842,53.094803859072194,47.56183558571566,43.89361602982132,47.00700964837589,47.8459276590604,40.999129794580135,47.46737608361993,5.2196,14.48110487804878,10.614834146341463,7.102068292682927,1.6928268292682926,4.27469268292683,1.657321951219512,6.928682926829269,43.44061835748787,39.066671497584494,37.05173913043474,29.70005797101446,32.088903381642474,28.000169082125574,35.793666666666624,23.13650241545891,23.13650241545891
320.0,49.20366752477263,53.1181348604444,47.57053472755064,43.90730094314894,47.01518987156236,47.85706646359145,41.0065494857241,47.47976250494843,5.21208605810848,14.498160463920042,10.567376752559705,6.910799982853939,1.6848767368424813,4.315239537985076,1.6148720947843824,6.865799997142323,43.447642512077245,39.07976811594198,37.05426570048305,29.697439613526537,32.10240096618354,28.004603864734268,35.7952560386473,23.139777777777752,23.139777777777752
322.0,49.22192474096435,53.139759022080135,47.57935367081407,43.918308444799735,47.01965071979864,47.85481822953103,41.01343175917923,47.49307321386481,5.331321557668437,14.495669716200078,10.619211870915247,6.987224860203388,1.7072210720992118,4.421778759632855,1.635982188368756,6.749674105557685,43.45496618357483,39.087111111111064,37.057942028985465,29.696753623188375,32.1175410628019,28.009072463768085,35.796275362318795,23.146231884057944,23.146231884057944
324.0,49.236037268160366,53.15914225891397,47.5914094413166,43.92587798536509,47.02980201189118,47.860221444821406,41.0114688545488,47.49978770005333,5.203149990912,14.630675157504,10.514949854975999,7.10565004672,1.728549976832,4.280425025024,1.648174976,6.937749990912,43.4640289855072,39.09212560386469,37.062367149758416,29.699028985507212,32.13374396135262,28.015159420289823,35.79597584541058,23.156323671497557,23.156323671497557
326.0,49.24954037393406,53.18086367006972,47.61424297009547,43.93097227418941,47.03211811895224,47.877577100874056,41.01147626558731,47.50152337264809,5.3330489146340305,14.57815914251611,10.467056790266525,7.055959613745616,1.7002008033973193,4.327691780611218,1.687621788333356,7.142043943599949,43.472618357487875,39.09339613526566,37.066536231884015,29.702294685990303,32.149207729468564,28.023845410627985,35.79721256038643,23.166908212560358,23.166908212560358
328.0,49.26928330389955,53.20794309084394,47.627134909255744,43.94241225496273,47.048471095839645,47.89826562467768,41.01079750769352,47.50904026015933,5.246478850007725,14.518164328383625,10.581696473967513,6.870363873673622,1.6883581671307368,4.300787222784219,1.6821612136426534,6.886600897014725,43.481521739130386,39.09192270531397,37.0724444444444,29.706405797101418,32.16390821256035,28.03311111111108,35.80166666666663,23.17723671497582,23.17723671497582
330.0,49.28659040220037,53.22305473909443,47.63889693439224,43.95901405417216,47.05728435148956,47.90234816445351,41.003606187141315,47.50743483193547,5.293644030688176,14.608133655919968,10.692540403976093,6.947756482638419,1.7414813451544358,4.307405695935568,1.6490544038646728,6.85702590508631,43.49090821256034,39.09535748792266,37.080864734299475,29.712439613526534,32.178995169082086,28.0415410628019,35.80624154589368,23.186512077294662,23.186512077294662
332.0,49.30674934239213,53.241332691710376,47.662035236677404,43.9685483267444,47.07680379542225,47.90448422228616,41.00142349495156,47.52342867215783,5.240256466880449,14.452884697932156,10.46619283297771,6.97339999681531,1.6851832546551593,4.339752148195873,1.658053111442101,6.888880859278349,43.49972463768111,39.09806280193232,37.090743961352615,29.718473429951658,32.19379227053137,28.04949758454103,35.80966666666662,23.196937198067605,23.196937198067605
334.0,49.32004826388939,53.25806492230592,47.67440232932124,43.98242353931653,47.076514619876384,47.914073186115736,41.00502016194508,47.53200366039976,5.164712619321426,14.474224117604484,10.630349198626448,6.843290631207328,1.7074843102879798,4.278982147021689,1.6354240950872143,6.90892406131131,43.50931400966178,39.09858937198064,37.10098067632846,29.72441062801929,32.20944927536228,28.057294685990307,35.8136714975845,23.206492753623163,23.206492753623163
336.0,49.32012444406185,53.27708886545637,47.686717994952424,44.000192327141065,47.08271503443431,47.92493413021451,41.009965497644515,47.539410135346294,5.2349512231964095,14.52659549376175,10.575903497521512,6.930056724014081,1.7610482488830246,4.312010949798511,1.6741049728971058,6.871585086021122,43.52101932367145,39.09964734299513,37.11098067632846,29.730154589371946,32.22594202898547,28.06459420289852,35.81633333333329,23.21376328502413,23.21376328502413
338.0,49.3314249823945,53.30114114906154,47.69852292226927,44.01963747913957,47.1012729919135,47.934528402010244,41.00703535445971,47.540586904179655,5.20777538102233,14.599416653547241,10.632309146315587,6.9917689511806795,1.7336625328384914,4.337029375237005,1.6509032206705556,6.927386613121159,43.5350096618357,39.09661352657,37.121830917874355,29.735608695652143,32.240246376811555,28.073454106280163,35.818729468598995,23.222159420289827,23.222159420289827
340.0,49.349244169103265,53.3243453059716,47.70731064947659,44.031443845293836,47.10411101761166,47.93031931367155,41.007273095551696,47.54732406306577,5.190956573032352,14.554496839540326,10.547230404747927,6.969750801373554,1.737284253994805,4.31386544885765,1.6649444804542055,6.854158691264104,43.547850241545845,39.09014975845407,37.13447342995165,29.739454106280157,32.25233816425117,28.082314009661804,35.822541062801896,23.230265700483066,23.230265700483066
342.0,49.368685950186055,53.34263937811014,47.710146869250686,44.047882931773,47.11311112070335,47.944041400129265,41.00430604981486,47.55564781907399,5.234335884146102,14.589099970067663,10.542689756839145,6.990989747386829,1.7179589690672925,4.339615416729026,1.6547589848211544,6.80586664513639,43.55850241545889,39.08677294685986,37.1478792270531,29.743371980676294,32.26519323671494,28.090217391304318,35.82644927536228,23.23606280193234,23.23606280193234
344.0,49.395822636261414,53.35383523369593,47.719022000896246,44.058772624327986,47.123670147832975,47.95542806468943,41.011929858405914,47.569116030552195,5.2488118302332945,14.553015027621885,10.602432654323632,6.985440825636787,1.712742432063329,4.2854077407105935,1.6596457067743888,6.9361411866491265,43.56770531400961,39.086217391304295,37.16327053140092,29.74721739130431,32.27878743961349,28.09860386473427,35.83035748792266,23.240531400966155,23.240531400966155
346.0,49.41363578869242,53.375613476625965,47.73569611401452,44.0697214807738,47.142306935290215,47.965577744265524,41.02201903010818,47.58649228856939,5.186879618152201,14.60828280282611,10.555340764021713,6.9090878977173595,1.76502483967382,4.342073246521578,1.6342280256521888,6.962630570325838,43.5768019323671,39.09118357487918,37.18416908212556,29.751449275362287,32.2931449275362,28.10708695652171,35.832946859903345,23.244033816425095,23.244033816425095
348.0,49.426594187312695,53.3909210367238,47.75076167504294,44.075860945246944,47.14733965366084,47.979467401733736,41.02289496626165,47.60889364335164,5.241110227890022,14.471991222568967,10.6571673201537,6.975699511102286,1.7223331687440135,4.337091217698722,1.6564912241923822,6.903099524089607,43.58778743961348,39.10257971014488,37.207999999999956,29.756526570048276,32.308338164251175,28.114057971014464,35.834676328502375,23.245710144927507,23.245710144927507
350.0,49.43799210300912,53.40815425417659,47.75731097004102,44.08310439611885,47.15426271495455,47.998478213525416,41.032136202464166,47.632369126550294,5.273903035685831,14.534180626833468,10.678128534558649,6.961451001141549,1.7197357276268048,4.261937723118076,1.6420275588864537,6.953918332971973,43.59970531400961,39.117140096618314,37.23457004830914,29.761700483091754,32.32266183574876,28.119685990338134,35.83717874396132,23.250763285024128,23.250763285024128
352.0,49.441202817480395,53.42993782787768,47.76722303526945,44.086143102056965,47.16442266498539,48.005332375296845,41.04624333463183,47.655720446545224,5.251002432864948,14.51644444752249,10.617990830255975,6.950195652700861,1.6957739092795643,4.35191643024806,1.661785510157137,6.9408425244312975,43.61104347826082,39.135251207729425,37.2660676328502,29.76622222222219,32.33563285024151,28.127140096618326,35.840260869565185,23.258458937198043,23.258458937198043
354.0,49.44933496828857,53.43884213774995,47.77998263183435,44.09772932978422,47.17641713119322,48.014132972478656,41.04735324922949,47.68746429355898,5.342838456576,14.54498496896,10.521826513664001,7.026931487744,1.7324980052480001,4.314860488448001,1.659133003008,7.0250889968640005,43.62151207729464,39.15788888888885,37.30345893719802,29.768724637681128,32.34676811594199,28.136589371980648,35.843729468599,23.26276328502413,23.26276328502413
356.0,49.45455303673461,53.45064829471487,47.79634143342762,44.118052432779464,47.18672475561383,48.021150340275014,41.05054788206598,47.7097532404921,5.2618772763826085,14.596822877217392,10.528797878817391,7.009843396452173,1.7148195322434783,4.2062075041391305,1.6692945914434782,6.896520583234783,43.629599033816376,39.184154589371936,37.34588405797097,29.77084057971011,32.35618840579706,28.146425120772914,35.84739130434779,23.263772946859877,23.263772946859877
358.0,49.4669090483824,53.47085652675438,47.81003844404483,44.12742925642076,47.1868383557603,48.02862482233131,41.05402038118225,47.72331390718601,5.252519999350634,14.397202931762866,10.544024878587278,6.936868296325712,1.726466828009156,4.260513664784754,1.645738047980659,6.950433173614259,43.63557004830913,39.2154637681159,37.39060869565213,29.77237681159417,32.36339613526566,28.156260869565184,35.85105314009658,23.26223671497582,23.26223671497582
360.0,49.47201631921462,53.47834465127135,47.820184098802855,44.14717389565585,47.195299033700834,48.0313944687303,41.062329999278674,47.73728832609912,5.331828573239727,14.48057148856595,10.590031462258919,6.949728604934945,1.693568580529627,4.227831467013202,1.6655914216890382,6.943465632874281,43.64086473429947,39.26046859903378,37.43597584541059,29.773140096618327,32.367241545893684,28.165710144927505,35.8545217391304,23.257125603864708,23.257125603864708
362.0,49.47481124980481,53.48474206115814,47.82796058628944,44.167717730532054,47.20623386449035,48.044594201171655,41.07100737696344,47.753805129137724,5.234349969459615,14.534136014300087,10.527514959399252,7.007278945099166,1.7066245580626616,4.238207009916643,1.6759008892641563,6.970082444668009,43.64387439613522,39.312835748792224,37.48380193236711,29.772937198067602,32.36892270531397,28.174386473429916,35.85760386473426,23.249236714975822,23.249236714975822
364.0,49.488194780892314,53.496848767548656,47.838145991086336,44.17556449092311,47.223632678539026,48.050736024393586,41.079201569052664,47.76196253342467,5.2183407496062175,14.578918456436028,10.613266818527203,6.9704726706474345,1.7446401110745138,4.218945885579554,1.681958595230253,6.942449061606243,43.64476811594198,39.36332850241542,37.535202898550686,29.77157487922702,32.37201932367146,28.183729468599,35.86010628019319,23.238748792270506,23.238748792270506
366.0,49.506934724197095,53.51042258822699,47.841287071753726,44.18779911685875,47.23594310950038,48.055412710800894,41.07744367881565,47.77506815127476,5.3412410712187715,14.586932863504877,10.617062802670812,6.976632833823691,1.7306265727009758,4.3298289881312355,1.6369512047470112,6.906980681010101,43.64671497584536,39.411188405797056,37.590072463768074,29.77068599033813,32.38015942028982,28.19400483091784,35.86366183574875,23.227014492753597,23.227014492753597
368.0,49.51652486949631,53.52376323706149,47.85624822348725,44.19770956663544,47.23757099083376,48.07064916097796,41.08353776408383,47.79442101246245,5.278494027181825,14.55705075978435,10.64016166486448,6.9122015035209525,1.7269124361115038,4.304158710550883,1.6802577135528307,6.944068641558313,43.64866183574874,39.455657004830876,37.64835265700479,29.77255555555552,32.39163768115939,28.202478260869533,35.86872946859899,23.21717874396133,23.21717874396133
370.0,49.52651266318859,53.54877682261731,47.88240049385343,44.19799682159844,47.24317604734914,48.06801617636638,41.09031133179295,47.795123448363384,5.192118869116456,14.475662116063559,10.540090475778062,6.990092058648218,1.7338641182134507,4.265702533509264,1.655366153987233,6.959879592845243,43.65138164251203,39.49602415458933,37.70642995169078,29.776516908212525,32.40301932367146,28.20941545893717,35.87399033816421,23.21000483091785,23.21000483091785
372.0,49.54215678584809,53.57005187941732,47.90792157215205,44.19944891936384,47.26052005517977,48.078382003516076,41.08688448038857,47.80295444134685,5.267178617457528,14.607019966803358,10.611160481351298,6.835835842608866,1.6727888547158758,4.201540480374927,1.6787632493653584,6.892946524116383,43.65686956521734,39.53167632850237,37.765009661835705,29.781347826086925,32.4139178743961,28.219304347826057,35.87934782608692,23.203304347826062,23.203304347826062
374.0,49.567269501853865,53.581822198781424,47.93013239506987,44.206753218094825,47.26149557716045,48.09176682800212,41.08679776808552,47.805461190516034,5.266025093632,14.419099925504,10.571900016896,7.0434749665280005,1.66684999808,4.2946000071679995,1.653199978752,6.849649932544,43.66351690821251,39.55849275362314,37.82189371980672,29.78522222222219,32.423946859903346,28.230028985507214,35.88592753623184,23.195541062801908,23.195541062801908
376.0,49.58925150878784,53.59191619856543,47.93892222236203,44.21930924441009,47.27293864004232,48.098766001559845,41.084735723444005,47.81555330664851,5.24879994051044,14.515290471918002,10.487185717629389,6.983047594573772,1.7463714576892695,4.379257191897717,1.6471809633407777,6.8819190551887575,43.67093719806758,39.57365700483087,37.87380676328498,29.790536231884023,32.43332367149755,28.23647342995166,35.89185507246373,23.18700483091785,23.18700483091785
378.0,49.59363324196353,53.607968806449044,47.95098225002282,44.228390637057466,47.289666775039024,48.10978066407865,41.07999995210628,47.82853614237109,5.288812094973475,14.612836371029573,10.538761527829674,6.9638484325161585,1.7026959651529472,4.2914959316660575,1.6693676925205285,6.948272727707622,43.6787439613526,39.58046859903377,37.91817391304344,29.79546376811591,32.44286956521735,28.240125603864705,35.89403381642508,23.17676328502413,23.17676328502413
380.0,49.60745318011798,53.630535860533364,47.97246723633711,44.241959604372994,47.290432909754756,48.127145213885946,41.07919718530952,47.834513951462,5.287841011222433,14.591979481041767,10.616399993435893,6.981143595948634,1.7154461566064445,4.298066662436464,1.6560487168266484,6.886702568972345,43.68715458937193,39.57683091787435,37.95307246376807,29.7969565217391,32.45157971014489,28.244251207729434,35.895367149758414,23.165661835748764,23.165661835748764
382.0,49.619641622900815,53.64750729126304,47.991197729551864,44.2636397005402,47.291292946698626,48.13954642151954,41.085481513230675,47.83975523652491,5.2940919722513655,14.423297528785215,10.6779306864206,7.015856703873001,1.7154034830810572,4.353068314143192,1.6736334957626806,6.813956654152751,43.6969903381642,39.56243961352652,37.97962801932363,29.797966183574847,32.45962318840576,28.24911594202895,35.89753623188401,23.153893719806735,23.153893719806735
384.0,49.619531079159124,53.6693214169946,48.006967294189614,44.28806365167167,47.3066855862805,48.16259885360943,41.085523024813654,47.84080928115209,5.125610383311765,14.46826589874094,10.594550271204524,7.0074144375807865,1.7561820723118347,4.37646010848181,1.6615479819290704,6.919178036169975,43.708468599033765,39.53811594202894,37.99901449275358,29.798396135265666,32.46712077294683,28.25503381642509,35.89922222222218,23.1428260869565,23.1428260869565
386.0,49.63078750911965,53.6954869461152,48.02007741592222,44.30463106448248,47.3147527321685,48.1685469686487,41.08567284772278,47.83899384163905,5.352653777478182,14.537974369648444,10.527606529412976,6.989764319529063,1.7216422037090402,4.247437680615017,1.6622366828585544,7.012870859748065,43.72120289855068,39.5076328502415,38.01310628019319,29.796927536231852,32.474144927536194,28.2605410628019,35.90032850241541,23.134429951690795,23.134429951690795
388.0,49.65370186942712,53.715480270714444,48.03911742651328,44.31438366427702,47.31647984821692,48.179766429357606,41.08881780372475,47.84544455436163,5.2561800089599995,14.544442974976,10.649876005632,6.9763729487360004,1.714752017664,4.25716997504,1.65990998912,6.803906043392,43.73358454106275,39.479637681159375,38.02270048309175,29.794019323671463,32.48376811594199,28.262347826086923,35.90075845410624,23.127676328502393,23.127676328502393
390.0,49.667420035453254,53.72872355865771,48.05094535127833,44.329266479110096,47.32482647829529,48.202141642295494,41.08876361920846,47.85373009235667,5.233344180286434,14.60629186192629,10.598662441279169,6.986811673733742,1.7360223321737525,4.325280710848556,1.6271116737337417,6.931634011625263,43.7457826086956,39.457526570048266,38.028739130434744,29.793130434782576,32.49484057971011,28.26499033816422,35.900415458937154,23.122758454106254,23.122758454106254
392.0,49.68783066637727,53.755041498211334,48.067160963026694,44.33732508588606,47.34664738702697,48.20953238756259,41.086777514959664,47.87408359456634,5.229648384859104,14.63764541553233,10.524941965585867,6.970738718787935,1.7085644916744889,4.2731031989011266,1.6684838733652463,6.854925781144623,43.7591400966183,39.44011111111107,38.032309178743915,29.79289371980673,32.50621256038644,28.27000483091784,35.9004251207729,23.12109178743959,23.12109178743959
394.0,49.69922580969419,53.78122533782659,48.07498679011201,44.35629655946678,47.36703591145521,48.219569432098325,41.08393908226076,47.88656692854123,5.223792911304348,14.591148440208695,10.592698341008695,6.943010891408696,1.7304635678608695,4.344256472765218,1.6147000256,6.871830479304347,43.77195169082121,39.422140096618314,38.03281642512073,29.791942028985474,32.51913043478257,28.274149758454076,35.90013526570044,23.12231400966181,23.12231400966181
396.0,49.711444015482655,53.79481980691303,48.084005844186144,44.365511088846354,47.36736061678298,48.23119050677369,41.08190439054415,47.90361890339869,5.280498480162598,14.450396977909024,10.626683306612811,7.002960621795154,1.718571206871139,4.275099995862629,1.6392318265976071,6.9090651626891875,43.78551207729464,39.39958454106276,38.02733333333329,29.792512077294656,32.53301449275358,28.27723188405794,35.89954589371977,23.125492753623163,23.125492753623163
398.0,49.72955098787644,53.81197657605627,48.10036467889038,44.37921914427704,47.37995313980141,48.23731948112384,41.076871550102176,47.91947186733191,5.341831103483586,14.568360245710139,10.554684466526156,6.962249513600303,1.7386417486031853,4.419284489143618,1.626874754190444,6.861582517447756,43.800512077294634,39.37619323671493,38.017202898550686,29.796236714975812,32.54606280193233,28.280884057970983,35.89930917874392,23.132125603864708,23.132125603864708
400.0,49.744800282554294,53.8240307727144,48.11447779770011,44.39691418120893,47.386922881686694,48.24047562171015,41.07649189576925,47.93884409976026,5.323375783736579,14.43404545827312,10.487636276187352,7.006115147216582,1.6752787967781688,4.293103028556737,1.6606727230413234,6.878203000851117,43.813420289855024,39.3538405797101,38.004420289855034,29.799318840579677,32.55825120772943,28.28434299516905,35.89707729468595,23.137628019323646,23.137628019323646
402.0,49.75567229856841,53.8363326491356,48.12982162374277,44.405862934205565,47.39041044301505,48.25399417738187,41.07033037169319,47.95770178534521,5.324278610082261,14.537521393469186,10.704289590414646,7.0149699393738505,1.729135839125397,4.259129481592409,1.6150289037424845,6.935333522398529,43.82430917874392,39.33500483091783,37.991077294685944,29.801565217391268,32.57072946859899,28.286845410627986,35.8935024154589,23.138507246376786,23.138507246376786
404.0,49.76990300607318,53.862722183680646,48.153002318012156,44.42345745992013,47.404639223527155,48.27230979735252,41.077820676186334,47.97466948514449,5.160814935693617,14.471389390161702,10.583436766502128,6.970447350740425,1.718364894093617,4.258083422910638,1.660639908493617,6.798752598059575,43.8344251207729,39.32524637681155,37.97758454106276,29.806386473429917,32.58404347826084,28.29002415458934,35.89041062801928,23.13655555555553,23.13655555555553
406.0,49.78345644206451,53.8828365198887,48.1648729156218,44.4326257495779,47.40176599569228,48.279267358740675,41.077925065069095,47.99508490445603,5.278164610965462,14.582912303749808,10.484593832896383,6.942384616111716,1.729953843608995,4.307141544585339,1.65910153691847,6.864033834261716,43.84501449275357,39.32722222222218,37.96205314009658,29.812367149758426,32.59878743961348,28.293685990338137,35.88902415458933,23.133454106280166,23.133454106280166
408.0,49.78973455053972,53.89602264543077,48.17638664039633,44.444079600577474,47.414463453978364,48.28411303697522,41.08742307290309,48.015430138689624,5.168335219993978,14.52318966052842,10.55269322794456,7.015429535340566,1.680584478456892,4.319114483484037,1.6656554539220354,6.963209894456478,43.85614975845405,39.33947826086952,37.94934299516904,29.819314009661802,32.61503381642508,28.29763768115939,35.88756521739126,23.130835748792244,23.130835748792244
410.0,49.804053209441534,53.91083721120987,48.18548259529353,44.447459354331514,47.42859882536526,48.29479953374476,41.086772966893584,48.03634991400947,5.304214912864562,14.505708630720225,10.591330188245475,6.977796472317344,1.6705101843904133,4.290669804526284,1.6987082368814959,6.907273327390113,43.86612560386468,39.35392270531397,37.941410628019284,29.825811594202865,32.631729468599,28.301685990338132,35.884859903381596,23.127285024154563,23.127285024154563
412.0,49.82036815049977,53.92888319721804,48.19796260769886,44.45182894063849,47.423714117748005,48.306701127278195,41.08912580482504,48.05379843659217,5.202275244673655,14.479544321771456,10.60304295643971,6.990545419001695,1.7368751217937977,4.278704824585901,1.6575969720665538,6.995842424580936,43.87628502415454,39.36838164251204,37.9354830917874,29.83222222222219,32.64909178743958,28.305637681159393,35.88273429951687,23.126212560386445,23.126212560386445
414.0,49.838508413442696,53.95043401436903,48.20492090944789,44.46717950296902,47.4186953312583,48.31218754960668,41.088440748872436,48.08226794036085,5.317472263348148,14.538604124444443,10.528497189214814,6.943523614340741,1.6943138640592592,4.230431933629629,1.6462986095407408,6.802309705481481,43.88557487922701,39.38596618357484,37.932454106280154,29.840082125603832,32.667386473429914,28.309299516908183,35.88241062801929,23.131077294685962,23.131077294685962
416.0,49.86088969063596,53.9695712053278,48.22167785353132,44.473519033043786,47.42862281656031,48.31718391176059,41.09118295345315,48.1043647994433,5.186685275317044,14.554213176597173,10.556707604761861,6.9566939386457465,1.7072989835367256,4.327444658889635,1.66869490832728,6.891951764776207,43.89171980676324,39.407294685990294,37.93261352657001,29.84910144927533,32.682053140096585,28.312478260869536,35.88211111111107,23.139386473429926,23.139386473429926
418.0,49.876229318406615,54.00248394273743,48.24205417427529,44.47386630596819,47.439867250236276,48.31868461269754,41.095466472447754,48.12202634171453,5.2375232415171205,14.630472014840716,10.646783873946124,6.939836088952086,1.750089094281981,4.265739355923608,1.670446924785767,6.9083909894093685,43.89966666666662,39.428111111111065,37.93442512077291,29.85899033816422,32.69392753623185,28.31802898550722,35.880661835748754,23.148091787439586,23.148091787439586
420.0,49.89514299774232,54.01544792045029,48.254996581926164,44.49118635023956,47.44276909525489,48.3259268414053,41.09865354469288,48.147491185149775,5.187015810164474,14.532736642747972,10.744086314383408,6.940220746405225,1.662828671764703,4.322430720272932,1.6591079253594774,6.851581170300939,43.90953623188401,39.44711111111107,37.936304347826045,29.869458937198036,32.70379710144924,28.324632850241517,35.87988888888885,23.154714975845383,23.154714975845383
422.0,49.908362008029606,54.03347858626123,48.26738521651044,44.50532736057937,47.43969470867271,48.337962865717635,41.09875897580312,48.164388980772394,5.203841201450066,14.585602026387289,10.687499000185246,7.072429146812737,1.745087433748765,4.276835680728223,1.6385849208329903,6.941884420925613,43.91844927536227,39.46228985507243,37.93534782608692,29.880217391304313,32.71000483091784,28.327971014492725,35.87979227053136,23.159729468599007,23.159729468599007
424.0,49.91836253880214,54.05856172207198,48.28806588369427,44.51791908277655,47.44682169183746,48.360250724069054,41.102408494113604,48.17354503369535,5.370922014384247,14.551031410787381,10.555238208054213,7.115924620892273,1.7398078490109825,4.265676957461124,1.6420329861920884,6.9852591559508594,43.927748792270485,39.46849758454102,37.93272946859899,29.890975845410594,32.71389371980673,28.32912077294683,35.87854589371977,23.1641642512077,23.1641642512077
426.0,49.921573178448526,54.08092296642184,48.31042804444028,44.52257311850294,47.45773118096478,48.380734173160576,41.10559196398029,48.177671775998135,5.268672094051289,14.520709806894931,10.691229499583127,6.978706550799894,1.705896737190212,4.3879851889363275,1.6188081998310122,6.971363917721908,43.93817391304343,39.47074396135261,37.93070048309175,29.90084057971011,32.71680676328499,28.332159420289827,35.87732367149754,23.167826086956495,23.167826086956495
428.0,49.93307976529889,54.10665057647065,48.337068278199894,44.54186058723264,47.45931987572559,48.383522418021535,41.11013528223418,48.17952698679044,5.256459701690235,14.650325364481244,10.521882101414112,6.9821880579298155,1.751116419263918,4.2990641788839685,1.6791746258391635,6.932756723177658,43.94868599033812,39.47342028985503,37.93024154589368,29.910140096618328,32.71891304347823,28.33699033816422,35.87912560386469,23.17234782608693,23.17234782608693
430.0,49.93756368643628,54.120703614677204,48.355098949675835,44.556686577822845,47.47971525410742,48.386495709811456,41.11770381387717,48.198980534870394,5.210769643549148,14.559710978178924,10.53451188357395,6.973941280376532,1.7492119674198707,4.281040330592488,1.696108257061729,6.987622020475315,43.957676328502366,39.47679227053136,37.93293719806759,29.917410628019294,32.72042995169078,28.340565217391273,35.88095169082121,23.178188405797076,23.178188405797076
432.0,49.947085362358344,54.15204284850084,48.37153045408416,44.57492864643672,47.49653488339704,48.39801313458914,41.12253193190166,48.20009725755134,5.3079936170212765,14.61567659574468,10.585893617021277,6.994476595744681,1.7327212765957447,4.433134042553192,1.6390893617021276,6.9053382978723405,43.96596618357483,39.4800483091787,37.93737198067629,29.921792270531366,32.721623188405765,28.342884057970984,35.88162801932363,23.185251207729443,23.185251207729443
434.0,49.96332811504518,54.17465380540348,48.3850413690549,44.58658645311229,47.50607911153184,48.40739924596781,41.130297652620165,48.20691388437625,5.114422177033402,14.722688619605558,10.62694483453956,6.911932012726853,1.7377763569572078,4.308066516345532,1.6443822701770183,6.859516778713922,43.97377294685985,39.484299516908166,37.94335265700479,29.924821256038612,32.722806763284986,28.34394685990335,35.882980676328465,23.19288405797099,23.19288405797099
436.0,49.97752185582203,54.19227963590002,48.39905055856492,44.59795224048432,47.5151800739802,48.42356710327146,41.126079969290785,48.21262163169146,5.281996756647393,14.357106443763307,10.566635474693868,7.015680713441229,1.7324709118135662,4.316287103527155,1.6288419417173734,6.893387108894893,43.97948792270527,39.48892753623184,37.9494637681159,29.926811594202864,32.72312077294683,28.342531400966152,35.88500966183571,23.19926086956519,23.19926086956519
438.0,49.981255205969155,54.20848036989944,48.415756067782446,44.60777053059968,47.529446993802566,48.43011641737542,41.12689356662804,48.21983940840604,5.233991525423729,14.46782372881356,10.541784745762712,6.99091186440678,1.7405372881355934,4.29243220338983,1.6467627118644068,7.1034033898305085,43.985106280193186,39.489710144927486,37.9560676328502,29.928681159420258,32.721705314009625,28.341019323671468,35.88771497584537,23.20438164251205,23.20438164251205
440.0,49.9937868512264,54.225208358413134,48.43864675140505,44.61845008973136,47.55204257137756,48.43683859829272,41.128126575645354,48.236522592539984,5.283564361986999,14.449150387376534,10.623145382971138,6.943114787056771,1.7412355751909399,4.244516009888192,1.6299159721949557,6.907315373343657,43.992623188405744,39.4878212560386,37.96470048309175,29.930743961352622,32.720700483091754,28.34118840579707,35.891096618357444,23.207024154589345,23.207024154589345
442.0,49.996386839448604,54.233613305083516,48.45531854922074,44.633912357499725,47.56331345008793,48.43914682944938,41.124071103948886,48.24062075504146,5.253605791507692,14.626096175261537,10.741259549046154,7.030633628061539,1.6895807803076923,4.3649999488,1.6636788391384614,6.893390422153846,43.99920772946855,39.48256038647339,37.97507246376807,29.93148792270528,32.72102415458934,28.339386473429922,35.89332850241542,23.204695652173886,23.204695652173886
444.0,50.0037100599546,54.24675623155569,48.47691830288547,44.64720303384995,47.56366107743712,48.453404650444675,41.12525249103556,48.25183362278236,5.273092810978068,14.553115926657878,10.541560941832365,7.016057494614108,1.7235681387692712,4.282478767094488,1.6642096513206874,6.962016474522443,44.00563285024149,39.47378260869561,37.98567149758449,29.93300483091784,32.721768115942,28.335565217391267,35.892536231884016,23.19902898550722,23.19902898550722
446.0,50.0182609172176,54.259616868319924,48.505062213959945,44.66482153676164,47.581051320683464,48.46148967792916,41.120960682915644,48.25559127412731,5.349968413212169,14.68167288922279,10.686686768277623,7.0310537010641365,1.6811236294356167,4.300047744627861,1.6751397062304463,6.9401306731640044,44.013845410627965,39.463106280193195,37.99676328502411,29.938608695652142,32.72442028985504,28.331454106280162,35.89162318840575,23.195830917874368,23.195830917874368
448.0,50.02543191979718,54.28335117099329,48.516397054849435,44.673866843889904,47.59126476300492,48.47468777211758,41.12850104395198,48.26963052683582,5.174932028364287,14.5735014706754,10.59630888609769,6.972174387649454,1.7392497540256935,4.333043353523277,1.6618640360468064,6.905105401093864,44.02275845410623,39.451483091787395,38.00978743961348,29.944405797101417,32.731690821256,28.326956521739096,35.89166666666662,23.193685990338135,23.193685990338135
450.0,50.02566341447595,54.30837153474107,48.52537627812675,44.67753692238628,47.5882617053528,48.486633423123116,41.13255934981368,48.283461098869445,5.195471387046396,14.567928582883752,10.581942859290704,7.010596251562752,1.7489629566520064,4.309606884776934,1.6960449919475105,6.915349673904652,44.03311111111106,39.44038647342991,38.02435748792266,29.948328502415425,32.742115942028946,28.323801932367118,35.89257004830914,23.190004830917847,23.190004830917847
452.0,50.02858232292161,54.33031275537172,48.54511546172352,44.686353378304254,47.604964531596515,48.48642956909174,41.135121885559414,48.296759271092974,5.2647903019434885,14.556326152280327,10.496161183540929,7.0413660592255125,1.7270301071099694,4.32076217224834,1.6153271846071826,6.910030150729415,44.045072463768065,39.4348599033816,38.03703864734295,29.953739130434748,32.754280193236674,28.322545893719777,35.89488888888884,23.186420289855043,23.186420289855043
454.0,50.04108222510776,54.34593969772832,48.56212583769363,44.68348097142646,47.609732238897884,48.478436475268644,41.133558729946714,48.30361922198335,5.160469203563523,14.55162561341599,10.53908714169811,7.0324538789945885,1.7675000039384654,4.216825607114443,1.611399990547683,6.886117915291486,44.05703381642507,39.43878743961349,38.04734782608691,29.96039613526567,32.76616425120769,28.321966183574848,35.89740096618353,23.1857874396135,23.1857874396135
456.0,50.0560326627534,54.35650210442727,48.571022553821685,44.686395020502765,47.621549236940744,48.48004360630633,41.13211004480889,48.31145793723443,5.231170063892375,14.674715825235634,10.636439273055267,6.993460751468113,1.7427495235885,4.341558880154844,1.6307850442078768,7.016504749400972,44.0673864734299,39.4452753623188,38.05957971014488,29.967502415458906,32.77570048309175,28.322062801932336,35.89828019323667,23.1867874396135,23.1867874396135
458.0,50.07065344456993,54.36894988263447,48.57529295640108,44.69091730694715,47.61610770778605,48.49178533764661,41.12701000013225,48.326893194227864,5.2506450954226125,14.625783371224953,10.555833660287002,7.038749323234226,1.7713944637564014,4.327592329806344,1.6539808595932979,6.924421692126858,44.076299516908165,39.452908212560345,38.07198067632846,29.974309178743926,32.784376811594164,28.32283574879224,35.898700483091744,23.186927536231856,23.186927536231856
460.0,50.08099071302394,54.388827334175204,48.57722370983071,44.70423110951212,47.609791921273626,48.49689081609727,41.134002528496,48.342793167456634,5.189973903280066,14.44968802366197,10.616834908793518,7.008766437870148,1.7229120677420962,4.246080558252052,1.665077845338135,6.83001351233869,44.08511594202894,39.462048309178705,38.08524154589367,29.980719806763254,32.79363285024151,28.324285024154555,35.899217391304305,23.189763285024128,23.189763285024128
462.0,50.10436950291174,54.409182183251396,48.59128886931139,44.7163950977136,47.62534994272778,48.496049624316285,41.1373586902218,48.35348809262027,5.236177779507732,14.576500052697057,10.60144445670383,7.053000001047953,1.7738111002157286,4.322533335079922,1.673066666117739,6.918888883316441,44.094574879227004,39.471787439613486,38.100101449275314,29.987289855072433,32.80308212560383,28.326410628019293,35.89916425120768,23.194024154589346,23.194024154589346
464.0,50.12811372771709,54.42780004533438,48.60665089855036,44.72641770831054,47.63176335811463,48.50106577268593,41.135788967624045,48.363221242521206,5.217692532864,14.493492477824,10.682570072575999,7.031897513088,1.7773749644799999,4.313990035712,1.667207499136,6.905422416768,44.10424154589367,39.485391304347786,38.11312560386469,29.99157487922702,32.81111594202895,28.329212560386445,35.8984444444444,23.197835748792244,23.197835748792244
466.0,50.13532731431466,54.45051759636815,48.621772689125656,44.738653220599,47.63257222844421,48.51316772649284,41.1398776770605,48.375355154761145,5.318222809960301,14.588857235049804,10.67569797339895,6.960257176208071,1.7516666302408308,4.326454697595513,1.638485086294843,6.904897487763594,44.11493719806759,39.50186956521734,38.125149758454064,29.994130434782573,32.81972946859899,28.332690821256005,35.89813526570044,23.20232367149756,23.20232367149756
468.0,50.13609802938286,54.465692494837356,48.63707905709901,44.75468041174302,47.6317748029174,48.51782440963547,41.140726782662725,48.37928880585321,5.262521503055852,14.555564939702393,10.657085533479197,7.0301677787919425,1.7401355167913373,4.301959814435777,1.6382644832086628,6.841539703111598,44.125705314009615,39.520231884057935,38.13523188405793,29.99668599033813,32.82909178743957,28.335019323671467,35.899917874396095,23.207391304347798,23.207391304347798
470.0,50.150647037223344,54.49291245544612,48.64796532221258,44.76270741331301,47.64619256615323,48.53046128449757,41.13053713863672,48.38911977073704,5.290046558966031,14.480485195338902,10.617644978131633,6.9852174585286635,1.792181477106955,4.296514816580678,1.6581656091650738,6.804484665865707,44.13620772946855,39.53886956521735,38.143082125603826,29.99792270531397,32.83876811594199,28.3373719806763,35.90247342995165,23.214164251207702,23.214164251207702
472.0,50.16776923343209,54.50970139375124,48.65598078179814,44.772754944253535,47.65582641284253,48.548449174693026,41.13278663634791,48.39025382762196,5.327149001984,14.63520511488,10.689143077888,7.000242006272,1.737141011456,4.2697440727039995,1.670502002432,6.9674250112,44.147932367149714,39.55734782608691,38.15088888888885,29.998299516908176,32.850149758454066,28.34152657004828,35.90570531400962,23.220768115942004,23.220768115942004
474.0,50.17800704177399,54.52418633602894,48.65119744386247,44.78038670180354,47.662576347615115,48.55602777065082,41.12129586268822,48.40213736878791,5.236863628370988,14.59543432828488,10.643501986455282,7.031953489226027,1.7166858879444764,4.315015115626592,1.6551878795714718,6.929934328284879,44.15936714975841,39.57578743961348,38.15788888888885,30.000671497584506,32.86285024154585,28.346260869565185,35.90951690821252,23.22593236714973,23.22593236714973
476.0,50.18611773003874,54.54504637418156,48.65902346149865,44.79638921950316,47.67772623862646,48.56083449890955,41.12060681619072,48.41501463828176,5.259202204842538,14.574860706336617,10.547179485003873,7.001774651074138,1.7027497854182807,4.3147462930854275,1.657430562831249,6.943939308419719,44.16839613526566,39.59486473429948,38.16276328502411,30.001241545893684,32.87592753623184,28.3497487922705,35.913811594202855,23.232608695652146,23.232608695652146
478.0,50.20941413428888,54.55811651975591,48.65664255474932,44.806514828349584,47.6984857786022,48.574242053119924,41.12442633832192,48.436770816501735,5.308685693639979,14.619600031527083,10.634800036571418,7.037300023708367,1.7340571396864188,4.237642813149064,1.652242853503731,7.037114335869372,44.174077294685944,39.61277777777774,38.16541545893716,29.99799033816422,32.88604347826083,28.350115942028953,35.91666666666662,23.240144927536207,23.240144927536207
480.0,50.22595783011849,54.576894787508586,48.65974413657732,44.81538479282388,47.70541904795116,48.58022888287439,41.125353118900975,48.451423008434716,5.279145085992153,14.539213492928827,10.726908276893935,6.99484507485018,1.7097699453247486,4.3054316057970095,1.652762180165697,6.943531605797009,44.17785024154584,39.62762801932363,38.16452657004827,29.9955024154589,32.89346376811591,28.34904347826084,35.91915942028981,23.247937198067607,23.247937198067607
482.0,50.234475838107684,54.5846556891496,48.66462198894184,44.821018727308385,47.709712680654555,48.596072711164,41.12530488899065,48.4707241948771,5.230199990259509,14.593943406374526,10.627931710167948,7.003259033243796,1.7606443857933691,4.245146835152183,1.6704004872742984,6.9581824370208585,44.180536231884005,39.64591304347822,38.16055555555552,29.9929178743961,32.899628019323636,28.3481642512077,35.92297101449271,23.253603864734274,23.253603864734274
484.0,50.24819075944054,54.586144771492364,48.67865635439028,44.832234313371,47.71251922195362,48.600388511086216,41.1211798690314,48.47748258119373,5.206434518094358,14.492961989415717,10.423568354551433,7.065855184665883,1.7503212606685137,4.426262671052999,1.6346896512659503,6.980501157297403,44.182352657004785,39.66814492753618,38.155135265700444,29.99059903381639,32.90537198067629,28.34850724637678,35.92800483091783,23.25598550724635,23.25598550724635
486.0,50.260123871436214,54.598089944308484,48.68639661894166,44.8391202238974,47.72497349217605,48.61407769463555,41.124553581682875,48.50169959129718,5.2513565265494115,14.58182173193921,10.564913035735355,6.968547827674253,1.7203217352783386,4.292404347768016,1.6295999979965228,6.915395652454594,44.184739130434735,39.68893236714972,38.14989855072459,29.991352657004796,32.91035748792267,28.351149758454074,35.933608695652126,23.25574879227051,23.25574879227051
488.0,50.268775480258135,54.60945794468743,48.69806419154093,44.84964034161126,47.74704686171751,48.6203253921198,41.126098292434385,48.519075885573606,5.315599995934121,14.576200002258823,10.651841164467829,6.970452930821322,1.716500007679994,4.320976469702423,1.6684941180279582,6.962441167329004,44.18673913043474,39.70479227053136,38.14530434782605,29.993811594202867,32.9148985507246,28.354821256038615,35.93673429951687,23.24994202898548,23.24994202898548
490.0,50.27269628301498,54.62615833357794,48.70906288057543,44.86408444623006,47.75428504959637,48.624045563630496,41.120778232729904,48.53068791772838,5.337769011291409,14.734866204231864,10.699423931758295,7.052390133826777,1.7178999963943642,4.280245058620426,1.6947802878451135,6.89353943512668,44.18739613526565,39.7146714975845,38.138811594202856,29.995434782608665,32.92057971014489,28.35647342995166,35.937937198067594,23.241043478260842,23.241043478260842
492.0,50.2864537087347,54.640024040729564,48.72010185490043,44.88327064194669,47.76307869922059,48.64349229602856,41.130227062693685,48.545049629890485,5.308833336522561,14.501143421248273,10.641413147935772,7.029346527512907,1.7074868424965446,4.249778748883232,1.6472555592763212,6.937118183122866,44.18997584541058,39.718690821256,38.1308792270531,29.99850724637678,32.92603381642508,28.357280193236683,35.940169082125564,23.233357487922678,23.233357487922678
494.0,50.29391840061716,54.6490485801158,48.736753217375764,44.889027076254926,47.779807767630736,48.65290238778462,41.13265603231857,48.56220729336227,5.243853527682656,14.61245294656222,10.687309999518117,6.903969977351513,1.7414588300490015,4.269200004818827,1.6520229480078668,6.974161193081368,44.19534782608691,39.71874879227049,38.123743961352616,30.0053140096618,32.93176811594199,28.357797101449243,35.94338164251204,23.2264106280193,23.2264106280193
496.0,50.300731870802615,54.66702204350015,48.74582350747614,44.90178906692362,47.78947324305652,48.66094232056497,41.14303832253036,48.57904133455238,5.229033806830127,14.699247825732073,10.595990824443415,7.019786958473597,1.7426096622037759,4.353103386124557,1.6650642506622606,6.935582130092482,44.20138164251203,39.72039613526566,38.11842028985503,30.012710144927503,32.935289855072426,28.357357487922673,35.94513043478257,23.217347826086932,23.217347826086932
498.0,50.31219907664953,54.687746663430566,48.763062736065656,44.91235468570109,47.806768457036625,48.66670630210611,41.14457512994539,48.58937239773064,5.224443369334159,14.715312676150726,10.721450823354697,7.041292178465448,1.705319373966283,4.363421504796983,1.6561005152165813,7.001525119086871,44.20773913043474,39.72505797101445,38.11409661835744,30.01994685990335,32.93528019323668,28.357690821256007,35.94536714975842,23.20753623188403,23.20753623188403
500.0,50.32171090238038,54.701197006584266,48.78042229791026,44.91761267119865,47.82283784017467,48.66987501237161,41.14220928947145,48.605479228589815,5.219360458133333,14.583669764533333,10.554055763333334,7.061161414666667,1.7721677042666666,4.2941719015999995,1.6489260381333333,6.886136971333333,44.2152560386473,39.73247826086952,38.11113526570044,30.028657004830887,32.935816425120734,28.358700483091756,35.946439613526536,23.19894685990336,23.19894685990336
502.0,50.34543270993642,54.71716669750486,48.79627429017997,44.92354299765193,47.83683416654983,48.67149394221217,41.15131262576621,48.61745964421587,5.276102636668232,14.609969402551512,10.702562739651892,7.020238347088364,1.7257782441047027,4.346217672760265,1.6346715139553207,6.855605195740583,44.22354589371976,39.7400676328502,38.112898550724594,30.038028985507214,32.93492753623185,28.36028985507243,35.94647342995165,23.18932850241543,23.18932850241543
504.0,50.36768012959567,54.72846844264692,48.80442949573278,44.945517858840525,47.83965493452463,48.67424174187997,41.14864146206031,48.630875686103984,5.301085583382708,14.580854126413772,10.600148963134703,7.087405663534407,1.7509788695891995,4.279226805425613,1.6518360778978456,6.994687641806092,44.23222222222218,39.74220289855068,38.119748792270485,30.049043478260838,32.932468599033776,28.362362318840546,35.94419806763281,23.17638164251205,23.17638164251205
506.0,50.37526801329458,54.74310403639406,48.81889048296735,44.95709491964593,47.84948691211072,48.68005186523853,41.15411449253658,48.63827880963385,5.235727253121776,14.578045409974685,10.598306070557692,6.953748481196942,1.680445463243337,4.2597999886222295,1.6703333340228952,6.92493636697447,44.242724637681114,39.74103864734295,38.130270531400924,30.059028985507215,32.93134299516905,28.364821256038613,35.94134299516904,23.164980676328476,23.164980676328476
508.0,50.38119608016134,54.765533947629926,48.836717807537184,44.980240719700525,47.8656360180326,48.68436230835955,41.16295372368517,48.65160827938307,5.273452627302823,14.656011559889894,10.595154741998984,7.052165258486069,1.7503136770113192,4.365614734965717,1.6435768389907126,6.928631583414961,44.25531884057967,39.73622222222218,38.1430483091787,30.06709178743958,32.930280193236676,28.367570048309144,35.93781159420286,23.159396135265677,23.159396135265677
510.0,50.39798370698548,54.78333222202065,48.855396957253994,44.993262324492655,47.875786696238535,48.69211009944237,41.15892205361046,48.65954760117079,5.292857351574463,14.573750223120582,10.55509003685918,6.98175639891388,1.7389838901843928,4.2727284303424575,1.6434966821884502,6.875031748154007,44.26727053140092,39.73217874396131,38.15539613526566,30.074115942028953,32.92683574879223,28.370512077294652,35.9353333333333,23.15489855072461,23.15489855072461
512.0,50.40604057047249,54.80558857397676,48.865095186965746,45.01126030038149,47.883933604191874,48.70055221756837,41.157469792210655,48.67378685368214,5.252224001959184,14.642142791314285,10.727878492342859,7.014236742269388,1.7286785627428571,4.299708709746939,1.6672045831836735,6.979268856555103,44.277019323671446,39.73272946859898,38.168753623188366,30.078541062801897,32.92156521739126,28.37355072463765,35.93568599033812,23.15163285024152,23.15163285024152
514.0,50.42143201614358,54.826191531930135,48.872648402964565,45.02761419006932,47.895305424179966,48.708004077534326,41.16060159867443,48.68181346916398,5.313614510867011,14.583788882925177,10.571347938767788,6.948465203056169,1.6919782221980375,4.342905326529754,1.6496985542806402,6.941186501507555,44.287178743961306,39.731425120772904,38.18568599033812,30.083632850241514,32.91802415458933,28.376589371980646,35.93709178743957,23.14974396135263,23.14974396135263
516.0,50.44145901651343,54.84477440544353,48.87364025803621,45.040192491775066,47.906013785082315,48.71470227366866,41.15356056391843,48.68134416389295,5.194451851851852,14.680170370370371,10.683820370370372,6.994466666666667,1.8219703703703705,4.348533333333333,1.6535592592592592,6.875688888888889,44.2991400966183,39.731434782608645,38.203884057970974,30.090879227053108,32.91676811594199,28.378309178743926,35.936599033816385,23.148154589371952,23.148154589371952
518.0,50.46745025000375,54.8611237799405,48.87544030914343,45.0452482351249,47.916448034634364,48.734271214653326,41.148145834432356,48.692927688067876,5.236238461538462,14.610876923076923,10.595496153846154,6.936369230769231,1.7290192307692307,4.279661538461538,1.6969730769230769,6.930646153846154,44.31129468599029,39.73467149758449,38.220990338164206,30.096990338164215,32.916574879227014,28.379169082125568,35.9348599033816,23.1487874396135,23.1487874396135
520.0,50.472299856718905,54.877830310066635,48.879235168743584,45.05584085324574,47.91322334605268,48.75013292620491,41.15094433507762,48.70370208509288,5.232616751478398,14.676566644669661,10.616850012942203,6.917050022613301,1.718616693736258,4.378766646660769,1.659916673256287,6.887650048213265,44.322033816425076,39.741874396135216,38.23698067632846,30.102328502415425,32.91622222222218,28.379579710144892,35.93247826086952,23.14869082125601,23.14869082125601
522.0,50.4882447252782,54.90003735541928,48.88755293200688,45.06121372007205,47.91345518613099,48.761534122344834,41.15272970552059,48.71928000508849,5.2202125376,14.713292658707692,10.488501940184616,7.019192290461539,1.7100793270153847,4.291226429538462,1.6740865467076924,7.009427345230769,44.33152657004827,39.75205314009657,38.25356038647338,30.109082125603834,32.91626570048305,28.381125603864703,35.93123188405793,23.149690821256012,23.149690821256012
524.0,50.500992989722086,54.91873894439145,48.906005130317546,45.068378333655296,47.920814942253045,48.76295844734371,41.16100547781513,48.73427163723134,5.372998072774976,14.5431650986579,10.70451578514148,7.105820089244703,1.7312258400528169,4.381832050803093,1.6521492860791247,6.909016756470731,44.341115942028935,39.763695652173865,38.270560386473385,30.114009661835716,32.91660869565214,28.384787439613493,35.9322946859903,23.155391304347802,23.155391304347802
526.0,50.51996647374342,54.93119233965409,48.90956178191821,45.073991086877754,47.9310078623771,48.76168648141852,41.16791914261883,48.74511983676963,5.220319006202324,14.569953141020239,10.713797392366669,6.986805116755349,1.6718443190729568,4.320399987686086,1.628478515460443,6.932043129159997,44.35031884057966,39.776545893719764,38.28654106280188,30.118091787439578,32.9165024154589,28.388545893719776,35.93384057971011,23.162743961352632,23.162743961352632
528.0,50.521757640340226,54.94736460015873,48.9204483101913,45.07805761705984,47.93402497936152,48.770166151646855,41.1669902509655,48.756258026846,5.272531340626322,14.539620107261483,10.675855592763211,7.054294969596748,1.7391444598590449,4.255635365905691,1.639198975740752,6.950046498809858,44.35865217391299,39.794014492753575,38.30301449275358,30.122913043478228,32.91880193236711,28.39403381642509,35.93586956521735,23.17109661835746,23.17109661835746
530.0,50.530753235060594,54.9615050591921,48.938946965921446,45.099831661689045,47.93281200572198,48.778313771724136,41.17181385541007,48.761493547375686,5.2102666518574905,14.668355586016707,10.527355595227291,7.0235111189370985,1.7045110848037537,4.316311159572033,1.6882777908411568,6.929888915196247,44.36745893719802,39.816560386473384,38.321444444444396,30.12705797101446,32.92396618357485,28.401710144927502,35.93838164251204,23.1797487922705,23.1797487922705
532.0,50.549727638355456,54.973236904323294,48.9564123424761,45.11553383373161,47.93780748983992,48.7885063600074,41.166758547779246,48.759892688572116,5.288442712750082,14.681446741597027,10.657414082568335,7.017661304776264,1.777261809443438,4.252343218832332,1.6509060347799687,6.98204020356496,44.37813043478256,39.83803864734295,38.34207246376807,30.13215942028982,32.93067632850237,28.41025603864731,35.94137681159417,23.18795169082123,23.18795169082123
534.0,50.56133517651887,54.99340210413739,48.96774567533547,45.126628829916115,47.945237960619735,48.798093116864464,41.170376568845825,48.76771380608106,5.349272398147368,14.683883293866666,10.661303072561404,7.028332448449123,1.7041328919578946,4.375986797136842,1.6367289451789475,6.853532049740351,44.38850241545889,39.85466666666662,38.363314009661785,30.135628019323637,32.938231884057934,28.416526570048276,35.943028985507205,23.19490821256036,23.19490821256036
536.0,50.57033139597929,55.008774926016805,48.990804605964705,45.14248917126325,47.95628886383195,48.800942963814855,41.17401360113469,48.76607837689438,5.245795055704462,14.652473727694433,10.498016397423774,6.975893446122511,1.697036084516342,4.337047516101415,1.6377803344505935,6.863541013144126,44.395236714975795,39.86556521739126,38.38475845410623,30.13604830917871,32.94715458937195,28.420328502415426,35.94268599033813,23.199772946859877,23.199772946859877
538.0,50.57633073018885,55.022881257023926,49.01691194643052,45.16258892093778,47.9664103839973,48.81261656700188,41.17194533660404,48.77509869334432,5.289091737420283,14.60882873806099,10.61966130466698,6.899943657633116,1.723469623679867,4.340449166019594,1.677313815518697,6.931277895170084,44.4004251207729,39.87339613526566,38.40839130434778,30.136178743961317,32.95557004830915,28.424420289855036,35.943299516908176,23.206526570048283,23.206526570048283
540.0,50.57619420620612,55.037701984705386,49.03448667643354,45.18108491262535,47.98559122630641,48.833854613642586,41.17078575852414,48.7862471537939,5.252521344691156,14.698612278290113,10.563405226402207,6.867401418676347,1.696926529599536,4.310299524034268,1.641459704277625,6.941610919549294,44.40738164251203,39.87775845410623,38.43442028985503,30.137555555555522,32.961603864734265,28.428512077294652,35.94542512077291,23.213753623188378,23.213753623188378
542.0,50.58297943014076,55.057252875829604,49.058216216538696,45.18715429980619,47.991907561011274,48.839453347702865,41.165530922904665,48.802432913610396,5.2761333504,14.647963236517647,10.711620129882354,6.939484783435294,1.7207210511058824,4.195328881694118,1.6712823683764706,7.028788279717647,44.41403864734294,39.87880676328498,38.460705314009616,30.139318840579676,32.96638164251204,28.432314009661802,35.946014492753584,23.21886473429949,23.21886473429949
544.0,50.59425735237214,55.08333715635653,49.08426218922226,45.20547552790863,48.008596172841116,48.8533701258514,41.165643027729615,48.80635211546517,5.347125326311617,14.648938191908037,10.719753410345707,7.019184736260936,1.7315045811036553,4.290210141849996,1.6610649820210086,6.883986604943515,44.42020289855068,39.87720289855068,38.48820289855068,30.141830917874362,32.969806763284986,28.437362318840545,35.94624154589368,23.224714975845384,23.224714975845384
546.0,50.602885167913186,55.11370416060052,49.105693036042126,45.21370511644009,48.02965194377233,48.85920890877949,41.161868561791806,48.827597921922326,5.282932166276923,14.560681760738461,10.627417792123076,6.942714412553847,1.786880291323077,4.276338478276923,1.680826921353846,6.857986552123077,44.425111111111065,39.87590821256034,38.516140096618315,30.144850241545857,32.972386473429914,28.444019323671462,35.947884057970974,23.23055555555553,23.23055555555553
548.0,50.61648695202955,55.132256886003276,49.12049539510749,45.22867977797498,48.03001122708961,48.86293717156676,41.16304935898868,48.84084638398816,5.219817346220408,14.793498943869388,10.683377069061224,7.031109700440816,1.7412229501387755,4.28103677270204,1.656554595787755,6.873017339820408,44.42677777777773,39.879024154589324,38.54261835748788,30.146913043478225,32.97523188405793,28.45086956521736,35.94971980676325,23.234463768115916,23.234463768115916
550.0,50.634836882800286,55.157955825036986,49.140450066408725,45.24478187244081,48.04837648910315,48.86858906889529,41.16556674811513,48.84814543512552,5.306107486696903,14.566414436341583,10.61777273108099,7.073562564051315,1.7392978604157054,4.330414435109498,1.6617791461376186,6.967905881700661,44.42739130434778,39.8864444444444,38.56761352657,30.151381642512042,32.978246376811555,28.457719806763254,35.94992270531397,23.235120772946836,23.235120772946836
552.0,50.643168060214805,55.17106003807368,49.15035995897352,45.26473887536046,48.055450489798666,48.8803969807815,41.164664928112,48.85909604606343,5.3395627118644065,14.622983050847457,10.678415254237288,7.006589830508474,1.7230949152542374,4.277323728813559,1.6676237288135594,6.902032203389831,44.428487922705266,39.893888888888846,38.58932367149754,30.15861835748789,32.98195169082122,28.464376811594168,35.94966666666663,23.236033816425092,23.236033816425092
554.0,50.64103753370404,55.19557162633043,49.15935796861046,45.27582840949319,48.07450148988414,48.89754402181231,41.167467875115726,48.88116564121627,5.323052833548545,14.727574845353521,10.700752831938482,6.92277169607177,1.718649057630568,4.274422013093026,1.6763327048723704,7.008533335694758,44.428555555555505,39.898285024154546,38.605946859903334,30.165381642512042,32.98447342995165,28.47064734299514,35.950729468599,23.24198067632848,23.24198067632848
556.0,50.64769085461847,55.22475091401203,49.1740131004839,45.28660454818765,48.0735167126737,48.90764997538525,41.1657796004199,48.90641168535141,5.298926376923822,14.570509916755396,10.643671633917336,7.0344905865840675,1.73874429387281,4.226709442454748,1.6320611896234634,6.920543761494531,44.427859903381595,39.9043864734299,38.61745893719802,30.17265217391301,32.98393719806759,28.476338164251175,35.95188888888885,23.24696135265698,23.24696135265698
558.0,50.660664501200394,55.241288379240615,49.18366498591195,45.287300386622306,48.073319510387236,48.90981797456229,41.16392262290388,48.914654311049404,5.315514496768465,14.587207233048971,10.568601435825643,6.9833869558764965,1.720028983148527,4.2706695637118255,1.6195304288678867,6.926724635602045,44.4278405797101,39.91699516908208,38.62561352657001,30.180188405797065,32.981468599033775,28.481256038647313,35.951922705313976,23.2449758454106,23.2449758454106
560.0,50.67874223476146,55.264856239236636,49.18773470926203,45.299124823038014,48.09192747425319,48.927007150537605,41.17346987413478,48.92952809438282,5.377877764316938,14.607633368070056,10.695200010084855,7.086044445636813,1.7374888926958498,4.324399989915145,1.7147333206195203,7.041211105623341,44.42871497584537,39.93318357487918,38.63154589371976,30.187748792270494,32.977574879227014,28.483985507246345,35.95138647342991,23.240801932367123,23.240801932367123
562.0,50.710649876063066,55.27935521290512,49.19190392229184,45.3022244758624,48.09692533025519,48.9418615918193,41.18026259557958,48.943065585256925,5.299064700986217,14.602641196055131,10.579576445785442,6.957311769167164,1.708723522180301,4.344658822563069,1.6544294079959698,6.988935300656565,44.431304347826035,39.949516908212516,38.63516908212556,30.1969178743961,32.97336714975842,28.486111111111082,35.95018357487919,23.234898550724612,23.234898550724612
564.0,50.726295247457486,55.300397224810155,49.18931521388603,45.30132119347985,48.106262726747794,48.95320934762789,41.17499576816487,48.96031647107119,5.3558911028028025,14.66618444566313,10.627540002002489,7.043860004369068,1.7075933353509931,4.334953326749391,1.677684442704908,6.862460006644624,44.435826086956475,39.971086956521695,38.636966183574835,30.206280193236683,32.9693526570048,28.488613526570017,35.947565217391265,23.22767632850239,23.22767632850239
566.0,50.74192719058329,55.320226674834586,49.20108085865645,45.305189288034654,48.11128835072217,48.969972968537064,41.18236993881088,48.97337227804586,5.149260756203945,14.591713919907711,10.651287346805187,6.966175943796704,1.733575950277711,4.283165820787183,1.6497392392593506,6.968389875046177,44.44189371980672,39.995207729468554,38.63799033816421,30.21381642512074,32.96543478260866,28.49129951690818,35.94638647342992,23.22254589371978,23.22254589371978
568.0,50.75266789182421,55.33329500721456,49.20814443827773,45.31810641715739,48.10598042262522,48.97024479615082,41.18539276901652,48.987132314396064,5.307557389992618,14.643901797807416,10.523984217259136,6.971564202342361,1.7199543190630555,4.238864441377539,1.6331140222253808,6.856948372986579,44.449120772946806,40.018033816425074,38.63929468599029,30.21928502415456,32.960294685990306,28.494628019323642,35.9471062801932,23.21931400966181,23.21931400966181
570.0,50.777244568348216,55.35015412974424,49.21423745181337,45.316989001319016,48.11021872781718,48.97040839501135,41.193569261596885,48.99911590121576,5.258406800564706,14.581179355105883,10.56572198512941,7.004354878117647,1.7805431450352942,4.317179399905882,1.6403318757647058,6.948490694776471,44.46016908212555,40.04116425120768,38.64258454106276,30.224826086956487,32.95743961352654,28.499106280193203,35.95145410628016,23.219057971014468,23.219057971014468
572.0,50.792405835079116,55.35615197434558,49.21347150124082,45.32354956316839,48.12144216829849,48.96588116736853,41.192942416161614,49.002557870393325,5.254536885848926,14.600934934285089,10.651115558825284,6.969875723261686,1.7881378646133657,4.368118448889508,1.6443708697035373,6.978333957011911,44.47474879227048,40.06076811594198,38.64661352657,30.23075362318837,32.957376811594166,28.50346376811591,35.95760386473426,23.22050724637679,23.22050724637679
574.0,50.815228197959634,55.36723891229153,49.211430401844524,45.33442196971532,48.12671603178792,48.978843070882974,41.19968970718059,49.0068139311278,5.319595671816722,14.497234732652373,10.74247828695835,6.975573881641117,1.7072477983431227,4.323265252321532,1.6463695825082894,6.917230422500409,44.48839613526565,40.07482608695648,38.651405797101404,30.236777777777746,32.957613526570015,28.50582608695649,35.96195169082122,23.222439613526547,23.222439613526547
576.0,50.83264460928176,55.380315113524624,49.212900104923754,45.345973577982825,48.1308734235076,48.991815120280926,41.20093657690684,49.020985002867796,5.4080375136,14.626597912000001,10.6240827724,7.000034895600001,1.7968156312,4.329540093199999,1.6476359428,6.958326071199999,44.501473429951645,40.08490821256034,38.65763768115938,30.241386473429912,32.96110144927533,28.50731884057968,35.96571980676325,23.22485507246374,23.22485507246374
578.0,50.854956799520686,55.38674338627213,49.21856635983911,45.36158023036187,48.13609870965831,48.98826386557839,41.20027915233328,49.027479672151486,5.204084564124041,14.686169222245999,10.73393079928425,7.005492291776889,1.7927769199665493,4.311553839933099,1.625215395966229,6.914553815777209,44.51551690821251,40.091328502415415,38.66603381642508,30.24484541062798,32.96718840579707,28.507845410627986,35.96890821256035,23.22775362318838,23.22775362318838
580.0,50.881201492690224,55.400635002107755,49.22914829861201,45.3717547196887,48.13965781494259,48.993065533216615,41.192881268845,49.02243887510581,5.327962,14.627248000000002,10.587218,6.991074,1.7514859999999999,4.335439999999999,1.664528,6.8399220000000005,44.529014492753575,40.09374879227049,38.67676328502411,30.248594202898516,32.97404830917871,28.50730917874393,35.970294685990304,23.23113526570046,23.23113526570046
582.0,50.89053577682958,55.41706950632769,49.23902841706525,45.3863583010497,48.14960748958391,48.99015092837315,41.18762181382254,49.02688368534837,5.338229452329813,14.669089595349933,10.644553925723864,7.015267223280922,1.7638257372483286,4.316260183810173,1.6492792416874336,7.064936121503369,44.539183574879175,40.08994202898546,38.68882125603861,30.251024154589338,32.98045893719803,28.505613526570016,35.970434782608656,23.234999999999975,23.234999999999975
584.0,50.89947612823568,55.433813976546524,49.24712908715288,45.40294403075035,48.1650458995874,48.99968258797094,41.18487748439292,49.04116963691294,5.261152579531973,14.715288628028667,10.654655403580785,7.039232616337499,1.7173320190522723,4.243047431293181,1.677117693130269,6.94511085046219,44.548589371980626,40.080584541062755,38.70425120772942,30.254130434782574,32.98514975845407,28.50448792270528,35.97105797101445,23.239347826086927,23.239347826086927
586.0,50.91408153909504,55.45183308421529,49.257965786369795,45.421992928486446,48.17650410307361,49.00707701000777,41.17502755457711,49.05516885495243,5.32118260855585,14.690634781156898,10.500782588768391,7.14627392705601,1.7246260875372406,4.278382607566476,1.6796391332846068,6.985273911968073,44.559748792270476,40.06987439613522,38.723318840579665,30.259908212560354,32.98919806763281,28.50448792270528,35.972067632850205,23.244178743961328,23.244178743961328
588.0,50.92527153408997,55.483023278846076,49.268231699951066,45.439967168777414,48.19021585944162,49.0225119288659,41.16694227792339,49.0676134482951,5.278442097150587,14.677542094725325,10.703136856160434,6.875784204002221,1.6704420914916436,4.345447376136505,1.7172105315634314,6.984536822206772,44.570338164251154,40.05773913043474,38.7414637681159,30.265526570048273,32.99363285024151,28.504391304347795,35.97336714975842,23.24766666666664,23.24766666666664
590.0,50.93431184000622,55.5047091553846,49.28639414166381,45.45079387402674,48.19568119177154,49.023056500085936,41.16422437637333,49.07548499885636,5.200420007329679,14.722569456256366,10.715325258290353,7.020911582510092,1.7290084161964354,4.31552737527419,1.65677789616647,6.973643177739333,44.57920772946856,40.04775845410624,38.75829951690817,30.271154589371946,32.99703864734296,28.50419806763282,35.974859903381606,23.25098550724635,23.25098550724635
592.0,50.94231142845924,55.52297557825584,49.30601693489443,45.471981814059966,48.20573839948275,49.03615288980155,41.16631384298021,49.07819178689017,5.155687019196284,14.603544598154327,10.633279194255708,7.04277051326129,1.723030939383671,4.387251687002377,1.6374338330484766,6.937639163288375,44.58695169082121,40.0423864734299,38.77639130434778,30.279961352656972,32.99977777777774,28.502685990338133,35.97644927536228,23.255913043478234,23.255913043478234
594.0,50.94808503427835,55.547922962634644,49.32155003586506,45.48928157196208,48.220094224492875,49.03646662102612,41.171553771247325,49.09654196621517,5.350822461322794,14.78259412322768,10.600847064694053,6.97451925379448,1.7481427830612934,4.365737429788259,1.6754871674225735,6.98040214081638,44.59411594202893,40.044826086956476,38.793429951690776,30.289067632850205,33.00338647342991,28.501632850241513,35.978038647342956,23.25940096618355,23.25940096618355
596.0,50.96615419202061,55.57140990878848,49.32882547521791,45.51044010818673,48.22580488410826,49.043943329119585,41.17994462858653,49.09794792327627,5.343410921054466,14.733427737582424,10.672735620983369,6.99062077704822,1.7721811871802378,4.2863029609803025,1.652255447283677,6.925950505346214,44.60185024154584,40.0548212560386,38.80828019323667,30.29859420289852,33.00940096618354,28.500990338164222,35.979531400966145,23.26079710144925,23.26079710144925
598.0,50.97043888564022,55.59512286922282,49.34191036697167,45.520091061905305,48.246276698857066,49.06160818519314,41.18019702549093,49.113135515858076,5.247422664820441,14.538832019410595,10.649087201391227,7.022779310918838,1.7053088623893242,4.317583248525478,1.6518270932407193,6.830499998612809,44.61195652173908,40.06373429951686,38.82036231884053,30.311661835748758,33.01818357487919,28.49948792270528,35.98083091787436,23.261227053140068,23.261227053140068
600.0,50.96715769252686,55.6112413075878,49.35338496130509,45.52984180899048,48.25499155643911,49.0780987902015,41.188923528263196,49.13607324868127,5.3523805248,14.5954915072,10.7103864128,6.9517491136,1.6961978624,4.3460008896,1.6753559424,7.0590165568,44.623285024154534,40.07010144927532,38.829652173913,30.32656521739127,33.026492753623145,28.498855072463737,35.9818405797101,23.26364251207727,23.26364251207727
602.0,50.97042768107677,55.63397257122656,49.375911647736935,45.52847776661434,48.261640442707744,49.08486053687517,41.18812612155558,49.15057949313807,5.241813270788586,14.631453536306333,10.551888363362885,6.974679241687434,1.7555473317569679,4.339157679046022,1.6401564343120822,6.9757452253331715,44.63290821256034,40.07958454106276,38.83729951690817,30.34282125603862,33.033483091787396,28.498995169082093,35.9824637681159,23.2649951690821,23.2649951690821
604.0,50.97992618260817,55.650445438584796,49.391558343475275,45.532238700584045,48.265568039351656,49.08919031662,41.193248906519365,49.17092288563361,5.312852137999254,14.775590082717748,10.605847323892998,7.10838867740078,1.7469229242602469,4.32633341968198,1.664443057902424,7.034221838036821,44.64394685990333,40.09417874396131,38.844454106280146,30.35994685990335,33.0400869565217,28.499811594202868,35.98260386473426,23.26163285024152,23.26163285024152
606.0,50.988662008273856,55.66183633107446,49.40415049047329,45.536954133125704,48.27834649380432,49.095623591743305,41.20245489110288,49.18524617597722,5.3585103329443005,14.65580155451026,10.559652267043358,6.945707155394575,1.720780004568614,4.32988875254523,1.6207343519066741,6.847048655081466,44.6577439613526,40.11165700483088,38.85109178743957,30.377458937198032,33.046014492753585,28.501207729468568,35.98216425120769,23.25590338164249,23.25590338164249
608.0,50.99943542457548,55.67697237325364,49.409615629116026,45.54679007245932,48.2915417486759,49.09879966168923,41.20550904855238,49.205196694558424,5.2602402762448985,14.625360203363266,10.666777591640816,7.012625567608163,1.6967331457306123,4.370847489959184,1.6346918334693878,6.956464289828571,44.670864734299464,40.13036231884054,38.8572367149758,30.393652173913008,33.05097584541059,28.50308695652171,35.981652173913005,23.248917874396113,23.248917874396113
610.0,51.003016172224534,55.68046760038336,49.41929910931254,45.541558831447134,48.28705828652587,49.09794187584259,41.20652199154065,49.21715193224347,5.378235519981213,14.546080151865045,10.571029316215899,6.9411206583427925,1.7564438138479002,4.3885921405925865,1.64389174135974,6.947857442561353,44.68474879227048,40.14854106280188,38.86478743961348,30.40982125603861,33.05650724637677,28.50717874396132,35.98340096618353,23.243613526570023,23.243613526570023
612.0,51.00581786275459,55.689974618961415,49.42670401656344,45.54525710072138,48.285366165924714,49.1044958388157,41.20634157214119,49.22423554225738,5.196989132190476,14.688099946666666,10.625135603809523,6.953242784304762,1.7188464374857142,4.396307253028572,1.6670499946666666,6.904417854171428,44.70088405797097,40.171613526570006,38.87573913043474,30.426657004830886,33.06297101449272,28.512212560386445,35.98736231884054,23.242990338164226,23.242990338164226
614.0,51.011100429486625,55.69745155093545,49.44882183148707,45.54791888018394,48.29140054779314,49.105347581788415,41.214329626086354,49.226752709046224,5.291560702534769,14.53584448434886,10.56830689394427,6.964747966909423,1.7455867053922014,4.279057233662064,1.608134680514338,6.976065894893542,44.717202898550674,40.200792270531366,38.88980193236711,30.44185024154586,33.06895169082122,28.516314009661805,35.991710144927495,23.24654106280191,23.24654106280191
616.0,51.01910401267708,55.70165385825264,49.455065350567516,45.55101387898176,48.28837068132278,49.1084095052673,41.21158230704361,49.23055807471552,5.330537392770029,14.483878481392736,10.68839672319804,6.987986457950779,1.7712761650698556,4.323189244644034,1.6139523261920454,7.004137851297406,44.73046376811589,40.2270676328502,38.90317874396131,30.4549178743961,33.074256038647306,28.520608695652143,35.9964444444444,23.249632850241518,23.249632850241518
618.0,51.035124869643276,55.70854512496674,49.456060231400976,45.55418087925627,48.2942286072492,49.10830866205305,41.22126797831977,49.238262533805184,5.1346272722571165,14.630969706169079,10.795709113852695,7.001493928925137,1.6926484817141128,4.346893940820078,1.6488818178056937,6.8439060364243804,44.74102898550719,40.25168599033812,38.91394685990334,30.467202898550692,33.08051690821253,28.52499999999997,36.00156521739126,23.248236714975818,23.248236714975818
620.0,51.056834863837025,55.71768676131948,49.459889213466624,45.56026547202651,48.30103680420769,49.1204871561512,41.22004185071531,49.241607496328804,5.430643428501264,14.663549770584549,10.713418545757406,7.067023518993236,1.7555266951317128,4.284222174355743,1.672226242671853,6.866083717816099,44.74860869565212,40.27341545893716,38.9220096618357,30.478874396135232,33.0851449275362,28.529391304347797,36.005246376811556,23.244275362318817,23.244275362318817
622.0,51.074909374963475,55.72362762277091,49.46874096524863,45.56365491742018,48.31141557372109,49.13472446774521,41.226151232256136,49.26095736568175,5.314196274169436,14.643109066516262,10.58847916020962,6.980747058598049,1.7635064325884229,4.354499477047591,1.6398973277405717,6.982101626354611,44.75226086956517,40.288545893719764,38.92727053140092,30.48832367149755,33.08855072463765,28.533685990338135,36.00683574879223,23.24079710144925,23.24079710144925
624.0,51.090582758385324,55.739149540043194,49.473606306338034,45.56588086053674,48.32468896415447,49.13262373614572,41.22646574237077,49.27490082937355,5.2916264090352945,14.665426988047058,10.726790179764706,6.993292156611765,1.7116906947764705,4.255676482635294,1.6563774486588236,6.955263796329412,44.75464734299512,40.299956521739084,38.9296328502415,30.495164251207697,33.0941449275362,28.536565217391274,36.007458937198024,23.2365797101449,23.2365797101449
626.0,51.10517176271454,55.74770587799735,49.48891908854316,45.57136169945455,48.33762151040019,49.13088935564008,41.22480809371361,49.276973100839086,5.226415676,14.748276555333334,10.5702031672,7.0072609476,1.6831421876000001,4.3653327990666675,1.6631249920000002,6.950579703333333,44.75481159420284,40.31051207729464,38.93082608695648,30.500835748792237,33.09868599033813,28.538487922705283,36.00701932367146,23.23340096618355,23.23340096618355
628.0,51.117936996293494,55.765841973016734,49.50792069067239,45.58159222921386,48.34162134690627,49.14387986597969,41.22088001929844,49.281889266984976,5.265650488139503,14.661850433459925,10.634557327063408,7.0208359582844535,1.7241019277036564,4.304456325930049,1.6333864165987313,6.984412607122263,44.75301932367144,40.3213140096618,38.929579710144885,30.50560386473427,33.10132850241543,28.542309178743928,36.00542028985503,23.232434782608667,23.232434782608667
630.0,51.11872123960337,55.77746750087125,49.51617904106644,45.59319915893548,48.35402621901447,49.15779304716482,41.21475575352408,49.29786558030214,5.196835994312645,14.664187427279238,10.588062078536694,7.0198530923549365,1.7106125727207626,4.276036933095169,1.6517126173478154,7.0052,44.750758454106226,40.33235265700478,38.924623188405754,30.507956521739093,33.10300483091784,28.546057971014463,36.004391304347784,23.233077294685962,23.233077294685962
632.0,51.13853590100547,55.79863488409722,49.52639552784071,45.6097523051134,48.37319749049265,49.16683023799063,41.211281238556005,49.31489680681825,5.38090006952902,14.583646151364222,10.664330750458982,7.022700039081672,1.7515153909076036,4.323838433642957,1.667269234544562,6.8159768940977585,44.74894685990333,40.34619323671493,38.91828985507242,30.509429951690787,33.10525120772944,28.549589371980645,36.00571014492749,23.235995169082102,23.235995169082102
634.0,51.14894318816693,55.823540933068735,49.54759868342612,45.63681433822381,48.38319713516844,49.17225441373599,41.205847439088764,49.32153917386764,5.295535784358626,14.73975369051226,10.774011029613815,6.9894935680549395,1.7123614682195776,4.336113757072297,1.6673321118133502,6.982270210977005,44.74550241545889,40.360149758454064,38.9110869565217,30.509164251207693,33.10842995169079,28.552758454106247,36.00637681159416,23.238903381642487,23.238903381642487
636.0,51.153126515535114,55.84523352862773,49.56408224004524,45.653249294207555,48.396979614805005,49.184712998002425,41.2054573368782,49.32438916658945,5.24538137660927,14.63309532142336,10.689971918970068,7.024911217099833,1.7560822348068876,4.268225243259668,1.638662643162531,7.019240156327383,44.74073913043473,40.371077294685946,38.90169565217388,30.50629951690818,33.1111256038647,28.554198067632818,36.00643961352653,23.238946859903358,23.238946859903358
638.0,51.15747546660374,55.85172034722392,49.57695052010571,45.67089305045479,48.40643129557155,49.1980390157542,41.198671548994355,49.32941492347568,5.413028165112647,14.698963585220092,10.620890280071631,7.020615057034599,1.7462165024413219,4.265245133822219,1.6642995150909607,6.923861642477137,44.741019323671445,40.38014975845406,38.89362318840576,30.504198067632817,33.1131449275362,28.5555410628019,36.00594685990334,23.23687439613524,23.23687439613524
640.0,51.183175500437706,55.86907465398643,49.59502148543301,45.69110679865224,48.41619880371076,49.21170097343984,41.197182180859556,49.33452453778019,5.347751806311522,14.653061542460597,10.647535386324073,7.025594871855463,1.7135523051838082,4.278404610367616,1.6849379539409597,6.947614370147482,44.744927536231835,40.38436714975841,38.888599033816384,30.50322222222219,33.11612077294682,28.55659420289852,36.00494685990334,23.235830917874367,23.235830917874367
642.0,51.1927079262478,55.895336362012614,49.61119724745596,45.70562065542909,48.44088022621063,49.21285090179792,41.20146262996547,49.34383192941418,5.205816707039454,14.767972625185463,10.628930146360531,7.060664016973087,1.7420059247524644,4.198820975911209,1.6242096710260103,6.935238174718744,44.74931884057966,40.38499999999996,38.88357487922701,30.501956521739096,33.12051207729465,28.55899033816422,36.00471014492749,23.23535748792268,23.23535748792268
644.0,51.212076557064776,55.91725431790922,49.61170462630338,45.721830038420464,48.45794809213089,49.22653925773567,41.20100790506307,49.35563471307962,5.3295259306415845,14.578386779424095,10.744549196308723,6.9791740788398995,1.739873546657709,4.3325465638422225,1.6619915338468685,7.009437041451696,44.75287439613521,40.38031884057967,38.877328502415416,30.500811594202865,33.12377777777774,28.561362318840544,36.00350724637677,23.23504347826084,23.23504347826084
646.0,51.22454944590295,55.93421366964633,49.62716338721955,45.72593248706486,48.47517296303045,49.24630377634087,41.20071721408729,49.37407131613712,5.213200008395693,14.837716681967013,10.586466683687444,6.932416681278843,1.738533316037288,4.268516680453037,1.6049166614595018,6.8483333708157454,44.75727536231879,40.366149758454064,38.87041545893715,30.500801932367118,33.12637681159416,28.56356521739127,36.00021256038643,23.23819323671495,23.23819323671495
648.0,51.24419002319146,55.95983578658127,49.6408442701255,45.735966005649566,48.478828642810186,49.25540684463635,41.201266294391864,49.38313392472717,5.2479285989600415,14.620820345012545,10.597429879735444,7.000840240529111,1.7306662362690945,4.34505062736606,1.6798116780296648,7.049164469537117,44.76359903381638,40.346082125603814,38.86639130434778,30.502338164251174,33.12994202898547,28.567280193236684,35.99547826086952,23.242826086956498,23.242826086956498
650.0,51.260416686461085,55.97741201568657,49.645725228634014,45.73697931814991,48.48231781345926,49.261354306438385,41.20216235943798,49.396965395216256,5.230225796904213,14.544283756697299,10.611109625281602,6.906722468239445,1.7759452370728097,4.270141869099605,1.6238161045670456,6.9249033356015515,44.76992270531395,40.32237198067629,38.86458937198063,30.505227053140064,33.1355024154589,28.57118840579707,35.99113043478256,23.24288405797099,23.24288405797099
652.0,51.27010341508568,55.99124089496846,49.652023007372435,45.750605802200695,48.48985360576932,49.27154863974221,41.20623414785529,49.4127223208836,5.298725444288926,14.616067755500215,10.54818698489448,6.983917161398215,1.7149301783214876,4.232618931282909,1.666307692121256,6.983180176200777,44.776753623188355,40.296526570048265,38.86434299516904,30.509275362318807,33.14230917874393,28.575193236714945,35.98716908212556,23.236613526570018,23.236613526570018
654.0,51.282231413920826,56.01432368450467,49.6639273295258,45.75763324080952,48.49890822638864,49.271855295029894,41.19836717460988,49.42528262779413,5.237992452830189,14.690081132075472,10.588379245283019,7.079888679245283,1.7516075471698112,4.2933339622641515,1.6476415094339623,6.944554716981132,44.78337681159416,40.27719323671494,38.867381642512036,30.515512077294655,33.14721739130431,28.579198067632824,35.98359420289851,23.22224637681157,23.22224637681157
656.0,51.292857793717936,56.03860276743523,49.6664435875862,45.76224406404464,48.505813017422554,49.2808502854207,41.19451313181918,49.44043120599873,5.304810010752015,14.69366558843106,10.569678873712176,7.027664423913848,1.660118849022363,4.322147796405755,1.6931655844488311,7.028840039025833,44.7884251207729,40.26454106280189,38.87360869565213,30.523188405797065,33.14946376811591,28.581884057970985,35.980405797101405,23.202792270531376,23.202792270531376
658.0,51.302129646307584,56.04846902558954,49.670719451126914,45.77250603787424,48.51101358415081,49.28953328376285,41.2026600129553,49.45134777506056,5.281373383262565,14.627059340458977,10.632429132352982,7.029793152365193,1.7823841739437924,4.3788104472911415,1.656052521831377,6.892437390843115,44.79348309178738,40.25634299516904,38.88292753623184,30.532207729468563,33.15123671497581,28.583710144927508,35.97942995169078,23.18303864734297,23.18303864734297
660.0,51.32265077229856,56.06885140564247,49.681704083088356,45.782679977551496,48.523674027863755,49.29718296255201,41.205554806132135,49.461265759309164,5.226465054033365,14.608518013316962,10.682278161598035,7.007485918393216,1.706886889204263,4.312311659425765,1.6332587389149584,6.985284489640706,44.80008695652168,40.25824637681155,38.895241545893676,30.54129951690818,33.15407246376808,28.586309178743928,35.97949275362315,23.161724637681136,23.161724637681136
662.0,51.342841138675595,56.08778023040823,49.68261524861781,45.79351321237247,48.53777742798349,49.30054049986167,41.206040571651556,49.4684614589141,5.306444303070967,14.595605591329033,10.71560084996129,7.039212115819355,1.6940056425290322,4.381034673135484,1.6660693654709677,6.913542743948388,44.80612077294681,40.26319806763281,38.90862801932363,30.54858937198064,33.15890338164247,28.589487922705285,35.97881642512073,23.13755555555553,23.13755555555553
664.0,51.36740474933902,56.10510847868119,49.67869249353532,45.80277688571042,48.538003701007206,49.311690168196975,41.20809074882258,49.46782170818941,5.300633963280767,14.747103044656571,10.590268612802141,7.044793185577152,1.6837685661592239,4.289327741812694,1.6701712122065049,7.0315952386696585,44.810642512077244,40.26766666666662,38.92051207729464,30.55520289855069,33.16488405797097,28.591830917874365,35.97740096618354,23.10853623188403,23.10853623188403
666.0,51.39115881430466,56.11836946230468,49.684283713449204,45.813206408407666,48.54067328221401,49.320951541148624,41.21103794728312,49.4821647459344,5.363350562587234,14.687917023591488,10.754397324663831,7.033196848476596,1.7345717988765956,4.25357232626383,1.6290898900425532,6.935828696510638,44.81509178743956,40.28007246376807,38.9300483091787,30.561043478260835,33.169995169082085,28.59370048309176,35.975801932367105,23.078004830917845,23.078004830917845
668.0,51.40803060126561,56.131637495369986,49.694644419960866,45.82166214196068,48.54689519465586,49.334390735097266,41.21203077213208,49.49511585490365,5.275600029518367,14.578499960293877,10.592174991412245,6.962625006759184,1.7187999977795918,4.262800005616326,1.6564750060408164,7.0107250048,44.82028985507241,40.301565217391264,38.937502415458894,30.566014492753588,33.171599033816385,28.596632850241516,35.97574879227049,23.05045893719804,23.05045893719804
670.0,51.420317979607674,56.146115466248055,49.70426798257795,45.82362952354196,48.563259701814076,49.34406149627193,41.21785425296564,49.504235240284444,5.248590441733811,14.778370426307019,10.602747831066619,6.944022623289112,1.7642808710015283,4.3933121684659024,1.6541547838078796,6.913360875053009,44.826454106280146,40.32913526570044,38.94364734299513,30.570019323671463,33.172439613526535,28.600338164251177,35.97714492753619,23.026173913043447,23.026173913043447
672.0,51.433548523381766,56.15897552464559,49.71743925608117,45.83658171491396,48.564326558506984,49.34298394603078,41.21961763516011,49.50524788764353,5.2358954237037345,14.716359600357931,10.634077079061772,7.074052253623342,1.729399060080182,4.348168812135817,1.6729522930802456,6.861252327605036,44.8331980676328,40.35982125603861,38.94915942028982,30.574183574879193,33.17643478260866,28.60452657004828,35.97989371980672,23.006043478260843,23.006043478260843
674.0,51.438394784719875,56.16783847487946,49.731019721433455,45.84263997483239,48.56996796117894,49.350044531688724,41.21742785909771,49.509479998835296,5.338711273711172,14.848769751443774,10.60320357257729,6.985573870022935,1.7258564134543053,4.332878459773223,1.666255892396015,6.883911298654754,44.83891304347821,40.39674396135261,38.9558405797101,30.577855072463734,33.18207246376808,28.610734299516878,35.983898550724604,22.994628019323645,22.994628019323645
676.0,51.44287228050276,56.17634816680618,49.7443621492877,45.85862150132702,48.57187044895214,49.35901860497137,41.219148373252985,49.5235674770195,5.335407313235454,14.74614974468675,10.6670053576446,7.076503414042041,1.7689492745207491,4.258445367834652,1.6505239012913642,6.9741234176385305,44.845594202898496,40.43885024154585,38.96361835748788,30.579207729468568,33.19028502415455,28.61810144927533,35.98906280193232,22.98993236714973,22.98993236714973
678.0,51.447557785531565,56.18588773751507,49.75199392264031,45.87350867110477,48.57969782256726,49.367038994608485,41.21104830312287,49.535596972807475,5.263929752123077,14.764788436184615,10.71922883593846,7.1375143891692305,1.7000240822153845,4.318559606646153,1.6753769171692308,6.953315414153846,44.85463285024149,40.47965700483088,38.972371980676286,30.578241545893686,33.199004830917836,28.6251642512077,35.99528985507242,22.98700966183572,22.98700966183572
680.0,51.45976819212174,56.200905756607455,49.7575022369782,45.88863375100799,48.599152305000636,49.36958414765956,41.212579414016716,49.54561160491307,5.2049479332389605,14.620582723161213,10.678013253197953,7.023355237770159,1.8004634553677572,4.275974882432911,1.6554716894475427,6.974333777962731,44.86503864734295,40.5180289855072,38.983758454106244,30.574956521739097,33.20676811594199,28.63407729468596,36.0024830917874,22.984516908212534,22.984516908212534
682.0,51.462197358143094,56.20598748350825,49.765959383110804,45.89635619552737,48.598961256942516,49.38398256508131,41.21163410464822,49.55558501464725,5.347788236853148,14.726072550080614,10.651715686772533,7.090262746387388,1.69263921557604,4.351572547871989,1.6243196078884121,6.863954899939163,44.87647342995164,40.55268599033812,38.99699033816421,30.569352657004796,33.21388888888885,28.64277294685987,36.00871980676324,22.979792270531377,22.979792270531377
684.0,51.47749267203535,56.21594503270455,49.76986667811928,45.899716290421814,48.611677899946734,49.39105786520012,41.207644359432194,49.56959159901674,5.321768398634837,14.554253816011721,10.612294944059444,7.02442110548368,1.776859325934626,4.3414658400474435,1.650861805792295,6.977007046824889,44.88925120772942,40.586473429951646,39.01123188405793,30.56325603864731,33.21941062801929,28.649787439613494,36.01507729468595,22.97729951690819,22.97729951690819
686.0,51.492691508313904,56.22797354746935,49.78224695931779,45.913356373861184,48.622538086575794,49.405775465341065,41.206871551446184,49.58088812401444,5.2471872517446805,14.795005882417021,10.67724729504681,6.9867324903489365,1.7323329820595745,4.363514881497872,1.6525888228765957,6.900576604731915,44.90251207729463,40.61614009661831,39.028599033816384,30.556096618357458,33.2241062801932,28.65848309178741,36.02263285024151,22.981454106280168,22.981454106280168
688.0,51.511741265667524,56.2457967878208,49.80129039982793,45.926597559519124,48.636944314293686,49.40603832318683,41.212441638315354,49.5954966388752,5.233973531008,14.635533025024,10.798736043008,7.0674749888,1.719650992128,4.290915938047999,1.621262993664,7.018841026048,44.913570048309126,40.63654589371976,39.04811111111107,30.547304347826053,33.228652173913005,28.66861835748789,36.0294637681159,22.99005314009659,22.99005314009659
690.0,51.51926423563637,56.261964348117935,49.81282476361179,45.93024550307303,48.65634681746065,49.4030770243499,41.2127288721372,49.61046503224332,5.20097487923482,14.729899515331551,10.607789391956903,7.084929482781223,1.7685188425835463,4.333964733351967,1.6513869605760123,6.983551212474987,44.92208695652169,40.652106280193195,39.069309178743914,30.53870531400963,33.23485024154586,28.678173913043445,36.034251207729426,23.00089371980674,23.00089371980674
692.0,51.53593560061426,56.268374829769364,49.82648873675574,45.93480879722496,48.67043902234243,49.40735813385524,41.21088190927096,49.63197490263989,5.323734557510518,14.60031032652011,10.67267937092039,6.978213784667225,1.7445999987389151,4.345437919815175,1.6321034543638584,6.925544797015768,44.930676328502365,40.662932367149715,39.0928599033816,30.529077294685955,33.24385024154586,28.686956521739095,36.03685024154585,23.014120772946836,23.014120772946836
694.0,51.55190278979464,56.288117603004636,49.84642314781101,45.94053911536475,48.67043168840597,49.42018976738743,41.21871581956625,49.64187415183256,5.260063955619659,14.69645360649659,10.577981461125635,7.024437088041509,1.7574195825355332,4.345202046151227,1.6751237314482597,6.9393783507276865,44.94072946859899,40.666086956521696,39.11876328502411,30.520801932367114,33.256801932367104,28.69477294685987,36.038289855072414,23.029782608695626,23.029782608695626
696.0,51.57001548919614,56.3047689514703,49.859810841226675,45.94982292912974,48.67180310503102,49.42678484876278,41.21347923758646,49.65329406728015,5.283133994597707,14.64847731700837,10.723401629821105,7.077080058284993,1.7698994367998053,4.292084895441261,1.6750497146636851,6.854453019140504,44.94941545893715,40.665888888888844,39.14879710144923,30.51626086956518,33.27245893719803,28.701429951690788,36.04020289855068,23.04235265700481,23.04235265700481
698.0,51.586360923732414,56.318474629091575,49.873182662151095,45.953148104844814,48.69143279107695,49.42655630085115,41.21424797492578,49.680866734779976,5.352025,14.6073,10.605375,7.041225,1.721225,4.368025,1.6952500000000001,7.021725,44.95629951690817,40.66857971014488,39.18230917874392,30.514231884057935,33.28957487922702,28.705512077294653,36.043048309178694,23.049729468599008,23.049729468599008
700.0,51.600474058070304,56.33824793635914,49.89027794893435,45.96583042464691,48.7041042543517,49.437339857052464,41.212789645071226,49.69151336505125,5.333809553121477,14.71117134523782,10.805464635156591,7.164421990703453,1.7532977633062568,4.31616740916308,1.6305780783303037,6.951454503302115,44.96212077294681,40.67153140096614,39.21986956521735,30.514714975845376,33.30625120772943,28.707381642512047,36.045507246376765,23.053222222222196,23.053222222222196
702.0,51.622595160509185,56.35087235566392,49.89686144859086,45.9764335258687,48.72099208012739,49.43220387048305,41.21688077373025,49.71793778817013,5.4023563127572425,14.628754398474937,10.582053425675541,7.051035910067007,1.7403892783289923,4.327816506273239,1.6836135878750522,6.969651459199094,44.96822222222218,40.67651690821252,39.26209661835745,30.517710144927506,33.321714975845374,28.708574879227022,36.04870531400962,23.05642512077292,23.05642512077292
704.0,51.63499793630873,56.36415836640376,49.90069264763184,45.992827075465215,48.73849146819969,49.43707905021324,41.224254967681475,49.73836994762088,5.365098416977909,14.771852649463478,10.82849209539901,7.09735105593192,1.7578547087799856,4.331549462400362,1.6159478968940484,6.892434742410279,44.97355072463763,40.68176811594198,39.30605314009657,30.520169082125573,33.33997101449271,28.71002415458934,36.0519903381642,23.063536231884036,23.063536231884036
706.0,51.65377482644473,56.36824142494743,49.906116828138195,46.013685988324944,48.746059238940674,49.441755412732405,41.23010288455129,49.747819113012504,5.382068972259141,14.63965906678021,10.686178755706946,6.998081850522479,1.7108673638358098,4.2444113653426285,1.6492352372842236,6.958429021124649,44.97887922705309,40.68430917874391,39.34762801932363,30.521995169082093,33.36262801932364,28.712710144927506,36.05353623188401,23.070357487922678,23.070357487922678
708.0,51.674632534403,56.38947212134916,49.91024103591314,46.02010477017885,48.75225397177668,49.44532991530055,41.233788039805326,49.75345249855884,5.299853783798183,14.748013713027804,10.532736564868731,7.048167501634112,1.7332598859565111,4.4201715921775735,1.6695380735798817,6.9630202892411095,44.98620289855068,40.68837198067629,39.386314009661795,30.526043478260835,33.38834299516905,28.715265700483062,36.05334299516903,23.0787874396135,23.0787874396135
710.0,51.69733460433929,56.40341432935729,49.91398352325416,46.03076246973848,48.7567319444077,49.4576328646011,41.23601210803072,49.76235653262013,5.319369191150423,14.693958947825799,10.554929126998184,7.028404362241509,1.7562686550723996,4.339508656124075,1.6726648709759555,6.891396205386795,44.99391304347821,40.69575845410623,39.42277777777774,30.532120772946822,33.41521739130431,28.7163719806763,36.051410628019276,23.091391304347802,23.091391304347802
712.0,51.70139120012578,56.42268058359987,49.92310025104339,46.03897712181988,48.766682195114,49.46589470492559,41.236312518129225,49.76830942201291,5.288382132767347,14.698524949028572,10.800328499983673,7.058989249306122,1.7194285722122449,4.2443464732734695,1.642871428702041,6.9999250048,45.00040096618352,40.710159420289806,39.454637681159376,30.538811594202862,33.44074879227049,28.715932367149726,36.047739130434735,23.102956521739106,23.102956521739106
714.0,51.71154329632449,56.43702724819955,49.9327188900657,46.05941313479938,48.76863247073871,49.4773376660298,41.2324493009289,49.77919208078205,5.313940030827769,14.761360002047999,10.57584007556037,7.031999987065272,1.7639799482071927,4.354980024198721,1.6757199766097,6.964120017300199,45.00583574879222,40.72874396135261,39.48128985507242,30.547700483091752,33.46483091787436,28.715676328502383,36.04293236714971,23.11497101449273,23.11497101449273
716.0,51.71736080408612,56.444634754369666,49.937767599426195,46.0772116164771,48.78046860387909,49.485619987546166,41.23573959139232,49.776963724263155,5.359017523188439,14.664706700333722,10.728711308066766,7.038813918869167,1.7316072218344103,4.3151778327898835,1.6382695976448016,6.956759276496972,45.0133864734299,40.74999999999995,39.505130434782565,30.558545893719774,33.487357487922665,28.716159420289824,36.03942028985502,23.127748792270506,23.127748792270506
718.0,51.718943334230865,56.46002683754545,49.94836830106398,46.084803230756265,48.793834690431574,49.48982953016467,41.2347253234223,49.772052286159145,5.285849287793956,14.719959799217792,10.68124307704368,7.033881345456372,1.7501334906486592,4.2325444963112755,1.681082776727784,6.897176559118185,45.02444444444439,40.77247826086952,39.52738164251203,30.571106280193206,33.5082560386473,28.71615942028982,36.03725120772942,23.141652173913016,23.141652173913016
720.0,51.717859360534526,56.45955897395378,49.960955525893326,46.098259816318325,48.79902723142423,49.490499108746675,41.23761165749615,49.777460943135075,5.308022826372413,14.704972835972413,10.617057284413793,7.022942240220689,1.7378900649931033,4.434811213903449,1.6365185207172412,6.951271088110344,45.03684541062796,40.7923478260869,39.54814009661831,30.586362318840546,33.52993236714972,28.715676328502386,36.034695652173866,23.15831400966181,23.15831400966181
722.0,51.723362242744635,56.46808449952355,49.970254898877066,46.10618823146329,48.80203126542823,49.49979219324301,41.24026798436857,49.78315877979441,5.276527968668049,14.786115914171182,10.674013429094133,7.0623,1.7389719582781789,4.313493908127076,1.657014635105772,7.010100022478084,45.048473429951635,40.80820772946855,39.5688212560386,30.59924637681156,33.54941062801928,28.714710144927505,36.03185024154585,23.17458937198065,23.17458937198065
724.0,51.729525716342984,56.47059514703628,49.979253439424575,46.11849913826431,48.81723047624687,49.51704136323315,41.249937760632385,49.78789786402927,5.336426429864424,14.677638557251104,10.694806629102661,7.062091905459299,1.7781121898922851,4.327519819994256,1.6735289539992542,6.941522861457173,45.060864734299464,40.81742028985503,39.58733333333329,30.60946859903378,33.566159420289814,28.713260869565183,36.02881159420286,23.185507246376787,23.185507246376787
726.0,51.73298913599813,56.4879361184438,49.98351213114363,46.122191304786895,48.82635093361071,49.53171052711415,41.25153690964448,49.79298373788069,5.384643650176495,14.734082163284782,10.70158450129863,7.176047880788095,1.79262722314433,4.3058507017166425,1.6365694823870747,6.974128637514708,45.07438164251203,40.8172367149758,39.601681159420245,30.619690821256004,33.579043478260836,28.713154589371946,36.02567632850237,23.191444444444418,23.191444444444418
728.0,51.73266895847654,56.50837064247429,49.988358591558296,46.12191805348756,48.83868727069992,49.54376988351054,41.255721144968525,49.7899082484079,5.29939953908065,14.646221503747885,10.717569170680122,6.948736464187536,1.7072266341522937,4.179447666932236,1.6597953204663503,7.13126681584041,45.0857826086956,40.818082125603816,39.612966183574834,30.628304347826056,33.58692753623185,28.714439613526537,36.02254106280189,23.19572946859901,23.19572946859901
730.0,51.728674023693806,56.52247861386136,49.9981530356547,46.1217103690486,48.84758365715209,49.555825629690524,41.24977869465909,49.78980743172308,5.386377065701539,14.73330459073492,10.668575232249406,7.0100422055678795,1.7247458685969212,4.3133486271714485,1.6676100910913227,6.932912845790622,45.09422222222217,40.82252173913039,39.62056038647338,30.636700483091754,33.59232850241542,28.71478260869562,36.019502415458895,23.198072463768092,23.198072463768092
732.0,51.7294135819875,56.54625634314633,50.00521851648439,46.123734013848335,48.855942316712394,49.55406819123914,41.25589603336149,49.792626538693696,5.272083680278261,14.78044562226087,10.668022737530436,7.099366271721739,1.7059521232695651,4.253151015234782,1.637894607026087,6.888308614678261,45.10063285024149,40.8235024154589,39.62453623188401,30.645666666666635,33.59481159420286,28.71245410628016,36.016657004830876,23.199439613526543,23.199439613526543
734.0,51.73731951116752,56.56230524027407,50.01641724466719,46.133873543352166,48.862919785768106,49.56500195731102,41.25387930057816,49.794765357521065,5.293456443909811,14.693093538885876,10.707170959395068,7.008954824502245,1.758690335855715,4.3901161183766835,1.6789241988983734,6.9737048417065575,45.10472463768111,40.82424154589368,39.62688888888885,30.65299033816422,33.59464251207726,28.71115458937195,36.01410144927532,23.196574879227025,23.196574879227025
736.0,51.73919609383535,56.57835750155515,50.03528743511098,46.14384628078361,48.87486062049692,49.56484308716158,41.24923192039231,49.803362741414254,5.3248291381333335,14.605098945866667,10.632655139466667,7.1108312784,1.7124041141333333,4.314859324,1.6701291509333334,6.894497949333333,45.106811594202846,40.822478260869524,39.62671014492749,30.660111111111075,33.592787439613495,28.709758454106247,36.0101062801932,23.189792270531374,23.189792270531374
738.0,51.74340062771484,56.59416398726542,50.05512154870253,46.1430104682182,48.88488852844445,49.56764183066167,41.249286990156975,49.81387574983226,5.257953342162481,14.6645822267885,10.658126664937246,6.924117795056815,1.7215777785362958,4.241680011195724,1.6509222207810383,7.0159622127255785,45.10781159420285,40.820144927536184,39.623792270531354,30.667294685990303,33.59030917874392,28.7053140096618,36.005942028985466,23.1835797101449,23.1835797101449
740.0,51.753419703660725,56.61695111633058,50.0748209641193,46.14737374868765,48.8914170831784,49.578356884746995,41.253594821399076,49.82474416469195,5.231927383998018,14.631120732491858,10.69612716872547,7.002290931456888,1.6756766905544391,4.352383102185474,1.6460116885513236,6.912192226084383,45.108642512077246,40.82095169082121,39.617975845410584,30.67180676328499,33.5865410628019,28.700869565217356,36.003483091787395,23.178202898550698,23.178202898550698
742.0,51.773743585684095,56.64669472269928,50.07994200857029,46.150504298081096,48.892053846997726,49.59675377036258,41.25672543474829,49.84094914271032,5.287153139935632,14.68952387405977,10.705565533793102,7.078162933627587,1.7608856385471265,4.362119542583908,1.6778551779310347,6.967455439816092,45.10839613526564,40.82070048309174,39.60910144927532,30.675739130434746,33.57903864734296,28.69642512077291,36.00160386473426,23.173975845410602,23.173975845410602
744.0,51.79171033110485,56.656949475495736,50.09476908741672,46.15275504890605,48.904561018783966,49.60307224257076,41.25063287134646,49.85885268118291,5.307784419767825,14.500766808517207,10.644274374279599,6.995199494175036,1.7289155756010208,4.261658790959987,1.6667301519018607,6.948026634282892,45.10733816425116,40.82541545893715,39.601835748792226,30.681183574879192,33.56835748792267,28.69198067632847,35.99917874396131,23.171260869565188,23.171260869565188
746.0,51.8096754588696,56.68102831810581,50.10033299642487,46.15991856738547,48.918181917703166,49.60398493247987,41.25177961857131,49.87125276606165,5.368636692120862,14.720227138821423,10.678139698897786,7.025292463954183,1.6709879346852874,4.381143223077556,1.653235682786514,7.029452266049523,45.10751207729463,40.83813526570043,39.597241545893674,30.68785024154586,33.558053140096575,28.687536231884025,35.99808212560382,23.17046859903379,23.17046859903379
748.0,51.822266241365455,56.69437064770649,50.11304077924714,46.167179290735746,48.9178146899615,49.62480947631885,41.24797449062916,49.886499007779854,5.267435593220339,14.741401694915254,10.675894915254236,7.080249152542373,1.7471084745762713,4.331618644067796,1.6486694915254236,7.0347508474576275,45.10913526570043,40.84869082125599,39.59399999999996,30.693671497584507,33.54868115942025,28.6849178743961,35.99958454106276,23.172057971014464,23.172057971014464
750.0,51.8354665826496,56.70957977977087,50.11758001821968,46.18215506293018,48.92011614499886,49.625809144504096,41.25304697639188,49.90066994743614,5.298498279272727,14.608312492800001,10.665685261963636,7.114861971490909,1.686868176290909,4.329131804509091,1.660781232,6.957235226763636,45.111821256038596,40.86086956521734,39.592014492753584,30.69718357487919,33.54084541062798,28.684777777777747,36.000734299516864,23.17531400966181,23.17531400966181
752.0,51.84167766697123,56.72355864778498,50.12900051291728,46.1972599834886,48.92921516536515,49.643497510462176,41.24887270717522,49.910094834612636,5.365371428571429,14.698714285714287,10.734857142857143,7.0247142857142855,1.7681285714285715,4.309485714285715,1.6521428571428571,6.867642857142857,45.115183574879175,40.87671497584536,39.589362318840536,30.699922705313973,33.53397584541059,28.685990338164217,35.999135265700446,23.179521739130408,23.179521739130408
754.0,51.861418146324944,56.73839716192255,50.13462107067323,46.20367546519859,48.92480929957657,49.65943078689512,41.240984769091085,49.924779738635685,5.24360631134741,14.67801631408257,10.652693156845917,6.968422136604387,1.780143166614344,4.298770523601195,1.6987415868238058,7.009224764378789,45.12066183574874,40.892937198067585,39.58529468599029,30.702202898550688,33.52628019323667,28.68682608695649,35.99773913043474,23.18453623188403,23.18453623188403
756.0,51.88415159531642,56.76037936993177,50.142384139945506,46.213192723986964,48.926683339678945,49.66356161373657,41.23682549750824,49.93808253095566,5.247812856530919,14.726390581095021,10.52141432067442,7.0261009791372535,1.7357683208670547,4.319338618258135,1.6240821778263304,6.980583657177763,45.12974396135261,40.91361352657,39.58388888888884,30.704942028985474,33.52014009661832,28.686729468598998,35.99884541062798,23.19443478260867,23.19443478260867
758.0,51.904643843654156,56.771120940404145,50.15095867241141,46.2283231533763,48.93247763959212,49.67734938530947,41.23402450476566,49.95635510692078,5.258842090428774,14.598057468034872,10.73684654330516,7.068567809287725,1.7165415912290907,4.376239603301637,1.663144546506426,6.90553317580472,45.14036231884053,40.93385507246372,39.5850483091787,30.70967632850238,33.517285024154546,28.68692270531398,36.00053140096614,23.207294685990313,23.207294685990313
760.0,51.91856846042562,56.780974933856214,50.16195685455686,46.24626769337214,48.95031287595868,49.67510487417684,41.23021665806186,49.97779258163486,5.272275969903563,14.713299992849164,10.605155245781365,6.9958899104572385,1.7340569953047615,4.297029064141563,1.6914346503742033,6.830799326248285,45.14927536231879,40.94937681159416,39.58450241545889,30.71433816425117,33.51761835748789,28.686183574879195,36.00270048309174,23.217589371980647,23.217589371980647
762.0,51.93374035033016,56.79366891071199,50.168922151288236,46.26406869623824,48.95027915914509,49.686791398649156,41.230394748144,49.994970274269036,5.2040424545988175,14.739998981172375,10.788371724947572,6.993460622053739,1.7457782767332353,4.352227782446686,1.6880257447914377,6.8932752673129585,45.15867149758449,40.96425603864729,39.5846328502415,30.71928985507243,33.521043478260836,28.68506763285021,36.0052560386473,23.2276183574879,23.2276183574879
764.0,51.94534785807124,56.800710824512635,50.18083911546816,46.27489160590094,48.96766823856811,49.688533933322105,41.23008962857663,50.007673065230584,5.258324,14.680912,10.709868,6.95726,1.737272,4.294899999999999,1.649484,7.02114,45.170739130434725,40.98009178743957,39.587821256038595,30.724893719806726,33.52563768115938,28.68530434782605,36.01114975845407,23.23845893719804,23.23845893719804
766.0,51.96171794488271,56.80381400231217,50.19896058467421,46.2829804842477,48.98188132573869,49.68435722061042,41.23665039889036,50.01871081053467,5.276278661934546,14.621727730850909,10.617204085876365,7.078252258909091,1.7078886638545454,4.348339569338182,1.6409272605090908,6.991114100596364,45.18406280193231,40.994260869565174,39.59284541062797,30.73090821256035,33.530652173913005,28.688019323671465,36.018555555555515,23.250632850241523,23.250632850241523
768.0,51.97482155894518,56.80546229425525,50.22175928658473,46.287994978459494,48.992549398640975,49.69560350420896,41.23732499704246,50.02843239877376,5.307810474351594,14.755001452577577,10.632292533458319,7.119610439581433,1.7560970236488036,4.338894050609051,1.6553731267416922,7.025776127928717,45.19662318840575,41.00475845410623,39.59970531400962,30.735869565217353,33.53894202898547,28.692560386473396,36.02264734299513,23.261710144927513,23.261710144927513
770.0,51.98806136466838,56.809517810179216,50.240947071814745,46.2994062172775,48.9996577298568,49.705031140222644,41.237770732936745,50.03362798775979,5.361262443974584,14.698908468862127,10.66253069048235,7.02039629639663,1.7115952360957414,4.300794716104031,1.6371428575298563,7.007143384294056,45.20757487922701,41.00653140096613,39.607178743961306,30.738265700483055,33.549140096618316,28.69710144927533,36.026425120772906,23.268086956521714,23.268086956521714
772.0,52.00643880246025,56.811910232236315,50.25294773958504,46.299899554422964,49.01361593947777,49.7141528271966,41.24544270543756,50.045752545048344,5.300532969389187,14.654881261078161,10.720860356684323,7.1096618716310696,1.6940523224505284,4.369722310183332,1.661137550615179,6.886572053143989,45.21785024154585,40.998067632850194,39.6152173913043,30.742584541062765,33.562323671497545,28.70164251207726,36.03106280193233,23.27098550724635,23.27098550724635
774.0,52.01143514945476,56.82115278560151,50.26752448482644,46.305407296321356,49.010113908788725,49.7105789971019,41.24891677895805,50.053147296515235,5.348099488779529,14.757270043831893,10.707289335842221,7.007468017532757,1.772009644575722,4.344712683309704,1.6602487326696391,6.859018281004923,45.22715942028981,40.98195169082121,39.62434299516904,30.747869565217353,33.57779227053136,28.706183574879194,36.03473429951686,23.272231884057945,23.272231884057945
776.0,52.01750572482182,56.836371503830655,50.27560085346576,46.31185706379906,49.02314981640938,49.714285068340956,41.247738170029,50.05482285693396,5.280798901886905,14.758846941223227,10.665225991081014,7.056063541909761,1.787390057861678,4.226957976100058,1.6272756856488613,6.964282847569625,45.233990338164205,40.96975362318836,39.63141062801928,30.753164251207696,33.59062318840575,28.71072463768113,36.03743961352652,23.269429951690796,23.269429951690796
778.0,52.03277946603847,56.8452752321548,50.28240684373112,46.32119074349649,49.02847359908659,49.70444654911723,41.24262740356531,50.06524922836776,5.219102040816327,14.612675510204081,10.673902040816326,6.957232653061225,1.6893408163265307,4.261561224489796,1.681522448979592,6.990824489795918,45.23860869565213,40.96280193236711,39.63560869565213,30.76173429951687,33.603719806763245,28.71343961352654,36.03917874396131,23.26135748792268,23.26135748792268
780.0,52.053650536900456,56.85587825255363,50.2974600829937,46.33277115481777,49.0286471812192,49.69714565426521,41.246264783681355,50.075776457742336,5.365668732266666,14.6966687088,10.711214029199999,7.036285958,1.7107015716,4.2840906216,1.6675499925333335,6.954789035066667,45.241231884057925,40.955850241545846,39.639647342995126,30.772019323671465,33.616333333333294,28.713676328502384,36.03995169082122,23.252188405797074,23.252188405797074
782.0,52.06874781384504,56.86557722915351,50.31236926128008,46.35562556408531,49.050665967573,49.7065628557813,41.24689907771016,50.087514130617244,5.275361095452659,14.74972507525515,10.77062854336046,7.094945788044678,1.7449847261368352,4.313946787831554,1.6623453240921144,6.861785214049982,45.2420289855072,40.95278260869561,39.64314009661831,30.781855072463735,33.625888888888845,28.714386473429922,36.03975845410624,23.243096618357463,23.243096618357463
784.0,52.0711524118448,56.87824530376663,50.33596390381151,46.36864088553304,49.063616259458826,49.70964983951951,41.253704265151114,50.09110343710863,5.340171453783783,14.72873871330031,10.764085210055482,7.074121199376634,1.732896306524927,4.3025354403962925,1.6575479028663718,6.989987028715625,45.24356521739126,40.94786473429948,39.64320772946856,30.792077294685953,33.63341545893716,28.71429951690818,36.03859903381638,23.23473429951688,23.23473429951688
786.0,52.08420297965554,56.898854157980814,50.34301089096284,46.37569380146084,49.08001179532453,49.71610189317726,41.2552704397902,50.09780253785845,5.212394174380846,14.740585426258905,10.693080587731627,7.0600368939724385,1.754560210988869,4.355566972002778,1.6626873745940969,6.933364080195156,45.24662801932362,40.9426328502415,39.642922705313964,30.802299516908175,33.63871980676325,28.71458937198064,36.03647342995164,23.226628019323645,23.226628019323645
788.0,52.10193796045616,56.92363348849496,50.351750609372125,46.38732129150877,49.08363474585356,49.719272014941154,41.25388880182931,50.10337541665443,5.3101096640000005,14.755074156800001,10.781026816,7.011535104,1.7301859776,4.2917162368,1.6674561408,6.8916600576,45.24843478260865,40.9434830917874,39.6440869565217,30.810913043478227,33.64038647342991,28.714033816425086,36.03093719806758,23.215304347826063,23.215304347826063
790.0,52.119666852671244,56.945340516943375,50.36022169641545,46.39105218839049,49.096800272405005,49.72715930784292,41.252946774051864,50.115333614289504,5.2194,14.811391489361702,10.567155319148936,7.08233829787234,1.7064148936170211,4.354095744680851,1.6593382978723406,6.916295744680851,45.24863285024149,40.94903381642507,39.64605797101445,30.818690821256006,33.63877777777774,28.710792270531368,36.023101449275316,23.202067632850213,23.202067632850213
792.0,52.13706574321181,56.9558430378884,50.37446241827107,46.40135311737836,49.101178764762075,49.73429410617216,41.25675123015436,50.11837940042993,5.306340281171382,14.826883405822063,10.709367537290927,7.016367028641202,1.720814171021575,4.311719903416866,1.6561141538655368,7.070201068767567,45.24986956521734,40.962840579710104,39.65301932367145,30.82818357487919,33.63603381642508,28.70842028985504,36.01642512077291,23.193014492753594,23.193014492753594
794.0,52.15479377133076,56.98480337234125,50.384819968650376,46.41837457998199,49.112496638387206,49.74360555577002,41.2572148481039,50.11954279395576,5.245515311480671,14.777340665868861,10.758110032618534,7.005500001714831,1.675540199067377,4.308658371376041,1.632070334649262,7.057798091638117,45.25541062801927,40.983125603864686,39.66677294685985,30.839512077294653,33.63307246376808,28.706821256038616,36.012541062801894,23.187033816425092,23.187033816425092
796.0,52.16949638552987,57.00609837909921,50.41043450033138,46.435164400086315,49.117342225579016,49.750543763140186,41.2506739766422,50.12783416563423,5.386583325740507,14.741483297800741,10.498400036610727,7.009316668065949,1.7574333398480242,4.378000000275268,1.661966663730468,6.922766648590693,45.26374396135261,40.996632850241504,39.68496135265696,30.850367149758423,33.63020772946856,28.705898550724605,36.01130434782605,23.18066666666664,23.18066666666664
798.0,52.17634388823026,57.02438274994274,50.42340616722678,46.44735191253575,49.12240179325162,49.74822895115001,41.262314973504935,50.119510919933205,5.390164955642553,14.75737602437447,10.656312219506383,7.014496803676596,1.7494952151148935,4.302790976817021,1.6466648916425533,6.967836703319149,45.27218357487917,41.00626570048304,39.7052753623188,30.861439613526535,33.62714975845407,28.705555555555524,36.01018840579706,23.175328502415432,23.175328502415432
800.0,52.18662607422332,57.03655674043767,50.43516384609226,46.457474612081725,49.130048681652944,49.76654934403388,41.26163873494504,50.12335649679983,5.251663766114505,14.688234878024149,10.602156424781754,7.031261473621416,1.7278720128422829,4.257542665360831,1.6678261451309477,6.991652308111447,45.28226570048304,41.01716425120768,39.72723188405793,30.874024154589335,33.62360869565214,28.70569565217388,36.01031884057967,23.172483091787413,23.172483091787413
802.0,52.203475255030895,57.06104254815059,50.43884505222446,46.467800012322996,49.134050918739334,49.769611257327846,41.25541795426959,50.14131346503319,5.285572131147541,14.844004918032788,10.786829508196721,7.007462295081967,1.7929098360655737,4.293673770491804,1.6198573770491804,6.96222131147541,45.29370048309173,41.02649758454101,39.75034782608691,30.886415458937165,33.6198985507246,28.706222222222188,36.01407729468595,23.171246376811567,23.171246376811567
804.0,52.216483358433734,57.0775296996914,50.453671261448704,46.48589961093866,49.13790966964812,49.78250463044018,41.25698593002095,50.15033957769677,5.3411247486255835,14.62750394290943,10.720360910549488,7.051536656435109,1.7281282167941174,4.342225246431839,1.669012877061625,7.074444601564895,45.307420289855024,41.035560386473385,39.77414009661831,30.899956521739096,33.61998550724634,28.708260869565184,36.02028985507242,23.170782608695625,23.170782608695625
806.0,52.22204716816137,57.09569831477496,50.46235402764582,46.49758855042265,49.15469793945301,49.795960026709324,41.26662792084045,50.16529890107594,5.3026307453333335,14.640657251733334,10.757321848,7.110340106933333,1.7343275949333332,4.3622187424,1.6356854261333333,6.986057302933333,45.319531400966135,41.04312077294681,39.79629951690817,30.91481642512074,33.62428019323668,28.71115942028982,36.02540096618353,23.169652173913015,23.169652173913015
808.0,52.216640276893465,57.11268554966002,50.46612375941487,46.503224671444904,49.164503784924904,49.79389837363721,41.26916122384042,50.176737248683565,5.257954984358539,14.647755005267433,10.681911503108187,7.089856038649286,1.7007052348631675,4.3315465866231335,1.6547942536731297,7.019324107552132,45.32669565217386,41.054550724637636,39.81446859903377,30.9275603864734,33.62963768115939,28.713091787439584,36.02945893719803,23.16758937198065,23.16758937198065
810.0,52.21268791416227,57.13920000767409,50.467293718322516,46.503316890045646,49.17471129119185,49.806649317592964,41.265810370137984,50.18403000006678,5.364271080452822,14.6578855410489,10.742650594402754,7.030051810350411,1.6710132602757188,4.262596403151369,1.6768000016449787,7.008799996710043,45.33395652173908,41.073478260869514,39.83044927536227,30.93897584541059,33.63596135265697,28.715884057970985,36.03428985507242,23.167328502415433,23.167328502415433
812.0,52.21494175637155,57.15291612472631,50.481376376247134,46.50072812984177,49.19234769605948,49.81574034124514,41.26698446025228,50.187408236346556,5.362065499446831,14.607207598705928,10.679285380309565,7.109508188403953,1.7880918139913677,4.474460236178625,1.6271567246384189,6.838942106744475,45.34208695652169,41.092149758454056,39.84659903381638,30.95045410628016,33.643154589371946,28.720188405797074,36.03989371980672,23.16738164251205,23.16738164251205
814.0,52.22742679742338,57.170400788527985,50.49361929188984,46.49933092585702,49.19453735129877,49.82842461754705,41.26518652119228,50.20029494526959,5.286563999218834,14.709671999148616,10.673442002666789,6.949046002485395,1.7551399995026284,4.33259600083968,1.641578000741669,6.922927999022811,45.35125603864729,41.10825603864729,39.86162318840575,30.960386473429917,33.651120772946825,28.72487922705311,36.0444444444444,23.163816425120746,23.163816425120746
816.0,52.223990636105384,57.186861981620446,50.503660820835584,46.50388620664516,49.20567369589141,49.837559907137724,41.25947276902885,50.21574106840724,5.184781077745043,14.666329719078346,10.72664862970953,7.009516223187488,1.7280000022140518,4.391975664111743,1.6308405397027912,6.84320813152021,45.36102898550719,41.122439613526524,39.87540096618353,30.968386473429916,33.65976328502412,28.727004830917842,36.04728985507243,23.15560386473427,23.15560386473427
818.0,52.23216042644376,57.1963610928121,50.50210610734945,46.51146351132486,49.20639479271014,49.84635311930263,41.25603240982933,50.234252133716325,5.262653800263897,14.72002623427701,10.697458223843414,6.955426799260274,1.7209243554147202,4.35386875474428,1.6470298417129845,7.0250646495728235,45.3709710144927,41.130420289855024,39.88898550724633,30.975893719806727,33.66898550724634,28.727787439613493,36.051381642512034,23.1470144927536,23.1470144927536
820.0,52.24454425397452,57.206342345328714,50.503806625581674,46.51779685072791,49.209671348679834,49.84564898885029,41.25880811720229,50.255432896591124,5.319455191112877,14.764583383382533,10.667331103337876,7.0122692908593205,1.7047356850968816,4.337940657441468,1.644135269229993,6.755114963984759,45.381869565217336,41.13325120772942,39.903429951690775,30.981951690821223,33.678690821256005,28.729623188405768,36.056671497584496,23.14166666666664,23.14166666666664
822.0,52.24505761312926,57.22287063253296,50.50285440140007,46.52748110814571,49.20943296705909,49.85407491368114,41.26159985012598,50.26116988202352,5.286449697710326,14.67642644724703,10.429474669171928,7.06595404569042,1.7495082188979751,4.30352198334227,1.669440897417939,7.055868623378463,45.391512077294635,41.137971014492706,39.91678743961348,30.985603864734266,33.6869565217391,28.73068599033813,36.06072946859899,23.137178743961325,23.137178743961325
824.0,52.26444157363739,57.24987244414226,50.505856754961776,46.54335243392256,49.22896110687079,49.86272228893391,41.25493398552348,50.27563541043057,5.3533479999999996,14.578596,10.67898,7.0663800000000005,1.706272,4.355996,1.6520920000000001,6.981612,45.39951207729463,41.14987439613522,39.92650724637677,30.99011594202895,33.69181159420286,28.730975845410597,36.062951690821215,23.130599033816402,23.130599033816402
826.0,52.28603558187046,57.257816690625276,50.504925701305524,46.56032395951951,49.23106130256938,49.86609813949756,41.24725793676538,50.281644168438135,5.352290210319413,14.737506264876084,10.731999483255118,7.048276093368732,1.7407307067341673,4.283486777924579,1.6677326720630583,6.824985938495121,45.40730917874391,41.16957487922701,39.93669082125599,30.99575362318837,33.69666666666663,28.730492753623157,36.063338164251164,23.1231835748792,23.1231835748792
828.0,52.29960383972757,57.27140923035754,50.50949892580719,46.57404957385308,49.245000052586576,49.87510008504851,41.246881219070794,50.28849602164017,5.313091716336927,14.745334154656517,10.74400827879283,7.079189746135335,1.732150246072272,4.328811210555695,1.6642804879236646,7.034478040188266,45.41394685990333,41.18931884057966,39.94664734299513,31.00100483091784,33.70188405797098,28.729236714975816,36.061888888888845,23.117966183574854,23.117966183574854
830.0,52.30734087597955,57.28637059325082,50.50816655256755,46.589240575824135,49.271315715856524,49.88305837358025,41.248158351683074,50.29565705920427,5.251220432150501,14.682023479442632,10.618035227400474,7.0318825986685765,1.7291973856820233,4.358493484796374,1.6876721825793015,7.047162199464181,45.420294685990285,41.20736714975841,39.95390821256034,31.00435748792267,33.705396135265666,28.72720772946857,36.05860386473425,23.113724637681134,23.113724637681134
832.0,52.31607637253905,57.30319311081917,50.51348623414881,46.5931706392005,49.27704631529515,49.887350629800586,41.25242142538203,50.3009867658987,5.280744213361011,14.842562829016892,10.726097710984082,7.013337257705547,1.7356256052462113,4.328299983032567,1.6591511746722853,7.105523165408663,45.42966666666662,41.22920289855068,39.96144927536227,31.00729951690818,33.709357487922674,28.724405797101415,36.05348309178739,23.109806763285,23.109806763285
834.0,52.324292471375486,57.31867406358772,50.51406919295912,46.60654737418143,49.29112759896905,49.8929703649251,41.252586775526645,50.314893114231396,5.293696914565463,14.730609877815212,10.659767280487728,7.07516358175888,1.730340123923061,4.284062962775674,1.630359876076939,7.016594445901784,45.438169082125555,41.248864734299474,39.97107246376807,31.00827053140093,33.711700483091754,28.720830917874366,36.04652657004826,23.107338164251182,23.107338164251182
836.0,52.3361215466013,57.337922859943475,50.52568158306206,46.62133669875334,49.29483851567545,49.88962915174706,41.256657576453286,50.33775779383727,5.2568960393479855,14.70633519926191,10.716004957278388,7.094081206293041,1.6981737359041496,4.338730705825397,1.6765470252020753,6.9150049271159935,45.44313043478255,41.26525120772943,39.98162801932362,31.006265700483056,33.71218357487919,28.713434782608662,36.03651207729464,23.10744444444442,23.10744444444442
838.0,52.3502396824502,57.3560659740747,50.54273942558436,46.6220975309234,49.311357419388806,49.89413589913365,41.26141827613438,50.34772712851084,5.343488768130612,14.807899555787756,10.678046883526532,6.96627396597551,1.6914612094693877,4.260436217469388,1.651134178220408,7.026980655934693,45.44608695652169,41.282086956521695,39.99445893719802,31.00628019323668,33.71361352657001,28.70577294685987,36.02886956521735,23.111903381642488,23.111903381642488
840.0,52.379349194621845,57.37285211078161,50.55332373889324,46.6332202932597,49.31865563183808,49.90035916232318,41.2640634217579,50.36083333447413,5.281369112923361,14.786670746055442,10.704727158327003,7.097797113627098,1.7528843716781901,4.396341548894407,1.6953370293894243,7.016623465712338,45.451004830917825,41.29888888888885,40.01100483091783,31.010309178743928,33.71462318840576,28.703227053140065,36.02607729468595,23.12197101449273,23.12197101449273
842.0,52.39010469267467,57.393032254754225,50.57691111969315,46.64718208536814,49.3366202155882,49.909863645366336,41.26681136144525,50.36940883803278,5.261551499719006,14.708334886095278,10.641043197148557,7.060310674127519,1.719136676426971,4.315956857989842,1.6433378685676285,6.959541440748186,45.45707246376807,41.312792270531354,40.028579710144875,31.017396135265667,33.715719806763246,28.70157487922702,36.022835748792225,23.13169565217388,23.13169565217388
844.0,52.40237659703883,57.4054408003395,50.589747865445176,46.65866888931778,49.35462312875112,49.91086541392522,41.268268193653334,50.379985453915246,5.377238736936302,14.852674299096643,10.709151622522299,7.0350258504494265,1.779458075675416,4.359241938738664,1.6478322693691063,7.01065159909942,45.45987439613522,41.31910628019318,40.043942028985455,31.02602898550721,33.71745893719803,28.700864734299483,36.02111594202894,23.139917874396108,23.139917874396108
846.0,52.41262503196293,57.41309734860975,50.59715335142517,46.66449661945178,49.36478143542145,49.91944124781136,41.27668688210173,50.398276072828736,5.238033767491836,14.722766991614495,10.661760106414304,7.122146970846038,1.7744596082357509,4.364534310861013,1.6397131355682661,7.037513090377642,45.4622173913043,41.322173913043436,40.05624637681154,31.0359178743961,33.718618357487884,28.70236714975842,36.02045893719803,23.15025603864732,23.15025603864732
848.0,52.42377604010149,57.42328560679317,50.603118631794814,46.682176373191545,49.37677705175039,49.93707064332542,41.275399762219706,50.418021708006215,5.368633430492079,14.69106697274054,10.75377165234409,7.044227373556101,1.6732411218001615,4.290647738427691,1.6047669727405394,7.038583777391684,45.4644637681159,41.32514975845405,40.0664251207729,31.046772946859868,33.71919806763282,28.703130434782576,36.018579710144884,23.159057971014466,23.159057971014466
850.0,52.44793355481887,57.43016621396441,50.617042627983665,46.691915227837,49.3920585136779,49.94974235095498,41.27446264764024,50.43854657142784,5.36654105060707,14.709699000505436,10.71936661014242,7.002189767433719,1.7374315823215492,4.255926493388851,1.6464717975367098,7.014936813476547,45.465753623188355,41.326410628019275,40.072966183574835,31.058304347826052,33.71919806763282,28.705028985507212,36.01557487922701,23.165671497584515,23.165671497584515
852.0,52.458211055584734,57.43950108709421,50.63692524392969,46.70046080099763,49.395782658218636,49.96221269455231,41.27742359652305,50.45357289671063,5.3607877418260514,14.789172282548947,10.708181031791154,6.977890768597715,1.6929736071541874,4.325970592004624,1.6763288793469007,6.987874873648931,45.467623188405746,41.32738164251203,40.07491304347821,31.07022222222219,33.720444444444404,28.708111111111076,36.01209661835745,23.169999999999973,23.169999999999973
854.0,52.46725215679676,57.44776310008937,50.65045339962262,46.71082818593201,49.41421181470357,49.97061351811357,41.273978444617796,50.46526422642062,5.297440340225227,14.740824135296625,10.734670689216104,7.005942401091552,1.7634151822692583,4.346237655308848,1.6632822105525578,7.038547638769377,45.467956521739076,41.327043478260826,40.07303864734295,31.082236714975814,33.72054106280189,28.709376811594172,36.00814492753619,23.173724637681133,23.173724637681133
856.0,52.472124825444325,57.457863739705616,50.66581242368983,46.72036143499361,49.41593071133059,49.970984173588725,41.27171695204013,50.47509753085718,5.3947299891292655,14.809364748767305,10.592672936693738,7.125400008904356,1.7244830850625716,4.259499970318813,1.6558251206725756,6.909761343222115,45.467637681159374,41.32794685990334,40.069241545893675,31.09405797101446,33.71826570048305,28.709999999999965,36.004893719806724,23.177922705313982,23.177922705313982
858.0,52.49255084619303,57.467957908660594,50.683430157771724,46.724098794109835,49.437423111901865,49.98517666449252,41.265185973972216,50.48426546275769,5.359154112,14.6660999936,10.6866614688,7.0821717728,1.766890608,4.3049666752,1.6737062144000001,6.9482666816,45.46875845410623,41.332608695652134,40.06659420289851,31.105396135265664,33.716570048309144,28.711106280193206,36.00412077294682,23.181893719806737,23.181893719806737
860.0,52.50259774676768,57.47383425123036,50.695963233773334,46.73934795514348,49.43918026134528,50.00440936293035,41.26215209544017,50.50059428775726,5.21419999474872,14.70048718621959,10.79182256422644,7.055199484718118,1.7630548746978874,4.364269232223431,1.6489687137907811,7.012197951475544,45.47101449275357,41.33811594202894,40.06699516908208,31.11596135265697,33.71535748792267,28.712599033816392,36.00460386473426,23.18315942028983,23.18315942028983
862.0,52.52467560523974,57.485231017133245,50.71020619788943,46.749155198969596,49.44128777015326,50.00781366864742,41.25297714748103,50.51355994249296,5.360374383123022,14.706369332070913,10.60506982953471,7.062218604271216,1.7565276322035446,4.2841326747651935,1.649793467877115,7.014538683952901,45.47654589371975,41.34338164251203,40.06816908212556,31.124241545893685,33.714531400966145,28.714381642512045,36.00634299516904,23.181067632850215,23.181067632850215
864.0,52.53347660032765,57.48189030387982,50.71976442719382,46.76541508165053,49.458408487504144,50.016628354297346,41.24440866263955,50.52057363766491,5.172594024850177,14.816920739769795,10.809322353828248,7.160951339872756,1.7338366114844637,4.376778091024056,1.6476224055877926,7.010761195029965,45.483888888888835,41.34974879227049,40.070888888888845,31.1305024154589,33.712772946859864,28.716357487922675,36.00933816425116,23.179222222222197,23.179222222222197
866.0,52.54308874861923,57.48948422862629,50.7228130256535,46.7828620798481,49.46537939346017,50.02692143682229,41.23573839663346,50.53069982275956,5.323569429199113,14.716723472818321,10.753277509645702,6.94735723551708,1.6858347078077285,4.3264459088379965,1.6779489750870529,6.93384389976307,45.49157971014487,41.35800483091783,40.077149758454055,31.13740579710141,33.70931884057967,28.720256038647314,36.013589371980636,23.17765700483089,23.17765700483089
868.0,52.55564562408164,57.495328186516105,50.73300870669229,46.80094369900936,49.47327240243316,50.040346016314196,41.241375058017404,50.53881387783226,5.335906896551724,14.6594,10.534734482758621,7.063858620689655,1.713837931034483,4.4647,1.6715706896551725,7.034891379310345,45.50115458937193,41.367207729468554,40.08412077294681,31.14278743961349,33.706357487922666,28.724806763284995,36.019096618357445,23.174628019323645,23.174628019323645
870.0,52.57793539107049,57.51411673719332,50.73771650183599,46.812449472045834,49.47743795340331,50.05875271271536,41.239483628785564,50.54133331626081,5.463377544845746,14.595992786139982,10.530802204836714,7.119796705755925,1.7739989262058382,4.3834401354831725,1.6485659265166954,7.052655496478591,45.51171980676323,41.37894202898546,40.09197101449271,31.146913043478225,33.70542512077291,28.728135265700452,36.02403381642508,23.169579710144898,23.169579710144898
872.0,52.60223294708983,57.535972345563856,50.74700969682593,46.829702745687484,49.49313759509598,50.05985517417973,41.232460946697714,50.54342270265904,5.313515564944679,14.709932554857396,10.654552731637537,7.018657917001422,1.7393195973496995,4.418691060142283,1.6569391946993992,6.943301147056849,45.52238164251203,41.39066666666662,40.10326570048305,31.151874396135227,33.70500966183571,28.731367149758423,36.027748792270486,23.162526570048282,23.162526570048282
874.0,52.60779174711799,57.53607791600974,50.74651994766884,46.829209955368064,49.48872368751838,50.06807827316368,41.227077202539384,50.54550551192575,5.318346030711884,14.681565012508786,10.775368277390315,7.001731740218156,1.7063730109538238,4.315261909625197,1.6435761983580779,6.957147626174858,45.532850241545844,41.39927053140092,40.11696618357484,31.154937198067593,33.70720289855069,28.734405797101417,36.03136714975841,23.15346859903379,23.15346859903379
876.0,52.62167624831128,57.5495629987405,50.75430308356197,46.83633439342841,49.500688947060915,50.07478517896965,41.227619925139585,50.546517128245,5.3043,14.71306,10.6863,7.04056,1.7478,4.34774,1.64632,7.0876600000000005,45.54161352656999,41.40764251207725,40.1308599033816,31.156367149758417,33.71409661835745,28.737154589371947,36.034792270531355,23.14543961352654,23.14543961352654
878.0,52.6218857662584,57.563551089117,50.75728435298681,46.84697274772961,49.51063712271355,50.07492802984542,41.23389640195046,50.548567445432326,5.287725271491427,14.696357034373364,10.697757009251882,7.021018714785067,1.7591607401505853,4.3437364390660544,1.6469822606461244,7.019704721402783,45.5507632850241,41.41985990338159,40.146386473429914,31.157603864734263,33.72417874396132,28.739516908212526,36.03792753623184,23.138473429951667,23.138473429951667
880.0,52.62768042482776,57.58304913435988,50.757367034775605,46.843871101419424,49.51690946487818,50.07668738237694,41.2475076272797,50.56004399519973,5.136562735987329,14.712368970708589,10.656289644876622,7.019486572614394,1.7256274870773185,4.417237824161335,1.6693963405300654,6.907122842605255,45.56239130434777,41.43095169082122,40.163811594202855,31.1600869565217,33.73715942028982,28.741396135265667,36.04189855072459,23.13077777777775,23.13077777777775
882.0,52.62728558562906,57.60341940376192,50.76548164394684,46.85294270438422,49.523700267670655,50.07841487688244,41.25118336863354,50.57050759087775,5.285915930337411,14.805930828013796,10.707262235530264,7.030368631966131,1.7245656840169343,4.3456915382420815,1.6469950341078716,7.008028364809031,45.57193719806758,41.43467632850236,40.18162318840575,31.161033816425082,33.74970048309175,28.74269565217388,36.04605314009657,23.124734299516884,23.124734299516884
884.0,52.64142911135851,57.62452034089214,50.77380065370235,46.851572902290144,49.52917925326534,50.07280110983953,41.255504835164885,50.576321337591466,5.37623519424156,14.854385924562907,10.69273420918211,7.073149779154863,1.7608080058315136,4.3262346847653514,1.6613202128286086,6.969229079445357,45.57901449275357,41.43552173913039,40.19953140096614,31.162487922705278,33.76201932367147,28.742096618357458,36.046120772946814,23.12207246376809,23.12207246376809
886.0,52.6557971633733,57.64173157796188,50.784393150058264,46.846150684793145,49.53875695051335,50.077681336404865,41.25672865507361,50.57723762277475,5.35559381192169,14.789999489187291,10.81360983238587,7.109623727256892,1.7346675237393971,4.305124731727658,1.6621077308092245,6.987045366660861,45.58741062801928,41.43664251207725,40.21724637681155,31.168318840579676,33.776062801932326,28.741884057970985,36.04626086956517,23.120869565217365,23.120869565217365
888.0,52.67230627791076,57.673133875307485,50.784697062282135,46.85612174731163,49.54747605191149,50.091340983660125,41.26204357453803,50.58616998607356,5.270130347796335,14.766144065526355,10.772195781941186,7.040245499127658,1.7612056892715275,4.294634573377432,1.6477009582416302,7.11102084060285,45.597913043478215,41.44176328502411,40.23387439613522,31.175792270531367,33.79252173913039,28.745565217391274,36.04698067632845,23.123425120772925,23.123425120772925
890.0,52.67256541117489,57.688813207494334,50.785816668784385,46.865549900985705,49.55025555329913,50.105762779066616,41.27321761504819,50.602300900821376,5.3073,14.837075,10.687050000000001,7.03655,1.740725,4.313375,1.677225,6.914,45.607135265700435,41.44797101449271,40.24914009661831,31.184618357487885,33.8114830917874,28.74943961352654,36.04513526570044,23.12903864734297,23.12903864734297
892.0,52.67561652709639,57.70573441932888,50.78942780028422,46.87338512888525,49.5645130584203,50.10350107979008,41.27762596600752,50.621215152026515,5.313371909746787,14.679116244140692,10.691766019478694,6.988884743035352,1.7410088681903075,4.328290151191283,1.661480299103748,7.067323652879243,45.614739130434735,41.449908212560345,40.26159420289851,31.194507246376773,33.83063768115939,28.751632850241513,36.0454057971014,23.135835748792246,23.135835748792246
894.0,52.679270019458336,57.7218941801219,50.800208873316976,46.872577131290186,49.56743134134629,50.11061074259809,41.28288968724236,50.636173821543785,5.2597620605119,14.72092069516046,10.776451738027259,7.129162072113881,1.723772411244842,4.359348281645666,1.6526172395355172,7.020620688350602,45.62221256038642,41.449376811594156,40.2692173913043,31.20516908212557,33.8495024154589,28.753874396135238,36.0464251207729,23.144990338164227,23.144990338164227
896.0,52.68941584114004,57.73910219760558,50.807726965091064,46.88308337145344,49.56932307623495,50.12696782286038,41.28407664699863,50.64669953314005,5.4016789024,14.8879854784,10.640661571199999,6.966403424,1.7429603456,4.3309133472,1.6718168223999998,6.9323944288,45.6268212560386,41.45235265700479,40.27059420289851,31.2163140096618,33.86759420289851,28.75546376811591,36.047444444444395,23.15407246376809,23.15407246376809
898.0,52.71336036584664,57.75804041338006,50.8184838851751,46.88546308785427,49.56770591697814,50.133135833610474,41.278044135208795,50.6513459255262,5.348799968,14.853672453389475,10.622506431326316,6.8898038127157895,1.7145539055157895,4.337277569010526,1.6884026634105265,7.0393749632,45.63065700483087,41.458207729468555,40.26730917874392,31.227652173913008,33.884429951690784,28.757526570048277,36.048937198067584,23.16247826086954,23.16247826086954
900.0,52.72255902416604,57.776164176747486,50.83026492754488,46.89292177327815,49.575405456069795,50.133519404217914,41.27802122823932,50.66674035066439,5.358728779483551,14.825690631207328,10.659497321249065,7.004450801373554,1.7447785498878157,4.354075400686776,1.670595797312403,7.02480271252684,45.63581159420285,41.46152173913039,40.26094685990334,31.238893719806725,33.89830434782605,28.757570048309148,36.04958454106276,23.170207729468572,23.170207729468572
902.0,52.72881577980976,57.796809782594636,50.838902049363995,46.906323654083515,49.58929635703121,50.13753416916898,41.2759099784847,50.67772354181227,5.301093617021277,14.793012765957446,10.705087234042553,6.993110638297872,1.752931914893617,4.362331914893617,1.6798170212765957,6.979576595744681,45.640772946859855,41.46713043478256,40.252521739130394,31.24852657004827,33.90928985507242,28.757323671497552,36.05049758454102,23.17908695652171,23.17908695652171
904.0,52.74695061641044,57.8196780725681,50.841163327916,46.914708147310996,49.59486751884405,50.142054826209176,41.279210178555466,50.68549754439543,5.339176506806195,14.679883727041663,10.566330635323252,7.093199949061291,1.7348387904799472,4.402641809186208,1.6588244858455694,6.976230584384543,45.64402898550719,41.48109178743957,40.24492270531397,31.25803864734296,33.92045893719803,28.758516908212528,36.05218357487919,23.18671980676326,23.18671980676326
906.0,52.76695755934019,57.844334845902885,50.838226470634375,46.92950489824334,49.59965373286474,50.149821573874775,41.26934117126324,50.68404898573759,5.265216632197012,14.842987249926857,10.474873275088024,7.128503970904249,1.7206975393710717,4.260197035945965,1.6741920985462213,6.982183295164496,45.64584541062796,41.503526570048265,40.23626086956517,31.2683140096618,33.931884057970976,28.758657004830884,36.05454589371977,23.191884057970988,23.191884057970988
908.0,52.77526496392836,57.86199644933818,50.85206503852501,46.94244343232084,49.59685993375457,50.16614796086259,41.26511857172175,50.7020532764401,5.278933483723459,14.773667900437196,10.729637612366906,7.103372463223508,1.756981202330303,4.273993123468258,1.6715270617675968,6.956688061834533,45.65071014492749,41.5298405797101,40.225869565217344,31.277236714975807,33.941859903381605,28.759473429951658,36.05748792270527,23.19448309178741,23.19448309178741
910.0,52.78099712338688,57.88337369817841,50.86403221003759,46.95595612775999,49.60994030628023,50.17221901469972,41.264599749905926,50.70126610361758,5.251742825198792,14.741485689581308,10.829628671515,7.083178550045453,1.7099571565154696,4.303771433497383,1.6710214348035068,7.087385713091544,45.65711111111106,41.55548792270526,40.215478260869524,31.284516908212527,33.94990338164247,28.760869565217362,36.06091304347822,23.194323671497557,23.194323671497557
912.0,52.78249641616238,57.902816825085914,50.87091007564885,46.97736321107262,49.62744506845682,50.17913824988697,41.26295152926199,50.71497411609272,5.31579998592,14.931772135680001,10.684222204160001,6.9253861388799995,1.75571944832,4.329633344,1.67455276288,6.9451000575999995,45.66236231884052,41.581352657004786,40.20681642512073,31.290468599033783,33.955531400966144,28.7627487922705,36.06472463768112,23.195386473429927,23.195386473429927
914.0,52.78940664635232,57.92828967260074,50.88457183517617,46.99619043862797,49.629440682327186,50.19040308662888,41.26599373471717,50.7219644895548,5.171191419838042,14.745685031978137,10.727659421023956,7.024577336438885,1.7651401594202583,4.310839313306975,1.6622982867682936,6.969367508112141,45.66799999999994,41.607096618357446,40.20043961352653,31.296009661835715,33.96008695652171,28.76501449275359,36.06882608695648,23.19804830917872,23.19804830917872
916.0,52.804305726716805,57.94123178078072,50.90283441130705,47.004065027763154,49.63692257091127,50.19839730196859,41.2645971272932,50.73173867031757,5.155662827061692,14.819479341442523,10.807616051096318,7.0880527670150935,1.6967400713559686,4.320900444489571,1.6680092901020869,7.094690340588109,45.676782608695596,41.62628502415455,40.19512560386469,31.30085024154586,33.96678743961349,28.76879227053137,36.07434299516904,23.201560386473403,23.201560386473403
918.0,52.82290796730517,57.963467342704966,50.91804335582069,47.012463067805285,49.65020104720796,50.19689454576894,41.2577689543572,50.73846152365671,5.291685586431232,14.774775118702525,10.693977598719234,7.173020374549771,1.7592905530875393,4.259602984629806,1.6780636781735094,6.949234837790197,45.68669082125598,41.64265700483087,40.19270048309174,31.305318840579677,33.974120772946826,28.77342995169079,36.08062318840576,23.20587439613524,23.20587439613524
920.0,52.842540904881766,57.96824752612887,50.930256342366356,47.01912508446475,49.66443162340786,50.20599753088344,41.26050994031462,50.74292666163123,5.335200024032685,14.822564261569648,10.814257185772652,7.010921425399413,1.77702860882104,4.324328549784228,1.6322571309154363,6.935192829117165,45.693927536231826,41.6550289855072,40.19381642512072,31.309173913043445,33.98006763285021,28.77710144927533,36.08584057971011,23.20738647342992,23.20738647342992
922.0,52.85033443965088,57.97201440374217,50.933543903474686,47.016132131643445,49.66505752386555,50.216763897923045,41.25564369003588,50.752120659844806,5.344975746435606,14.764854128516538,10.726280171312334,6.949318090194975,1.7252297278098867,4.352599087625752,1.6385973136159633,6.985014400107013,45.698299516908165,41.66032850241541,40.19429951690817,31.310999999999964,33.98570531400963,28.779806763284988,36.08999516908209,23.20249275362316,23.20249275362316
924.0,52.87112889210561,57.983062221242,50.938180859572284,47.02446286361582,49.67251594341491,50.217191118633444,41.25996760820896,50.745833479635266,5.334624280540459,14.824142459638454,10.632348527834173,7.074463642912237,1.7308000254891704,4.343503029664961,1.6126636362628888,7.020678776830122,45.69894685990334,41.66751690821252,40.19292753623184,31.311207729468563,33.9885410628019,28.781545893719777,36.0930869565217,23.193574879227025,23.193574879227025
926.0,52.89062481467855,58.00466387914382,50.94598637057918,47.01884240466248,49.683859738193966,50.21983789797238,41.27147799879145,50.75825550533856,5.270683720930233,14.747676744186046,10.712658139534884,7.123872093023256,1.7710372093023254,4.38590465116279,1.6575906976744186,6.847781395348837,45.69978743961347,41.67712560386469,40.193207729468554,31.312033816425085,33.98790821256035,28.782318840579677,36.09511594202895,23.183570048309154,23.183570048309154
928.0,52.91438540243451,58.01258266534626,50.95577606027131,47.01822731221615,49.698621776092196,50.2263256214461,41.28147872596286,50.766916929748284,5.290624156079876,14.814562128511962,10.78357916524613,7.020762074157475,1.7461483509843865,4.390298108755076,1.6251971398378344,6.973941739392079,45.70291304347821,41.68309661835744,40.19677294685986,31.313333333333297,33.9843140096618,28.7821256038647,36.09485990338161,23.176033816425093,23.176033816425093
930.0,52.9262334111813,58.01776858470875,50.96670633041856,47.02376133673618,49.699010528771964,50.23608371196807,41.27898069971783,50.76447029875234,5.287280346887528,14.847645078065232,10.713071634301645,6.960794216617514,1.7410069204372423,4.368293648090136,1.6636849759019565,7.019461848143112,45.70681159420285,41.68724637681155,40.20342995169078,31.311961352656972,33.97821739130431,28.780966183574847,36.09227053140093,23.172792270531378,23.172792270531378
932.0,52.9458960994971,58.019622316159754,50.970305343109885,47.028940794260684,49.7140480740766,50.24223816352977,41.278897888226545,50.76370961268161,5.427272197967721,14.807702492123482,10.667041498779485,7.00190747637045,1.7748626555386304,4.364359340497087,1.6597290463413235,7.028387966615891,45.713019323671446,41.69386956521734,40.21298550724633,31.308980676328467,33.974299516908175,28.777618357487892,36.08786956521735,23.17154589371978,23.17154589371978
934.0,52.96185691933329,58.03394204649468,50.974628061908206,47.0341130104653,49.71884469904455,50.25291342061201,41.282506292792625,50.779168654282394,5.276202214254588,14.727296622959733,10.781664231792014,7.024984314689931,1.7325359970257999,4.292579781048247,1.6895696499274426,6.949521326079046,45.72189855072459,41.70135748792266,40.22524637681155,31.307231884057934,33.97428985507243,28.774463768115915,36.084608695652136,23.171265700483065,23.171265700483065
936.0,52.96827386512043,58.04710055988772,50.98635550121475,47.04621796215301,49.73254025957244,50.25369129494448,41.28658694154777,50.794697586562684,5.259244427116699,14.898916432103132,10.673346848851216,7.062997101635679,1.7425830880516056,4.362404352369669,1.678811110396565,7.019341538398751,45.730207729468546,41.70823188405792,40.240019323671454,31.305903381642477,33.975792270531365,28.773884057970985,36.080647342995135,23.172144927536205,23.172144927536205
938.0,52.980094342258504,58.04817116884238,51.00056927740508,47.05825143511619,49.743777141466396,50.25495354657673,41.29329839906152,50.81089831939458,5.240387364046686,14.705836860497485,10.684761174517329,7.041863102220986,1.7644407785377687,4.2793902884099175,1.6413019500725747,6.978146607877836,45.73710144927531,41.71245893719802,40.255285024154546,31.305357487922667,33.974632850241505,28.77283091787436,36.07658937198064,23.17132850241543,23.17132850241543
940.0,52.98799376800801,58.05572901096285,51.02055301123975,47.06197464293746,49.76015349881241,50.25115205684959,41.295753112637,50.811716938145956,5.4575750528,14.771976066816,10.660461870592,7.03863498496,1.747491945472,4.415161022976,1.653426006016,6.900103832064,45.74351207729464,41.71441545893715,40.26714975845407,31.307130434782575,33.97081159420286,28.770652173913007,36.0754830917874,23.170135265700456,23.170135265700456
942.0,53.006624012135546,58.062893857334814,51.021318007683035,47.06581612502091,49.76014768090973,50.25886358245006,41.29861700174938,50.81622250173033,5.396627282749025,14.743888978277965,10.623618078260082,7.122581933988726,1.718659273939682,4.27280187847713,1.591793772461251,6.9159702711641025,45.747927536231835,41.715685990338116,40.276449275362275,31.312154589371946,33.96728019323668,28.769077294685957,36.07437681159416,23.169835748792245,23.169835748792245
944.0,53.02167170075077,58.07789281008687,51.0271537277051,47.076577729927635,49.76775158037662,50.271928107492734,41.29709826406719,50.83210019002577,5.421014066587056,14.864732882723477,10.907559846129057,7.008218868992851,1.7308246414873287,4.347174130014772,1.6354705972174328,7.003485915794134,45.75061352657,41.715444444444394,40.28574879227048,31.32080676328499,33.96394202898547,28.76739130434779,36.07214492753619,23.168652173913017,23.168652173913017
946.0,53.042284578816734,58.08137724066505,51.03121084718243,47.08402062224387,49.77900504027134,50.27738815917702,41.294183911291235,50.836319952000245,5.376246614797099,14.8024985148227,10.765827725625444,7.028034227118022,1.746887019971772,4.333168731758116,1.6256654810118265,6.992499710999465,45.75483574879222,41.709768115941976,40.295169082125554,31.32928985507243,33.96070048309175,28.765449275362286,36.06761352657001,23.1672028985507,23.1672028985507
948.0,53.049258496369454,58.089001993322555,51.037574803405676,47.10416254563027,49.791140198696155,50.27902642225241,41.2933227602012,50.84848752641072,5.293616048804285,14.687793440595852,10.669216964609165,7.0726028353241785,1.7419764049828286,4.297284900811956,1.6817962387275336,6.95119337297313,45.75963768115936,41.70365217391299,40.30360869565212,31.33623671497581,33.957458937198034,28.76305797101446,36.06195652173909,23.163661835748766,23.163661835748766
950.0,53.05191133564559,58.10303248490957,51.038763181091326,47.12403931687512,49.80305484246657,50.28285358953177,41.28585641156495,50.85620858239706,5.274838923418662,14.79609998674691,10.695788506625977,7.005552204713796,1.7759123932248393,4.307573458025652,1.6717654830637971,6.858606167897392,45.76406280193232,41.70504347826082,40.312362318840535,31.34328019323668,33.95594685990335,28.762405797101422,36.058125603864696,23.159806763284998,23.159806763284998
952.0,53.06093273463234,58.12053291160005,51.04207551268205,47.142358800357165,49.81322921202159,50.299531568326515,41.28195885918504,50.86391834595521,5.331353542652206,14.830905660839967,10.696069029316181,7.1407647479904615,1.7740816644071382,4.379829554151764,1.6788056106015155,6.952781725222106,45.769550724637625,41.71227053140092,40.32150241545889,31.35083091787436,33.95549758454102,28.763855072463734,36.05667632850238,23.15681159420287,23.15681159420287
954.0,53.06595745558924,58.146753230624554,51.056861061357175,47.16388043118095,49.811724993352115,50.30299901021149,41.27918946442283,50.87268437782718,5.256389579061083,14.737385817068626,10.715892662586752,7.0984084067155075,1.7558,4.426696362388653,1.6811167745619184,7.01437592689393,45.77754106280188,41.721884057970975,40.32865700483088,31.359299516908173,33.95544444444441,28.767164251207696,36.05638647342991,23.153454106280165,23.153454106280165
956.0,53.06124973933648,58.15770857468904,51.07276618250248,47.17491118674461,49.821524538006535,50.312437783174836,41.277851346648475,50.893531845924926,5.25111870694902,14.691066664533333,10.693980382243138,7.0475622522980395,1.7487671711372548,4.340163759309804,1.6807725581803923,7.009560770886274,45.78829951690816,41.73340096618353,40.33623188405792,31.36666666666663,33.9562946859903,28.7739178743961,36.0572560386473,23.15094202898548,23.15094202898548
958.0,53.065385173279516,58.185225893719995,51.0825218318832,47.187835656400416,49.8360169470269,50.323968089103914,41.28075726550721,50.90510295744087,5.322944155336172,14.71811471844539,10.733302037604723,6.980584781119929,1.7377634478662978,4.337608635259659,1.6339964486161052,6.9766761552166185,45.79848792270526,41.74747826086952,40.34658454106276,31.372690821256004,33.958507246376776,28.78270048309175,36.05928502415455,23.15048309178741,23.15048309178741
960.0,53.07117330408646,58.20999113851992,51.09767809554861,47.2029703197062,49.85116305873229,50.32833134251297,41.28082413636085,50.92431453906773,5.34927059142422,14.752523524020962,10.698457972997394,7.089319322611456,1.7465798293621086,4.291101679273046,1.6647067274182306,7.011878160415107,45.807768115941975,41.7611062801932,40.358420289855026,31.37890821256035,33.96249275362315,28.79331884057968,36.06247342995165,23.153285024154563,23.153285024154563
962.0,53.084694092637044,58.230175042920344,51.11038808645965,47.207328671351526,49.85491208017367,50.34125992346115,41.2732407920318,50.94544281850711,5.324121164558182,14.68038597467409,10.681987019454478,7.07922358134695,1.8112775560451344,4.330755254094868,1.6318823834485585,7.241518544023684,45.81818357487918,41.771816425120726,40.37161835748788,31.386855072463735,33.96861352657001,28.805579710144897,36.06682125603861,23.158125603864704,23.158125603864704
964.0,53.09232297839878,58.23857292353951,51.11212130040591,47.21574600318809,49.879298380009374,50.343242382597666,41.27127939842396,50.96388756121789,5.221324938559989,14.80295882643642,10.691080563511758,7.037788988584624,1.7352565258493267,4.337720868901263,1.6638278252016836,6.952550444994865,45.83117391304342,41.78431400966179,40.38845410628015,31.39811594202895,33.979628019323634,28.82051207729466,36.07355072463764,23.163748792270507,23.163748792270507
966.0,53.10293545290984,58.25162591908691,51.115364946258964,47.2252323234186,49.88504940034875,50.34917926818784,41.26832385139492,50.97465578374071,5.314608570387157,14.783828587502574,10.557834308489564,7.078231449580831,1.7252257127462323,4.424491375730971,1.6408,6.892045748878782,45.846415458937145,41.807589371980626,40.40637681159416,31.40889371980673,33.9940869565217,28.8355410628019,36.08028019323668,23.172516908212536,23.172516908212536
968.0,53.119816611891494,58.26534087500673,51.122907149753864,47.22405469420445,49.89591954580426,50.36309969733053,41.274869751850474,50.991239634260666,5.31997720990709,14.711385103168093,10.748113501452057,7.041814416146827,1.7387367472253743,4.308212548416788,1.6434939527983206,6.960366046868284,45.86002898550719,41.83329951690817,40.42588405797097,31.417835748792236,34.00998550724634,28.848091787439586,36.08462801932363,23.180792270531374,23.180792270531374
970.0,53.1263351334908,58.286725887385224,51.12829969009628,47.21986671132018,49.90229017074638,50.36531188764606,41.267586088660465,50.99706671568949,5.384465207305016,14.852293335348824,10.765189537773995,7.050029050984198,1.735760467894572,4.432289522657815,1.6692314206894197,6.962417643143532,45.869391304347765,41.85078743961349,40.44691787439609,31.42541545893716,34.0241449275362,28.859193236714944,36.087816425120735,23.184367149758426,23.184367149758426
972.0,53.15337419595017,58.30562693700716,51.13459316142567,47.22903461870587,49.902397097323984,50.37901159028667,41.27538281741522,51.00896860165051,5.238304761904762,14.77477619047619,10.736495238095237,7.067890476190477,1.7578500000000001,4.328838095238096,1.653090476190476,7.02412380952381,45.876135265700434,41.8674637681159,40.467072463768076,31.429710144927498,34.033990338164216,28.867429951690788,36.08984541062798,23.183845410627992,23.183845410627992
974.0,53.17772367904415,58.32150909929404,51.14968496373721,47.23480899510349,49.912642458853746,50.39336255097639,41.27741942081302,51.02517643710466,5.438100519742601,14.778140514198014,10.759596073083651,7.072137065439864,1.7382990344426252,4.316392675150884,1.6485892679771375,6.9164156060146285,45.88254589371975,41.8894830917874,40.488246376811546,31.43244927536228,34.04237681159416,28.873164251207694,36.09071497584537,23.18281642512075,23.18281642512075
976.0,53.19201740150108,58.332134804588755,51.15063206145812,47.23798527721571,49.924859661156056,50.394497767717205,41.27452577943267,51.03128928889822,5.354539616151836,14.779077708595777,10.769376248761187,7.132549506882856,1.7670430591005524,4.301159892505279,1.661103467788336,6.923901438543486,45.88673429951685,41.911536231884014,40.509386473429906,31.433584541062768,34.04976328502411,28.87793236714973,36.090425120772906,23.184265700483067,23.184265700483067
978.0,53.20308682590785,58.34468165062362,51.15365776462992,47.24037003784527,49.92649488029581,50.40353628658014,41.273788858823266,51.042299491123295,5.417502558930926,14.81448370157017,10.651200037703795,7.0946418225072385,1.768858574132411,4.3007874221421964,1.6256468649614981,7.006503833683415,45.88681159420285,41.9313140096618,40.52766183574875,31.429463768115905,34.05543478260865,28.881444444444412,36.090801932367114,23.185144927536207,23.185144927536207
980.0,53.21259064210547,58.355182270561784,51.160017673757196,47.251760049700906,49.937546321333045,50.40315587149306,41.28012785732432,51.062855745257046,5.26490361112381,14.857187528533334,10.746230369219047,7.058858938209524,1.7700838875428573,4.335087528533333,1.6805731992380952,7.034435654704762,45.885062801932314,41.950062801932326,40.54201932367145,31.421864734299483,34.05928019323668,28.88218840579707,36.089449275362284,23.183579710144905,23.183579710144905
982.0,53.22632348193001,58.37558235779268,51.175928050176346,47.25776102185319,49.94615732163552,50.39812320545129,41.290958848448604,51.07972618303653,5.339373221195294,14.747071769524705,10.621077930541176,7.056537926701177,1.7039276306070588,4.287209115557647,1.6612700019200002,7.103508547689412,45.881898550724586,41.96410628019319,40.55313526570043,31.41499516908209,34.06175845410624,28.88225603864731,36.08514492753619,23.181251207729446,23.181251207729446
984.0,53.23484301149609,58.382767968704705,51.198460238063966,47.268597173752994,49.96356988618235,50.394285647269776,41.29256776197264,51.08827717276827,5.221358386146108,14.746980889900367,10.731789522369997,7.035699515192197,1.7719502384842836,4.329521979750272,1.6434440300536743,7.010082336484543,45.877681159420234,41.97511594202894,40.56158937198063,31.408285024154555,34.062072463768075,28.88373913043475,36.07961835748789,23.179792270531372,23.179792270531372
986.0,53.25914196655223,58.393157465364105,51.2149160579469,47.2807986663051,49.97137336948206,50.40044223360928,41.304824287912695,51.09297002776331,5.392786126312001,14.72075738383042,10.706689020127696,7.013360378778854,1.736407912686202,4.395162368990016,1.643118801057458,6.969405888764127,45.87394685990332,41.987144927536185,40.569086956521694,31.40121256038644,34.059980676328465,28.885125603864697,36.076376811594166,23.17900966183572,23.17900966183572
988.0,53.26702489246122,58.40305660705145,51.22493394315794,47.277877863198256,49.984390170909286,50.406889614518185,41.30516251385884,51.09138044873674,5.333088891661506,14.797755538977318,10.654044438396404,6.9961777853916995,1.7756000031030323,4.412188876275637,1.6526333405306444,6.952355574015725,45.86918357487917,41.997024154589326,40.57668115942025,31.39508212560383,34.057623188405756,28.884903381642477,36.07532367149754,23.18053623188403,23.18053623188403
990.0,53.28610446773206,58.408764422781964,51.236703677645984,47.28776458284583,49.99597868914315,50.42425830696744,41.310546450581455,51.102964677752944,5.329858875363483,14.724883171118293,10.59985208854418,7.030511977863956,1.740422976313256,4.309725344252737,1.679877513394071,6.917303312812498,45.863657004830856,42.002202898550685,40.5854251207729,31.390594202898516,34.055917874396094,28.883338164251175,36.07275845410624,23.18300483091785,23.18300483091785
992.0,53.298044942350565,58.41882138776,51.25445937900174,47.29905368286208,50.00667472020331,50.4364437215904,41.31045920589363,51.11197748052247,5.31004397260935,14.732966488673009,10.74931046248864,7.131913614504338,1.7434078504853274,4.304640832656475,1.6671822017064875,7.1063528789938,45.860632850241494,42.00373429951686,40.5951980676328,31.386019323671462,34.055178743961314,28.884917874396102,36.06980676328499,23.186270531400943,23.186270531400943
994.0,53.30347829825467,58.42117201816578,51.25813440500724,47.31319116973989,50.009420628184365,50.449441509883755,41.30704789816531,51.10431158489599,5.39193202176747,14.81026310155377,10.698296083073295,6.992511668760648,1.6951679672966011,4.285092245432075,1.6758708725255906,7.005377668708454,45.86037681159415,42.00692753623184,40.60410144927532,31.378975845410594,34.05511594202895,28.889352657004796,36.06697584541058,23.190188405797077,23.190188405797077
996.0,53.31263499301796,58.42136527047119,51.27487745040839,47.32678485885626,50.02411183620565,50.45052533164794,41.30925392539453,51.107172122398374,5.411935199567056,14.704976694340283,10.697486530168842,7.071276685851172,1.6905533610909569,4.31702124333638,1.651543523140122,6.991261654952136,45.861376811594155,42.0172367149758,40.61328502415454,31.37185990338161,34.054217391304306,28.892178743961317,36.06659903381638,23.1927874396135,23.1927874396135
998.0,53.31794329434345,58.42748439436841,51.28578556381064,47.32711406821366,50.03414066347675,50.461319467201115,41.30915084991188,51.106481987392655,5.349252302226937,14.67019332601655,10.734458981986796,7.134741038230634,1.7452358932887324,4.328709743619366,1.6930610269666373,7.046234358470774,45.86516908212555,42.03005314009657,40.62272463768112,31.36522705314006,34.05274879227049,28.895584541062767,36.06740579710141,23.19692270531398,23.19692270531398
1000.0,53.32567297825037,58.438255177860555,51.297611573758545,47.32777440902282,50.041568598216124,50.473879676077104,41.31539955010638,51.11017165192782,5.267896632650255,14.797905176701715,10.708085912028876,7.026583708721166,1.7496633423944734,4.302644427114394,1.6812803770218083,7.011442214894087,45.87211594202893,42.03908695652169,40.630618357487876,31.35841062801929,34.050927536231846,28.901758454106247,36.06934782608691,23.201227053140066,23.201227053140066
1002.0,53.32923761115828,58.45502049294441,51.30235434803753,47.32934937921567,50.049404629624995,50.4800161262708,41.31234681082263,51.122397177748304,5.342455336049917,14.772448546702009,10.828932976051558,7.089898046321116,1.6990679727645654,4.309550493545937,1.6502048561738911,6.979661168379756,45.88080193236709,42.04652657004826,40.63821256038643,31.356188405797063,34.05197101449271,28.909285024154556,36.07237681159416,23.203729468599008,23.203729468599008
1004.0,53.327483264517,58.46768992525198,51.30972816198464,47.33595587376297,50.055303524428034,50.49269375373887,41.31254935056934,51.12799510955806,5.365685149827775,14.8154962535945,10.875548075868132,7.177077789215759,1.781896307774411,4.358633312383767,1.6960629639662947,7.037225942019367,45.88981159420285,42.05638647342991,40.647405797101406,31.355512077294655,34.056096618357444,28.917971014492718,36.07522222222218,23.207285024154565,23.207285024154565
1006.0,53.33697608722636,58.48541916115831,51.31519425837234,47.33932862901491,50.07104035463456,50.50998322332128,41.31313706364449,51.134652287090766,5.320764353490861,14.651508628355014,10.678751318592541,6.985795535567266,1.711027180244525,4.338962283107607,1.6538432223056974,7.0023622946854935,45.899507246376764,42.06607729468594,40.65897101449271,31.356381642512044,34.06234782608692,28.927623188405764,36.08083574879223,23.212352657004807,23.212352657004807
1008.0,53.344421407003345,58.49762312748329,51.31409735348142,47.355822730568185,50.087371420757734,50.514138771392915,41.31537076472455,51.1446932875155,5.352476732656328,14.775038585131986,10.699488128704552,7.052826245432874,1.7350019796898346,4.345182189635048,1.673060395937967,6.989594529334159,45.91142512077289,42.0718019323671,40.67195169082121,31.361845410627986,34.072816425120735,28.93804830917871,36.08856521739126,23.219439613526546,23.219439613526546
1010.0,53.358038628303014,58.50301127071845,51.31175589159599,47.361911930204684,50.09613235842554,50.51946577611206,41.309848059572225,51.156743769806965,5.362363836796232,14.901393628216205,10.7384872329022,7.084810632711998,1.7558319168730099,4.343759575868031,1.6347659559309737,6.970225532452621,45.927101449275305,42.076367149758404,40.68543961352652,31.367729468599,34.08659420289851,28.949053140096584,36.09658454106276,23.22910144927534,23.22910144927534
1012.0,53.35862685401241,58.50477846218736,51.31315403628321,47.370933827934735,50.101521533751594,50.531425098299714,41.30728730488493,51.150543010051194,5.2867924656665295,14.761223392749534,10.6579836293571,7.088204443528181,1.8044340813219575,4.3163986789939415,1.6638500031716832,6.9686769926099785,45.94689855072459,42.08928019323666,40.701574879227,31.37468599033813,34.1058212560386,28.960444444444413,36.10489371980672,23.240115942028964,23.240115942028964
1014.0,53.37401617249297,58.51749562598006,51.327548577270186,47.37829865989649,50.09902613523701,50.53250317340474,41.303102344205406,51.156118393434376,5.2929664977593385,14.75538917409595,10.698127795284318,7.097718041941801,1.7389829825867102,4.264387099174993,1.6506458741745975,7.026350515959104,45.96757487922701,42.105111111111064,40.71828985507241,31.382714975845378,34.128429951690784,28.970202898550692,36.11166666666662,23.25065700483089,23.25065700483089
1016.0,53.38784565317121,58.531612563420886,51.34233880604132,47.38372887878324,50.11359529109117,50.54548168961155,41.30350451327212,51.16677955695971,5.250851419049057,14.773550970566037,10.598452860498112,7.044853315381132,1.7513122813584905,4.336249087033963,1.6754230956679246,6.986273105267925,45.984632850241496,42.108222222222174,40.73473913043473,31.391164251207694,34.14992270531397,28.976260869565188,36.11625120772943,23.25764251207727,23.25764251207727
1018.0,53.40111011614306,58.54585775334287,51.347843781158346,47.39774036496264,50.11107138957139,50.55107381362518,41.29623107514351,51.166927521692415,5.2314940711958355,14.776708922608208,10.598349524309212,7.087634147590243,1.7407494985824958,4.309932178672679,1.6487816882809105,7.114593542213993,45.99647826086951,42.096086956521695,40.74885507246372,31.399333333333303,34.168753623188366,28.980106280193205,36.11977294685986,23.259115942028963,23.259115942028963
1020.0,53.416714737909196,58.55622110203664,51.343617659233296,47.41889504261349,50.1164905701563,50.566241269196844,41.298076350492416,51.17748868578958,5.4029316751682455,14.734434393530227,10.679837206195437,7.0992530084158485,1.704119547201623,4.279073002128967,1.6479246395759213,6.978022320573821,46.00685024154584,42.08165700483087,40.757917874396085,31.406473429951657,34.185106280193196,28.98317874396132,36.122135265700436,23.25728019323669,23.25728019323669
1022.0,53.43034717873065,58.5746134665393,51.350040227216084,47.436544396956705,50.12535884444069,50.56643811034316,41.298053111267606,51.189056611509216,5.2533874975999995,14.822028510848,10.774319514496,7.047215976448,1.747160495744,4.339891986176,1.693367006976,6.943440987648,46.0152173913043,42.072995169082084,40.76398550724633,31.41361352657001,34.19971980676325,28.988140096618324,36.12324154589368,23.256768115942002,23.256768115942002
1024.0,53.437892521102796,58.60069044364787,51.348353348630425,47.44451725369853,50.13281658814323,50.57166909695445,41.30174471090182,51.20961071099207,5.38454380723415,14.853783464236523,10.70667685802722,7.03790082984889,1.7291338826166158,4.328866116396057,1.6597892573815083,7.102085960694486,46.01982608695647,42.06492270531396,40.767893719806715,31.420560386473394,34.213333333333296,28.99470048309176,36.12299516908209,23.25686473429949,23.25686473429949
1026.0,53.44626953931509,58.61487581519794,51.35738222243239,47.462639701784965,50.13701955880201,50.58680633677918,41.30992921297674,51.22834509262526,5.3372809055088775,14.799033314550964,10.808641244322962,6.959895199524301,1.772042848590171,4.309696821399982,1.6119698341146527,7.126000029934402,46.02374879227048,42.053434782608655,40.76747826086952,31.425294685990302,34.22613043478257,28.99961835748789,36.121299516908174,23.255125603864713,23.255125603864713
1028.0,53.45960944619107,58.63663940506732,51.368758439048975,47.47974439740626,50.14775981440706,50.589276542559546,41.30815160134894,51.24744482447742,5.363505539253586,14.852168350779515,10.789191970597278,6.990042207879919,1.75487688562192,4.249402523081831,1.6570914548661273,7.028929148779882,46.02766183574874,42.041019323671456,40.76300483091783,31.428797101449238,34.23716908212557,29.001478260869533,36.11683574879223,23.250328502415435,23.250328502415435
1030.0,53.47082384154737,58.65768069718929,51.392614909597086,47.49746978032225,50.152374129527274,50.58847689058518,41.31352683848663,51.25754001289457,5.322954360266787,14.780464078082534,10.758464068016508,7.03083492575374,1.7555844640214144,4.350617476857461,1.6323048577894261,6.9827417590939085,46.03106763285019,42.0354637681159,40.75716908212556,31.431429951690784,34.24681159420286,29.002468599033783,36.11188888888884,23.244855072463743,23.244855072463743
1032.0,53.48208919997024,58.66602280919087,51.41240909688416,47.51609401488052,50.168635779232424,50.59288824668798,41.31098896452408,51.26734217453414,5.306057639117859,14.754196383297547,10.778571686409487,7.051814697343766,1.7322570812793026,4.305725651191405,1.6593293140006486,7.012581162695318,46.03713526570042,42.03969565217387,40.750270531400915,31.432333333333297,34.252468599033776,29.004777777777747,36.108743961352616,23.239864734299488,23.239864734299488
1034.0,53.498011058930665,58.686886707891006,51.42087778030747,47.53057686848824,50.18006299729009,50.60282319828657,41.30969598150736,51.26720582275173,5.3188746430121,14.831265725916461,10.811238543515806,7.005297632900697,1.7153535121888488,4.279922525122261,1.664756804013312,7.049972779139239,46.04425603864728,42.05248309178739,40.74565700483087,31.434265700483053,34.25399516908209,29.00699033816422,36.10790821256034,23.23469082125601,23.23469082125601
1036.0,53.516733730506715,58.70663709997461,51.43052058535622,47.53577463244475,50.19559099612746,50.61478764110579,41.305530712138456,51.27495297978104,5.2812010109354155,14.920338162317089,10.782883505693357,7.020768032482948,1.7551350554820253,4.354316495758188,1.637270099351687,6.920228851972716,46.049647342995115,42.06842028985503,40.74429468599029,31.438207729468562,34.25307246376807,29.00891304347823,36.10811111111107,23.232285024154564,23.232285024154564
1038.0,53.54107951955694,58.71871456299068,51.44019994774326,47.54664112162695,50.19247757565333,50.62387986919069,41.31121675353749,51.28687137895087,5.382682547236313,14.831769615653839,10.719669520426816,7.055469632967843,1.6695652391682352,4.376021669713107,1.662108682478475,6.891456659337071,46.05657487922699,42.08508695652169,40.74476811594198,31.441570048309142,34.25020772946856,29.012178743961318,36.10747826086953,23.233217391304322,23.233217391304322
1040.0,53.55014630410039,58.72826663017889,51.444874097385615,47.55389617537717,50.19670117648628,50.62311494957501,41.314644893546365,51.28578873533613,5.323759979320189,14.59203992876954,10.788190785620538,7.095777602615446,1.7546356148559967,4.258011641634854,1.706986874438829,6.934790705199049,46.06408212560382,42.10845893719802,40.74566183574874,31.444811594202864,34.24473429951687,29.01724637681156,36.10713526570044,23.23510628019321,23.23510628019321
1042.0,53.55474567475759,58.73244989671784,51.45365318021379,47.55764254044003,50.203049810149004,50.63021663551738,41.31616476263662,51.28878327377144,5.44904638367347,14.83480714305306,10.690750015085714,7.115735696065306,1.7947178407183675,4.321714289763265,1.6560178571755102,7.0023321533387755,46.072434782608646,42.143971014492706,40.746115942028936,31.449009661835714,34.23598550724634,29.02097101449272,36.106985507246335,23.234999999999975,23.234999999999975
1044.0,53.57538153222803,58.73086558238623,51.47281807845257,47.557679168814936,50.20921723826415,50.62359498049685,41.31383372707598,51.29775424750192,5.39460148810581,14.84099327761766,10.694573282933636,6.940479950441385,1.758182318255478,4.3855348805191525,1.644568437556268,6.977843114524985,46.08251690821251,42.184550724637646,40.74944444444439,31.45224154589369,34.225690821255995,29.02260386473427,36.10998067632846,23.23477294685988,23.23477294685988
1046.0,53.582076862127344,58.74402138089865,51.48299396791816,47.557129366008844,50.2153048812785,50.62779620238859,41.31266015583092,51.2952625385683,5.297983868456072,14.861239158809706,10.709083401285428,7.133917050312863,1.7780516124465586,4.358536865426541,1.6716861745802543,7.042410594863954,46.09221256038642,42.222048309178696,40.75653140096613,31.45441062801929,34.215579710144894,29.024999999999963,36.114294685990295,23.236917874396113,23.236917874396113
1048.0,53.59039398760573,58.752938644945516,51.48927541627448,47.56045190567714,50.23010871086683,50.63617957625218,41.316724526626686,51.30137133561905,5.373869104156325,14.780723469176504,10.78170782869825,7.040726084382005,1.749772163688535,4.374570009727995,1.6878056493603342,6.990298269218354,46.1000096618357,42.254362318840535,40.76526086956517,31.45724637681156,34.20620772946856,29.02861835748789,36.11692753623184,23.237927536231854,23.237927536231854
1050.0,53.59534901993146,58.76387583811076,51.49256908108534,47.567928289211345,50.24270824681935,50.64127639579421,41.309745262826375,51.310730754812646,5.404800000106224,14.788372199348633,10.72728423241407,7.117342738095997,1.8106746884978426,4.319806639324585,1.6400302905441435,7.019548962509268,46.10617391304342,42.282376811594155,40.77412077294681,31.461304347826047,34.198178743961314,29.032140096618324,36.1184830917874,23.236724637681135,23.236724637681135
1052.0,53.61519648557597,58.77911914318617,51.50349841772724,47.579576414089225,50.24745378089697,50.644361576659485,41.31287122298087,51.31829101691223,5.354775409852604,14.78559455917515,10.715720212669364,7.032725093572503,1.790494112246648,4.354249788642164,1.66232462243117,6.9142536384822595,46.11214492753618,42.30573913043473,40.78337681159415,31.46353623188402,34.18909661835745,29.035468599033784,36.12073913043474,23.235231884057946,23.235231884057946
1054.0,53.63113218088451,58.78263427486829,51.50109392037049,47.587264009076804,50.25490027822444,50.64215780360911,41.30392546577705,51.33394916132125,5.310382363909165,14.67933532283413,10.67430585953115,7.10725294797308,1.7301882316542272,4.289423542988878,1.6808353009303623,6.877452914022243,46.11936231884052,42.322826086956475,40.79446859903378,31.46511594202895,34.179565217391264,29.03850724637678,36.125473429951654,23.23232367149756,23.23232367149756
1056.0,53.650010276923254,58.79328264216114,51.50463949500566,47.59929557632054,50.26038281732645,50.643387068768654,41.303625902243226,51.34813703028587,5.322981610840817,14.850835676342857,10.638842362383674,7.031081649240817,1.797470378710204,4.426480553665306,1.6739459024979593,7.006683661191837,46.128091787439566,42.336140096618315,40.80578743961348,31.464772946859867,34.171966183574845,29.041159420289823,36.12963768115938,23.228652173913016,23.228652173913016
1058.0,53.6646692208143,58.80564588711174,51.512018810295984,47.60481568767967,50.26983049521265,50.64901622844811,41.30486353156326,51.357158825229554,5.351099977244451,14.761000034628008,10.713666678704023,7.013844541512799,1.7230444361447153,4.376588822326162,1.5862556088716957,6.923511110396565,46.13514771460423,42.3475797101449,40.81652229654402,31.465604236343346,34.17079375696765,29.04321404682274,36.13193311036788,23.227389632107005,23.227389632107005
1060.0,53.67921140360294,58.81884418894294,51.51965965168164,47.609933431265624,50.279552984320546,50.655329049140974,41.30647828871923,51.36621809291312,5.468847316834042,14.847687754076595,10.826263736782979,7.116548387540425,1.7578015964595746,4.344860126910638,1.6767462525276597,6.926086164017021,46.14208472686733,42.355821627647686,40.82814994425863,31.466021181716812,34.17112263099217,29.045031772575246,36.13405016722407,23.226102006688947,23.226102006688947
1062.0,53.693636825289225,58.83287754765478,51.52756201916269,47.61464880707844,50.289550284650176,50.66232553084729,41.30847017371118,51.37531483333661,5.238400915263946,14.73528019927458,10.703901921775476,7.021015820303094,1.7496643688328672,4.3340218137484765,1.6239484876980517,6.972805902197799,46.148902824228905,42.36086584912669,40.840670382757324,31.46602378298028,34.172952805648436,29.046612597547373,36.135988851727966,23.224789297658845,23.224789297658845
1064.0,53.70794548587317,58.84774596324726,51.53572591273911,47.6189618151181,50.29982239620155,50.67000567356705,41.310839186539106,51.38444904650001,5.50851989376,14.885752071936,10.639643924992,7.101668020224,1.762536994816,4.270222045696,1.617667046656,6.993677890304,46.15560200668896,42.36271237458191,40.854083612040114,31.465612040133752,34.17628428093643,29.047956521739124,36.13774916387958,23.223451505016705,23.223451505016705
1066.0,53.722137385354756,58.863449435720376,51.54415133241093,47.622872455384616,50.31036931897466,50.678369477300244,41.313585327203015,51.39362073240332,5.255870150626001,14.83538726710815,10.684757449761376,7.027308520113424,1.775185108102779,4.354765895144607,1.651180844995855,7.0249574558617995,46.162182274247485,42.36136120401335,40.868389632107004,31.46478595317723,34.18111705685616,29.049063545150492,36.13933110367891,23.222088628762524,23.222088628762524
1068.0,53.736212523734,58.87998796507413,51.55283827817812,47.62638072787799,50.32119105296952,50.687416942046895,41.3167085957029,51.402829891046544,5.334824279715703,14.945926226528275,10.682005246638672,7.1142129799623115,1.759037283914711,4.336361599985458,1.6185360345130544,7.029837823787105,46.16864362690449,42.356812337421005,40.883588442957986,31.46354552211071,34.18745113340763,29.049933667781485,36.14073467112596,23.220700668896303,23.220700668896303
1070.0,53.75017090101088,58.897361551308514,51.561786750040696,47.629486632598216,50.33228759818611,50.697148067806985,41.320208992038765,51.412076522429686,5.328881429108506,14.810665715029682,10.658952857909812,7.047605714064196,1.7478185716229224,4.312428572222694,1.6831385716521794,6.966838569457895,46.17498606465997,42.34906577480488,40.89968004459306,31.461890746934195,34.195286510590826,29.050566889632098,36.14195986622072,23.21928762541804,23.21928762541804
1072.0,53.76401251718542,58.91557019442354,51.570996747998656,47.63219016954529,50.343658954624445,50.707562854580516,41.324086516210606,51.42136062655274,5.273191489361702,14.875204255319149,10.761057446808511,7.069525531914894,1.7561361702127658,4.276706382978723,1.622427659574468,7.013289361702127,46.181209587513926,42.33812151616496,40.91666443701224,31.459821627647685,34.20462318840577,29.050963210702328,36.1430066889632,23.217849498327737,23.217849498327737
1074.0,53.77773737225761,58.9346138944192,51.580468272052,47.63449133871922,50.35530512228453,50.718661302367494,41.32834116821843,51.43068220341571,5.300906250000001,14.8189125,10.684912500000001,7.04648125,1.70621875,4.346925,1.64751875,7.07630625,46.18731419546636,42.32397956150127,40.934541620215505,31.457338164251176,34.21546116685244,29.051122630992182,36.14387513935338,23.216386287625397,23.216386287625397
1076.0,53.79134546622745,58.9544926512955,51.59020132220073,47.63639014012001,50.367226101166345,50.73044341116792,41.33297294806223,51.440041253018585,5.350300025077584,14.74230710400928,10.703357147633826,7.201642836170235,1.7858500159347146,4.392557134050135,1.627057159127718,6.959299939918289,46.19329988851727,42.30663991081379,40.953311594202866,31.45444035674467,34.227800445930846,29.051045150501658,36.14456521739129,23.214897993311016,23.214897993311016
1078.0,53.804836799094936,58.97520646505244,51.600195898444845,47.63788657374765,50.37942189126991,50.74290918098179,41.33798185574201,51.44943777536138,0.0,0.0,0.00018930493875159488,0.0,9.465246937579744e-05,0.0002839574081273923,0.0,0.0,46.19916666666665,42.286102564102535,40.97297435897433,31.451128205128168,34.241641025640995,29.050730769230753,36.145076923076914,23.213384615384594,23.213384615384594
1080.0,53.81821137086007,58.99675533569001,51.610452000784335,47.638980639602146,50.39189249259521,50.7560586118091,41.34336789125776,51.458871770444084,0.0,0.0,0.0,0.0,0.0,0.0,0.0,0.0,46.20491452991451,42.262367521367494,40.99352991452988,31.44740170940167,34.25698290598287,29.05017948717947,36.145410256410244,23.211846153846132,23.211846153846132
