t_s,Tm_HIP_X,Tm_HIP_Y,Tm_SHIN_ANKLE,Tm_SHIN_KNEE,Tm_SPN_X,Tm_SPN_Z,Tm_TALUS,Tm_THIGH_U,P_HIP_X,P_HIP_Y,P_SHIN_ANKLE,P_SHIN_KNEE,P_SPN_X,P_SPN_Z,P_TALUS,P_THIGH_U,Ts_spine,Ts_pelvis,Ts_hip,Ts_thigh_u,Ts_thigh_l,Ts_shin,Ts_ankle,T_amb,T_torso
0.0,52.01095497372878,55.30330792269808,47.96007031455197,45.772763858064884,49.94900142788957,49.559905249986166,40.513962692141185,49.14439157132537,5.53055974277702,14.814369639326484,10.372475749131656,7.119648860335676,1.7048418132520995,4.392451399816052,1.601058393404909,6.94797290210639,45.81003418803418,42.5667435897436,41.401042735042736,31.45160683760683,34.26941880341881,29.249948717948712,35.95493162393162,23.244376068376074,23.244376068376074
2.0,52.073924585709584,55.40535699695155,48.05503327590839,45.82945941906701,49.98342507212559,49.59791315888208,40.53116310248823,49.21829342440493,5.327272277388386,14.601400998745191,10.66929140964051,7.061073526059635,1.7487515986636342,4.32189170840093,1.6573436565774287,6.922184615679705,45.813371794871784,42.606423076923086,41.41185897435897,31.445551282051273,34.25648717948718,29.25015384615384,35.95333333333333,23.26512820512821,23.26512820512821
4.0,52.13569531411804,55.50591273127825,48.148833083787714,45.885049582138706,50.016861135958315,49.635312524438376,40.54846822583645,49.29081364267714,5.307515054600363,14.589364456414083,10.70704112764051,6.9956135096543015,1.7856596709238473,4.311510718118331,1.6654658526733945,6.972497706706933,45.816925863991074,42.644190635451515,41.4236878483835,31.439485507246367,34.245118171683394,29.250724080267553,35.9518790412486,23.28360423634337,23.28360423634337
6.0,52.19626715895415,55.604975125678195,48.24146973818994,45.93953434727998,50.04930961938774,49.67210334665505,40.56587806218586,49.361952226141995,5.29469879591422,14.666039519156541,10.575485255633444,6.999296991268397,1.758010230280587,4.294888766479357,1.6453179539438827,7.013684754507699,45.82069639539204,42.68004626532888,41.436529357116314,31.433409513192114,34.235311780007436,29.251659420289847,35.95056874767744,23.299804162021555,23.299804162021555
8.0,52.25564012021791,55.70254418015137,48.33294323911507,45.99291371449083,50.08077052241388,49.708285625532106,40.583392611536446,49.43170917479949,5.259735327808383,14.755699848814372,10.60535793070499,7.024040719291018,1.7306471541397206,4.31907739497006,1.6579502991712576,7.000173655862675,45.824683389074686,42.71398996655519,41.45038350055741,31.42732329988851,34.227068004459305,29.252959866220728,35.949402452619836,23.313727982162764,23.313727982162764
10.0,52.31381419790932,55.79861989469779,48.42325358656309,46.04518768377127,50.11124384503671,49.74385936106954,40.60101187388821,49.500084488649634,5.286766250048,14.7720642507904,10.6567220007936,7.0177444994816005,1.7409395013376001,4.309880001024,1.6817039985151998,6.8974967534464,45.82888684503901,42.746021739130434,41.4652502787068,31.421226867335555,34.220386845039016,29.254625418060193,35.9483801560758,23.325375696767,23.325375696767
12.0,52.370789392028385,55.893202269317435,48.512400780534016,46.09635625512128,50.14072958725625,49.77882455326735,40.61873584924116,49.567078167692415,5.280600200933674,14.756612845009142,10.618953688930574,7.019595484522083,1.7195558955144894,4.297505368524408,1.6811954352102898,6.909624382106152,45.83330676328501,42.776141583054624,41.48112969156447,31.41512021553325,34.21526830174656,29.25665607580824,35.94750185804533,23.33474730583426,23.33474730583426
14.0,52.426565702575104,55.98629130401032,48.60038482102784,46.14641942854087,50.169227749072505,49.81318120212554,40.6365645375953,49.632690211927844,5.2756855440368975,14.759317138736362,10.643815352026717,7.075553802401314,1.7348123699636322,4.28578032723236,1.6395289119262049,6.990030103667922,45.837943143812694,42.80434949832776,41.49802173913043,31.409003344481597,34.211712374581936,29.259051839464874,35.94676755852842,23.341842809364547,23.341842809364547
16.0,52.481143129549466,56.07788699877645,48.68720570804456,46.19537720403003,50.19673833048545,49.84692930764411,40.65449793895061,49.69692062135592,5.304778978124851,14.672459635072764,10.649918433933996,7.060241194738768,1.7374896610353876,4.2735953291832995,1.6282543236707754,6.906872858617892,45.84279598662206,42.83064548494983,41.51592642140467,31.402876254180594,34.209719063545144,29.261812709030092,35.94617725752508,23.346662207357856,23.346662207357856
18.0,52.53452167295149,56.16798935361581,48.772863441584185,46.24322958158878,50.22326133149511,49.88006886982306,40.672536053307105,49.75976939597664,5.336201104038554,14.667057589937349,10.593452161966265,6.94372947026506,1.7097928205493975,4.331690816115662,1.6339869487807228,6.858653666891566,45.8478652917131,42.85502954292084,41.53484373838721,31.39673894463024,34.20928836863619,29.264938684503893,35.945730955035295,23.34920549981419,23.34920549981419
20.0,52.58670133278116,56.25659836852841,48.857358021646704,46.2899765612171,50.24879675210147,49.91259988866239,40.690678880664784,49.82123653579,5.352982871061002,14.812233501859128,10.688425440116834,7.022004029529888,1.7245418130369632,4.392128967087173,1.6620115867007432,6.9636181347287245,45.85315105908582,42.8775016722408,41.55477369007803,31.39059141583054,34.210420289855065,29.268429765886278,35.945428651059075,23.349472686733552,23.349472686733552
22.0,52.63768210903848,56.34371404351425,48.94068944823213,46.335618142915,50.27334459230453,49.944522364162104,40.70892642102364,49.88132204079601,5.383617369836692,14.70120174083828,10.694486602775497,7.06908287845157,1.7632578163795043,4.363441193287895,1.6660134000449494,6.999892310585074,45.85865328874022,42.89806187290969,41.57571627647714,31.384433667781487,34.21311482720178,29.272285953177246,35.94527034559642,23.347463768115936,23.347463768115936
24.0,52.68746400172343,56.42933637857327,49.022857721340415,46.38015432668245,50.29690485210428,49.97583629632217,40.72727867438365,49.94002591099463,5.316087900809013,14.61057511058179,10.631346286394841,7.055162223545525,1.7693608459307022,4.325691440912171,1.6404015250572097,6.902981603990326,45.86437198067628,42.91671014492749,41.59767149758449,31.378265700483055,34.21737198067629,29.276507246376777,35.94525603864731,23.343178743961328,23.343178743961328
26.0,52.73693109283866,56.51727866246283,49.10902396290528,46.42402938441343,50.32162417739274,50.0042160983908,40.74732864311653,50.001483657440936,5.249530947808114,14.602784680590961,10.606131107383646,7.051444214057599,1.755150234282784,4.328728486048855,1.63753804441791,6.958463021805673,45.871811594202846,42.93516425120768,41.626671497584496,31.373657004830886,34.220057971014455,29.27876328502412,35.944202898550685,23.337893719806736,23.337893719806736
28.0,52.77680967260349,56.6078598912644,49.19287623268394,46.46660929664174,50.351452609069085,50.03377257314909,40.770291817376176,50.059267624750156,5.276077324482768,14.623332074473474,10.631018101429476,7.071960765774872,1.7281383392561716,4.286918249402836,1.6592096966851626,7.016184682720367,45.87802898550719,42.94663768115937,41.65904347826083,31.36924154589369,34.225579710144885,29.28567632850238,35.94497584541059,23.32828502415456,23.32828502415456
30.0,52.82338140783278,56.691047825607434,49.26715043670689,46.50558132419261,50.36837641865912,50.05900187977144,40.78829815114907,50.10767010591101,5.356590760355061,14.70355506888129,10.70172246781486,7.057766077695434,1.7298299552068932,4.2947198264663395,1.6611696036285588,6.958043176610297,45.88273429951686,42.95526570048305,41.69086956521735,31.36475362318837,34.23288405797097,29.292227053140063,35.94574879227049,23.316516908212535,23.316516908212535
32.0,52.87177988515732,56.76825207597398,49.34442181339525,46.53965798670252,50.3808712054153,50.09166284518696,40.800814011476085,50.15815023978979,5.395060118481677,14.752528293929979,10.714310661317128,7.039805484409456,1.7262447977810012,4.33374966718689,1.662729267057984,7.020050589692241,45.889241545893675,42.95978743961348,41.72061352657,31.359309178743928,34.24386956521735,29.297048309178713,35.9465217391304,23.300531400966157,23.300531400966157
34.0,52.91560004195448,56.84324036195054,49.424362676038776,46.57862255427948,50.393582237449614,50.12152291784712,40.81495256751065,50.20481024919956,5.275582716088218,14.805643454603416,10.717857442560163,7.06497472374827,1.738664335340542,4.334143656999407,1.6394955060110765,7.030083216630843,45.899086956521685,42.96383091787435,41.74969082125599,31.353198067632817,34.25856038647339,29.303599033816393,35.9472946859903,23.281270531400942,23.281270531400942
36.0,52.96207885662008,56.91897830328811,49.50195988919628,46.62571387611187,50.40786087556118,50.150252292564204,40.8325737783843,50.25219717874109,5.262388177210508,14.787832466242241,10.689523447525252,7.0264660336437395,1.735620240701594,4.316680260601877,1.6286222440172817,6.9700184382869335,45.90720289855067,42.97051690821251,41.77703864734294,31.34605797101446,34.27510628019319,29.310512077294653,35.948067632850204,23.259628019323646,23.259628019323646
38.0,53.010133001115484,56.99218930269907,49.5754687925481,46.66751777653165,50.42483112561834,50.182893931419905,40.852146321774775,50.305891411363,5.276124630247872,14.696461060019312,10.664949450612248,6.937340440975988,1.7384567581433108,4.32693093222945,1.665990491253462,6.915346549176597,45.91457004830912,42.97890338164246,41.80094202898546,31.33930434782605,34.29278260869562,29.315816425120744,35.94884057971011,23.238893719806736,23.238893719806736
40.0,53.05467610034915,57.06408261675422,49.65253767786444,46.70002932250419,50.437025435929044,50.21530887718131,40.869912703101036,50.35688573111321,5.365564207271675,14.753766495804332,10.66031316197244,6.927820439824818,1.74862123702357,4.344340977251224,1.6607031915260175,6.9567413758506005,45.92277294685985,42.98762318840575,41.82328985507242,31.33313043478257,34.31259420289851,29.322367149758424,35.94961352657001,23.22180193236712,23.22180193236712
42.0,53.09045241085494,57.133928520337264,49.719696853818625,46.72922149859953,50.45263553748839,50.238278874407065,40.88416365495206,50.40321987949857,5.331183312688721,14.775883367419759,10.632673512890706,6.966753515771827,1.7347717139565166,4.331197152527645,1.6400212890681471,6.961150524269082,45.92917391304342,42.99118357487917,41.843574879227006,31.3271256038647,34.335497584541024,29.328797101449243,35.95160869565214,23.204516908212533,23.204516908212533
44.0,53.12682752725521,57.20076076420401,49.77762219335972,46.766567028735246,50.471415742671645,50.25802265998559,40.896919821864614,50.44850914471736,5.2670396510976,14.7390285449472,10.6458691993088,7.0111206530815995,1.7310843504384001,4.3297643491584,1.6489458495744,6.9473550514432,45.93108695652169,42.985884057970964,41.86133816425116,31.32027536231881,34.36062318840576,29.333135265700452,35.953048309178705,23.18502898550722,23.18502898550722
46.0,53.15923249078381,57.266499368890805,49.84027531071524,46.80818109210964,50.48914721572736,50.2784685293441,40.91010016170325,50.49631433087774,5.288920151244045,14.811856089849208,10.607104660586314,6.929995939313494,1.7253703759851189,4.325834736444445,1.6628557896041662,6.975659399627972,45.93422222222217,42.9764057971014,41.87799516908208,31.31216908212557,34.38770531400962,29.33641062801929,35.95275845410624,23.16489855072461,23.16489855072461
48.0,53.19281902133858,57.32788502774898,49.901278763540795,46.841178586503666,50.496596266681195,50.30745692390665,40.9249048754269,50.5423680793619,5.356404196775756,14.75687202533965,10.622120286950151,7.0090671426450575,1.7466000015728271,4.298308391454408,1.650824473764669,7.052653846476477,45.94128985507241,42.97290821256034,41.89443961352652,31.30482608695649,34.4158599033816,29.340256038647315,35.95256521739127,23.146241545893695,23.146241545893695
50.0,53.22690429708042,57.384674115310574,49.9579983544596,46.868116296556906,50.50279256214957,50.33497932458235,40.9387990603905,50.58285216907406,5.36968778048759,14.722541496477733,10.704646981568382,7.111347429804606,1.7416243382080587,4.276522842274245,1.6286967084016903,6.9931944617813695,45.94660386473425,42.97120289855068,41.909217391304296,31.299091787439576,34.443550724637646,29.343304347826056,35.95246859903378,23.13055555555553,23.13055555555553
52.0,53.25645996705341,57.442913096842275,50.01226779992802,46.9010274702735,50.513986561047645,50.3590096718513,40.94579161648383,50.62771479736022,5.341185278450289,14.761786429027243,10.71716529683819,7.130850674201637,1.7304412612991877,4.3089156222286435,1.639647571281956,6.952682222372065,45.95052657004826,42.96597584541058,41.92331884057966,31.29403381642508,34.47281159420286,29.34541062801929,35.95246859903378,23.120560386473404,23.120560386473404
54.0,53.2863724838336,57.501259453831906,50.0646513159022,46.93904016244133,50.52108824984028,50.38571430685342,40.948887499457584,50.67267946849734,5.279783853819626,14.845426275127865,10.71493390821642,7.186927086727516,1.7793191566327242,4.346042631551784,1.6704751231406298,7.022167903195532,45.952149758454055,42.95848309178739,41.93713043478256,31.288719806763247,34.50140579710141,29.34703381642509,35.95256521739127,23.117198067632827,23.117198067632827
56.0,53.31064821755974,57.55676272761081,50.112976585875984,46.97167191193852,50.528327735499225,50.402183646238655,40.95104900686547,50.70766807028454,5.262053524207125,14.82741807830193,10.640361567309691,7.089981827941572,1.7920174776807165,4.322306949217433,1.6969695139356018,7.051833762279482,45.95291304347821,42.951676328502366,41.94981642512073,31.28521739130431,34.52887439613522,29.34863285024152,35.95153623188402,23.117806763285003,23.117806763285003
58.0,53.346572613339305,57.60321510549108,50.15949179023655,46.996293902369615,50.532390775371304,50.4167121539112,40.95288873158585,50.73380066253918,5.3269682082985215,14.80579637638907,10.625027969008029,7.047928672647555,1.7730759561626985,4.3663140845346105,1.6796433603017606,7.012359257131172,45.956652173913,42.9460289855072,41.96049275362314,31.283164251207698,34.55775845410624,29.350062801932335,35.948111111111075,23.119072463768088,23.119072463768088
60.0,53.38041972135674,57.64826347645719,50.20415278290451,47.02426309452019,50.54224123225087,50.43393579024748,40.95462870854296,50.760990689175884,5.386322294444149,14.857674660190357,10.598912072218296,7.005809126852393,1.7923824462923543,4.303450520375811,1.6639461342599213,6.954834116663466,45.9636328502415,42.934695652173865,41.970623188405746,31.280371980676293,34.58577294685986,29.3499565217391,35.94641545893716,23.120584541062776,23.120584541062776
62.0,53.40626029495252,57.69789894548474,50.24772370792438,47.056726267005715,50.55906696356793,50.460367043256035,40.961610645260684,50.79199763000058,5.370826024204661,14.810624025614324,10.633055444846702,7.011424874966625,1.7760359649077941,4.282475823470982,1.667894505334314,7.016207092760493,45.97177294685986,42.9209903381642,41.98467149758449,31.27825603864731,34.61245893719803,29.349946859903348,35.946352657004795,23.126661835748767,23.126661835748767
64.0,53.439200090959595,57.743715743748886,50.28966305841958,47.08410693223318,50.56928754077464,50.48179731602829,40.97110782203008,50.820039523608386,5.273469229952816,14.776299999104896,10.666276923864812,7.007523076659464,1.7255269236921849,4.350065384428986,1.6829653845696457,7.092830769919312,45.9783864734299,42.91605314009657,42.00110144927532,31.27700966183571,34.637961352656966,29.34984057971011,35.945429951690784,23.137352657004804,23.137352657004804
66.0,53.47470681944989,57.78930917314314,50.33065336589256,47.11086586514754,50.57434426829036,50.50187625348471,40.97478090621385,50.8488785874218,5.223548443421242,14.737384413832466,10.687789434228456,7.013685167531864,1.7981233466613227,4.327903657337074,1.6546122762901803,7.114416136747095,45.98435748792266,42.914801932367105,42.0178212560386,31.274999999999963,34.66182125603861,29.349444444444412,35.94415458937194,23.14722705314007,23.14722705314007
68.0,53.502838337310195,57.833940432050966,50.37306806540227,47.14265667770137,50.588675295035756,50.52136922411973,40.98046109372777,50.88151685286602,5.320966220691475,14.812013185858786,10.66511540417155,7.072040147804923,1.774131408482968,4.355883850609267,1.6451853323752401,7.011956593548851,45.990521739130386,42.914632850241496,42.03578743961348,31.271768115941992,34.68297584541059,29.34916908212557,35.94420772946856,23.1555990338164,23.1555990338164
70.0,53.52648420656936,57.87791540557841,50.412441952741844,47.168969954895054,50.598900793918055,50.53319428500498,40.99131203652035,50.90948539104936,5.361334612024404,14.737277198202886,10.700607168800344,7.112500805353732,1.7690356187165694,4.379360243202568,1.6537151376329275,7.025061853910032,45.99709661835743,42.92199033816421,42.054782608695604,31.26741062801929,34.70218840579707,29.350028985507215,35.94666666666663,23.168386473429926,23.168386473429926
72.0,53.55450198130331,57.92140571796674,50.4489853926112,47.19522824651284,50.607385615035795,50.546680453154956,41.00466403827958,50.93953424956232,5.397272402708392,14.738302208844452,10.601300403283812,7.099959319947428,1.786975329280988,4.366808861184055,1.6359462224400385,7.042204132737427,46.004903381642464,42.934236714975796,42.074637681159366,31.263801932367116,34.72087439613522,29.352434782608665,35.94960869565214,23.18615942028983,23.18615942028983
74.0,53.57807431221688,57.96671975812191,50.48469422740411,47.22028057161191,50.626416745880746,50.562204761717666,41.020886461395136,50.96040358245867,5.386589556298275,14.842910926904876,10.60675209835096,7.075296393296946,1.7690026349519694,4.383131707512614,1.6602897565277506,7.027420783280127,46.0141594202898,42.946874396135215,42.09705797101444,31.260990338164213,34.739323671497544,29.356797101449246,35.9535410628019,23.201154589371953,23.201154589371953
76.0,53.6020532835532,58.01076484829491,50.519416514677935,47.241245219828635,50.64429180526283,50.580317282118976,41.03222855018555,50.979607620956635,5.309420636573496,14.753806343713457,10.660263494233185,7.101776187951957,1.778622221715378,4.3347984095100385,1.6599539676522468,7.014523804969703,46.02325603864729,42.95953140096614,42.120193236714925,31.257801932367116,34.75609661835745,29.362304347826054,35.95774879227049,23.210483091787413,23.210483091787413
78.0,53.634999450308925,58.048828636370935,50.556519267551835,47.26092819699501,50.6510619656107,50.592926214876215,41.03344879359378,51.00531017679324,5.328164443741833,14.66555079374024,10.729396512586455,7.041040637552191,1.781143226007968,4.277514191898008,1.6500480076494024,6.929404679623905,46.0311400966183,42.97294685990333,42.142256038647304,31.255458937198032,34.771024154589334,29.365666666666634,35.96330917874392,23.215463768115914,23.215463768115914
80.0,53.665899676115835,58.086824398679134,50.60068414492648,47.28904321599078,50.65963014093582,50.61204196870313,41.036972297995376,51.034889628522535,5.319265902073996,14.72070513459973,10.768179910098818,7.015863509750014,1.785746111843421,4.315990528241868,1.6498605683659784,7.007894914673255,46.04153623188401,42.98840096618353,42.16455555555551,31.253357487922667,34.78581159420286,29.36954589371977,35.97069565217387,23.213748792270508,23.213748792270508
82.0,53.69484094076892,58.125927007668345,50.64239977278871,47.31962283219016,50.67562982545029,50.6329645760466,41.04694710455441,51.05903153549335,5.3526383006208,14.6685756460544,10.7089759439872,7.0473962048512,1.7585718994944002,4.3501210510848,1.6617101515264,7.0642285991936,46.054516908212506,43.008951690821206,42.18670531400961,31.252101449275326,34.79921256038644,29.37715942028982,35.97676328502411,23.208371980676304,23.208371980676304
84.0,53.73190159521222,58.164665484326065,50.68469223036486,47.3445259372126,50.68458919018916,50.64658460923038,41.0610421402655,51.08951941596788,5.385254067893976,14.59619974893494,10.68325246619759,7.109075951807228,1.7507899097445783,4.351646936366265,1.6694358418506023,7.033679215653012,46.06894685990333,43.034623188405746,42.20601932367145,31.253516908212525,34.81002898550721,29.386898550724602,35.98319323671493,23.202318840579686,23.202318840579686
86.0,53.76098835752121,58.20566836530208,50.721399280712674,47.3660298463997,50.69433692329738,50.657485951014976,41.07398668407608,51.112595949705586,5.384274262016295,14.728363592650071,10.711785179537129,7.118197745687548,1.7495613921527355,4.3259789684675205,1.6306331499585554,7.034067150267755,46.083690821255985,43.05873913043473,42.221082125603814,31.255826086956482,34.81888888888885,29.397154589371947,35.99106280193232,23.19552657004828,23.19552657004828
88.0,53.77922899504162,58.2463973506142,50.7570781444511,47.38711363737578,50.70948740256294,50.67207863274069,41.08226118335856,51.12561001581717,5.378144973354762,14.875486910557102,10.614795100100993,7.124307702721686,1.76029500072028,4.330479759470018,1.6219541221374632,7.083372961256107,46.098217391304296,43.08114492753619,42.23170048309174,31.257855072463734,34.82642028985504,29.408096618357458,35.99722705314005,23.18728019323669,23.18728019323669
90.0,53.80552938843164,58.27752304707803,50.79007318199273,47.404421508655695,50.73075295885478,50.67899252472874,41.0809108553467,51.14273543880495,5.370482788586028,14.832750299171257,10.650708532247505,7.0414624257405185,1.753274403257485,4.351499250471856,1.6298714072782436,7.080984732665868,46.113217391304296,43.1082560386473,42.23645893719802,31.26265217391301,34.83202898550721,29.422289855072428,36.00214492753619,23.176782608695625,23.176782608695625
92.0,53.83918018662739,58.315986371976315,50.823101794535454,47.42954593021286,50.74339234642812,50.687984174093465,41.07352355039356,51.166373810491365,5.289939681023469,14.807287089087113,10.671988085636727,7.02561879368096,1.766985343360979,4.400118394456208,1.662572880945827,7.002582552820423,46.12820772946855,43.136265700483044,42.23449758454102,31.26783574879224,34.836294685990296,29.43869565217388,36.00562318840576,23.1680144927536,23.1680144927536
94.0,53.861367804576055,58.356397279088746,50.85610701079116,47.4535382277905,50.74603194506646,50.69521852991006,41.069428953077626,51.18886829984542,5.289548016392229,14.720288546424076,10.770754800404868,7.017741486656628,1.7951396264843114,4.388741183005406,1.6853590144913224,6.982786591206459,46.14396135265695,43.163893719806715,42.227908212560344,31.271024154589337,34.840367149758414,29.453879227053108,36.00986473429948,23.16133816425118,23.16133816425118
96.0,53.878741764325355,58.38958315398076,50.88571392452759,47.46866852187889,50.75055423096692,50.70343648172193,41.06969438232574,51.206947522401265,5.308674391768158,14.748612255145218,10.812585610386561,7.066233298674873,1.7396937964659043,4.35977314998398,1.6628681882340623,7.03152084365909,46.1564251207729,43.189338164251154,42.21690821256034,31.27221739130431,34.84539613526566,29.468009661835715,36.014676328502375,23.15533816425118,23.15533816425118
98.0,53.901646450831414,58.42877884115558,50.91787232473033,47.487780807813856,50.76294892985804,50.71136740449518,41.06537794077868,51.2230775662082,5.31132244570081,14.803664065017564,10.719637896584235,7.119727126030603,1.7022220928150185,4.3526916946995495,1.6678289882214221,7.079262809187347,46.16633816425116,43.205971014492704,42.203492753623145,31.271971014492717,34.85318357487919,29.482429951690794,36.017468599033776,23.152869565217365,23.152869565217365
100.0,53.92433307494041,58.46158231049762,50.94892264250229,47.506959228451905,50.78077651129905,50.71430653806247,41.0561274618954,51.236569100375206,5.300815980187917,14.689735576587863,10.688938086211017,7.095318793614871,1.6683388963544832,4.3250442267629845,1.664185629061427,7.089631251500301,46.1762173913043,43.219212560386424,42.19148309178739,31.272014492753588,34.862579710144885,29.496657004830883,36.01987439613522,23.155057971014468,23.155057971014468
102.0,53.94230519537984,58.49223102561894,50.97757117389606,47.52715269292432,50.7910249513661,50.71818143831239,41.050571274062044,51.244653156494856,5.333321523770116,14.730575832631363,10.631871349991147,7.060925461807659,1.7311661175145832,4.393892476942144,1.6826797706689063,7.010053961303312,46.18618357487917,43.23391304347822,42.17870048309174,31.272251207729433,34.8718792270531,29.510207729468565,36.02292270531397,23.158299516908187,23.158299516908187
104.0,53.96298632217782,58.52899420788286,51.00717673624434,47.54480451325684,50.79894093612704,50.72499451505133,41.0509082126798,51.25273670348704,5.339428078435433,14.822303303194605,10.678176426037329,7.043346246005766,1.7720932432908585,4.370622072044657,1.6925492492011531,7.021441741533005,46.198231884057925,43.24413043478256,42.1672367149758,31.27441062801929,34.88242512077291,29.524425120772914,36.025864734299475,23.159642512077266,23.159642512077266
106.0,53.99400651217176,58.562770533561,51.03792091640608,47.56548841850163,50.80560938306849,50.73995452606055,41.05628530533124,51.26661437433995,5.325094793681408,14.808339712983031,10.670357512241228,7.035815419664174,1.7769900344933631,4.414530291701628,1.690241447855648,7.015558106714548,46.20957971014487,43.24874879227048,42.16045410628015,31.277222222222186,34.89438647342991,29.538874396135235,36.02738164251203,23.16096135265698,23.16096135265698
108.0,54.01547816167019,58.59473427530923,51.0579325820475,47.5945536914168,50.81441220043252,50.75168521764964,41.064217574072195,51.289629928058496,5.36821424938309,14.80966538439846,10.665097974870344,6.975775089011429,1.7604831245404549,4.4026034398952305,1.6624694299491312,6.998880493755359,46.21806280193232,43.250792270531356,42.15758937198063,31.27881159420286,34.90615458937194,29.551342995169048,36.02736231884054,23.16413043478258,23.16413043478258
110.0,54.0344220357776,58.62611303963137,51.08192623703869,47.618527274009274,50.82590860663656,50.762476604157946,41.06957336167124,51.31008385108933,5.302920148459612,14.831870895183545,10.735300745991594,7.013580597595664,1.725599253817361,4.3040999999363185,1.6325238805190763,7.009668656444583,46.224516908212514,43.25445893719802,42.157975845410576,31.280304347826053,34.917342995169044,29.56204830917871,36.02748792270527,23.17107246376809,23.17107246376809
112.0,54.05665478753204,58.65531885047965,51.113234123991774,47.63284600252896,50.8367343690843,50.766990076669785,41.07710305857426,51.323410735640664,5.331608323887968,14.798858332730573,10.715924998930177,7.050133335883235,1.7455416659439842,4.325649997784615,1.63734999892071,6.98071666637002,46.229159420289804,43.25915458937193,42.16039130434778,31.281603864734265,34.92939130434779,29.57242995169079,36.02945410628015,23.181376811594177,23.181376811594177
114.0,54.068064087302176,58.6820330597114,51.13893603057835,47.648056283781074,50.84560551937209,50.76982127238332,41.08940050934071,51.33807818096438,5.467265813686226,14.85717422574526,10.767341751416907,7.012599645937682,1.7645032268134107,4.354734343218659,1.6324562811140686,7.021426168569604,46.23281159420284,43.264966183574835,42.16728019323667,31.282613526570014,34.94256521739127,29.581545893719777,36.03016425120769,23.191681159420263,23.191681159420263
116.0,54.079809108288416,58.70913079891665,51.160170982469694,47.6653474128734,50.85686660487465,50.77586253769806,41.10711377256175,51.35497450692068,5.401443146735484,14.871744463741935,10.72262642508387,7.019490122012903,1.7644290334967743,4.333806553032257,1.6285272129032258,7.077585079741936,46.23446859903377,43.27575845410623,42.17753140096614,31.283236714975814,34.955352657004795,29.587280193236683,36.030777777777736,23.20105314009659,23.20105314009659
118.0,54.09704975820596,58.73965540463392,51.18457359947526,47.67457201694398,50.87055415173204,50.78528003332279,41.12083027426237,51.36579918278102,5.364957857358741,14.78635193414722,10.611306460373,7.105792603491425,1.7599984822443997,4.34910273988944,1.651155654630781,7.039975577723011,46.235521739130384,43.28351207729463,42.188908212560335,31.28337681159417,34.967463768115906,29.59116908212557,36.03307246376807,23.20728985507244,23.20728985507244
120.0,54.114798219153194,58.76898106361912,51.20866476817585,47.68732149079319,50.88340789045116,50.80052389093793,41.1271198119572,51.37889456738388,5.334219181614513,14.783666752619808,10.642952225713687,7.18024577726377,1.7464902802630293,4.363852428994703,1.6623119200405305,7.01914271301589,46.23736231884053,43.28576811594198,42.19982608695648,31.28476328502412,34.978608695652134,29.5923526570048,36.033396135265654,23.21171014492751,23.21171014492751
122.0,54.124964558176075,58.795052678910416,51.229998210330024,47.70236601787292,50.89339250775135,50.81604013003902,41.13101616119231,51.39516259912497,5.292776760265523,14.864667618097116,10.735609597531141,7.074960269220918,1.7411929543961764,4.327205246861538,1.6859925026668268,7.073391304110866,46.238985507246326,43.28735265700478,42.208082125603816,31.286125603864697,34.9872753623188,29.58997101449272,36.03170048309175,23.213724637681135,23.213724637681135
124.0,54.13893519470667,58.81935940878068,51.25197802869824,47.71541955315987,50.90276834430746,50.83409632979854,41.13372816431845,51.4195971719472,5.258410344356428,14.84616322044131,10.864080459141904,7.047077011509252,1.7620091957340502,4.326424137496935,1.6558804594489516,7.019552874472888,46.241830917874346,43.287106280193186,42.2150289855072,31.287415458937165,34.99495169082121,29.587386473429916,36.03154106280189,23.210869565217365,23.210869565217365
126.0,54.155918866822944,58.845229220975604,51.276881172229075,47.72767429684525,50.910480063411995,50.848837743023395,41.140432652057385,51.442573015472554,5.300609527591384,14.718141624395852,10.816760288466057,7.003472120031912,1.749138715393458,4.29114183096758,1.6613260795715838,6.953564794965042,46.24556038647338,43.28152173913039,42.22131884057966,31.290410628019288,35.001299516908176,29.584961352656972,36.03347342995164,23.203666666666642,23.203666666666642
128.0,54.166657343483,58.86807849104887,51.300247979037024,47.74120829150122,50.918473072368286,50.86533716470629,41.15535745402682,51.46147784167065,5.307416559202258,14.769187467533765,10.741417203988712,6.947802635450538,1.7483430635522843,4.255018993951857,1.6427985578582258,6.938668473581908,46.25109178743957,43.27379227053135,42.22629951690817,31.29206280193233,35.00475845410624,29.583106280193203,36.03322705314005,23.194463768115913,23.194463768115913
130.0,54.17654482937248,58.889635241244264,51.32610252565728,47.74718305658666,50.933020201933616,50.87433224632039,41.16579399450952,51.47190907401606,5.34860765703993,14.846820069850335,10.751998248808697,6.983341741353625,1.7321189689605747,4.344114914653208,1.6490296295930893,6.975714413890012,46.25939130434777,43.26292270531396,42.22739613526566,31.29354589371977,35.00676811594199,29.581057971014463,36.030705314009616,23.186927536231856,23.186927536231856
132.0,54.1890551529549,58.91575612859406,51.35559697700769,47.75420619340915,50.94372500727836,50.8819436893009,41.16934807105608,51.481574807006815,5.365009576622755,14.868146656357684,10.704251498347306,7.040153942981237,1.7305640716646706,4.3736433631936125,1.6502146205253492,6.998200296469461,46.26904347826082,43.24668115942025,42.22431884057966,31.296637681159385,35.00694202898546,29.578053140096586,36.03058937198063,23.178251207729442,23.178251207729442
134.0,54.20027352328014,58.94379732278155,51.37823641043095,47.7672916588404,50.95393833494132,50.89546555647105,41.16913266316291,51.48922687499526,5.331390591497565,14.73421841963786,10.723968193219964,7.010607815721304,1.7277713787822275,4.3803824289083995,1.6567420605156418,6.995763214536517,46.27802898550719,43.22935748792266,42.21906280193232,31.298289855072426,35.00671980676324,29.575724637681127,36.03151207729464,23.16882125603862,23.16882125603862
136.0,54.21831247439873,58.962565820752125,51.406135544385364,47.775115623741,50.96276061622653,50.906320504831555,41.16239067087087,51.4959657803689,5.327602730094223,14.692272641877548,10.722202421395918,7.021821890520082,1.7390092826355137,4.372932897732902,1.645216652194012,7.0451655921382415,46.28610628019318,43.21631884057966,42.21352657004826,31.29967632850238,35.007589371980636,29.574483091787407,36.031502415458895,23.161613526570022,23.161613526570022
138.0,54.238736366977086,58.9826713212246,51.4296031373565,47.77770942300632,50.96874545026508,50.91654495271132,41.14872723256372,51.51122826585167,5.2969356,14.8293378,10.742458000000001,7.091818600000001,1.7483436,4.3333402,1.6287942,6.9833738,46.29481159420284,43.2080096618357,42.20773429951686,31.302574879227016,35.00930917874392,29.57534299516905,36.03341545893715,23.15497101449273,23.15497101449273
140.0,54.25285263776139,59.01129437235065,51.44383634449077,47.786019801753454,50.97632928464004,50.92582480664732,41.13746054049286,51.52851809012327,5.340624587530361,14.709065484546729,10.697744337120218,7.091681298107733,1.739590324118993,4.3183694764231655,1.66324887804964,6.901102941459246,46.30325120772941,43.19869565217386,42.202265700483046,31.303937198067597,35.01233816425117,29.576888888888856,36.037710144927495,23.14438164251205,23.14438164251205
142.0,54.25818443535509,59.04002976456702,51.45897573013657,47.79429735528935,50.98733701646766,50.928505561427436,41.13256194009212,51.54362905134166,5.338168802384171,14.773286677181853,10.69604551653924,7.165059589051457,1.747118577650292,4.320994491783003,1.6686376065117574,6.857431697411875,46.31053140096613,43.190893719806716,42.20130434782604,31.303111111111075,35.017231884057935,29.57827536231881,36.043067632850196,23.129033816425093,23.129033816425093
144.0,54.26946616561817,59.05968021949044,51.479293749700325,47.79585986605833,50.99998456220597,50.93791048107525,41.1299675368241,51.55730416527153,5.410459857823107,14.944922313102788,10.734039154970517,7.126932777969722,1.7424781901003985,4.325365536739442,1.6585982076685257,6.951426979212749,46.31818840579705,43.18570531400962,42.205429951690775,31.29999999999996,35.022212560386436,29.581038647342965,36.04756521739126,23.1111642512077,23.1111642512077
146.0,54.29276990692706,59.08045692968127,51.5080689887196,47.8007979020859,51.01001434159894,50.95216241662734,41.12668086081077,51.56582510867185,5.4076690120777755,14.869737572060277,10.750127366479786,7.0498788043551635,1.7193642891537637,4.28879608496115,1.6472489707474647,7.051710297205614,46.32658454106275,43.185913043478216,42.2134444444444,31.29688888888885,35.026772946859865,29.58487439613523,36.05105797101445,23.091231884057947,23.091231884057947
148.0,54.306673064533854,59.103951703477165,51.52823458019227,47.80636957729389,51.019461443906636,50.96309344942921,41.12414228316865,51.576072643849784,5.3763548504704,14.794951149913599,10.831414743744,6.9787887941632,1.7161068994816,4.2722603035392,1.6379,7.040214150745601,46.33430434782604,43.194251207729415,42.224753623188356,31.294840579710108,35.030454106280146,29.589429951690786,36.05578260869561,23.06669565217389,23.06669565217389
150.0,54.318139192010285,59.1362769429244,51.54572359484142,47.821662827822145,51.02911276302306,50.97430480509354,41.12811797725665,51.588484730742366,5.3646537034792425,14.831988889318831,10.66679629571355,6.968555556609053,1.7542481486767953,4.344318518613428,1.6446296297046081,7.075875926174115,46.33993236714971,43.2074057971014,42.23871497584536,31.293091787439575,35.03162318840575,29.59670048309175,36.06337198067629,23.03252173913041,23.03252173913041
152.0,54.34100003074104,59.16628004739225,51.56931268726696,47.839635815564215,51.041086845439665,50.985699375380534,41.13391738103861,51.60083909824226,5.343711371303306,14.799380701902226,10.657350122056462,7.0553282810550675,1.778591872031661,4.364691620564321,1.6515302744077494,7.103177207099921,46.34383091787435,43.22568115942024,42.25763768115937,31.293275362318806,35.03047342995165,29.609251207729436,36.071251207729425,22.993183574879204,22.993183574879204
154.0,54.358898337483076,59.19034310038627,51.58734470168493,47.85908533370582,51.049485550109466,50.99609512664199,41.14414201826566,51.61729641341894,5.380039637826962,14.754117303822937,10.720775452716298,7.061995171026157,1.7354653923541248,4.34496398390342,1.6318788732394367,7.062687927565393,46.34753623188401,43.255478260869516,42.28195652173908,31.295198067632814,35.025975845410585,29.62604347826084,36.076845410627975,22.954835748792245,22.954835748792245
156.0,54.36826101213577,59.21265159415907,51.59819502279469,47.8772422887403,51.05824544118484,51.00494567598336,41.15542085448734,51.63064530877861,5.403541089396284,14.872062494654099,10.736236820140578,7.1377916541735225,1.742813843681142,4.2682715256859,1.6355757494723848,7.040262347438385,46.35075845410623,43.29794685990334,42.31085024154585,31.29866666666663,35.0188792270531,29.643038647342962,36.08300966183571,22.918758454106257,22.918758454106257
158.0,54.3802347029096,59.23695698638542,51.611615505326334,47.88733757694579,51.06872198823121,51.01414902640242,41.161360325644495,51.640164462127096,5.3847540120422694,14.853174221944283,10.770029588462695,7.077226829799682,1.7500618858776724,4.278616600571853,1.6765592277530685,7.020342125606122,46.353207729468544,43.34966666666662,42.34589371980671,31.3047101449275,35.012328502415414,29.66102415458934,36.092028985507206,22.888072463768086,22.888072463768086
160.0,54.39458679401825,59.25814551842964,51.62764182637861,47.89938882487075,51.07893821816115,51.02181353190403,41.17167082747583,51.651667478764914,5.388131119999387,14.756921643081492,10.735805017846692,7.028481752610052,1.748830006159311,4.358465534769485,1.6772612775399502,6.973165887992406,46.3545942028985,43.40380676328498,42.38688405797097,31.31257971014489,35.00586473429948,29.68139130434779,36.100806763284986,22.856850241545864,22.856850241545864
162.0,54.40262559939467,59.282613406659706,51.6335944237581,47.91719569577425,51.08806359500872,51.034773565056916,41.187294310024114,51.66903200948206,5.336182030313121,14.756279664323634,10.749105809422565,7.055652338927351,1.7460092555530318,4.393736237145486,1.6807018706024028,7.047716838119016,46.35645410628014,43.457270531400916,42.43066666666662,31.32157487922702,34.99785507246373,29.700705314009628,36.10503864734296,22.82149758454104,22.82149758454104
164.0,54.42142397135238,59.311716608424376,51.64350242558879,47.93660928191671,51.10439324394187,51.047545319708746,41.19525973088458,51.682372109485605,5.303059488902173,14.754441776502546,10.754982280341638,7.035618988692448,1.788926582209569,4.402235447664269,1.6500038027470159,6.9739924173709795,46.357927536231834,43.502086956521694,42.47230917874391,31.33104347826084,34.98849275362315,29.719149758454073,36.10762801932363,22.78792753623186,22.78792753623186
166.0,54.443846411908616,59.340067390944014,51.65802937509613,47.95244938022413,51.120512066072685,51.05948794036616,41.19390460388193,51.69631038707492,5.381556111821225,14.712884669035308,10.766660520254655,7.012239980099717,1.7863080161100462,4.330824449183096,1.624194688461042,6.911176350624622,46.35998067632845,43.53128019323667,42.50927536231879,31.33915942028982,34.97797101449271,29.736908212560355,36.11208212560382,22.760734299516884,22.760734299516884
168.0,54.45858427728204,59.369032341133966,51.668004309343324,47.9727069018003,51.125741603040545,51.07294652885488,41.1948569613833,51.71491584446056,5.379063641396016,14.769774607375298,10.739560048573704,7.061215347250996,1.7839391437768923,4.305434261724303,1.6819391437768925,7.033907967694025,46.36297584541058,43.556985507246324,42.538362318840534,31.345922705313978,34.9664830917874,29.751768115941996,36.11347826086953,22.743289855072437,22.743289855072437
170.0,54.46843228304927,59.39179809715075,51.67623984630101,47.993505726180544,51.130557761426786,51.0810898998013,41.198241813506534,51.736612174463914,5.3689444863953835,14.87233056018754,10.674812335812685,7.0819072323512415,1.7823272585417151,4.326457617405648,1.6737383411302778,6.982357058717298,46.36544927536227,43.582227053140045,42.56052657004826,31.350111111111076,34.951777777777735,29.76516908212557,36.112942028985465,22.731695652173887,22.731695652173887
172.0,54.48523696009136,59.416433012794165,51.689389890854116,48.014397218808966,51.142299322905025,51.0857727100893,41.20561592262883,51.75453707262252,5.391623342380723,14.896441562859438,10.774983136385542,7.072064764195984,1.768817318746988,4.357688854464257,1.6656905126168673,6.896294275521285,46.369541062801886,43.59859903381638,42.57910628019319,31.3535024154589,34.93698550724634,29.77737681159417,36.11342512077291,22.725574879227025,22.725574879227025
174.0,54.49973448949865,59.44027346095323,51.70369882076974,48.02925095174537,51.15174291554768,51.0878798612038,41.215504447841354,51.76968400801307,5.362507309755267,14.84301312050678,10.776017719277084,7.162995442981927,1.7541011010948777,4.324519777955566,1.6530163220323708,6.914760545847909,46.37373913043473,43.60309178743956,42.596265700483045,31.35727053140093,34.924584541062764,29.786879227053106,36.1118792270531,22.73046859903379,22.73046859903379
176.0,54.5098769964105,59.458797912919906,51.71884014829098,48.04322872363672,51.16265811871843,51.08982483920804,41.21788267430898,51.781927291195466,5.336194169093161,14.785658686575907,10.69802909978821,7.174146140101768,1.753737967898341,4.335338817966275,1.6529644281442335,6.953703335449021,46.378927536231835,43.60047342995164,42.611835748792224,31.359589371980643,34.91340096618353,29.79338647342992,36.107082125603824,22.747043478260842,22.747043478260842
178.0,54.52909757639241,59.475692828354354,51.74056498991252,48.05613664493941,51.176262666707316,51.09217824368894,41.217568235756794,51.79312827782659,5.3023965136596205,14.77316621057294,10.740773521749679,7.136774906927623,1.7592428567714995,4.345271773380484,1.6953853659487623,6.937637632459935,46.3865942028985,43.586415458937154,42.62209178743957,31.360458937198032,34.90586473429948,29.797830917874364,36.10263768115938,22.76991787439611,22.76991787439611
180.0,54.551143793094866,59.50087521443892,51.75417484065229,48.076474900998264,51.18489616971895,51.10470227518613,41.21918874339744,51.80352466946509,5.347150660811237,14.82149818201341,10.724136047981563,7.026126381649055,1.7539936555444169,4.312460323444249,1.6887938563097615,6.959376334232341,46.39522705314005,43.565671497584496,42.62818357487918,31.359879227053103,34.90257971014489,29.799971014492726,36.10159420289851,22.79728019323669,22.79728019323669
182.0,54.57252847454351,59.52224241147024,51.76394744015113,48.09181779181449,51.18780132780009,51.11632470221852,41.214957403790386,51.81616966504703,5.42712581181585,14.820246377842953,10.678559110615385,7.061845578977276,1.7399436349749413,4.345872740410257,1.6620213185367128,7.009041186577217,46.404536231884,43.54490338164246,42.63313526570043,31.357850241545854,34.903545893719766,29.798995169082094,36.09922222222219,22.83027053140094,22.83027053140094
184.0,54.59202882123254,59.54058372514217,51.78019215776199,48.09862733973577,51.193957314201626,51.120462210382186,41.20503795611514,51.8323159663096,5.392694579571835,14.894221481138999,10.76606290517637,7.151102386414151,1.7317367480842645,4.326753007662942,1.6526275984575332,7.108627946902718,46.41423188405791,43.52309178743957,42.6370676328502,31.353149758454073,34.908763285024115,29.795314009661805,36.0944444444444,22.86453623188403,22.86453623188403
186.0,54.60164125915575,59.56710532402672,51.7870413226918,48.10212923041801,51.20043555697325,51.133537469216456,41.200509171386,51.8560970231885,5.3959069895329606,14.870531323662739,10.832250326120029,7.1169086473934335,1.7590192064077992,4.296114581496028,1.6660030666711971,7.126237706054883,46.42585024154584,43.50547342995164,42.6371980676328,31.3463333333333,34.91640579710141,29.791782608695616,36.08918357487919,22.898072463768088,22.898072463768088
188.0,54.61409473105097,59.59173759141796,51.792332611349295,48.107993590339476,51.20679795285186,51.14773142388918,41.20227762266666,51.875185690097446,5.3488094795207015,14.782379506554557,10.745662796061456,7.104712269678197,1.7614010979782895,4.2939976573381795,1.6669588027422262,7.086697905536891,46.43792753623184,43.49027053140092,42.633840579710096,31.340352657004797,34.92582125603861,29.788304347826053,36.08353623188402,22.928173913043455,22.928173913043455
190.0,54.630786228887644,59.61078290551608,51.80630215989683,48.115000687570216,51.21331228810352,51.15524449691371,41.20218169923379,51.89279552495047,5.281161448359571,14.702029136638417,10.684450778970483,7.048547912878577,1.7659422235847497,4.3125185182947225,1.6721664822186941,7.023822598602191,46.44717391304343,43.47532850241541,42.62796135265696,31.3333333333333,34.93691304347822,29.78060869565214,36.077599033816384,22.95446859903379,22.95446859903379
192.0,54.65582792674388,59.62243690087362,51.82184780326601,48.12352063001497,51.2224145543072,51.1663642280972,41.20117824294118,51.90657207326664,5.334618281623547,14.871395304125974,10.7426432066649,7.055078171101102,1.789172927218249,4.386815734410597,1.6574701299896988,6.953026673309197,46.45507729468594,43.46595652173908,42.61935265700478,31.32400483091784,34.9483140096618,29.770473429951657,36.07024637681155,22.978966183574855,22.978966183574855
194.0,54.67792513876403,59.64145574980246,51.832845938734636,48.1376090046514,51.22857810517797,51.17769510504442,41.20125513961201,51.9137463143866,5.352111365965376,14.978002592618777,10.713463160019897,7.0679703381267185,1.7653033897664836,4.371186839507918,1.6649766203867362,7.007582602771997,46.46185507246372,43.46167149758449,42.607202898550675,31.315922705313973,34.96222705314006,29.75967632850238,36.06090821256035,22.996405797101424,22.996405797101424
196.0,54.688256368881916,59.66346662801125,51.84297126151631,48.15025686227745,51.2359943781415,51.17894235533629,41.199303465083574,51.9255023558689,5.352062494075914,14.913410971337356,10.714387478548622,7.0414427106978135,1.7367107670501196,4.372061742715249,1.6680187292656978,7.082181321806112,46.467676328502364,43.44945410628014,42.593700483091745,31.309642512077257,34.977202898550686,29.748202898550687,36.055014492753585,23.003859903381617,23.003859903381617
198.0,54.70430942932655,59.679050347889635,51.85832477652121,48.166264494702475,51.250349909257864,51.1825561362312,41.195480006015195,51.93384264593041,5.361554847699099,14.790133216374477,10.81449259021963,7.122889757097889,1.7204203874905495,4.389702187304157,1.6478383883381118,7.043087569793732,46.47388405797096,43.43436714975841,42.58163768115938,31.305768115941994,34.99057004830914,29.74091304347823,36.05439130434778,23.004908212560363,23.004908212560363
200.0,54.7242818382182,59.69167313733698,51.874201136051134,48.1821949779994,51.26626300115673,51.1933679563026,41.1966519464562,51.940590292044554,5.3665817016832005,14.8670721971712,10.773704504831999,7.1073199987199995,1.7349862001152,4.4235505995776,1.6706625499648,6.9961082989568,46.4818212560386,43.42561352657,42.5726328502415,31.304951690821223,35.003260869565175,29.73850724637678,36.05303864734295,23.006685990338134,23.006685990338134
202.0,54.741254775966446,59.70678143671969,51.8847251065951,48.19594858866623,51.27613827059884,51.20656942211828,41.20349940930371,51.948049072418485,5.3544744329683756,14.884507939368504,10.67411933832424,7.0982285820969215,1.7265217485558053,4.409235160589527,1.6833806616757598,6.9881353117979605,46.49165700483087,43.4154251207729,42.56835265700479,31.30606763285021,35.01498550724633,29.736304347826053,36.05095652173908,23.010328502415433,23.010328502415433
204.0,54.75098644730875,59.72408950792683,51.892536233218436,48.206454560677635,51.280715114624535,51.21644289851545,41.209412032396266,51.95954184737572,5.389840962313253,14.804206129632128,10.726129106146185,7.058452408983133,1.723048493185542,4.340412355238554,1.6835144602987953,7.007554610017671,46.50056038647338,43.403763285024105,42.5674637681159,31.30921256038644,35.02728019323667,29.733845410627985,36.052318840579666,23.014637681159392,23.014637681159392
206.0,54.76413067948052,59.73118451226635,51.89665080032016,48.209646385987774,51.2868398964869,51.22219545540567,41.20676869180526,51.96877558104844,5.37444424670239,14.79978235951919,10.781434680592456,7.028218686534922,1.7215499257191758,4.332204631432032,1.6662025408544534,7.0163521709809755,46.509922705313954,43.39585507246372,42.57102898550719,31.315705314009627,35.04050724637677,29.732449275362285,36.05525120772943,23.01663768115939,23.01663768115939
208.0,54.78359852914541,59.74116044133251,51.90563136318863,48.219656327068975,51.30329678068528,51.23213105047939,41.20570864953401,51.972860152656445,5.336381102799202,14.929251933018083,10.705027718126429,7.0432451155137406,1.7292954895496184,4.383876340544919,1.6561625055611027,6.9186966412416115,46.520531400966135,43.38409661835745,42.5776328502415,31.323260869565186,35.051425120772905,29.73221256038644,36.058483091787394,23.016367149758427,23.016367149758427
210.0,54.79539870652079,59.75830095882555,51.91311630579891,48.23227594630729,51.31705347610361,51.238314279427456,41.2103076367981,51.98221227405201,5.346016890616701,15.011099950738815,10.693877179061216,7.085493374562045,1.7306611368032323,4.402961284586785,1.650236671137844,6.942416242032367,46.53017391304343,43.3692173913043,42.585159420289806,31.32959420289852,35.05796618357484,29.73323188405794,36.06191787439609,23.01753140096616,23.01753140096616
212.0,54.80824794637481,59.77496187834949,51.92849509697593,48.245518503474294,51.327392309427964,51.23821611820982,41.20935622740563,51.99445453330208,5.325452570493307,14.963054967052297,10.735587169401466,7.028605342003508,1.6954263604107145,4.4040727900475165,1.655777932772323,7.011880030413263,46.53724154589367,43.355487922705265,42.59439613526565,31.332975845410598,35.06161835748788,29.734381642512044,36.06785507246373,23.01852173913041,23.01852173913041
214.0,54.824434216816755,59.792430019173004,51.9433461497526,48.25806911156854,51.33682778674779,51.246419828980336,41.20696976872799,52.00424459463112,5.319145360780778,14.943301505994034,10.713426842169016,7.095622632825516,1.7239090835290798,4.337706271100249,1.6397305572642915,7.0659438547867435,46.54372946859898,43.34233816425116,42.60603381642507,31.333405797101413,35.06259903381638,29.73448792270528,36.077420289855034,23.01908212560384,23.01908212560384
216.0,54.83762715530952,59.80998209516724,51.95162122049947,48.27220037248414,51.34323442154711,51.25148637278284,41.20578343677711,52.01367108048783,5.359200249916983,14.909567682756675,10.68591380725055,7.12944191979272,1.7144142560253812,4.313158279065127,1.6518098049930379,7.0595104544186125,46.551632850241496,43.33162801932362,42.62011111111106,31.33383574879224,35.06107729468595,29.73594685990335,36.08451690821252,23.017227053140072,23.017227053140072
218.0,54.84704272630967,59.82381931769113,51.96090616647841,48.28562119345141,51.34729838581972,51.24625781932171,41.20382574800866,52.02982620538786,5.353731805562893,14.850198049654756,10.747134052193775,7.05729951241369,1.6843504425615334,4.319606147321372,1.6655984397238048,7.023713562367153,46.55812077294681,43.32216908212556,42.63849275362314,31.334169082125573,35.05839613526566,29.7381062801932,36.09087439613522,23.014019323671473,23.014019323671473
220.0,54.856671407903555,59.838240266827164,51.97259963432479,48.297119866326845,51.35250908801736,51.248400357566034,41.20652676856227,52.04352571359085,5.3791942984449745,14.874523574391008,10.814518643649722,7.052417257594502,1.7631337434943197,4.35425408258189,1.6736616333851337,7.055167334059215,46.565188405797045,43.315739130434736,42.660695652173864,31.33613526570045,35.05772463768112,29.73969565217388,36.09939613526566,23.016618357487896,23.016618357487896
222.0,54.86545642032,59.85756930271839,51.97656704417037,48.30926328472025,51.360891991033874,51.25809387491531,41.21482650464379,52.0552006306064,5.428423715034525,14.85304598026282,10.77218641909006,7.0891902656342145,1.7774856711303288,4.373840838586041,1.6713392911087088,6.986564651291669,46.57605314009657,43.313463768115895,42.687555555555505,31.340908212560354,35.059884057970976,29.744888888888855,36.107555555555514,23.02567632850239,23.02567632850239
224.0,54.878844798606444,59.87038522818818,51.97984994336443,48.31895961238282,51.36565214849635,51.26415073698649,41.21931218730499,52.064866324621235,5.432314382714441,14.802402054737904,10.646276711217006,7.1449828764827705,1.7647109591532262,4.333416437602638,1.671860273914956,6.9731616461950185,46.588550724637635,43.31829468599029,42.71762318840575,31.345502415458903,35.062140096618315,29.752478260869534,36.114652173913,23.034734299516884,23.034734299516884
226.0,54.895187199654686,59.88462378513894,51.986630833134534,48.328446620224284,51.367521143735935,51.27215822905547,41.22499289869625,52.07819862205286,5.377122818200909,14.813754363598182,10.672710867534295,7.121869832154674,1.7914937205245505,4.313210412131291,1.6745954054594783,7.066575500105,46.60056521739125,43.32657971014488,42.744719806763236,31.347584541062773,35.0660289855072,29.758908212560357,36.122415458937155,23.041603864734274,23.041603864734274
228.0,54.91294724510752,59.90824560214267,51.98550603615854,48.33978758935699,51.375024676392755,51.28636432840748,41.22654867546575,52.09060634877112,5.38484509669574,14.881376554543605,10.77614469932873,7.134228769988291,1.765954555391501,4.3434327028691495,1.658573917871283,6.995016575711706,46.611806763284974,43.34015942028981,42.7693671497584,31.347251207729432,35.07191304347822,29.76122705314006,36.129574879227015,23.048922705313988,23.048922705313988
230.0,54.92341893009081,59.9330310956015,51.99026331299871,48.34920432664979,51.3784586097633,51.29968056654622,41.2255196579246,52.11410862306141,5.388350000489336,14.968679476317678,10.736198591742273,7.105417003527341,1.717246176817214,4.35472625723316,1.6620904417983666,7.04084537070041,46.62198550724633,43.35852657004826,42.79091304347821,31.34459903381639,35.07715458937194,29.761260869565184,36.131207729468564,23.05205797101447,23.05205797101447
232.0,54.93036902013173,59.95344848859774,51.99683006070096,48.35525811616572,51.37796564121669,51.310265449621454,41.23131620436437,52.1391563487503,5.378876647131127,14.89345169423691,10.714033233292362,7.105296109745806,1.7425519962504437,4.34457594747453,1.6716028933106084,7.120201995777789,46.630811594202854,43.37638164251203,42.805705314009614,31.339724637681126,35.08211594202894,29.76383574879224,36.13139130434779,23.051154589371954,23.051154589371954
234.0,54.94107907324242,59.97265411887514,51.99260426837628,48.36217095598312,51.381435845140096,51.33032982317151,41.244427983742334,52.15759051213043,5.35957026051197,14.789848901269322,10.714075648367348,7.146852995788007,1.7587421157355199,4.318727644426685,1.6440305383001088,7.094493413441075,46.63799516908208,43.39258454106275,42.81309178743956,31.333328502415426,35.08833333333329,29.767173913043443,36.13298067632846,23.049309178743936,23.049309178743936
236.0,54.962026048324674,59.989678048153756,51.98574453508894,48.36873368447469,51.39225366050381,51.34433524258886,41.24929261362802,52.16789032338239,5.325169946283678,14.866973257610605,10.725552734106712,7.069188712019552,1.7466495225594036,4.30147134784822,1.66503933680464,7.115742500787075,46.64202415458932,43.40642028985502,42.81542028985502,31.326714975845373,35.09429468599029,29.767719806763253,36.13283091787436,23.043521739130412,23.043521739130412
238.0,54.97971624429784,60.00654891279616,51.98846683382765,48.37695493392992,51.405592500146604,51.35128009525718,41.2475776641683,52.182656820660924,5.335481668621405,14.889315884200016,10.734977622146022,7.106616533470787,1.7304546952730275,4.291032816785315,1.6578439059336763,7.180927372462889,46.644386473429904,43.421835748792226,42.81081642512072,31.31875845410625,35.10026570048305,29.76369565217388,36.12962318840575,23.034966183574852,23.034966183574852
240.0,54.99675645137929,60.02037356290421,51.993856766371884,48.39011793973726,51.42148562499677,51.36365944640922,41.2484823036249,52.19691604008101,5.309360398114363,14.854078059413139,10.725799949818908,7.063295969655978,1.7430640299517433,4.323169104291718,1.662481591869033,7.097552187863742,46.64779227053135,43.43845893719802,42.801057971014444,31.310729468599,35.109512077294646,29.75992753623185,36.12381642512073,23.024768115942003,23.024768115942003
242.0,55.00991126958147,60.03829823579921,51.996459954977425,48.39942580909481,51.428625385075875,51.37193011813531,41.24840611573391,52.21423147241391,5.3432306095839674,14.75254304120561,10.728047040051303,7.005547745449299,1.7761092669306613,4.35087629882485,1.6342944895871745,6.988484967528658,46.6495555555555,43.44859903381637,42.787971014492705,31.304502415458902,35.12107729468595,29.75519323671494,36.118869565217345,23.011004830917848,23.011004830917848
244.0,55.017749605934625,60.052601943530036,52.00056052199097,48.40366869739746,51.43470425474258,51.38027890573807,41.24761888363044,52.237706774993484,5.369318090492018,14.755440199914144,10.694234674584743,7.057552009465054,1.75304120662456,4.387210804384213,1.6458899494908108,7.059812813752784,46.65064251207724,43.449260869565165,42.771652173913,31.29895169082122,35.13217874396132,29.748270531400934,36.1170676328502,22.9965797101449,22.9965797101449
246.0,55.03262088770529,60.07046303960954,52.001614562167966,48.407714439856264,51.44373656763767,51.39766102689429,41.250808321510995,52.253600699931035,5.344057791983518,14.989191209929832,10.665052398861786,7.070284714665513,1.7220896607718899,4.336184565349239,1.6687699799355857,7.092033466473785,46.652019323671446,43.45002415458932,42.752294685990286,31.29295169082122,35.14238164251204,29.744589371980645,36.11591787439609,22.984429951690796,22.984429951690796
248.0,55.04984501521158,60.08587064966575,52.005530108308314,48.415670010991185,51.455533378836684,51.40770915874246,41.26123598041185,52.267536200041825,5.331978165329813,15.017010868655529,10.809211914376036,7.035404236825794,1.7610825525013791,4.324764506491055,1.6725174474986209,7.072453539519269,46.652826086956466,43.450169082125555,42.72896618357483,31.287154589371944,35.15298067632846,29.741753623188373,36.11354589371977,22.97392270531398,22.97392270531398
250.0,55.070209301152,60.092738925879246,52.012778259890005,48.422689304163825,51.466476437068714,51.41568866234402,41.27484396444374,52.27927136972759,5.372566268920657,14.868158744510733,10.788400846751543,7.0602923255105585,1.761919482683584,4.336160688146346,1.6903761334791867,7.049991678865039,46.65459903381637,43.44956038647339,42.702608695652124,31.283386473429914,35.165222222222184,29.739207729468564,36.11290338164247,22.966869565217365,22.966869565217365
252.0,55.087695735518864,60.10252151335353,52.01697211129201,48.4233803599072,51.472481564686056,51.42748085713231,41.28496820475742,52.29182466028115,5.408014371888593,14.870825718639614,10.816310891398944,7.060671859442965,1.7768308627290088,4.340919062433273,1.6805245085845848,7.041264599112791,46.65704830917869,43.45712560386469,42.67421256038643,31.28286956521736,35.177304347826045,29.737618357487893,36.114545893719765,22.96509661835746,22.96509661835746
254.0,55.10726433426491,60.112289424906535,52.01875610347213,48.42546626986261,51.48119759180839,51.438458414340225,41.286725412122735,52.30013977788496,5.404569408677009,14.933593515840366,10.852949328787664,7.1186,1.7806670630691122,4.312868660856007,1.6533445956322599,7.0279314412888825,46.66048792270526,43.46977777777772,42.645420289855025,31.283826086956488,35.187980676328465,29.73403381642509,36.11420289855069,22.96804830917872,22.96804830917872
256.0,55.121337200030354,60.122682427127536,52.0306623271912,48.43610864518952,51.496523197816515,51.446239104909004,41.29172280982846,52.30921394199066,5.430918256592449,14.967128767243985,10.78123817201127,7.093937670179506,1.787862232235692,4.3248608289611195,1.6377954974218787,7.067030412162601,46.66400966183569,43.482048309178694,42.61670048309174,31.282033816425084,35.19895652173909,29.729106280193204,36.11360386473426,22.97582125603862,22.97582125603862
258.0,55.12634176968177,60.13611930890152,52.042672601102964,48.4469385994591,51.50317502032281,51.45160780613556,41.3025263391047,52.32534145879265,5.4388706500926,14.887378917431473,10.754765653413422,7.076580222044433,1.7388356511995402,4.387363247705582,1.663030798031633,7.048323224751471,46.66727536231878,43.50054589371976,42.59096618357483,31.279222222222185,35.210062801932324,29.725884057970983,36.117478260869525,22.984908212560363,22.984908212560363
260.0,55.13748096007095,60.15426820461285,52.05114957611715,48.45952698766512,51.50710868926004,51.462239087985424,41.3116585072236,52.33788729450321,5.344368291567789,14.961282583056319,10.766512192390671,7.073997559666535,1.7404236950213292,4.373137279521774,1.6659083612726704,6.907982229230967,46.66989855072458,43.52349758454101,42.569352657004785,31.278246376811556,35.22290821256035,29.722589371980643,36.123951690821215,22.991768115942005,22.991768115942005
262.0,55.14970700915335,60.16822489596204,52.052241552757195,48.46566779292266,51.5177694270889,51.46947882130651,41.31530349399022,52.348940449794,5.326736676369663,14.9309828927297,10.693847099371302,7.0947006384519575,1.768919960827215,4.319991051931,1.647074926145128,6.898673451212488,46.67387439613521,43.54321256038642,42.55304347826082,31.28073913043475,35.239101449275324,29.719874396135232,36.12937198067629,22.997019323671474,22.997019323671474
264.0,55.15529656147973,60.17787054452297,52.05695887188135,48.47164800199919,51.528367448176816,51.471996047547066,41.315619778234826,52.36181580621886,5.3716506643578725,14.818501686658111,10.699146067576152,7.1211973946445015,1.7791270177387855,4.356626506863231,1.65175153207753,6.984820174642195,46.6811980676328,43.56113043478256,42.541444444444394,31.28715942028982,35.259695652173875,29.720217391304317,36.1330869565217,22.999995169082098,22.999995169082098
266.0,55.16185440822585,60.19111532143948,52.06336025132004,48.482057848591396,51.53244186089852,51.47992264193448,41.31691002881738,52.37523839956782,5.325560878560324,14.976373487285096,10.731517709182691,7.105299100657442,1.8030943468560854,4.395703051855821,1.674271586481713,7.093835217714639,46.69026086956516,43.579342995169036,42.53213526570043,31.29618840579707,35.28279227053136,29.720666666666634,36.13804830917871,23.007251207729443,23.007251207729443
268.0,55.17804011389779,60.20128373584396,52.071836747479175,48.49568341626219,51.53866718523737,51.49102398385188,41.32346404548191,52.37840885730958,5.313800504620001,14.929305631488738,10.734951470371929,7.102370619450993,1.7366712194485416,4.353718999079677,1.7178740648148527,7.068953015743552,46.70250241545889,43.598816425120724,42.52564734299512,31.307729468599,35.30654106280189,29.722492753623154,36.14481159420286,23.018739130434756,23.018739130434756
270.0,55.192322415640696,60.20872180329117,52.0850322851332,48.50892000884599,51.5520745250775,51.49545819016147,41.328960511656156,52.38043357456061,5.447388420791667,14.87192736952083,10.68589383405655,7.064579099028766,1.7206736851736077,4.267636090203373,1.7022775936716281,7.021150676584326,46.71818840579705,43.61696135265696,42.52363768115937,31.32290821256035,35.33153623188402,29.728792270531372,36.151550724637644,23.02963285024152,23.02963285024152
272.0,55.20115866750725,60.21906137698884,52.09518299422508,48.516585406588945,51.55585566521112,51.502202267758875,41.32705845446421,52.38726981438703,5.402202522658662,14.922712280899065,10.68937226796086,7.128496629726506,1.7517839487624702,4.282569392722119,1.6679570067603524,7.015638137861892,46.73398067632845,43.634855072463715,42.52406280193232,31.33742028985504,35.35537198067629,29.73423188405794,36.15583574879223,23.03872463768113,23.03872463768113
274.0,55.21320891105838,60.23652999674029,52.103529510614095,48.529967440947814,51.559662046171034,51.51745189693433,41.318567084027045,52.393448648888366,5.359046973283538,14.91486648413274,10.65639749497797,7.116502101684375,1.7225666839382352,4.34909359877079,1.6397774883416911,6.984433915478254,46.74893719806758,43.649971014492706,42.522956521739076,31.348135265700446,35.37624637681156,29.735874396135234,36.15761835748788,23.044758454106255,23.044758454106255
276.0,55.22292103485544,60.25489069600189,52.113080447424494,48.54637168041088,51.56944521028848,51.52818821884864,41.30765680323668,52.40329834521825,5.354249699398797,14.912585571142284,10.70868997995992,7.159545490981964,1.7595032064128258,4.399600801603206,1.6430320641282565,6.9674348697394795,46.762671497584485,43.65856038647338,42.522859903381594,31.357304347826055,35.39413526570044,29.736164251207693,36.158628019323636,23.046415458937172,23.046415458937172
278.0,55.223461736759056,60.2634514734363,52.12785132719734,48.55774833137445,51.5786764028374,51.533945208791295,41.30589494260322,52.409756763279624,5.331731325301205,14.851107228915662,10.809085542168674,7.173287951807229,1.7665566265060242,4.352742168674698,1.6626385542168676,6.9981746987951805,46.77657487922699,43.65738164251203,42.5262173913043,31.364734299516876,35.410188405797065,29.73692753623185,36.15876811594199,23.04288405797099,23.04288405797099
280.0,55.228660499278654,60.26579700585177,52.139285964410156,48.56618685936898,51.58473118247473,51.54200692658247,41.309737591418425,52.409615437279285,5.314570813507455,14.871901006077497,10.68336158862261,7.118896186703868,1.748842327458685,4.304369106986181,1.6665446343603376,7.015149751202391,46.79021256038642,43.64542995169077,42.53059903381637,31.370231884057933,35.42555555555552,29.738816425120742,36.159768115941986,23.040526570048286,23.040526570048286
282.0,55.24345725482913,60.27764939810193,52.14353887531882,48.57992465816842,51.59249314472187,51.554749723822184,41.30853816931283,52.41446526759208,5.339876888771526,14.98058844941868,10.769456628863018,7.078247473565663,1.776842973600625,4.303622762125935,1.6747047521999479,6.999395140866588,46.80192753623183,43.63058937198062,42.535956521739074,31.372381642512043,35.440212560386435,29.738879227053108,36.16035748792267,23.038434782608668,23.038434782608668
284.0,55.25826697683373,60.29121740376611,52.14798848764073,48.591270776985446,51.60415188851949,51.56065288702902,41.29733988675328,52.42298199040904,5.352860385863636,14.991283827333962,10.766693323338108,7.076934273004358,1.7733302667438802,4.272605934261939,1.666695548892072,6.971600742399953,46.81306280193231,43.62129951690817,42.54401932367145,31.374594202898518,35.45235748792267,29.736560386473396,36.15866183574875,23.036922705313984,23.036922705313984
286.0,55.262423211626874,60.29842259705101,52.16438542003762,48.60139523875255,51.61965735287886,51.56372029162912,41.28560579819594,52.43361545534042,5.361841696275956,14.948032861174207,10.67580954413519,7.094745935641262,1.7457077734060058,4.26466006862506,1.6455067143594295,7.002057952121407,46.82496135265695,43.61884057971009,42.55164251207725,31.377280193236682,35.46323671497581,29.733082125603833,36.155806763284986,23.038748792270507,23.038748792270507
288.0,55.27343908241306,60.31002482653448,52.17656747169787,48.61727445669724,51.63440132622822,51.568629167261285,41.28076855922939,52.44337967667567,5.3825343975801285,14.967079431250582,10.625264151923663,7.103425012950174,1.755926959674825,4.367048226410841,1.6366602093959792,6.969686869155886,46.835966183574826,43.61612560386468,42.56045893719802,31.37785024154586,35.47292270531397,29.730270531400933,36.154743961352615,23.040671497584515,23.040671497584515
290.0,55.28607847039887,60.32911421000552,52.18307131987941,48.62921104000356,51.63886011049433,51.57480440048439,41.276991557198954,52.45699811966182,5.422179310133071,14.91533868217695,10.707627735944115,7.081351274460411,1.731158471630056,4.409065517707243,1.6536944525655397,7.047317988625463,46.843816425120714,43.615782608695596,42.57205314009657,31.3779371980676,35.479710144927495,29.726951690821224,36.15425120772943,23.042497584541035,23.042497584541035
292.0,55.29123785060037,60.341937455511236,52.19181820897459,48.63395604196249,51.63738139362129,51.58960032076474,41.27885227690296,52.4718371123267,5.387377154308617,14.903842284569139,10.749272344689379,7.068655911823647,1.7297609218436873,4.335488376753507,1.6415066132264529,7.095869138276553,46.84985507246371,43.616265700483034,42.58435748792265,31.377347826086922,35.48371980676325,29.723173913043446,36.1507101449275,23.044033816425095,23.044033816425095
294.0,55.305737790681825,60.354787744146826,52.20086495241167,48.64386871529576,51.640330436321996,51.601699509776374,41.28638378302739,52.48309966513703,5.377096565507121,14.96027204487621,10.758045857056334,7.090699557505458,1.7521733696855832,4.294752720693588,1.6351704751279499,7.038168857996466,46.85480676328496,43.614903381642456,42.59647826086952,31.375888888888852,35.48567632850238,29.720811594202868,36.1465024154589,23.046309178743932,23.046309178743932
296.0,55.324779694744684,60.36918855262434,52.21284656018511,48.66451773177024,51.65501822313841,51.604083034353486,41.293536291811854,52.490426632685136,5.367524702745858,14.944944395998384,10.724028331662222,7.118002122912323,1.752286513790707,4.304133336888889,1.649528182768485,7.028836967938586,46.86061835748786,43.61393236714971,42.60747342995164,31.375193236714942,35.48874879227049,29.718739130434756,36.14457971014489,23.05040096618355,23.05040096618355
298.0,55.34618213858357,60.382560787860186,52.224842587477994,48.67849017172018,51.6725177125574,51.61187563528654,41.30119326289202,52.49441433633785,5.323300652187426,14.893257884761564,10.795793297906886,7.052379094742701,1.7613212601494008,4.265695817462838,1.6566654397151577,7.075084079972081,46.86745893719801,43.613830917874346,42.61573429951686,31.37571980676325,35.49255072463764,29.715830917874364,36.14184541062799,23.054420289855045,23.054420289855045
300.0,55.35806898626751,60.39721611355795,52.233784811091304,48.68403588875276,51.67955102187591,51.62300002600171,41.30511773982995,52.50816313437075,5.459266273231527,14.872359950574932,10.78861950414126,7.045832149454449,1.71956676480211,4.304210074137602,1.6686404437535745,7.039967356294869,46.87494202898545,43.61629951690816,42.62198550724633,31.37614975845407,35.493743961352614,29.71091304347823,36.137584541062765,23.060130434782582,23.060130434782582
302.0,55.36772038220691,60.40494713683835,52.24930541317054,48.68926124663445,51.68725457787536,51.62315852144465,41.305864007668795,52.520714088502885,5.450226118376565,14.912915836523544,10.763646296417265,7.076057184846969,1.710866768386751,4.29089692312022,1.6393790721620471,6.964083005550927,46.88212560386469,43.61935265700478,42.628077294685944,31.373338164251173,35.49386473429948,29.70515942028982,36.136478260869524,23.07114975845408,23.07114975845408
304.0,55.380151165137555,60.412734222775605,52.26198095489907,48.697047152304926,51.70242525616166,51.62067129164632,41.310937763887516,52.5269583463094,5.316211351741675,14.911060624783987,10.746025216937813,7.0432424910355,1.7470927169223838,4.2937248610579655,1.6441486186801046,6.9878263176734885,46.887497584541016,43.627560386473384,42.63458937198063,31.3689178743961,35.495101449275325,29.700299516908178,36.13960386473426,23.083333333333307,23.083333333333307
306.0,55.39335751822971,60.42970879806658,52.27257021774509,48.70296551580698,51.70674872796117,51.62629416331573,41.31629054313274,52.53753533247307,5.306739188977085,14.855324924599794,10.672799248400352,7.051549849840231,1.766176426357649,4.33146201198075,1.648684984984023,7.02797612603811,46.891975845410585,43.64422222222217,42.64265700483087,31.36690338164248,35.496690821255996,29.69744444444441,36.14446859903377,23.0926183574879,23.0926183574879
308.0,55.40044057824687,60.444605123839445,52.28414845742052,48.706507488527045,51.71165502921955,51.632801111602525,41.3172769283679,52.553662194036825,5.359276555114611,14.903692892512986,10.687897876552158,7.058286525239943,1.769989585336887,4.325161056147771,1.6671557257883844,7.043666485748218,46.89709661835744,43.66107729468594,42.6527632850241,31.368309178743925,35.49914009661832,29.694053140096585,36.14980193236711,23.09859420289853,23.09859420289853
310.0,55.40095884330657,60.455651108053814,52.29562535868623,48.709389915044824,51.729533367434506,51.63700431116243,41.312832161796464,52.57187001077482,5.393956614421299,14.913287582520429,10.68910937114435,7.051741257612692,1.7907030905286354,4.327691281571334,1.6672440457421283,7.0267566660624565,46.902618357487874,43.6781787439613,42.66473913043473,31.371768115941993,35.50300483091783,29.691758454106246,36.156125603864695,23.099024154589348,23.099024154589348
312.0,55.40895493495533,60.47005882638323,52.314555194048424,48.71828781337715,51.74230120195893,51.64277604022823,41.303719141193696,52.584034877113886,5.355263632928028,14.904819810019577,10.83949574842795,7.047073186107512,1.7888736380710792,4.351224562257943,1.6332933966601415,6.998712906279927,46.90772946859898,43.70030917874391,42.67836714975841,31.375913043478228,35.50584057971011,29.6927487922705,36.16151690821252,23.097101449275335,23.097101449275335
314.0,55.41647964703095,60.48518628649699,52.33062962669792,48.726251087527984,51.74343919904463,51.64884186698847,41.294143288704575,52.6003805465024,5.33991312400004,14.897117678781912,10.757509256356311,7.053547894393599,1.7821918211755892,4.362977374989375,1.6529876099627885,7.040128354133022,46.911618357487875,43.72318840579706,42.694603864734255,31.38237681159417,35.506376811594166,29.696164251207698,36.166434782608654,23.09544927536229,23.09544927536229
316.0,55.4226540148566,60.49150326922643,52.35069633957492,48.730181549675095,51.74746197496369,51.653087112692056,41.294204734618106,52.61162726136699,5.378749847337548,14.873381891894567,10.67256490331378,7.048744201626421,1.7820717692046866,4.355435554113656,1.6701560019235155,7.084523652041593,46.91586956521734,43.747410628019274,42.714405797101406,31.392188405797068,35.50751690821252,29.704763285024125,36.173734299516866,23.08764251207727,23.08764251207727
318.0,55.428318362507234,60.500657712845005,52.37366828072546,48.7328848288408,51.75602087090159,51.659445729111724,41.29378276016199,52.622622868869726,5.379886997371887,14.859171233889157,10.682777207723696,7.093227759254619,1.737346482403213,4.354732979546988,1.6557730423903614,7.089544426987952,46.92024154589367,43.77179227053135,42.73511111111107,31.404599033816393,35.507893719806724,29.716478260869533,36.1814444444444,23.0744299516908,23.0744299516908
320.0,55.44135184999449,60.516609609590645,52.39660757533289,48.73583367542841,51.754157140759915,51.6640665934121,41.28748764293397,52.63087052786542,5.382545338670561,14.884361923376607,10.73350510266568,7.123793228673962,1.7835139845096124,4.4140581941045385,1.6543949950615109,7.085506967823009,46.92327053140092,43.79397584541058,42.75583574879222,31.414637681159384,35.50609178743957,29.72924154589369,36.186371980676284,23.058241545893694,23.058241545893694
322.0,55.450893339562384,60.522619344851734,52.417909087181606,48.737468062360875,51.75787062202762,51.670043095556146,41.28085583267508,52.64041749350748,5.366538832429558,14.893489593912555,10.762523603874204,7.142840355616464,1.7713319798557903,4.415645938794173,1.6636263960153408,7.041876649474816,46.92649275362314,43.814048309178695,42.77804347826082,31.4233333333333,35.504869565217355,29.742159420289823,36.19132367149754,23.039584541062773,23.039584541062773
324.0,55.45430015027032,60.52325183497119,52.44315141935624,48.73466116510252,51.7705784814694,51.672738609133454,41.279404584331616,52.6532000542559,5.341048896914674,14.878601855743348,10.712530842879412,7.118006369740027,1.7672504515948133,4.3423414749170055,1.673930742199767,7.03045085236194,46.92961835748787,43.828492753623145,42.801927536231844,31.43166666666663,35.50454106280189,29.75489371980673,36.197884057970974,23.022536231884033,23.022536231884033
326.0,55.464162407468464,60.524942742238515,52.465333295196615,48.73375797494052,51.77589149851155,51.674289567952506,41.286159332644125,52.65837354616588,5.3123493511281445,14.901156839588023,10.6792957590994,7.082695262428742,1.759325700138922,4.339531990189222,1.6883532443592815,7.033626345810778,46.93296135265695,43.83438164251202,42.82945893719802,31.436951690821218,35.506024154589326,29.768884057970983,36.20463768115938,23.009999999999977,23.009999999999977
328.0,55.47565213368706,60.53354357217821,52.48163991896165,48.73432691748165,51.7780656856942,51.6861070275155,41.29225078777898,52.67138722479885,5.357288188739896,14.975500400579755,10.721516016373748,7.104641591233372,1.7987850852205751,4.419756656717091,1.6829549046675536,7.03039734761979,46.93683574879222,43.8378212560386,42.859574879227004,31.44128019323668,35.51085507246373,29.783743961352627,36.211391304347785,23.000135265700457,23.000135265700457
330.0,55.48716963948466,60.5430411447269,52.49663311215677,48.73536510256024,51.789614446929086,51.69661085622519,41.29665885277094,52.687546617312705,5.400178074222277,14.872821831752633,10.76469458099491,7.049605469691294,1.8026166588312424,4.395802660653171,1.6549,7.1175954316393915,46.942173913043426,43.84496618357483,42.890608695652126,31.447314009661802,35.51818840579706,29.80030917874393,36.219173913043434,22.991149758454082,22.991149758454082
332.0,55.498585623525294,60.54868366592611,52.51658692725541,48.735991615889816,51.805991740678536,51.700050333845965,41.30374113020837,52.69695884978498,5.397505533596838,14.816790909090908,10.746530039525693,7.03905533596838,1.7463604743083003,4.3348683794466405,1.6580719367588934,7.117011462450593,46.94873429951686,43.85362318840575,42.92332367149754,31.4559371980676,35.52478260869562,29.81641545893716,36.2272367149758,22.985473429951664,22.985473429951664
334.0,55.504169148255414,60.561141211789646,52.537198876181144,48.73407380850507,51.81426034901624,51.70824775113822,41.31218493022587,52.709149760522315,5.392439019324835,14.99859126802193,10.688852750126287,7.077945281128974,1.7085476027557025,4.315367844731925,1.6679018679213122,7.02043387195425,46.953879227053086,43.86531400966179,42.95670531400962,31.463859903381607,35.52977777777774,29.830502415458906,36.23365700483088,22.981265700483064,22.981265700483064
336.0,55.51761917694635,60.57408209351269,52.54804088807548,48.73383462643892,51.81603703149785,51.72420083944689,41.3250985485634,52.723726882823,5.326532273996757,14.998023236841423,10.623770059327423,7.115370357451735,1.7041037732668904,4.347793346847692,1.6659928002864557,7.016982919437034,46.95919323671493,43.880415458937144,42.98978743961348,31.47084057971011,35.53526570048305,29.845231884057938,36.23711594202895,22.979033816425094,22.979033816425094
338.0,55.526850409269485,60.58232846811095,52.565451485702525,48.734113116150965,51.8187719678186,51.736901680857066,41.33786819082591,52.735330852316025,5.349196733272554,14.913496432478967,10.685281154668134,7.077277085824456,1.706589044743014,4.339774472849012,1.657037788895697,7.030464522269879,46.963212560386424,43.89392270531396,43.021033816425074,31.47846376811591,35.54268599033812,29.85966183574876,36.23624637681156,22.98163285024152,22.98163285024152
340.0,55.539806642493275,60.58252284492525,52.57909282202737,48.736596561198276,51.81891514243126,51.74260376300536,41.3508635769155,52.73898071260109,5.389782458306286,14.888363169594824,10.84389320690353,7.0195860056399315,1.7618232884013445,4.304817843264539,1.676441530723967,7.036933779616873,46.96625120772942,43.90021256038643,43.048908212560335,31.485314009661803,35.551652173913006,29.871676328502378,36.23507729468595,22.988869565217367,22.988869565217367
342.0,55.56295709426636,60.58435204343334,52.58205068241444,48.74393075410508,51.82775115440705,51.74448682351559,41.36075601089384,52.741080151881945,5.386824549165588,14.845995790262664,10.849390780666512,7.051566333798306,1.7771499001394917,4.365221042838183,1.6806348694015398,6.976212324269361,46.97284541062797,43.90083574879222,43.07427053140091,31.489975845410594,35.56238164251204,29.880985507246344,36.23524154589368,23.00055072463766,23.00055072463766
344.0,55.583861752523696,60.59485752756987,52.5926789882084,48.748830256462504,51.84067178942123,51.745834988015744,41.364284309141766,52.74359399856499,5.4141133112961475,14.787669567876328,10.81449549393845,7.128822922021088,1.7919672677200251,4.402169970621499,1.6564457461138415,6.931933135025146,46.981531400966134,43.89546859903377,43.096154589371935,31.492811594202863,35.57569565217387,29.888521739130404,36.234801932367105,23.01465700483089,23.01465700483089
346.0,55.59683164099391,60.604412900566594,52.60994847013677,48.74654670399717,51.85687010649593,51.753927965416985,41.36582392046256,52.75276493036732,5.385947350906596,14.797953735263057,10.838336269158992,7.120683076980761,1.7657605634710916,4.383399900766746,1.6544098467280703,6.959312421396534,46.990893719806714,43.884995169082075,43.112371980676286,31.495357487922668,35.588763285024115,29.893439613526535,36.23366183574875,23.032787439613504,23.032787439613504
348.0,55.60720389699893,60.60788347194979,52.622501132530275,48.74268632042236,51.86851886223296,51.76406759098792,41.364643406974224,52.75981484366629,5.315185599282527,14.78482804487024,10.790712175768379,7.0702123285663525,1.721107983008534,4.358750782649798,1.6540411821714827,7.043194745079503,47.00196135265695,43.87887439613522,43.1273864734299,31.497323671497547,35.602323671497544,29.895545893719774,36.235391304347786,23.06085990338162,23.06085990338162
350.0,55.62891865079235,60.610289035977445,52.63278781177179,48.744589053458974,51.88083833876037,51.766983680145955,41.357658437147734,52.75803624375424,5.34121377245509,14.873656886227545,10.738469461077845,7.006632335329342,1.7279688622754492,4.390402395209581,1.6751550898203593,7.034321556886227,47.01582608695647,43.878995169082074,43.145154589371934,31.500864734299483,35.62073429951686,29.8965217391304,36.240038647342956,23.099603864734277,23.099603864734277
352.0,55.645349343557626,60.62412897445579,52.636920100037976,48.7537809896732,51.90010982547421,51.77243063683234,41.34583918938024,52.76242062768609,5.4007331554435805,14.964003764877575,10.728522052942303,6.998720588071451,1.7625601953161136,4.4505652809659555,1.7096288996218336,7.045212666091741,47.028246376811545,43.87548792270526,43.16501449275358,31.506405797101408,35.64301932367146,29.894492753623155,36.24047826086952,23.134304347826063,23.134304347826063
354.0,55.653241820361465,60.636865138470796,52.64479131095814,48.76057056666929,51.912591675056035,51.78184527153375,41.338087841370154,52.77123348695342,5.42634521801272,14.939234848521119,10.696413797314708,7.048814204586259,1.7685927461082962,4.398649611977504,1.6910851799933835,7.084101174290483,47.03688888888884,43.866521739130384,43.1859903381642,31.512072463768078,35.66657004830914,29.88945893719803,36.238028985507206,23.155772946859877,23.155772946859877
356.0,55.66091760624386,60.645855826740444,52.6529166840994,48.77129203325988,51.92270086085865,51.79267768578713,41.331572515916314,52.77856869028191,5.394596407722615,14.91164730496162,10.750961677724655,7.069903892962377,1.7943757484741558,4.323104490678868,1.6528787420386437,7.030102094830871,47.04005797101444,43.86369565217387,43.20377777777773,31.517913043478224,35.688971014492715,29.880850241545858,36.238231884057925,23.168062801932344,23.168062801932344
358.0,55.66871456590465,60.66442896678448,52.6639715586417,48.78388137762601,51.93227979424266,51.795633889736735,41.32104205201743,52.785578145619304,5.396136727266967,14.854951896980682,10.786457685289605,7.109644610867176,1.7724903198518571,4.349827643583571,1.6409139716744394,6.968762275559253,47.03600966183569,43.86617874396131,43.21614009661831,31.521024154589334,35.70677777777774,29.869922705313975,36.23762801932363,23.169734299516882,23.169734299516882
360.0,55.6797109656365,60.68214916878818,52.67698231380646,48.791396093688306,51.93763497899991,51.79876174310101,41.31010285399449,52.79619837751343,5.396574412770352,14.868562572238428,10.757157150485211,7.06112322885717,1.7602835934586805,4.3602057671669305,1.6532234816587514,6.940803661596035,47.0283478260869,43.85215942028981,43.22103381642508,31.521550724637645,35.716072463768086,29.859154589371947,36.23280676328499,23.159903381642486,23.159903381642486
362.0,55.69028165556564,60.69150504059126,52.68501546165436,48.799263864508504,51.938054903103,51.80643746430302,41.306378773765935,52.806445544749835,5.4059896109515835,14.915779870509002,10.788786363395731,7.03099870094697,1.7700396105296055,4.305109090685896,1.6488681817170467,6.981851297863819,47.01818357487917,43.818956521739075,43.217164251207684,31.521463768115908,35.71724154589368,29.84924637681156,36.22578743961349,23.140019323671467,23.140019323671467
364.0,55.70372673174497,60.70073577234218,52.69360463964346,48.81383893042236,51.94453533881167,51.81733461811716,41.31278403357451,52.8072271656941,5.359650476065218,14.844093595581997,10.824965533129268,7.088120210821564,1.7627824416149693,4.34508514318967,1.6758237625493144,7.046823460318208,47.00840579710139,43.78404347826082,43.20333333333328,31.519734299516873,35.711323671497546,29.840946859903347,36.219193236714936,23.11387922705311,23.11387922705311
366.0,55.72453339461434,60.72057067308062,52.70907664483345,48.826520986721675,51.953588839704054,51.82520333063255,41.31618204334002,52.80465616291601,5.391930475984186,14.786047068312476,10.799197845801773,7.081435940782005,1.7752692230522154,4.370153583775323,1.6691166424888897,6.982308622208044,46.999473429951635,43.74769565217386,43.17839130434778,31.514729468598997,35.69880193236711,29.830178743961316,36.21143961352653,23.085280193236688,23.085280193236688
368.0,55.74085379816983,60.735850828143185,52.72307474836943,48.83326831797864,51.95542950658052,51.82931312911771,41.31674795429167,52.805003292395256,5.407156112833399,14.79110715461471,10.707415907677136,7.055682752432604,1.7915347900437375,4.36175422587674,1.6472816091483102,6.9732353862616305,46.99124154589366,43.70999516908208,43.14666666666661,31.505990338164217,35.68142995169078,29.81886473429948,36.200942028985466,23.055671497584516,23.055671497584516
370.0,55.7491327414098,60.748790473827746,52.72986041255865,48.84014507998957,51.96285524087499,51.84124497907447,41.3193207460369,52.81689862033465,5.3751604658993966,14.87187665717827,10.661104626993964,7.032892105812475,1.7853754548668006,4.351288731492958,1.669152615674849,6.980206440061167,46.98539130434777,43.67932367149753,43.10891787439609,31.496661835748753,35.65739130434778,29.808879227053108,36.190323671497545,23.0265990338164,23.0265990338164
372.0,55.76509435742874,60.773022416711804,52.74338426339334,48.84693980180381,51.97422413727642,51.84685186527753,41.323151938871185,52.83256973782791,5.348927247744,14.948473697996802,10.7458490446592,7.0679834430207995,1.7427521502976,4.36007125056,1.68329624896,6.991006997248,46.98060386473425,43.65066183574874,43.06472946859898,31.485666666666628,35.62669565217387,29.80027053140093,36.179159420289814,22.997879227053115,22.997879227053115
374.0,55.778554440663,60.79232911522684,52.751269876182924,48.852605198013336,51.98599330705902,51.85115378506211,41.32912604032351,52.84152005316233,5.3877604198656,14.913304500840924,10.824504198656006,7.167533584335307,1.7381212893240192,4.327173314333979,1.6936415295981297,7.030995952436452,46.9767826086956,43.622497584541016,43.01851207729464,31.47314975845407,35.59479710144924,29.794913043478225,36.16942028985503,22.9693913043478,22.9693913043478
376.0,55.78371965079515,60.81154426761363,52.7599528529292,48.854247821652265,51.997459511920596,51.86044030582569,41.33526446831309,52.85628904935752,5.3620025030057885,14.80060625887331,10.804976514902803,7.084443413588972,1.765257637292984,4.3025270908387245,1.6741894338912988,7.0071868298956215,46.97565700483087,43.60408212560381,42.97285024154584,31.46290821256035,35.56237198067628,29.790458937198036,36.162473429951646,22.941077294685964,22.941077294685964
378.0,55.78947693203208,60.831891394966334,52.77513673271454,48.8620258377077,52.009739453602094,51.87088647821941,41.33997905293272,52.87331659835943,5.344985587608118,14.837797013801401,10.763047725589953,7.042265039834495,1.7664053329845093,4.33580234678591,1.6502121681847275,7.020115863318212,46.97595652173908,43.5943478260869,42.92729468599029,31.45456521739127,35.52654106280189,29.786338164251177,36.156685990338126,22.91113526570046,22.91113526570046
380.0,55.79579306398809,60.84900999211112,52.78294879574832,48.87093257985022,52.02052203739232,51.882924034312715,41.34476621947394,52.884791827080186,5.3214567529669345,14.875245942233693,10.70013963976523,7.095145046976894,1.7453477499677117,4.353929728388886,1.6451333344266932,7.087678380993577,46.97580676328497,43.594019323671446,42.88501449275358,31.445362318840544,35.48686956521735,29.783106280193202,36.15042512077291,22.879623188405773,22.879623188405773
382.0,55.80008997680516,60.86965850437136,52.78553970976602,48.87532541193287,52.02819892302441,51.89669406734491,41.34948357647081,52.899267384799074,5.3222587400287225,14.85284211430881,10.721378518394504,7.073621680867595,1.7867092641108628,4.350537506821432,1.6419872802736033,7.132661442296611,46.975111111111055,43.61293236714971,42.84495652173908,31.433714975845376,35.44535265700479,29.78244444444441,36.14323188405793,22.848425120772923,22.848425120772923
384.0,55.805863182658,60.88247681378795,52.79336093423182,48.88385132136274,52.032032633430475,51.901923780152494,41.35219880855773,52.913706502397574,5.399985920357514,14.836391740548983,10.795596318962225,7.049283035352324,1.7789070147306976,4.3559251739176,1.6470311446523451,7.0212345757653605,46.97615458937193,43.649652173913,42.804845410627976,31.422816425120736,35.405241545893674,29.786589371980646,36.136425120772905,22.822473429951668,22.822473429951668
386.0,55.814187820106326,60.89621948598525,52.807011000426236,48.894886010203976,52.03617238102323,51.9006070595766,41.350635293755445,52.92408821684877,5.379828693716693,14.816665445165043,10.853814421953391,7.093433450971127,1.7694604400636296,4.351198546927545,1.6564987496508363,6.912293688311465,46.979396135265645,43.690903381642464,42.768405797101394,31.414033816425086,35.36805797101445,29.794125603864703,36.13070531400962,22.80436714975843,22.80436714975843
388.0,55.821692460401785,60.90519699416501,52.810119200648955,48.90575723399372,52.042299443339914,51.904529199099116,41.34441928916653,52.93328036115209,5.353483316247369,14.902993064843775,10.800794168088068,7.138876788439914,1.7962431161016676,4.340589846769196,1.6314480416577635,6.990903417677406,46.9865169082125,43.731367149758405,42.73814009661831,31.405734299516872,35.33421256038643,29.802985507246344,36.12737681159416,22.791371980676306,22.791371980676306
390.0,55.82925913956378,60.919520500621346,52.8131789430488,48.90917516825484,52.049652573442955,51.90859846636003,41.339696465374296,52.94400366588602,5.311719367682557,14.871219073836361,10.8070168197779,7.201802652041525,1.791135298496107,4.316052903101489,1.6459933122584345,7.044630485394345,46.999246376811534,43.77052173913038,42.71659903381638,31.398111111111074,35.302386473429905,29.814657004830885,36.12653623188402,22.78385024154587,22.78385024154587
392.0,55.83696186911751,60.94122489056382,52.82649738487017,48.908461843827574,52.05456432482142,51.91697465141181,41.339195188326286,52.95697855409389,5.350074291497975,14.870241093117409,10.845506477732794,7.147853441295547,1.7431957489878542,4.394196558704453,1.6340574898785425,7.003125303643725,47.012710144927475,43.80713043478256,42.7015555555555,31.393183574879192,35.274961352656966,29.830579710144896,36.1288985507246,22.78221256038645,22.78221256038645
394.0,55.843634976362196,60.953501242271464,52.838258760473224,48.91236285710304,52.06297453770559,51.93008421664339,41.339110110684985,52.971585781924674,5.373995983935743,14.954794779116465,10.724624297188754,7.032015060240964,1.7278610441767068,4.376577108433735,1.67710281124498,6.950013453815261,47.026859903381585,43.845874396135216,42.692608695652126,31.39179710144924,35.25441545893716,29.84731884057968,36.13460869565213,22.783251207729446,22.783251207729446
396.0,55.85207698012098,60.958677705273246,52.84282594255503,48.9190281318061,52.06962836717083,51.938270389123524,41.33334996743576,52.98025272450977,5.278961968642667,14.998466831155786,10.764459589711036,7.0110546252555075,1.767437438655011,4.296309733148583,1.6921213490539884,7.054204964455529,47.04342512077289,43.89017874396131,42.694183574879176,31.393019323671464,35.24032367149754,29.864391304347794,36.1432560386473,22.783043478260844,22.783043478260844
398.0,55.857394381651886,60.97252234071383,52.844500198720404,48.92743082181179,52.07923161928691,51.9400441121877,41.330724989693515,52.98727239935411,5.340409505936664,15.005609308154579,10.888023809228653,7.098200341060119,1.7759411197201442,4.368287749267026,1.6665139077278188,7.059182744012559,47.0617053140096,43.93443478260864,42.70587922705309,31.398362318840544,35.23235748792266,29.88426570048306,36.15144444444441,22.783487922705287,22.783487922705287
400.0,55.855702909632086,60.98299349166846,52.8425762481331,48.93480949723217,52.09643461941739,51.94156646869004,41.33510599943195,52.99752689056013,5.338231859107901,15.010047637763368,10.825805879020326,7.011813467554511,1.782025980087575,4.414642663130523,1.6536028640609213,7.052187687995968,47.07491787439608,43.961458937198024,42.723038647342946,31.402685990338128,35.227202898550686,29.903314009661806,36.157603864734256,22.77895169082123,22.77895169082123
402.0,55.859618077818176,60.99199349549218,52.84606822244925,48.94259296156037,52.104945490099794,51.948453802486824,41.341160067363695,53.0066379673559,5.309081492625289,14.968349552152807,10.737826866195542,7.06619820861123,1.7752155227201925,4.406056119253723,1.632950298399223,7.033017014550736,47.079183574879174,43.97249758454101,42.74087439613522,31.40502415458934,35.22151207729465,29.92085990338161,36.16442028985503,22.76651207729466,22.76651207729466
404.0,55.87111397045173,61.00376829049992,52.85623076036859,48.9561083590354,52.105542050924946,51.95932864412866,41.342499228209675,53.02144615994271,5.380399652064629,14.909891424868345,10.679778664047623,7.088875523211133,1.756224825770699,4.395226619786936,1.6319652042167765,6.99950827421044,47.07833816425116,43.982400966183526,42.7568019323671,31.408584541062766,35.213062801932324,29.939178743961325,36.169183574879185,22.75569082125601,22.75569082125601
406.0,55.87601215207757,61.01101704146656,52.86706882499218,48.96634920473615,52.108817074495256,51.96193227817728,41.34792122947258,53.039277150943455,5.460916568190707,14.816114545338182,10.694465251736567,7.058652172166465,1.788301565310707,4.345003687705859,1.628776513939394,6.9585558534723235,47.077376811594156,43.981057971014444,42.7704251207729,31.410526570048273,35.1983140096618,29.95810144927533,36.167357487922665,22.748690821256012,22.748690821256012
408.0,55.88184343806985,61.01712960453844,52.87227438478611,48.97653421876685,52.115014873507285,51.97097290147181,41.36255129531736,53.055055218331816,5.3996342011904,14.885416394956799,10.749927846899201,7.130142244032,1.769336501888,4.3322177998336,1.6685835986432,7.0539531997184,47.07712077294681,43.96054106280189,42.78053623188401,31.410439613526535,35.176009661835714,29.978062801932335,36.15913526570044,22.74538164251205,22.74538164251205
410.0,55.89416787555162,61.027921465605914,52.87877514965617,48.990061334049855,52.11499826101125,51.98579198474342,41.377908317019596,53.06816784292739,5.375321945265538,14.947763741856997,10.85161730474509,7.15911750959617,1.7524323683473675,4.344729775150277,1.6793285791386678,7.042875960794843,47.07543961352652,43.93810144927531,42.788782608695605,31.408516908212526,35.14900483091784,29.99767149758451,36.14943961352653,22.746381642512052,22.746381642512052
412.0,55.90695789768305,61.04259192401906,52.886363080682045,48.99915362629458,52.122016994345366,51.996050987663125,41.38741126189466,53.07686320791019,5.356182923902106,14.911386229391647,10.95967586526272,7.042292338138963,1.7538133693664775,4.379383876511851,1.6648217327213775,7.002500900755963,47.07507729468593,43.92320289855068,42.79427053140091,31.40495169082122,35.11948792270528,30.0167101449275,36.141367149758416,22.749439613526544,22.749439613526544
414.0,55.918224586432316,61.05885340401897,52.90086591899714,49.003325194260704,52.12806405578528,51.99992710918676,41.387859009059014,53.090048136540574,5.384854776685866,14.876989054306767,10.926227113327627,7.024456069625882,1.7481554231558736,4.359533531769407,1.670211691544728,7.031069652360937,47.07822222222217,43.912246376811545,42.795391304347774,31.399937198067597,35.08842512077291,30.036135265700448,36.13201449275358,22.75240096618355,22.75240096618355
416.0,55.92195055454427,61.07335845851333,52.910056620059315,49.006809246881566,52.13524363359334,52.00847048710463,41.38862952253532,53.104522462070356,5.407107795480808,14.904126396942665,10.804106137004771,7.06301987148625,1.7905049678715625,4.331953578345168,1.664969800540705,7.102784315703749,47.08290338164246,43.905410628019276,42.79526570048304,31.393666666666633,35.05495652173909,30.055681159420253,36.11847826086952,22.754333333333307,22.754333333333307
418.0,55.93288675250712,61.09114632333964,52.91990833591628,49.01414285490273,52.1473876869377,52.02079741658098,41.392923099985275,53.1178333475481,5.365063259616875,14.981683696711087,10.809197626835244,7.11466460323371,1.76130206690265,4.385928483181607,1.662489163724142,7.011146961532502,47.0871980676328,43.90657487922701,42.79514009661831,31.38511111111108,35.02061835748789,30.075685990338133,36.10568115942024,22.75608212560384,22.75608212560384
420.0,55.94913719360768,61.107361985408986,52.93280552426522,49.018680209185334,52.162441244481606,52.02622415949706,41.40023533743141,53.13021890103985,5.369649577171802,14.865304796543246,10.802970544021141,7.141796053765373,1.7078758855645384,4.412957511996726,1.645080630447669,6.963350869160343,47.089787439613474,43.91241062801927,42.79503864734295,31.376241545893688,34.98877294685986,30.09588405797098,36.09432367149754,22.758444444444418,22.758444444444418
422.0,55.953932047715845,61.11440945422385,52.94469896471713,49.02359336864328,52.169489280793016,52.035029943391,41.40472643848039,53.14266251213072,5.349245834666666,14.850693755885715,10.80422708312381,7.1629173586793655,1.7559649330539684,4.423843400355556,1.6221118064253968,7.081902083809524,47.092352657004774,43.923207729468544,42.797415458937145,31.36720289855069,34.96043478260866,30.115405797101417,36.08393236714972,22.76216908212558,22.76216908212558
424.0,55.9545842783808,61.12660954183548,52.96387621850126,49.03698576254412,52.16892279004867,52.049241735496224,41.40296722871997,53.16238261788802,5.429305776274746,14.93176477383369,10.80957310687159,7.095400449059723,1.79497034548826,4.3689675352170205,1.6493412957685112,7.074713846736019,47.095971014492704,43.948352657004776,42.80355072463763,31.356917874396096,34.93428502415455,30.13338164251205,36.07403381642508,22.765526570048284,22.765526570048284
426.0,55.96271296425298,61.14209484447432,52.97813273765548,49.04641141067549,52.18036081219809,52.0613588986924,41.39844280750654,53.17686318570456,5.470487614617741,14.825113675801866,10.812864861004837,7.095611883622276,1.758102703436906,4.355150125439996,1.6649059648768012,7.074426619187117,47.09871980676323,43.988342995169035,42.812946859903334,31.34730917874393,34.90844927536228,30.149545893719772,36.06228019323667,22.767927536231856,22.767927536231856
428.0,55.97285437150553,61.16165588744964,52.98589827389832,49.05316490647838,52.19625531458339,52.065455419822435,41.39793115176509,53.18184510360263,5.37012998600252,14.767195201631646,10.782595652516559,7.164429234902943,1.7480578705023933,4.384152323286134,1.673136431611097,7.091766417050699,47.100502415458884,44.04031400966179,42.82572463768111,31.338473429951655,34.88165700483088,30.166062801932334,36.052275362318795,22.771782608695627,22.771782608695627
430.0,55.98014144717779,61.18189053858559,53.00191317541773,49.06170572770028,52.20013963629715,52.07111136869719,41.395487981049286,53.19589014197746,5.343810260370083,14.846236351360204,10.734350178232154,7.177567603769417,1.7466292486611277,4.410447272292351,1.6731099663738798,7.104357532662434,47.10122222222217,44.09797584541057,42.83957487922701,31.33050724637678,34.854415458937154,30.182096618357455,36.04452657004826,22.775314009661813,22.775314009661813
432.0,55.98707372508529,61.19316961770522,53.0192642766392,49.06968864002127,52.20096813749912,52.077721481899275,41.39005230644323,53.21298444744723,5.373777626033531,14.863717555476319,10.69905539547034,7.116800848975408,1.7441555388736179,4.364388416974212,1.6596993035170784,7.067088521665606,47.102608695652116,44.15021256038643,42.853966183574826,31.3253333333333,34.829009661835705,30.196811594202867,36.04071497584537,22.78044444444442,22.78044444444442
434.0,56.00085969683794,61.21189769791168,53.032584572686076,49.07164078886501,52.21000621189841,52.0822862285304,41.38451339653637,53.219184614903796,5.3034740977032255,14.865291729651613,10.693332661883872,7.094386790658064,1.8224952611612903,4.345147375587097,1.6642464716903225,7.012679023896774,47.10399516908207,44.182570048309124,42.870748792270476,31.32065217391301,34.8065024154589,30.212371980676295,36.040695652173866,22.784318840579687,22.784318840579687
436.0,56.01754816364435,61.233330252189894,53.03589721563484,49.07138178808886,52.217620336572274,52.08482022399493,41.38471336058132,53.22050873051046,5.303037066127022,14.988880335497061,10.707474736306528,7.083930667714402,1.7982861948753124,4.345867385340739,1.6635967984757305,7.049658431294857,47.104714975845354,44.20119323671492,42.88994685990334,31.316560386473395,34.784908212560346,30.228512077294653,36.04370531400962,22.781033816425094,22.781033816425094
438.0,56.035852590772045,61.24958244838259,53.0369308324812,49.068725619207335,52.21445909452189,52.08787086452264,41.390943984365954,53.22508562247588,5.3927453363389155,14.996639216462878,10.75142602827837,7.066297693535153,1.7462192075349756,4.290958926625706,1.659438064167667,7.036254162907657,47.105275362318785,44.22206280193232,42.91098067632846,31.31555072463765,34.763367149758416,30.24618840579707,36.052584541062764,22.772415458937175,22.772415458937175
440.0,56.05090781603263,61.26521782077531,53.04370837025075,49.06962726324584,52.211692709271844,52.09736646089164,41.393742314941655,53.23209448553828,5.403472163832915,14.846109261900832,10.808930065079036,7.0965592862582385,1.7259494797455672,4.316711541277373,1.6650166916073328,7.085420108922368,47.10430917874391,44.25141062801928,42.931444444444395,31.31589371980673,34.745144927536195,30.26518357487919,36.06714009661832,22.758922705313985,22.758922705313985
442.0,56.06428012783256,61.281508557556705,53.051778668879756,49.07736430585111,52.21906193539647,52.101387817962404,41.395171677009486,53.23798046574001,5.4030453867280555,14.833361157605635,10.814552566281694,7.032495553076926,1.7408636079588264,4.376865302006501,1.6901715942383515,7.035825955408456,47.104623188405746,44.28961352657,42.951932367149716,31.31646376811591,34.72918840579706,30.2835024154589,36.08597101449271,22.73964734299514,22.73964734299514
444.0,56.07278780596889,61.29397915517812,53.054898567828474,49.082717124918005,52.231207166727444,52.10372352041939,41.39872867756015,53.2435337599214,5.424487340910142,14.840748311303736,10.760915935554099,7.054825065858999,1.7565669682164973,4.394716944836972,1.6962255163311988,6.988990621079475,47.107801932367096,44.325144927536186,42.97242028985503,31.317913043478228,34.71312560386469,30.30219806763282,36.107057971014456,22.722014492753598,22.722014492753598
446.0,56.07620118712772,61.30650442124487,53.05553009440272,49.08871577941544,52.241411074485384,52.11107347772616,41.41088847582121,53.248631185121944,5.40891214491673,14.84993148389426,10.77253058497729,7.110365965995113,1.724729685151974,4.382728784418312,1.6696029982065927,7.046572714684984,47.11242995169077,44.354971014492705,42.991661835748744,31.322067632850207,34.70048792270527,30.322371980676298,36.12833333333329,22.714053140096592,22.714053140096592
448.0,56.08441774816686,61.31824818833031,53.06393256802213,49.10249302394363,52.25458494256161,52.117946259970154,41.41900800848378,53.25450424321176,5.388629096258265,14.868120434748741,10.77966804511297,7.066587690761589,1.7588165450740232,4.340393501079083,1.6688483510751875,7.065527276112188,47.11648792270526,44.37597584541058,43.00958454106276,31.327101449275332,34.691661835748754,30.341570048309144,36.15069565217387,22.7124106280193,22.7124106280193
450.0,56.101659177991976,61.3311612794384,53.076200143861605,49.11529554447195,52.26400998848338,52.127356116373385,41.418084631288636,53.26415074984264,5.317195159996082,14.971912275258285,10.73503484588944,7.086695261665769,1.7971264394261375,4.367449617401949,1.6776479880135144,7.008843964040543,47.119130434782555,44.392251207729416,43.02484541062797,31.334188405797068,34.68511111111108,30.357990338164218,36.17199516908209,22.714400966183547,22.714400966183547
452.0,56.11227185976803,61.33872423179309,53.08459139416647,49.12775602073744,52.26652118035372,52.1356891779477,41.41724518518282,53.2780353765049,5.366735273405951,14.996417395040003,10.780449565884219,7.08048774669496,1.7326604439578135,4.356793576045646,1.6720543592449033,6.991892275560585,47.121893719806714,44.41405314009657,43.03905314009657,31.34205797101446,34.68159903381639,30.371038647342964,36.1894637681159,22.723990338164228,22.723990338164228
454.0,56.116142324385386,61.346365320149566,53.087598298287524,49.13494969364158,52.27444668097464,52.13454981012412,41.42562881071134,53.29233581221658,5.409586743181518,14.9388108545163,10.872866985729695,7.012162232235692,1.6981973467819362,4.343438167375352,1.6600583801844966,7.022603601135313,47.126917874396085,44.435560386473384,43.05316425120768,31.34756521739127,34.678743961352616,30.38251690821253,36.20515942028981,22.740318840579686,22.740318840579686
456.0,56.124555573925356,61.36567936778057,53.095336233749336,49.137909186404684,52.28444720405111,52.14241242371759,41.43359561162568,53.30321879919988,5.392769186757515,14.941787774076152,10.831043287599197,7.017953960439279,1.7308171832945893,4.354889426533066,1.6449929365931864,7.050440982816833,47.133961352656954,44.449888888888836,43.06569082125599,31.352913043478228,34.67644927536228,30.394845410627987,36.218743961352615,22.75827053140094,22.75827053140094
458.0,56.13150934675259,61.38447928575717,53.10469570651003,49.1444268640422,52.28940004440637,52.15075327187175,41.43167380353847,53.31189390481405,5.327741674576803,14.99506076857678,10.900887537956528,7.074437487662613,1.7139442173738486,4.316411415787108,1.6324972080942959,7.04988718826004,47.14100483091782,44.457980676328454,43.07752657004826,31.35781159420286,34.67812560386469,30.407492753623156,36.23235748792266,22.77502898550722,22.77502898550722
460.0,56.135481189536065,61.39576407622091,53.10839855351121,49.149359592608775,52.29953525744138,52.151915717985986,41.42612563741173,53.31783078311092,5.36269564083928,15.049359848519845,10.784654131468267,7.1096589477847205,1.74778315853472,4.320004210513889,1.620046316243054,7.038983759615078,47.14845893719802,44.465555555555504,43.08891304347821,31.362526570048274,34.684086956521696,30.418801932367117,36.24336231884053,22.790632850241522,22.790632850241522
462.0,56.13582391540948,61.41001053689513,53.11927449458665,49.15509269403311,52.313793531312804,52.16201425629283,41.4252509410423,53.321583516526495,5.423964940942049,14.929560373185438,10.615317286049349,7.126168817371594,1.761892351167914,4.348500598358651,1.6405801382654133,7.103799011336706,47.15611594202894,44.47655555555551,43.0988212560386,31.367275362318807,34.69337681159416,30.42654589371977,36.24607246376807,22.8061835748792,22.8061835748792
464.0,56.14459383441421,61.42707997163152,53.13155492252322,49.15710380320285,52.33376616420158,52.173862549753224,41.42804060930823,53.32527839221639,5.329270340681362,14.9134751503006,10.762491983967935,7.130264529058117,1.7292188376753508,4.365111623246493,1.6417723446893788,7.083834068136272,47.16311594202893,44.490811594202846,43.110381642512024,31.372227053140065,34.70676811594199,30.431497584541027,36.24313526570044,22.824512077294663,22.824512077294663
466.0,56.16200232214596,61.4430964799043,53.147079322391555,49.1635584648725,52.3435502642104,52.18285470905506,41.430076998611,53.32914090545535,5.364750077344819,14.906936051685081,10.796283324438924,7.154005307917246,1.7875375580086148,4.353190586519478,1.653095593172017,6.967274612106147,47.169120772946805,44.50402898550719,43.12607246376807,31.377502415458903,34.72615942028982,30.436826086956486,36.24132367149754,22.849067632850215,22.849067632850215
468.0,56.17113364338318,61.4506312645303,53.16113118466447,49.16952338969306,52.35010151153765,52.183640144928255,41.424973090828495,53.33807072211388,5.441383791089663,14.891406707122947,10.762180089578226,7.098712303828321,1.79551270359299,4.383974437369902,1.6579943477916768,7.0433481270251725,47.17552173913038,44.51555072463763,43.14533816425116,31.38377777777774,34.749748792270495,30.442700483091755,36.24015458937194,22.878570048309154,22.878570048309154
470.0,56.17821692934324,61.45568583865382,53.1758442168141,49.17262969043435,52.35905936913357,52.185278508952415,41.4145404197099,53.35108839505223,5.372102305127379,15.006780780935767,10.762200199264852,7.069943040234279,1.7502145118933647,4.388912212198617,1.6820535532490215,7.112302003513786,47.18548792270526,44.53256038647338,43.16884541062797,31.39290338164248,34.77563768115938,30.44751207729465,36.23614492753619,22.911884057970987,22.911884057970987
472.0,56.189836424613915,61.46730428050976,53.18905595085985,49.178014567008745,52.366264753943824,52.190832383008505,41.406907585614626,53.35894393773285,5.359314027006207,14.897250002372745,10.777060120350797,7.1325938877042265,1.769502606018771,4.350149399669663,1.6767890784178376,7.1425595176477135,47.19614009661831,44.55503381642507,43.19608695652169,31.405521739130403,34.80360869565214,30.449652173913005,36.2324637681159,22.94801932367147,22.94801932367147
474.0,56.20404130359609,61.47829773550193,53.195348185246544,49.18202129261402,52.37403355681417,52.18792686380641,41.39978690256327,53.35835446770373,5.392967829612446,14.8756160943686,10.855757349993537,7.162835666564752,1.7452279741360734,4.30803636454193,1.6589951047227907,7.122629361702018,47.20577294685985,44.57389855072459,43.22660386473425,31.421101449275326,34.8339178743961,30.44928985507243,36.23172463768112,22.984304347826065,22.984304347826065
476.0,56.216270806681294,61.48706733586575,53.20459132814797,49.19232020520711,52.3842743267988,52.19176683368312,41.39310563843283,53.357933945505565,5.3751452380952385,15.034028571428571,10.818357142857142,7.135617261904762,1.7685220238095238,4.369322023809524,1.6725708333333333,6.994622023809524,47.21807729468593,44.58599999999995,43.26120772946855,31.437937198067598,34.86734299516905,30.449594202898513,36.23363768115938,23.016956521739107,23.016956521739107
478.0,56.23238411927792,61.49371716916081,53.21351996515228,49.20099430384892,52.388633005084365,52.20602055776665,41.382816429419265,53.36697699366205,5.346529730556438,14.989076980094158,10.658566836484743,7.1035511374942315,1.7369426041520075,4.390528469074721,1.6822241288213753,7.017125542869276,47.234362318840525,44.6013864734299,43.297154589371935,31.456768115941994,34.90588405797097,30.450734299516874,36.235613526570006,23.04408212560384,23.04408212560384
480.0,56.254597733665804,61.50309490631148,53.21675084969522,49.20950497266938,52.39145581556114,52.211827200911586,41.374427251613774,53.369078461754256,5.319431525584734,15.006244135748558,10.731420527945538,7.133927565467679,1.7224561584887643,4.364831085454947,1.6809215544479184,7.024946334295439,47.252429951690765,44.618169082125554,43.334193236714924,31.476555555555517,34.94803381642509,30.45292753623185,36.23815942028981,23.063265700483065,23.063265700483065
482.0,56.277751897443586,61.5158439362261,53.21553214797422,49.21435758842367,52.400547803788314,52.21058359548525,41.372287723119726,53.36530145271603,5.419655217465789,15.004136424911785,10.760584852813608,7.104124011751101,1.7518079025285773,4.401441185552418,1.680067680166496,7.0409455417934295,47.26656038647338,44.62138647342991,43.37216908212556,31.495086956521703,34.98698550724634,30.457043478260836,36.24000483091783,23.066681159420263,23.066681159420263
484.0,56.30279288938445,61.52855775726092,53.21458687900395,49.21743452741694,52.40740876820139,52.21654785474392,41.37600518516417,53.36823366171563,5.3969691468217285,14.896953146989732,10.852753399936278,7.11191766334236,1.7577817809173457,4.367391141549959,1.641731152261503,7.051791896679073,47.27589371980671,44.62585024154584,43.40862801932363,31.513801932367116,35.0202367149758,30.46277777777774,36.2398792270531,23.05548792270529,23.05548792270529
486.0,56.315324514497455,61.530738561846114,53.21211971844955,49.22826767314393,52.41215881455575,52.22427796299557,41.37636417201416,53.38107225890791,5.3816562261611915,14.9449,10.865353550802467,7.1036655074885395,1.7268051616204811,4.325554640663674,1.6509287339726855,7.043325706820424,47.28195169082121,44.63934299516903,43.44243478260864,31.531140096618323,35.04893719806759,30.470444444444407,36.24316425120769,23.036178743961326,23.036178743961326
488.0,56.32741049730497,61.5357395763051,53.21492969333757,49.24599781182671,52.41831148895853,52.22482982153966,41.372993833259144,53.38876020181861,5.4314617445099405,14.99111752421969,10.752691187138826,7.100939962383253,1.7207173756961,4.311573459913821,1.673233149732059,7.0449171764211815,47.28742995169077,44.65055072463763,43.470724637681116,31.544937198067597,35.071840579710106,30.478531400966148,36.2504637681159,23.010975845410602,23.010975845410602
490.0,56.343558221900366,61.54142290827209,53.221177773765994,49.265174209466586,52.426856103338565,52.225816780686124,41.37619304890929,53.39378883069188,5.381099999717694,15.04543333366269,10.722223810142193,7.0617019035748765,1.74435238056253,4.31923619050711,1.6642838098034267,7.00759619101526,47.2931980676328,44.65544444444439,43.49006280193232,31.55602898550721,35.08647826086952,30.488526570048272,36.25577777777774,22.982101449275337,22.982101449275337
492.0,56.348615882515965,61.53744492472965,53.2218155093352,49.28392778150131,52.43262373808209,52.23565069267981,41.38624338710012,53.40809785409676,5.372464794631241,14.995940421683638,10.740164944302663,7.122784954748082,1.751119809548313,4.2969382650439805,1.6597495987064936,6.975105516659131,47.299521739130384,44.65102415458932,43.50061835748787,31.564632850241512,35.09515942028982,30.5013140096618,36.26032850241542,22.95360386473427,22.95360386473427
494.0,56.357551346261545,61.53960683850209,53.22217890498761,49.29965205060812,52.43242926974739,52.245067075282705,41.393262059309635,53.41768663957308,5.377323077311611,14.935330769088143,10.810369230873494,7.101042307283608,1.7356499999808193,4.291342307961331,1.655038461363375,7.029896154629617,47.30606280193231,44.644352657004774,43.50433816425116,31.570347826086923,35.099526570048276,30.514777777777745,36.267115942028944,22.926531400966155,22.926531400966155
496.0,56.37077313351854,61.54204794819391,53.22326479421663,49.31501585163477,52.43818381002274,52.24898764435406,41.39427716372035,53.42409052593424,5.426917767720858,15.056980378764708,10.788300951351411,7.063038688572648,1.7386442441830148,4.3605824319924675,1.646045795660992,7.012897348618849,47.31126086956516,44.63690338164246,43.501946859903335,31.573946859903348,35.10117391304344,30.526801932367114,36.27369565217387,22.89950241545891,22.89950241545891
498.0,56.38109799485646,61.53924569598334,53.21706705419126,49.328381039662894,52.442042709815446,52.25377742237016,41.392978851352574,53.439343230623486,5.395827882123831,15.106199485236566,10.713139677109915,7.0682188896533775,1.7620119457714964,4.388465164885242,1.6504135420038315,6.851686005639932,47.3165555555555,44.632512077294635,43.49539130434778,31.57677294685987,35.10226570048305,30.53644444444441,36.278193236714934,22.875927536231856,22.875927536231856
500.0,56.388586431363265,61.54392964770492,53.21622409897946,49.33811174788697,52.43785930562123,52.26018821738011,41.394154275504825,53.452386287285506,5.377073261185112,15.003122864919556,10.722098013073811,7.037962623801177,1.7934345926699524,4.354297614263524,1.6309895625301551,6.957783899586939,47.320338164251154,44.6320289855072,43.486666666666615,31.577120772946827,35.101917874396094,30.546367149758417,36.27985990338159,22.857391304347797,22.857391304347797
502.0,56.398002730351614,61.54664579912878,53.213372381505344,49.343076671280045,52.44524939254956,52.26698083314104,41.400189605644584,53.46471816233837,5.43788823311214,14.98860273125881,10.778684918137271,7.054978878647887,1.7779549053990518,4.31441719905616,1.649710102656132,7.073903023116839,47.32582608695647,44.62913043478255,43.476038647342946,31.576888888888856,35.10042028985504,30.55988405797098,36.28272463768111,22.84308212560384,22.84308212560384
504.0,56.40533083556262,61.55424098030408,53.215028752536114,49.352161523860204,52.4495514980969,52.277848226579536,41.402844255060586,53.47472544055026,5.45379624794121,14.852249025528671,10.755589944757013,7.118050775459804,1.7471542272852483,4.293762031636173,1.6647543267910108,7.066315208962742,47.33141062801927,44.62419323671493,43.4602173913043,31.579198067632813,35.09923671497581,30.57253140096615,36.28416425120769,22.832188405797073,22.832188405797073
506.0,56.40514163087517,61.56281440616444,53.21586884420239,49.36580178198476,52.4515818802858,52.282698017055445,41.39802741333402,53.488244203440495,5.454261839276765,14.927023177384333,10.740677422540504,7.0846144821697035,1.7601790211082344,4.338204495740771,1.6470105900492729,7.14536073818273,47.33365700483087,44.61762801932362,43.44016908212555,31.580565217391268,35.099212560386434,30.58106763285021,36.28093719806759,22.82689855072461,22.82689855072461
508.0,56.409334038094514,61.568386926027614,53.21583001412865,49.37452643181105,52.4623399890742,52.28517514078209,41.39291037024581,53.50334630066878,5.437307000000001,14.9574064,10.7883346,6.9942778,1.7346012,4.363211,1.6556074,7.0541014,47.335130434782556,44.60926086956516,43.419289855072414,31.581159420289822,35.10241545893716,30.586425120772912,36.275183574879186,22.828178743961328,22.828178743961328
510.0,56.41898117734054,61.582820130047864,53.22537801951482,49.379521960106274,52.47330403855252,52.2918947266583,41.391239841552824,53.51684381187035,5.424754156367834,14.992407007353401,10.82930810650062,6.969446247991752,1.6948146144874228,4.3970044046993815,1.6585578581690719,7.03900781336907,47.3359516908212,44.60069565217387,43.39859420289851,31.582975845410594,35.10975362318837,30.589487922705285,36.269613526570005,22.839439613526544,22.839439613526544
512.0,56.425028984178155,61.590972171362736,53.22881236102556,49.38669073663137,52.48309410730797,52.292613239026174,41.387219391913504,53.538413535279886,5.456858402720073,14.973375605854974,10.789505403757145,6.995375259652132,1.7110165107292166,4.369745213784094,1.661299256102401,7.091219579809738,47.33989371980671,44.598342995169034,43.38341545893715,31.586231884057934,35.12100966183571,30.59479227053137,36.26881159420285,22.864806763284996,22.864806763284996
514.0,56.42371108600145,61.59575543003112,53.22874157288762,49.397888209362726,52.485404653585285,52.29447175017396,41.38357733260189,53.55300617297423,5.420013968422532,15.00582062666947,10.813588452462422,7.018119113209718,1.7408788704705715,4.334880080913049,1.6639266264812467,6.982979525652481,47.34595169082121,44.59714975845406,43.3750096618357,31.591193236714936,35.1354444444444,30.59970048309176,36.2714444444444,22.898898550724613,22.898898550724613
516.0,56.426036677933666,61.600480940530936,53.228965627524566,49.40527733709105,52.49612070305731,52.29044013240281,41.38145825708024,53.56751738189204,5.376410921348499,15.03137174186174,10.887496493672595,7.0910546096667435,1.7722785577197842,4.366724749861355,1.678024549165589,6.998758217316782,47.353169082125554,44.59814492753618,43.36995169082121,31.596951690821225,35.15236714975842,30.601623188405764,36.27444927536227,22.935826086956496,22.935826086956496
518.0,56.43833404707308,61.61351813288809,53.23699304996904,49.407481647668625,52.504501164884466,52.29459987074002,41.38568970131366,53.57899331822085,5.386501071809255,14.97559041680331,10.967259527335885,7.1356133903898895,1.7864799627936634,4.35852033495963,1.6817922776331435,7.057921015999751,47.36363768115937,44.60909178743957,43.368531400966134,31.60747342995166,35.17353140096615,30.602193236714943,36.278999999999954,22.972700483091764,22.972700483091764
520.0,56.44421619981547,61.632948392191935,53.247537807536396,49.415510004372635,52.50502914360607,52.30191077430332,41.39296129723592,53.58487369506134,5.381982726710114,14.982946549238926,10.979896626097794,7.145529432296108,1.764046908790088,4.318009248886558,1.6788706693059392,7.043889524000884,47.37584541062797,44.62276811594198,43.370483091787385,31.620120772946827,35.19951690821252,30.599995169082092,36.28627053140092,23.010806763285,23.010806763285
522.0,56.447569541782705,61.64396887279519,53.25152533961287,49.42874935469663,52.51334241204344,52.30288758890148,41.39914431836623,53.59258107851194,5.303434615468715,14.897284615206578,10.855634614650334,7.120703846124829,1.7530884612802584,4.318626923065612,1.6667230768256973,7.035703846457296,47.391328502415405,44.63744444444439,43.3743671497584,31.631652173913007,35.231555555555516,30.598439613526537,36.29381642512073,23.048999999999978,23.048999999999978
524.0,56.46000330690957,61.65714639235899,53.260651169620374,49.437839506371134,52.52650455944093,52.31310062918738,41.40858127882314,53.598517771813874,5.347479300247918,14.88478678267489,10.776917456034074,7.12766758059308,1.74033216880781,4.373900246896367,1.6556371570924577,7.0956174552935245,47.41044927536227,44.65498067632845,43.38057004830913,31.644826086956485,35.268497584541024,30.597937198067598,36.30098550724633,23.08313526570046,23.08313526570046
526.0,56.46941658923526,61.67944556006188,53.27429860829424,49.447649567359846,52.53118776582295,52.32628509710302,41.41532169014836,53.60249510736898,5.342422101118325,14.963972524193348,10.801908638398919,7.137301306024267,1.768154896915965,4.372494025646802,1.6455947266058952,7.124232546612314,47.42996618357483,44.67657004830913,43.38765217391299,31.659352657004796,35.30676328502411,30.595898550724602,36.306473429951645,23.109067632850216,23.109067632850216
528.0,56.47890743761769,61.69755109378432,53.28552514038351,49.45833673268938,52.534194960518,52.33123576322748,41.424829279956064,53.6036348846404,5.277325049638477,15.011144943313827,10.782897598153106,7.131255210401603,1.7644952411446895,4.305359014925852,1.6300515531927855,7.087372497276152,47.445381642512025,44.69298550724633,43.39412560386468,31.673115942028947,35.34085024154585,30.59517874396132,36.31013526570044,23.119555555555532,23.119555555555532
530.0,56.49106760638429,61.7099512381976,53.291364651422846,49.46235472265767,52.54924200058855,52.33766538269085,41.44019365034753,53.61420674592668,5.295780008857523,14.953926503764448,10.758346441504639,7.09431571755932,1.7663005952540833,4.391131026129694,1.6505991025615403,7.0448305819677985,47.454497584541016,44.699579710144874,43.397183574879186,31.683951690821218,35.36745893719803,30.593806763284988,36.313603864734255,23.11446859903379,23.11446859903379
532.0,56.50466383123149,61.721216319895106,53.29558821495421,49.46424544349577,52.56690790827231,52.34203883352799,41.45161454910522,53.6333117698848,5.3247484239687655,14.961272763441407,10.761711598450745,7.134001438436028,1.777999051303118,4.405095705366379,1.6835455268828154,7.038997051918746,47.45922705314005,44.70723188405792,43.396874396135225,31.69202898550721,35.39092270531397,30.592241545893685,36.31668599033812,23.100217391304323,23.100217391304323
534.0,56.51146855395225,61.7284140421555,53.29853453248309,49.470646532596824,52.575728476906725,52.337085194076806,41.45357938040122,53.64514143214457,5.350835140163856,15.06749617680964,10.742890961580722,7.173313410081928,1.7619560747951806,4.3756727403951805,1.6908508531662652,7.077005468607229,47.46324637681155,44.71657004830913,43.396101449275314,31.69924637681156,35.41181159420286,30.593990338164218,36.321014492753584,23.080198067632825,23.080198067632825
536.0,56.52609839132704,61.74141356223591,53.306137654167244,49.47729386338548,52.58094725805231,52.336394794919,41.45174399727864,53.6492156669044,5.38321195544197,15.14444739119809,10.763791183013335,7.0906300412355145,1.737517490450065,4.3728710028924045,1.6766448450504883,7.105204188654774,47.469057971014436,44.72472946859898,43.395241545893676,31.70807246376808,35.429425120772905,30.59717874396132,36.32522222222219,23.05363285024152,23.05363285024152
538.0,56.54593532524208,61.75182524924537,53.310584885059384,49.482841652343126,52.5906518141793,52.34771759446555,41.45480891194672,53.659897522366016,5.416841820952891,15.05911210581727,10.74180725332976,7.154148723374364,1.7343856918397462,4.350761531008211,1.6496415208476098,7.073140569728759,47.47560869565212,44.7313864734299,43.39279710144923,31.716149758454073,35.4448405797101,30.601806763284994,36.32733816425117,23.02157004830915,23.02157004830915
540.0,56.56035792676921,61.755773826214266,53.31109178834956,49.48986679193014,52.59888845010406,52.36077471312999,41.46283066051756,53.67355920548484,5.366835325623952,15.029228141004392,10.781616918636328,7.155726495284631,1.765494012461477,4.336891616166068,1.6446815866123752,7.0838974548694615,47.48311594202893,44.73390338164246,43.390256038647294,31.721724637681124,35.458516908212516,30.606700483091757,36.331439613526534,22.989280193236688,22.989280193236688
542.0,56.58291854216099,61.76463674864303,53.31747359848576,49.49386377342392,52.5992234418855,52.37142535814142,41.469679380165516,53.67853932530777,5.381003094936883,14.97095410553164,10.817755250434015,7.10303429334823,1.7613955187638195,4.3752374866584365,1.639588899819258,7.065450321981494,47.49124154589367,44.734550724637636,43.389710144927484,31.729091787439575,35.472739130434746,30.611304347826056,36.33560386473426,22.95965217391302,22.95965217391302
544.0,56.597983824942474,61.76924188850092,53.324622923445474,49.503796239376754,52.60151830157437,52.38552737270969,41.472945172364305,53.68458592483524,5.404273232613789,14.975433400969933,10.80384915741373,7.154290294784362,1.7383410302641964,4.413834090431931,1.651555105303145,7.107570570569161,47.49909178743955,44.739917874396085,43.39147342995164,31.738371980676295,35.49106280193233,30.61750724637678,36.33673429951687,22.933845410627995,22.933845410627995
546.0,56.61270673990654,61.770747212997506,53.328593042491214,49.51389538438355,52.607448431357795,52.394899913976445,41.47015574209117,53.695526272383646,5.272957332595028,15.058769802634066,10.85688237279697,7.1883456794798795,1.7399793053491444,4.357978946949133,1.6771163517552614,7.150851250416801,47.50642512077289,44.74948309178739,43.39468599033812,31.747338164251172,35.511091787439575,30.62302415458934,36.338386473429914,22.91311594202896,22.91311594202896
548.0,56.63257275984785,61.77760421844514,53.33881827769845,49.51690779778968,52.606809124002545,52.40238642329105,41.46296607071747,53.699722457005365,5.307475259027387,15.089167739797622,10.888186740189285,7.085022513354813,1.7342662052164712,4.340365363671969,1.6804386938199756,7.028198764157267,47.51060386473425,44.75434299516903,43.39726570048305,31.756207729468564,35.53170048309175,30.62622222222219,36.34051207729465,22.895164251207703,22.895164251207703
550.0,56.653339342995416,61.78378404324686,53.33792718804854,49.5177762838321,52.61640819818106,52.407137039004,41.456193884331505,53.709199283346734,5.342717247456234,14.986719517645863,10.885708619790648,7.111520876924664,1.6975818463578993,4.3466777606465605,1.6624650535695866,7.0265278322245805,47.51381642512072,44.753386473429906,43.40130434782604,31.76642028985504,35.55481159420286,30.627294685990307,36.34188888888885,22.878913043478235,22.878913043478235
552.0,56.671315674680706,61.79078041953995,53.33477993079795,49.52492388086465,52.62646018585969,52.407588005983065,41.451408699975715,53.724494728844654,5.340053951372799,14.955388500864,10.8766666429056,7.093353397657601,1.7252541533056,4.352585249855999,1.6549739005696,7.091883946892801,47.51520289855067,44.75085024154584,43.40641545893715,31.778241545893685,35.57812560386469,30.62583091787436,36.3412946859903,22.86566666666664,22.86566666666664
554.0,56.68671325933558,61.79260154220426,53.33625794125196,49.534810274060284,52.63297579227094,52.408054117076816,41.44574650593388,53.73541194971342,5.376137033117018,14.938918666654263,10.757687157619147,7.041430264013832,1.7939614234031889,4.394519710392541,1.6598627178787249,7.004118666654264,47.51629951690816,44.74492270531396,43.4133864734299,31.788333333333295,35.603565217391264,30.622642512077263,36.33807729468595,22.85972946859901,22.85972946859901
556.0,56.70574250155,61.79289699206099,53.33831912677799,49.54654475873867,52.638174348639254,52.41610392930924,41.43779771179908,53.742808107984295,5.420613319812998,14.9597882275777,10.791367066210302,7.077741069956475,1.8151242322734795,4.420683412872669,1.6514570137116384,7.048186615948891,47.51986473429947,44.73627053140091,43.42543478260865,31.797579710144895,35.633053140096585,30.61797101449272,36.33701449275358,22.86424637681157,22.86424637681157
558.0,56.719662971004844,61.79446875471045,53.33747454902994,49.55889623675321,52.64645138630195,52.42684628868155,41.435398412707464,53.75564433593642,5.447832582716001,15.01415700737262,10.856195695317442,7.115828578903933,1.7705871878013815,4.342250100446052,1.6632628126662863,7.113579129720385,47.52265700483087,44.728072463768065,43.44038164251202,31.80746859903378,35.66368599033812,30.610884057970978,36.33748792270528,22.877632850241522,22.877632850241522
560.0,56.728544119743326,61.79840484148219,53.33812954307261,49.57542470844015,52.655159998354634,52.433926825230635,41.43526647366079,53.76813542095485,5.448778747488422,14.960164807376877,10.793848171581425,7.103109758990455,1.7497471934549629,4.318242709772192,1.6656661506569606,7.019878195833253,47.52630917874391,44.721811594202855,43.45849275362313,31.81526570048306,35.69435265700479,30.602893719806733,36.33649758454102,22.895352657004803,22.895352657004803
562.0,56.745382507395895,61.80043280167025,53.343712027080265,49.58920747193644,52.66007968340965,52.44456935177727,41.4395026533111,53.773336388857985,5.470229447073483,14.91743105264363,10.673812866636357,7.1355337684818485,1.7607765774937678,4.365701710517277,1.6364950746632314,7.016097389108912,47.52823188405792,44.706270531400925,43.47760386473425,31.82123671497581,35.72389371980672,30.591908212560355,36.33343961352653,22.913439613526542,22.913439613526542
564.0,56.762546486816454,61.803550018051034,53.34685780372784,49.594113364110626,52.66715096894999,52.45085046266941,41.4469383409451,53.78403621176849,5.397003571428571,14.919639682539682,10.774,7.134528174603174,1.7345007936507937,4.376486111111111,1.618861111111111,7.0058686507936505,47.53005797101444,44.6881980676328,43.496724637681105,31.826821256038613,35.75353140096614,30.577661835748756,36.331314009661796,22.932053140096595,22.932053140096595
566.0,56.77097183697999,61.809041394481405,53.35172225306826,49.60666338301222,52.673274019395116,52.46003099224842,41.456947061606584,53.79201236116098,5.360080082171764,14.95753201138166,10.888522329032329,7.144340391483484,1.796156697900466,4.372006774430724,1.6158163574371536,7.01034852187933,47.53464251207724,44.67970531400962,43.517864734299465,31.833458937198035,35.784487922705274,30.562318840579678,36.33194685990334,22.951859903381617,22.951859903381617
568.0,56.776077004793535,61.81253138151231,53.35470749774587,49.6242666264925,52.68625845544152,52.46620184072781,41.470886230661,53.80101839667471,5.43377094134509,14.927178256352706,10.882252601882165,7.139524848968337,1.7507065614492985,4.370988975544689,1.6195140778324648,7.1063353212408815,47.53884057971009,44.66758454106275,43.53698550724633,31.83958937198064,35.81315942028981,30.545043478260837,36.33056038647339,22.97408212560384,22.97408212560384
570.0,56.786902758284945,61.81506285452803,53.36015324199439,49.63962218957229,52.69633081327347,52.47062985213169,41.4899065228823,53.807178929288355,5.4074045161581195,14.933138785563349,10.8283925237089,7.091984245584257,1.7623600593282833,4.358955995325464,1.629157199874068,7.0934872057172385,47.5425555555555,44.65071014492749,43.55427053140092,31.846096618357457,35.84199033816421,30.528048309178708,36.32720289855068,22.996289855072437,22.996289855072437
572.0,56.797826132823666,61.822545265202685,53.37205139102558,49.65698521169869,52.70304181622895,52.48206381596789,41.50414897234032,53.806077799627566,5.383591343404026,14.96083671506383,10.818243583633421,7.122593127762348,1.783055525410103,4.423993430861273,1.647594925570224,7.075032834689455,47.54324637681154,44.63084541062797,43.56990338164246,31.853913043478226,35.87286956521735,30.510545893719772,36.32430434782605,23.01479710144925,23.01479710144925
574.0,56.804899880497274,61.833064189302334,53.38021608209623,49.673337976718294,52.714251705642276,52.48976177496905,41.50821590064872,53.810589360190356,5.374970517544293,15.059872373190643,10.824538221017356,7.203467152899498,1.745821998666897,4.442435459971939,1.646288849766707,7.06030256257149,47.54314975845405,44.613246376811546,43.582893719806705,31.859797101449242,35.90235265700479,30.49297101449272,36.32064251207726,23.028869565217366,23.028869565217366
576.0,56.82405046220454,61.84224778428857,53.38405230553833,49.680300184861046,52.725382114095936,52.49522554383458,41.51311704736482,53.819887265928976,5.364242113219047,15.072070889853968,10.854349852038096,7.157006152025397,1.7696748504380952,4.401949505726984,1.6524833826539682,7.035544443022222,47.54385024154584,44.60612077294681,43.59229951690816,31.862333333333297,35.92891787439609,30.476362318840547,36.31739130434779,23.036502415458912,23.036502415458912
578.0,56.83867883867005,61.84816971731646,53.38559222119862,49.68257964423302,52.7385658005042,52.49788528104453,41.52023698386769,53.831418107552935,5.39971167666746,14.881534674050256,10.835825616442133,7.098681327896736,1.7567198283421275,4.383432410943041,1.660308807302713,7.06155395068463,47.545106280193174,44.607386473429905,43.59660869565213,31.86188405797098,35.952347826086914,30.459932367149722,36.316328502415416,23.03807246376809,23.03807246376809
580.0,56.84993376451625,61.85629105037169,53.39033866453177,49.68716574288365,52.75535984186439,52.49592216053215,41.527367608798635,53.836216037395396,5.435951816847376,14.883191241381844,10.82456417456776,7.0722371725763935,1.763604240262944,4.385643346398219,1.6654892876694996,7.062197857533899,47.54789855072458,44.61432367149754,43.59734299516903,31.86058937198064,35.97190338164247,30.44528985507243,36.31745410628015,23.03271980676326,23.03271980676326
582.0,56.85884843411171,61.866834280143465,53.3953409669784,49.69673903414344,52.76218482753747,52.492819544863195,41.529301126877506,53.83702850232341,5.395514137681079,14.99661275850954,10.849956207331235,7.072424827206317,1.794846206559451,4.361888620661998,1.660198275770749,7.03301758583692,47.552033816425066,44.6289903381642,43.596628019323624,31.86119323671494,35.98689371980672,30.433425120772913,36.318990338164205,23.02074396135263,23.02074396135263
584.0,56.8684541809184,61.87474209311996,53.39709535956655,49.70632033692146,52.77036888444999,52.49704726891518,41.53132286257021,53.842682803761996,5.40643962529701,14.939723033144404,10.826872601373282,7.058974277569488,1.7860913754877443,4.3651420092534075,1.6473056823433236,7.051472400937342,47.55797101449269,44.65039613526565,43.59476328502411,31.864661835748755,35.99907246376807,30.42472463768112,36.31976328502411,23.005396135265674,23.005396135265674
586.0,56.8786567117347,61.88231041450512,53.4019065353624,49.717444349070206,52.78197374790027,52.50749040226454,41.533490042436746,53.84778161908411,5.4475230058836654,14.844248102629482,10.694059258160957,7.051827980774502,1.8105108540940238,4.329229973290837,1.6326300780366534,7.1253249984,47.56316908212555,44.66962801932362,43.59079227053135,31.86775362318837,36.00841545893716,30.418367149758417,36.32159903381638,22.99232367149756,22.99232367149756
588.0,56.88457872924441,61.8899728093781,53.40585855035738,49.72681988247627,52.7861530360681,52.51178867321389,41.532688919119785,53.85066634852051,5.379730738503226,14.843285188154839,10.724136200748388,7.064320274090323,1.765444956232258,4.350893157883871,1.6291042356129033,7.201104650890323,47.56808695652168,44.688502415458885,43.58610628019319,31.87022705314006,36.01494685990334,30.414135265700445,36.325719806763246,22.986666666666643,22.986666666666643
590.0,56.89018145920983,61.89818925311457,53.40927266373701,49.72904504169283,52.78963359359048,52.512149957093236,41.530229936258216,53.856540755151805,5.333614586438095,15.01420140551111,10.80470555255873,7.174029861460317,1.7479861131174603,4.447601386311112,1.6739291710476192,7.183664562209524,47.57435748792265,44.71478743961348,43.58142995169078,31.874222222222187,36.01934299516904,30.412415458937165,36.328521739130395,22.982835748792244,22.982835748792244
592.0,56.887597526628895,61.89915810823069,53.413180987650705,49.732568246072894,52.79397223463694,52.50928372849617,41.521517710857324,53.867880712984245,5.370000100840736,15.106318664891665,10.832348633684717,7.173643833819069,1.7458670968949106,4.415539689418202,1.672448472301197,6.997171493397616,47.57873913043473,44.74785507246372,43.57743961352652,31.87822705314006,36.01988405797097,30.411768115941992,36.32817874396131,22.979560386473405,22.979560386473405
594.0,56.89509775463734,61.90622252452513,53.41537326637222,49.7346595836818,52.80547020784107,52.505286383509706,41.51145564104734,53.87528728498837,5.387932597874738,15.038083952023497,10.855459828826652,7.182267703278302,1.7154224673750873,4.402620611824554,1.639513490775463,7.059482698779044,47.580942028985454,44.78357004830913,43.57538164251203,31.883125603864695,36.01724637681155,30.410101449275327,36.328246376811556,22.9780144927536,22.9780144927536
596.0,56.907229260093544,61.92010997888579,53.419367194712926,49.738038238424544,52.8099887629262,52.503333236889276,41.50500365178932,53.875043990394474,5.397126213092908,14.96714663300461,10.775725913602372,7.148384998195578,1.7608658276765317,4.385034368952977,1.6564874455503769,7.113502353586318,47.582405797101394,44.819685990338115,43.57772463768111,31.890405797101412,36.013280193236675,30.408275362318808,36.32923188405793,22.976371980676305,22.976371980676305
598.0,56.91516305516686,61.92846165360991,53.42032683538876,49.7391134053649,52.81631004076821,52.49928747704837,41.50343432625625,53.881821095592066,5.383983084254372,14.897051947259383,10.805217213899802,7.0969553534946375,1.7805272313675102,4.323687090500875,1.6404905899493472,7.110276674259967,47.58512560386468,44.856434782608645,43.58581159420285,31.898555555555518,36.00861352657001,30.407705314009622,36.330434782608656,22.9734106280193,22.9734106280193
600.0,56.92598426299498,61.93277788949037,53.42184432899093,49.74296555798015,52.825798671215914,52.50238027572672,41.5039557998491,53.890576300797264,5.376560449224473,15.034999652938044,10.850727880099043,7.152688080652387,1.7387574570887168,4.2713260848175905,1.6496581047112813,7.137813067006502,47.59109661835744,44.89047826086952,43.59685990338159,31.907285024154554,36.00509661835745,30.40858454106277,36.33298067632846,22.971512077294662,22.971512077294662
602.0,56.94185551639332,61.94574851991014,53.42618368987986,49.75074502931403,52.83131316179283,52.5103932858701,41.502970837511015,53.89158211637695,5.405567066941317,15.049729235851498,10.856292665753294,7.154023001293413,1.7656784427688623,4.309358585638323,1.664995310639521,7.063847500416767,47.60053623188401,44.921541062801886,43.60935748792266,31.916304347826053,36.00340579710141,30.40928019323668,36.335599033816386,22.97610628019321,22.97610628019321
604.0,56.9518996024243,61.960708638478835,53.42660834745079,49.75668627331766,52.83465164613416,52.51598491888096,41.50072694388505,53.898842382399174,5.449023212779168,14.994824824354492,10.815960724343316,7.149551057946357,1.7845424977890032,4.410054330917747,1.6849568982521235,7.016169486838623,47.61066183574874,44.94391787439609,43.62301449275357,31.925323671497548,36.0018212560386,30.409333333333297,36.33824154589368,22.984241545893692,22.984241545893692
606.0,56.955518474262554,61.970276377690865,53.426507496945725,49.76020680921273,52.84517180585596,52.51983932401339,41.50434553050331,53.909556761020966,5.404771940505748,15.029298251965884,10.805002597575886,7.176809385219072,1.7960994004257038,4.415768096568884,1.6758560158727684,7.02111812191327,47.62108695652169,44.95122222222218,43.63754106280188,31.935275362318805,36.00284541062798,30.41006280193233,36.340859903381606,22.99302898550722,22.99302898550722
608.0,56.969951403464826,61.98540327207185,53.43043411987862,49.76678719375294,52.8527307025759,52.526887381827486,41.50963948010575,53.91281534005981,5.303613425010006,14.961137088250503,10.830020573994341,7.097537185783861,1.7474152366394289,4.33108030380587,1.678948065243494,7.027105932238149,47.633821256038594,44.949608695652124,43.65447342995164,31.94409178743958,36.00837681159416,30.412787439613492,36.34340579710141,23.00569082125601,23.00569082125601
610.0,56.98666770792674,61.99474274675624,53.43261205305502,49.77404909776546,52.85905595251426,52.53706714384021,41.51897092678169,53.9170181373587,5.333458820784162,14.956688231883351,10.704194120262903,7.062805881072749,1.7492705852866919,4.3388999992143225,1.6668941205771746,7.100352943404098,47.645429951690765,44.94086473429947,43.67234782608691,31.95335748792267,36.015487922705276,30.413999999999966,36.34583091787435,23.017101449275337,23.017101449275337
612.0,56.993344736328915,62.00336267570713,53.43315444277446,49.77582601720028,52.87113549826458,52.538469471885726,41.531397525818825,53.92854890087574,5.340547854561302,15.018484114291093,10.69221368446681,7.0683157851502605,1.7886256741674755,4.411015379232952,1.6326569427920523,7.092889109079024,47.65913043478256,44.93398550724633,43.69092270531396,31.963483091787406,36.027299516908165,30.41319323671494,36.3480869565217,23.0215990338164,23.0215990338164
614.0,57.00245734231321,62.014454296431644,53.44302421579697,49.78246198654372,52.88074010701595,52.54690127680322,41.54272971184722,53.935638086742394,5.290148220775092,15.025125207786244,10.768110042414119,7.082021793362948,1.7806395420133931,4.445833253612614,1.6396528521781655,7.101395417487807,47.674536231884005,44.927091787439565,43.70995652173908,31.97187922705311,36.043932367149715,30.41285990338161,36.34890338164247,23.020729468599008,23.020729468599008
616.0,57.02291324362959,62.034778942088906,53.453767285094656,49.789717692821974,52.88931643907005,52.562525537772046,41.553340940559586,53.93696204311541,5.3260690248513,15.053436870999754,10.758819334447217,7.072786000724414,1.7538654360723978,4.364396769397942,1.6405937436352815,7.073953948708362,47.68765700483086,44.914028985507194,43.72738164251203,31.980178743961318,36.06372946859899,30.41127053140093,36.34818357487919,23.01594202898548,23.01594202898548
618.0,57.04322800811596,62.051522077420785,53.46365982703808,49.79227692734421,52.899880510135745,52.57202158089387,41.561055948694936,53.94066414367073,5.434128759791583,15.056026447172744,10.7124250048,7.074542590704609,1.7473784577282565,4.342128857279358,1.6765828687903808,7.080077054499399,47.69810628019319,44.90248309178739,43.74290821256034,31.988188405797068,36.089304347826044,30.4085217391304,36.34822705314006,23.00858937198065,23.00858937198065
620.0,57.055615992173,62.06638935680267,53.46791357217562,49.79293885557361,52.92010680266903,52.58078245816216,41.56226999850886,53.947137135945276,5.450831090133936,14.952463976056155,10.789610861593674,7.100460435284171,1.7412656194306928,4.363133085454251,1.7103416034681302,7.094732287326126,47.70727536231879,44.894173913043424,43.75497584541057,31.99388888888885,36.11727053140092,30.404710144927503,36.348937198067595,22.999323671497557,22.999323671497557
622.0,57.06768873734171,62.08642507552238,53.471064937097495,49.79232438512592,52.93378984968869,52.59320501433024,41.56121759321091,53.95371991303488,5.4222409947548025,14.983386465637478,10.806919003095308,7.0683039757943735,1.7130160199058455,4.4172064667124245,1.692979302757935,7.107619402824636,47.71960386473424,44.889222222222166,43.76437198067627,31.996434782608663,36.14241545893716,30.399932367149724,36.35086956521735,22.990541062801906,22.990541062801906
624.0,57.083640624776294,62.105957509953285,53.48180577410004,49.79179603280864,52.937480833975165,52.60654002580869,41.56036938015571,53.96065572151285,5.39797404885599,14.983803307710243,10.866502604736205,7.155056412993208,1.7378865725161134,4.412813427483886,1.6934489983806331,7.1151112223437245,47.73235748792265,44.88735748792266,43.768787439613476,31.996758454106246,36.163652173913,30.394285024154556,36.35280193236711,22.98098550724635,22.98098550724635
626.0,57.09161409920462,62.1185261729139,53.487553349819876,49.79269532535281,52.94547968604822,52.6122347501149,41.55689323120873,53.962711833528374,5.401701459148625,14.888503855462533,10.875939997977664,7.132484409420851,1.7945006041343163,4.332802601062573,1.6649751369728276,7.1349397009663456,47.744072463768056,44.88600966183569,43.767642512077245,31.996396135265663,36.18279710144923,30.389690821256004,36.35473429951686,22.969400966183546,22.969400966183546
628.0,57.09957513437542,62.13589849700461,53.48977050428182,49.7986721704273,52.959244886374584,52.61323102769872,41.55229784190996,53.95977709048837,5.433145347596801,14.9174816058368,10.8607663506048,7.098715248832,1.7829557968384,4.2840144510336,1.6462749493376,7.1222287975424,47.754507246376754,44.88684541062797,43.76391304347821,31.9957101449275,36.19917391304344,30.385072463768083,36.35666666666663,22.95635748792268,22.95635748792268
630.0,57.10364788108902,62.15202229750504,53.48519418524194,49.80230871693806,52.970478084833424,52.611396316016915,41.542568679068786,53.95975513752585,5.40633261758193,15.030705744348085,10.80622222698759,7.077305244751713,1.7274843157044992,4.336975824586561,1.656280319943716,7.0938009991927435,47.76037198067627,44.891497584541014,43.75995652173908,31.995111111111076,36.214487922705274,30.38179710144924,36.35677294685986,22.94368115942026,22.94368115942026
632.0,57.112562376873605,62.164604012655296,53.48836448664401,49.80326571443107,52.97889977902005,52.61876733730147,41.532266614494006,53.96213563987482,5.406972969171384,15.075336458972851,10.757996940324778,7.072555817504084,1.7381087762300518,4.335596991550458,1.6495111839910892,7.123897893584619,47.76315458937192,44.90343961352652,43.7581787439613,31.995057971014454,36.2304444444444,30.38128019323668,36.35622705314005,22.93328019323669,22.93328019323669
634.0,57.11960471811382,62.17945173315021,53.494100435931685,49.80445645562575,52.98317069912324,52.62619959364475,41.52057707055107,53.963881404402144,5.387654781943657,15.111184527012805,10.808259339153434,7.060916574979278,1.731092489111989,4.254552128491733,1.627726088538303,7.140259288825146,47.764294685990286,44.920207729468544,43.76047826086951,31.994231884057935,36.24514492753619,30.377714975845375,36.35680676328498,22.92715942028983,22.92715942028983
636.0,57.12609581336901,62.195908153166194,53.49164416489062,49.80836606366807,52.987551153934774,52.62364678939275,41.5142194197521,53.96866821902451,5.38492301856508,15.162189474234921,10.79170099311746,7.0772327344761905,1.766434812342857,4.288936896609524,1.6611393858031747,7.132643057777778,47.76523188405792,44.93824637681154,43.766468599033765,31.992536231884024,36.25791304347821,30.37251690821253,36.35851207729465,22.924386473429923,22.924386473429923
638.0,57.13310314661605,62.20463186840477,53.49455477718605,49.80844650794057,52.995107167513225,52.62413648207751,41.516232075294695,53.97815081356411,5.3791147561638555,15.155125617323694,10.77607108526265,7.100528615942169,1.7994195859534137,4.3585527115566265,1.6531,7.112274397609639,47.766231884057916,44.95768599033812,43.77408212560381,31.99170048309175,36.26807246376807,30.367053140096587,36.35651690821252,22.918599033816395,22.918599033816395
640.0,57.1395461331515,62.210072900507704,53.507202407989766,49.810285627176405,53.00433420035453,52.63107371496757,41.51705484520393,53.98866749474644,5.413927757866665,14.926835951324465,10.77720034894222,7.1321215651199905,1.7359329502577765,4.34983000512,1.6386813288177808,7.0921324524444485,47.76456038647337,44.97562318840575,43.78377777777772,31.992280193236677,36.27555072463764,30.360246376811563,36.35259903381639,22.911816425120744,22.911816425120744
642.0,57.15354086985546,62.22872938341661,53.51984421825866,49.818592308415276,53.01987618820022,52.6394559178678,41.514897918247925,53.99205148429451,5.4383143583614455,14.857150104906024,10.804536045262651,7.163453511710844,1.761473997339759,4.3321691253975905,1.6417124515469879,7.025471934766266,47.76108695652168,44.99272463768111,43.794888888888835,31.99183091787436,36.28270531400962,30.354019323671466,36.350314009661794,22.906565217391275,22.906565217391275
644.0,57.163872136348125,62.24792802141712,53.52954922250569,49.829065810514315,53.02653054842666,52.642800972972815,41.510642751189636,53.99294278676282,5.417755960854092,14.919290025321652,10.774505088283602,7.150221894675609,1.7709032421981932,4.3450661339994525,1.658963641185327,6.989527131809472,47.75968115942023,45.00656038647338,43.80619323671493,31.990908212560353,36.288893719806715,30.348468599033783,36.34899516908208,22.902893719806737,22.902893719806737
646.0,57.17654773475452,62.26209561193758,53.545004435772086,49.83224313549738,53.03008422300501,52.647383173625514,41.511940959289845,54.00285108163907,5.389040459717787,14.881902649016434,10.700794850758514,7.187381020253632,1.7292157932805454,4.377818048767565,1.6494107399857096,7.017575232744701,47.76183091787434,45.01582608695647,43.81586473429947,31.991241545893683,36.29591787439609,30.34491304347823,36.34919806763281,22.900801932367127,22.900801932367127
648.0,57.194619440471065,62.28064535210009,53.55884049069014,49.83364152348187,53.03870649365105,52.65383592852149,41.51811546917949,54.014728732735875,5.395698572614112,14.8657,10.710212595290148,7.2141428347356324,1.7212121872567365,4.348297348513875,1.665588373240914,7.053019989250873,47.76607246376806,45.02216908212556,43.82325120772942,31.992734299516872,36.30502415458933,30.34289371980673,36.35027053140092,22.903893719806735,22.903893719806735
650.0,57.20764061715468,62.30334348699327,53.56803979082695,49.84203493335801,53.046244840051855,52.6544149423551,41.52348962292672,54.0205760230765,5.362284168270515,14.904045590271178,10.785593185191912,7.20571793711172,1.7727157309968073,4.353521742944673,1.6552275554279832,7.137771942909428,47.77099033816419,45.0223478260869,43.82825603864729,31.995289855072425,36.312681159420244,30.340777777777745,36.351560386473395,22.9139951690821,22.9139951690821
652.0,57.20845549974595,62.32245483471186,53.57624017396806,49.85228248507772,53.0449151570731,52.657166562402594,41.5291903833447,54.025030964464385,5.339787397593701,14.955309350198425,10.886257682091339,7.12416623863937,1.7750360199055117,4.393251674507087,1.6481827772976378,7.1869140737007875,47.77639130434777,45.010579710144874,43.831338164251164,32.00003381642509,36.32023188405793,30.338758454106244,36.35301932367146,22.926328502415434,22.926328502415434
654.0,57.21191262604747,62.33822801102682,53.589902944493154,49.86261519743463,53.05257530165521,52.67065153978208,41.53334787151972,54.031911919363,5.331663544561982,14.891703969824329,10.792392664271425,7.107986252488961,1.7449103870813343,4.3705754573196955,1.6713773932738225,7.14951140456389,47.78513043478255,44.99604830917869,43.83413043478256,32.00631400966181,36.330893719806724,30.338251207729435,36.35582125603861,22.94033816425118,22.94033816425118
656.0,57.22337780668172,62.3579583615304,53.604501073546075,49.87525868576802,53.06249120107356,52.681708799361736,41.537170948148585,54.04090769273626,5.392767659912766,14.885974619776293,10.655138303257365,7.128131838785709,1.768338306950897,4.377071139475177,1.6635313448712499,7.081794032397631,47.79528502415454,44.98309661835744,43.8352173913043,32.01047826086953,36.34315458937194,30.33767149758451,36.358140096618314,22.953594202898522,22.953594202898522
658.0,57.236870149549695,62.37808829791397,53.62621183591977,49.88120899343105,53.06419408982123,52.68637066653301,41.546097785993055,54.05031611211457,5.415639759036145,14.955595180722892,10.753372289156626,7.160669879518072,1.7856325301204818,4.409066265060241,1.6286060240963856,7.034631325301205,47.80315458937193,44.96953140096614,43.83618357487917,32.01370048309175,36.35377294685986,30.33543478260866,36.35997584541059,22.96053623188403,22.96053623188403
660.0,57.24767419773073,62.39414573820078,53.64930711214551,49.88292886113007,53.062651168975435,52.69144893284849,41.553586283889736,54.063417486576085,5.395299402649689,14.942490924404966,10.797490227947184,7.1340151563220635,1.791441973149864,4.401157823224227,1.6324856419486728,7.010088934139091,47.811690821255986,44.96663768115937,43.836787439613474,32.01593236714972,36.36438164251203,30.334178743961317,36.36132850241541,22.962729468599008,22.962729468599008
662.0,57.25902795368239,62.414001642048255,53.67278102382248,49.88859053667507,53.06065616965698,52.70557758237239,41.55397201766889,54.075192034999944,5.364629981960159,15.03083654950757,10.79256713666295,7.180419309845418,1.7994751013992032,4.3910642552860555,1.6437945238438247,7.082796101431076,47.82084541062797,44.974526570048255,43.836787439613474,32.018347826086924,36.37483574879223,30.3335410628019,36.36342028985503,22.96410628019321,22.96410628019321
664.0,57.27221691721633,62.43773753308842,53.69187939317249,49.89655682015986,53.070253222429706,52.71528442717821,41.551895355725655,54.08043218344446,5.369391971097974,15.010649578091051,10.79257823758274,7.219967702491031,1.774259011671972,4.291187984437371,1.635504087716639,7.155222874033652,47.82818840579704,44.9864251207729,43.83716425120768,32.02216908212557,36.38443478260865,30.330159420289824,36.36752173913039,22.96563285024152,22.96563285024152
666.0,57.27854233171195,62.4484669623613,53.704051406681785,49.90422668073439,53.087210917518604,52.72310295448518,41.54811781268163,54.096731891172595,5.422308845207157,14.945537523632604,10.851791799640557,7.148981905864016,1.749593291196819,4.3231711717789265,1.6321048719904574,7.079795824922465,47.83189371980671,44.988468599033766,43.835898550724586,32.02444444444441,36.39130434782604,30.32549758454103,36.36950724637677,22.968371980676302,22.968371980676302
668.0,57.286110308865375,62.46714583342441,53.71826390070402,49.911488335177935,53.096608832336905,52.732536909209664,41.540906689157005,54.11090371740796,5.445925013252815,14.939566669693937,10.821230296419163,7.16001270958963,1.7759699504735043,4.327293923144389,1.6322668635753468,7.08670936671699,47.834342995169024,44.97750724637677,43.83584541062797,32.025270531400935,36.39479227053136,30.32101932367146,36.369473429951654,22.97348309178741,22.97348309178741
670.0,57.295255969772235,62.486059706784665,53.73495685606325,49.92400552940785,53.09875188460939,52.74191736201335,41.52800969751451,54.12079450312921,5.448027600314613,14.89944208160055,10.787661538720934,7.103497285601923,1.8187826567009,4.322294567831701,1.6504208160054963,7.088529563148664,47.83609178743956,44.96094202898546,43.834463768115896,32.02474396135261,36.39546859903377,30.315188405797066,36.368690821256,22.979173913043454,22.979173913043454
672.0,57.30055170222509,62.49927473572107,53.754360499073314,49.93120943165078,53.10107998492671,52.7426270078852,41.51044444102438,54.13156932575738,5.429476623797107,14.980638310709343,10.806859090647535,7.08710129882286,1.7826441559876383,4.365820779017513,1.6373474025460877,7.0360668836614195,47.835265700483035,44.94167632850237,43.829816425120725,32.022961352656964,36.39455555555552,30.308294685990305,36.365985507246336,22.983048309178717,22.983048309178717
674.0,57.301421481175275,62.51642934138667,53.76776816197209,49.936875114364554,53.10543468320842,52.74178722454906,41.50027149325786,54.13581449717495,5.3899025047492035,15.05156454221699,10.802289580607377,7.122009669788192,1.7416429117417858,4.411139862136881,1.6248949905015921,7.032167507650836,47.832990338164194,44.92428019323666,43.82596618357483,32.02001932367146,36.393371980676285,30.299405797101414,36.36318357487919,22.986280193236688,22.986280193236688
676.0,57.30550945849212,62.53263410740851,53.775877573210764,49.947368612666104,53.11314581752489,52.740814599085724,41.500110542400165,54.1424716381396,5.41370389867109,14.970369414028722,10.785574964238684,7.156418438970745,1.704748575515579,4.411135680511519,1.6300985024321277,7.101461918385263,47.829169082125546,44.91326086956517,43.823927536231835,32.01601449275359,36.38850724637677,30.29058937198064,36.36028502415454,22.988169082125577,22.988169082125577
678.0,57.30507797811565,62.5465408748877,53.788773190433716,49.95386292827789,53.118293041778514,52.74077917121707,41.49809901819779,54.150979105727075,5.427662048549813,14.984481294392282,10.812989857168208,7.165819789801319,1.7456412152032843,4.359420089553135,1.668004255477621,7.106999900082728,47.82370531400961,44.91069565217386,43.82471497584536,32.01104347826084,36.38147342995165,30.28086473429948,36.357289855072416,22.987966183574855,22.987966183574855
680.0,57.31036990252623,62.55636647113385,53.80377130389322,49.9628055201285,53.11897246862857,52.74897935005139,41.496343113648486,54.16496614770737,5.387487948790707,14.982884772635085,10.723121686542921,7.240958446799122,1.770073778371396,4.356341300660695,1.6725987894027623,7.130177509051659,47.818328502415405,44.91562801932362,43.82812077294681,32.00398067632847,36.37265700483087,30.26920289855069,36.35542028985503,22.986700483091763,22.986700483091763
682.0,57.31910911383086,62.56457479469178,53.80999401461274,49.97526408991218,53.12135024209521,52.75214499594186,41.498241997166524,54.175481909726884,5.385613650660241,14.89204221887229,10.680815658486747,7.16828353966265,1.7269323786024098,4.34617329526747,1.675038655460241,7.105227862592772,47.81481642512072,44.92401932367145,43.83511111111107,31.99670048309175,36.36071497584537,30.256922705313976,36.352898550724596,22.989671497584517,22.989671497584517
684.0,57.32830220245904,62.57012007325223,53.8139503724127,49.987693625804766,53.135128893963525,52.75889881201611,41.50238053661168,54.188866372379046,5.4120481239715295,14.89521064939957,10.788838784936745,7.052683147796912,1.7427778701200862,4.310159013013104,1.648328384233602,7.067761017916998,47.810169082125554,44.935367149758406,43.84539613526565,31.989251207729435,36.34801932367146,30.245898550724604,36.34855072463764,22.996289855072437,22.996289855072437
686.0,57.33094755070945,62.5701295762434,53.82295712049173,49.99353934161148,53.146557629567205,52.76880171074367,41.50944979943888,54.205972595996265,5.370698365411879,14.934240179181728,10.850650278558296,7.018226008608702,1.7430451298903051,4.308083070423109,1.64484181376985,7.070297089980935,47.80321256038641,44.96255072463763,43.85620772946855,31.98168115942026,36.333434782608656,30.236782608695613,36.342376811594164,23.00072946859901,23.00072946859901
688.0,57.337941870475966,62.57593715604531,53.82780087945773,50.00494177088495,53.1554444178374,52.772667169922556,41.51381958576309,54.21802741852246,5.369957457845523,15.035946996375383,10.81140855929264,7.059839638937475,1.7617052050005335,4.33642597555802,1.6739230228963697,7.101481081163152,47.79577294685984,44.990309178743914,43.86772946859898,31.976483091787404,36.314748792270485,30.228400966183543,36.33982125603861,23.001565217391278,23.001565217391278
690.0,57.34840086543889,62.59161834348259,53.8316855393848,50.01694828736712,53.164217327408245,52.77350184548012,41.51457905617907,54.21982382525216,5.33645553402334,15.0495419976499,10.770964540523138,7.143873994250302,1.7680958236587525,4.357994062396781,1.6610067383629779,7.111012375681288,47.78967632850235,45.00042028985502,43.880700483091736,31.97137198067629,36.29349758454102,30.221961352656972,36.34037681159416,22.998106280193213,22.998106280193213
692.0,57.353228668875786,62.60130669301368,53.83650738329544,50.02170403565025,53.16867730127972,52.78019678810904,41.52064891214903,54.22536994807411,5.348660395849505,15.077655453490694,10.773663114594852,7.112895294327129,1.7748826755041585,4.368578468803168,1.6440745064681188,7.080236134387327,47.786178743961294,45.01131400966179,43.89463768115937,31.96776328502412,36.27014009661831,30.21740096618354,36.33696618357484,22.989140096618332,22.989140096618332
694.0,57.363434728118925,62.60394798329351,53.83914593563035,50.02672961004546,53.16754286548659,52.78411950818221,41.5328647648732,54.241463844453214,5.339957659234309,15.145300498833535,10.708307333506143,7.032665342667111,1.7992019580849195,4.381550977184499,1.6816394780917496,7.046580765361543,47.783536231884,45.02922222222217,43.90905797101444,31.965946859903347,36.24405797101445,30.21700483091784,36.33399033816421,22.97345410628017,22.97345410628017
696.0,57.36906420969582,62.605890687029365,53.835380326436,50.034920378135034,53.174949065502666,52.7857312084059,41.54299663821797,54.25916418779768,5.337771607573652,15.010975211930702,10.743667952555008,7.030568704364345,1.7830085630528534,4.342576065063229,1.6642096134220408,7.093905507858764,47.781797101449214,45.04410628019319,43.923478260869516,31.96203864734296,36.21350724637677,30.220579710144893,36.333420289855034,22.954613526570025,22.954613526570025
698.0,57.36901519584971,62.610888066003284,53.83135246070674,50.04480673909411,53.18755288795085,52.79382842700722,41.54996627285293,54.266487464228724,5.3930094347880235,14.99989630940998,10.782868314315369,7.085005239415569,1.7506488990786426,4.392379890867864,1.6262069364758482,7.0934793924854285,47.78218357487917,45.05496135265695,43.93619323671493,31.956980676328467,36.17796618357484,30.227280193236684,36.33179710144923,22.934309178743934,22.934309178743934
700.0,57.37214210418614,62.61827090592972,53.8284841997788,50.05428944560425,53.19653900079294,52.811795878334244,41.5606773937669,54.27248499597203,5.498774468129659,15.00774129365678,10.793383041691229,7.126910777791865,1.7508924250555187,4.390981993597829,1.6720221987757709,7.036682884171424,47.783473429951634,45.067338164251154,43.94910144927532,31.952888888888854,36.138690821256,30.23803864734296,36.32926570048305,22.914198067632825,22.914198067632825
702.0,57.38525265199182,62.62022798335843,53.82690105129808,50.057679845921015,53.20628827534566,52.822831474358644,41.573314359886346,54.28903621094953,5.472327898900474,14.969153293171326,10.795438512435497,7.145210404873807,1.794983959883298,4.387519709218007,1.7018950715178212,7.033688191026178,47.786222222222165,45.08250241545889,43.962879227053094,31.947004830917837,36.09749275362315,30.251342995169047,36.32652657004827,22.89533333333331,22.89533333333331
704.0,57.40078869694372,62.62446820788601,53.823952326323,50.06533413230057,53.21273326650589,52.8270856636055,41.58346977085752,54.30414598869721,5.410797314731599,14.938283229269018,10.817636376417306,7.135517017177028,1.765169328228071,4.367994048908576,1.6621169733457635,7.164868289516044,47.79033333333328,45.096193236714925,43.97515458937193,31.9395217391304,36.055531400966146,30.265632850241516,36.323628019323635,22.873927536231857,22.873927536231857
706.0,57.4146055389207,62.63568064609786,53.828213535918955,50.07175856692049,53.218047311096505,52.83457569429758,41.59131766046807,54.31158587700068,5.492492143867368,15.039157086766217,10.817767372449861,7.16477130237237,1.782656798076571,4.333631116041482,1.6616688814835936,7.092881273379659,47.79383574879222,45.11795652173908,43.989555555555505,31.933584541062768,36.01209178743957,30.283521739130396,36.32179227053136,22.85157487922703,22.85157487922703
708.0,57.429920358527596,62.64068210302339,53.82702837248909,50.07721353440796,53.224260545349075,52.84574111543728,41.598901351116204,54.32271251535015,5.455220221430407,15.190689667070924,10.866284271618676,7.1537386407640176,1.757303345547971,4.346101198688329,1.6597413883225918,7.082709783417361,47.799536231884005,45.14951207729463,44.006057971014435,31.928067632850205,35.970014492753585,30.30579710144924,36.32101932367146,22.829169082125578,22.829169082125578
710.0,57.43836925472722,62.64917127296942,53.82149718372735,50.0869458079575,53.23219652532348,52.86030284306008,41.606470654242,54.33758498528359,5.3952054552126985,15.086412106006348,10.867350849536509,7.161935767377778,1.7207513402285715,4.347111803911111,1.6367576889269841,7.056346932749206,47.80719323671492,45.173879227053085,44.02403381642507,31.924845410627984,35.932091787439575,30.32964251207726,36.321309178743924,22.80690338164249,22.80690338164249
712.0,57.44879362804653,62.655328159785775,53.81326467676174,50.09661030036965,53.2381456028827,52.87189723665784,41.61040105780699,54.35534008887857,5.379619128288463,15.023710771196432,10.722402469311245,7.107111775561573,1.7134296415909929,4.329304081737564,1.6175352805480332,7.030586096224303,47.813516908212506,45.189661835748744,44.042855072463716,31.92214009661832,35.897463768115905,30.352241545893687,36.32083574879223,22.787922705313985,22.787922705313985
714.0,57.461203895032845,62.658257923889934,53.807627893620904,50.10578227471972,53.24739419640913,52.88444329982535,41.61076670705343,54.372088086061,5.3773298890200865,15.050115117691421,10.768874150639533,7.151111613657658,1.760819775648105,4.290269901513708,1.6101061582423606,7.134875020667802,47.82061352656999,45.19649275362313,44.060067632850185,31.919347826086923,35.866444444444404,30.37438164251204,36.31894685990334,22.77110144927534,22.77110144927534
716.0,57.47274964412618,62.668947756393315,53.813325210994364,50.10996879200529,53.25418529858152,52.88702687639346,41.605140451823736,54.37996209381967,5.437318872401194,15.074884976021249,10.866855119827296,7.170322319096641,1.7862972563267976,4.3336889659913655,1.6426355444038567,7.06043090162737,47.83058937198062,45.203072463768066,44.0762173913043,31.91886473429948,35.8411256038647,30.395628019323638,36.31859420289851,22.757091787439588,22.757091787439588
718.0,57.481149112172744,62.67450443186658,53.815597401043945,50.113133019508176,53.25633976657032,52.886661613982284,41.597020517705026,54.39128061388098,5.449339477734396,15.031147026421094,10.815769917350762,7.1541370294992355,1.755591104760935,4.356790003078141,1.668528236250778,7.113072610455496,47.84320289855067,45.21653623188401,44.0888019323671,31.9200869565217,35.822995169082084,30.414942028985475,36.31972946859899,22.750164251207703,22.750164251207703
720.0,57.489313711813736,62.680134295816146,53.8179240200755,50.11546205173922,53.25953159196994,52.88786194307417,41.59451790714121,54.40259343295293,5.430761549802409,14.99386079606747,10.797997087691567,7.171538203219277,1.7408964365879518,4.403498040289157,1.6629067772144577,7.045792728828916,47.85526086956516,45.2249903381642,44.100144927536185,31.92245893719803,35.81238164251204,30.431285024154555,36.320526570048266,22.752256038647317,22.752256038647317
722.0,57.50034790168701,62.691024278227665,53.82416415328379,50.11769104783309,53.26932214696251,52.890069802159566,41.59538387637426,54.40901882203502,5.379235389765711,15.019450393919078,10.802063721714589,7.16885148069348,1.7539441260126594,4.427452270603895,1.6790611547647718,6.957586327071989,47.866618357487866,45.225115942028935,44.11199999999995,31.92425120772943,35.80543961352653,30.442999999999962,36.321589371980636,22.762449275362293,22.762449275362293
724.0,57.51045254798359,62.70118794960574,53.82569371290776,50.123229500999685,53.27613993250176,52.894816923347456,41.591617980700036,54.41975364865819,5.351846959889964,15.118011144766045,10.736875328578702,7.130731255756433,1.765708358308678,4.420679179420195,1.6872981254161297,7.072548784700383,47.87713043478256,45.223801932367095,44.12316908212555,31.925560386473393,35.80014975845406,30.453256038647307,36.3235217391304,22.779415458937173,22.779415458937173
726.0,57.516026859606384,62.708280807894376,53.82626155179883,50.12509619660739,53.281272636634526,52.898838977689856,41.578236618990466,54.43263163722505,5.300227858477358,15.026079778707597,10.744358863416126,7.097095607177612,1.762453570363198,4.43229216179815,1.6622740888354592,7.141075586902103,47.88542995169077,45.228507246376765,44.13372463768111,31.926483091787404,35.798714975845364,30.459173913043447,36.32632367149755,22.796526570048282,22.796526570048282
728.0,57.52157196212484,62.7145773223061,53.82578346991789,50.1350240025378,53.29104945349103,52.903169743030766,41.56393646897379,54.445193432342904,5.350882638378817,14.962676638031523,10.87706699568477,7.105639004662524,1.8019437772047195,4.427301524402414,1.6676904086895432,7.139783963446276,47.89314975845405,45.23643478260865,44.14378743961348,31.925893719806727,35.79911594202894,30.462700483091755,36.32999516908209,22.810792270531376,22.810792270531376
730.0,57.52759458817272,62.72221295091935,53.826033922247625,50.146177662846526,53.29668467522461,52.902341020876094,41.557136486615306,54.45440139977368,5.392216166655365,15.058072242621389,10.851773715330836,7.127584546214251,1.7631382302914795,4.395131367161171,1.674893441727067,7.094629892915983,47.89887439613521,45.247787439613475,44.155352657004784,31.92627053140093,35.799937198067596,30.46578260869562,36.332710144927496,22.82577777777775,22.82577777777775
732.0,57.5329823947244,62.72761884009175,53.82769126675425,50.14826046907942,53.30497692597245,52.908067263489045,41.55464613746494,54.46516366968743,5.424494067031391,15.11660813030386,10.762014612606281,7.148977352697231,1.7194476306531945,4.34678294164273,1.6702,7.030146431679544,47.901140096618306,45.265115942028935,44.167463768115894,31.928265700483053,35.80031884057967,30.466763285024122,36.33564251207726,22.837647342995144,22.837647342995144
734.0,57.54526336050841,62.7364156094211,53.83526457811587,50.148724796069146,53.31065508742563,52.90446662652561,41.55355449148719,54.46614683467684,5.437244176557265,15.07130736024949,10.797637962839405,7.071431963936146,1.717554026499521,4.3266016003137056,1.6610285152487119,7.026579083968254,47.90021256038642,45.283014492753566,44.17860869565213,31.930705314009625,35.7962560386473,30.465811594202865,36.34057004830914,22.841115942028956,22.841115942028956
736.0,57.561221274391315,62.74884998526027,53.84308455069081,50.15271599569355,53.318880753330035,52.8967312534416,41.54659450814247,54.461763360203534,5.3873166656,14.990685642101205,10.786796800693976,7.091286446727711,1.7487005986698796,4.325064760212048,1.6321264080963855,7.055669082679518,47.89869082125598,45.28554589371976,44.18849758454102,31.934193236714936,35.78777294685986,30.46187439613523,36.346270531400926,22.83783091787437,22.83783091787437
738.0,57.57168874208878,62.757245142671366,53.852468999988176,50.14767533427675,53.32743014293502,52.89979236032444,41.534507974930605,54.46279290800311,5.36801444620456,14.991246827019989,10.69288110615032,7.107395199481705,1.772912195016482,4.309020240529982,1.6322013466803031,7.059272056748332,47.899743961352605,45.286072463768065,44.1968405797101,31.936855072463732,35.77770048309175,30.459342995169052,36.349091787439576,22.832198067632824,22.832198067632824
740.0,57.574597205088224,62.76344241582196,53.85572860294525,50.14787753773534,53.34089600388235,52.90547684562217,41.528920119660334,54.47276143355164,5.367056833495664,14.984917809544065,10.814939271489857,7.1413701529483316,1.746629402796273,4.34331702103368,1.655195855805429,7.167207696595894,47.90233333333328,45.31439130434778,44.20334782608691,31.939164251207693,35.76812077294682,30.458434782608666,36.34895169082122,22.829748792270507,22.829748792270507
742.0,57.58208596054158,62.77193217983562,53.85553132354519,50.1582973166291,53.35493533638592,52.902707165701635,41.52562796676221,54.47952544804883,5.414700811701876,15.041040715926695,10.902975327306374,7.1702146218224,1.7536700531089509,4.41463573725981,1.6436978678839964,7.1190647639933555,47.90607246376806,45.35011111111106,44.20772946859899,31.941545893719766,35.75863768115938,30.458845410627987,36.351198067632815,22.83128502415456,22.83128502415456
744.0,57.588788879871416,62.77710346847474,53.86135044254451,50.1638082093702,53.370475730483264,52.90628991455507,41.52550479802197,54.4823285570709,5.368232270230105,15.10963067012791,10.869875224290894,7.22737202681018,1.7554135886121183,4.417909091899519,1.6453024972657744,7.020784814009363,47.911227053140045,45.366574879227,44.20969565217386,31.94259903381639,35.75007729468595,30.4615410628019,36.35583091787436,22.832961352656977,22.832961352656977
746.0,57.59773377315242,62.78119267752609,53.87410145705201,50.16655870276896,53.38764583161405,52.91487913773601,41.53027119559862,54.484256064174716,5.3383846134016135,15.102819979151727,10.907527570050913,7.228420981055487,1.7324365614057342,4.337559445710094,1.6504698301551142,7.123976616585119,47.91750724637676,45.37516425120768,44.20895652173908,31.943352657004795,35.74214009661832,30.463884057970983,36.35873913043474,22.832888888888863,22.832888888888863
748.0,57.61823183825855,62.78798940069949,53.88315734387541,50.170202722222484,53.400436467977734,52.92361759839598,41.53887244236535,54.49271078857011,5.42950711988395,15.147255551007843,10.876404129232982,7.194067396634103,1.754829367546182,4.294989050488452,1.663531857053877,7.146750719093701,47.922845410627964,45.37932367149754,44.20827053140092,31.944265700483058,35.73222705314006,30.46623671497581,36.358908212560344,22.832275362318818,22.832275362318818
750.0,57.63440026966604,62.79107534186525,53.88788586147428,50.17216982703659,53.405771965948375,52.9280988190587,41.548909077760214,54.50585651362674,5.492729902599255,15.0989486103554,10.797381486767895,7.139704309586089,1.7390110884868588,4.3515044159423395,1.6755431504262728,7.081375017841646,47.92760386473425,45.37583091787435,44.2074444444444,31.944019323671462,35.720265700483054,30.468913043478228,36.35780193236711,22.83056521739128,22.83056521739128
752.0,57.64003195160391,62.796761035123055,53.89817297458317,50.180136110058015,53.41836426587996,52.935587487673246,41.55583656137936,54.512303832777555,5.4465742510276405,14.955276346854918,10.83401736566325,7.118501198754338,1.7446517966368964,4.3454574847415595,1.6732613773718001,7.1475868263234394,47.93274879227047,45.3783864734299,44.20515942028981,31.944342995169045,35.70566183574876,30.472782608695617,36.3533140096618,22.82237681159418,22.82237681159418
754.0,57.646600821834724,62.80756317513868,53.90795083332228,50.18691195404396,53.43567846806104,52.94949177460017,41.56382306469024,54.515475504660756,5.429351847266451,14.968550346175446,10.86404984952007,7.175836963870495,1.7540044958564314,4.345481117402989,1.6640712302271317,7.129713288165485,47.936198067632795,45.38503864734294,44.20257487922701,31.945792270531363,35.68909178743957,30.479270531400932,36.34394202898547,22.808299516908185,22.808299516908185
756.0,57.66078977201533,62.81258670505796,53.91288993756501,50.18972693425659,53.442517884079,52.958323540879796,41.578064454025856,54.528178565702866,5.396898795180723,15.022351807228915,10.73322530120482,7.16735421686747,1.746855421686747,4.3726060240963855,1.6620469879518072,7.07094578313253,47.94309178743956,45.383516908212506,44.19967632850237,31.945922705313972,35.6725024154589,30.48914975845407,36.332357487922664,22.796082125603842,22.796082125603842
758.0,57.66726173141315,62.81951472051473,53.916086588800106,50.19948805798194,53.44236527378648,52.96564846610636,41.58948210395513,54.53791795608013,5.376646307385229,15.027778043912175,10.633139920159682,7.148972455089821,1.7460810379241516,4.36176626746507,1.68305249500998,7.01748003992016,47.953140096618306,45.3788019323671,44.195845410627975,31.948338164251176,35.65549275362315,30.501937198067598,36.319357487922666,22.791057971014467,22.791057971014467
760.0,57.67401468120459,62.82088671402494,53.92447222422503,50.209953538265076,53.44947219599008,52.972138772746234,41.596601159880066,54.54312924273336,5.4124784431137725,15.026934530938124,10.792255489021956,7.105923952095808,1.7131439121756487,4.334319760479042,1.6698255489021956,7.05091497005988,47.96549758454101,45.37858454106275,44.19041545893715,31.95181642512074,35.637710144927496,30.515275362318807,36.305690821256,22.79140096618355,22.79140096618355
762.0,57.685684109884534,62.82044382976325,53.94143805031365,50.217314305105546,53.46753529233711,52.98069014475405,41.604106629043216,54.546397039606546,5.444910524255903,15.028642104799854,10.81291579024631,7.089278947484585,1.6889315781828467,4.349263157186947,1.678526315374795,7.145789472356428,47.98119323671492,45.381884057970964,44.185671497584494,31.95635748792267,35.621246376811555,30.530362318840545,36.293280193236676,22.794159420289827,22.794159420289827
764.0,57.697082306093144,62.82210783065399,53.95463867735918,50.22487023152397,53.477229352794765,52.98481198469836,41.61127483217057,54.55434948612658,5.507066418857819,15.02643258383294,10.797208268799734,7.114415034346987,1.7465205487022981,4.359184463354082,1.689692481915429,7.158099252929147,47.994033816425066,45.39242995169077,44.183246376811546,31.96196135265697,35.60641545893716,30.547125603864703,36.28099999999996,22.80125603864732,22.80125603864732
766.0,57.706309746099386,62.82559966498405,53.95811237990709,50.23306853444959,53.475770625786744,52.987003165989705,41.62124506666937,54.56245080925886,5.4715,14.993304528025197,10.811362599861416,7.154228740333858,1.7858634834141733,4.406569772144882,1.689066140472441,7.094179035918111,48.00382608695647,45.40786956521734,44.18294685990333,31.965579710144894,35.59235748792266,30.56544444444441,36.2695024154589,22.812217391304323,22.812217391304323
768.0,57.71797707070864,62.83367189840104,53.96541922772619,50.2416341770007,53.48368415244133,52.99307819926395,41.63290408910487,54.56520753635806,5.442086900548482,15.014009443318947,10.803459166425489,7.071007729770083,1.8090127964640015,4.456594369377979,1.7003676485937682,7.0736640446493135,48.01028019323666,45.418579710144876,44.184579710144874,31.968338164251172,35.57516425120769,30.58332367149755,36.258787439613485,22.821695652173887,22.821695652173887
770.0,57.73166703673414,62.843400729654014,53.97877829673843,50.2503107745444,53.495026293312414,53.00008690327937,41.641812155470475,54.57191677783342,5.368841403992048,15.058230118603579,10.86581366386004,7.037049099273161,1.82377972219165,4.3759334993049706,1.689435189655666,7.075405365961034,48.01361352657,45.430019323671445,44.18795169082121,31.96948792270528,35.55200483091784,30.601719806763253,36.25002898550721,22.827816425120748,22.827816425120748
772.0,57.73824016269664,62.85519794420737,53.985080819206964,50.256993658930206,53.494666919226916,53.004516437464034,41.6505346680647,54.58063403029377,5.342022462828608,15.0530766012202,10.855880592273062,7.14841847289811,1.801353300666218,4.379735861945118,1.6607926602903746,7.117770935838956,48.01699516908207,45.449555555555506,44.19286956521734,31.968835748792234,35.52772946859899,30.622144927536198,36.24378260869561,22.83090821256036,22.83090821256036
774.0,57.743616331435355,62.86353284022265,53.99666592204505,50.26474351394828,53.49767559489949,53.00816699651589,41.65207282161768,54.586956557283735,5.376061726944173,15.001626111892788,10.772101583353958,7.137959938894886,1.7466530410494716,4.385147521862685,1.6494720488840913,7.114947624210351,48.0223864734299,45.472685990338114,44.199140096618315,31.966743961352623,35.502821256038615,30.644285024154556,36.239381642512036,22.82867632850239,22.82867632850239
776.0,57.75437312953747,62.872505506656886,54.01809670535605,50.27826604655885,53.50581151116277,53.01340206670291,41.65166655255283,54.59266342702882,5.422184821026203,15.03731487366533,10.81988327538931,7.134997702722496,1.7310284553421187,4.36561273136817,1.6463166259426822,7.05307663720515,48.027574879227,45.49627536231879,44.20657004830913,31.963526570048273,35.474618357487884,30.669048309178713,36.23977777777774,22.825333333333305,22.825333333333305
778.0,57.768044151937524,62.876392041670826,54.03443781281527,50.291654532612355,53.50503080076154,53.01512097231733,41.658578683185546,54.59659333609949,5.4531878990848,15.129700499456,10.8112565499136,7.174922001664,1.7760037997056,4.3902669027328,1.6562201523968,7.0657507049984005,48.02977777777772,45.52512560386469,44.213743961352606,31.961275362318805,35.44391787439609,30.69494685990335,36.24187439613522,22.826903381642484,22.826903381642484
780.0,57.78108803229065,62.87681825551476,54.04632036121227,50.3023678743235,53.504852395238736,53.01818564363576,41.660659950130835,54.599570929100146,5.436403993996078,15.103239090636395,10.81041887172381,7.178174886503049,1.7419451310475844,4.423177383212305,1.6862911626834576,7.121590163261024,48.031038647342946,45.55869082125599,44.22102415458932,31.960859903381607,35.41375362318836,30.721714975845373,36.244956521739084,22.83106280193234,22.83106280193234
782.0,57.79236870731386,62.88072740201129,54.06709895025265,50.311222892320075,53.51165251470289,53.02012458183386,41.65432768116734,54.60218523663116,5.411736046124237,14.99538758148243,10.816470705386818,7.1469383320111755,1.7291011933363223,4.389669016168041,1.6611920551526231,7.08818440998034,48.033400966183514,45.59652173913038,44.229946859903336,31.96132367149755,35.39006280193233,30.749705314009628,36.253705314009615,22.837410628019295,22.837410628019295
784.0,57.79480321823781,62.89272831980557,54.08175488867197,50.3173690739768,53.51962112808491,53.02717334011291,41.64714246138457,54.60469430477234,5.389753535643988,14.972556568028242,10.79939646404571,7.122383332540337,1.7748383840661484,4.3835318184168965,1.6545116162441547,7.101360100879503,48.04017874396129,45.64494685990333,44.24022222222217,31.965932367149723,35.37573429951687,30.779318840579677,36.26737198067629,22.849246376811568,22.849246376811568
786.0,57.792430109993944,62.9027046539829,54.08694326643341,50.32601295738922,53.52164023105464,53.03476066358211,41.639303215708075,54.612294330463996,5.406109876518238,15.15665925304128,10.796222218626282,7.09643333117577,1.7557246951387557,4.389674074898144,1.6655641967617327,7.041211117404005,48.05056038647338,45.69839130434777,44.250338164251154,31.97495169082122,35.371260869565184,30.80860869565214,36.282811594202855,22.865695652173887,22.865695652173887
788.0,57.79173412056326,62.91428786060123,54.0946689933218,50.340948710170935,53.52701357692327,53.04115874155856,41.63270049164283,54.6189324545299,5.3695763240874985,15.12782191893995,10.751801011464416,7.1335944578899975,1.7190317377074213,4.4365823651976175,1.6675176325583518,7.066144076159809,48.060178743961295,45.74531400966178,44.25811594202894,31.985647342995133,35.37713526570044,30.833850241545857,36.301705314009624,22.887724637681135,22.887724637681135
790.0,57.79968680915482,62.931549380929624,54.10994097690712,50.34992429966301,53.53440142770676,53.04785259473817,41.62115210499457,54.61827743710421,5.345954772058387,14.945219600593713,10.715275371437967,7.153385929469046,1.7544844204842183,4.505236181596869,1.6539010052694831,7.101216087013237,48.06828502415453,45.77518357487918,44.26610628019318,31.999507246376776,35.39259420289851,30.855541062801898,36.32330434782605,22.910835748792245,22.910835748792245
792.0,57.816941270500855,62.936733575405654,54.13014277486722,50.357487144993065,53.54263115281076,53.05435330809381,41.60867080901491,54.6268777051134,5.387214570796273,14.98608243293029,10.866319759676776,7.19363462990622,1.7925356286640324,4.465856786990089,1.6487424151686918,7.009022952983371,48.075908212560336,45.78982608695646,44.277381642512026,32.014367149758414,35.41679227053136,30.874782608695618,36.34503381642508,22.928004830917846,22.928004830917846
794.0,57.8331431330276,62.9401426317186,54.154121131069935,50.36535441580551,53.554464840034996,53.05749993075981,41.59927770744614,54.64537602626286,5.356570784633569,15.10866051773253,10.943985346591562,7.181231500070572,1.7821862399625927,4.396510365753277,1.6504025923635435,7.048794613867543,48.08163285024149,45.79754589371975,44.29136231884053,32.02801449275359,35.44635748792266,30.889676328502382,36.364270531400926,22.942318840579684,22.942318840579684
796.0,57.84364682180983,62.951922202882535,54.169984960941036,50.368678945021784,53.56478744805597,53.06714666382382,41.59123604857048,54.656440819421825,5.355054332957174,15.007737353157331,10.917672857128023,7.09589524284812,1.7637872809914803,4.35331502272657,1.6541983976476202,6.976909863640577,48.08277294685985,45.7921594202898,44.30746859903376,32.043014492753585,35.47899516908209,30.902594202898516,36.379516908212516,22.9579758454106,22.9579758454106
798.0,57.84352757987548,62.9640657892174,54.17994927921952,50.37017558246745,53.56928778954518,53.07649123980341,41.58586406912245,54.659394706816805,5.410270948472844,14.943317259202352,10.811391520594896,7.0869095837116705,1.7722564474550737,4.376150526546864,1.6389309085353063,6.970597791386866,48.08259420289849,45.77902415458932,44.324516908212516,32.05888405797098,35.51286956521735,30.912956521739098,36.391004830917836,22.97312560386471,22.97312560386471
800.0,57.84671063601802,62.9721198293552,54.195318476844314,50.37519488589163,53.57852356413987,53.07907012605967,41.58080369661088,54.66646150921325,5.412874937010856,15.010335675893,10.788780119818727,7.093980666653656,1.7542889401101527,4.400616342546655,1.6336077219531056,7.028614150538473,48.08431400966178,45.76726086956516,44.34071980676323,32.07514009661832,35.54842995169078,30.919057971014457,36.39769565217387,22.98471014492751,22.98471014492751
802.0,57.8569276858094,62.98308065417247,54.20739344447956,50.38053740275182,53.58644011566384,53.08864288702182,41.575801288102376,54.67697042600021,5.466263363788533,14.951981531061843,10.825471922426624,7.114865165116146,1.7445090093031266,4.409136186212697,1.6549183182723,7.024130930896917,48.08937198067627,45.74626086956516,44.35611594202894,32.09129951690817,35.58663285024151,30.92289371980673,36.40215458937194,22.99449758454104,22.99449758454104
804.0,57.868285615505144,62.99444258688979,54.21851025149637,50.38798673724272,53.58802150914924,53.09707597735089,41.574742521102756,54.68663751013333,5.454994546046899,14.902138469324756,10.801836266469516,7.123022661611381,1.7788804402278362,4.39127578746901,1.645415157493802,7.084832567595725,48.10052657004825,45.72376811594198,44.37261835748787,32.1068792270531,35.62656038647339,30.925333333333302,36.406376811594164,23.008545893719784,23.008545893719784
806.0,57.8755423221645,63.00637853767085,54.228759038076674,50.399203888325566,53.59589790472032,53.101934133043954,41.5784866855694,54.693053389315615,5.356144841096328,14.95182780790026,10.65385963695196,7.133132285948546,1.8121946227501466,4.371720628879861,1.6475403596806264,7.116194163608357,48.11158454106275,45.710913043478214,44.389236714975794,32.12444444444441,35.66786473429948,30.925516908212526,36.409405797101414,23.025787439613502,23.025787439613502
808.0,57.88156194743763,63.010878683672395,54.24014259026781,50.407017373450415,53.60795800960451,53.10877515196813,41.5874763800086,54.703595526392846,5.363964531366734,15.009598296432866,10.721212684261323,7.143840432596393,1.8211768008593185,4.337147942310221,1.6604857717098196,7.063530613162325,48.1181787439613,45.692086956521685,44.403903381642465,32.141782608695614,35.71019806763282,30.92202898550721,36.411555555555516,23.0397874396135,23.0397874396135
810.0,57.899401663962074,63.01331188186404,54.25219232579616,50.41494388459825,53.61331703199813,53.11919930194334,41.59524923605205,54.72035113058392,5.421548066679366,14.993904463314287,10.855370831288889,7.144256545269841,1.767862053295238,4.341270094514286,1.6660507442412698,7.100481696571429,48.12311594202893,45.6645942028985,44.417077294685946,32.15550724637678,35.75081642512073,30.9165024154589,36.41318840579706,23.05195169082123,23.05195169082123
812.0,57.913592501179565,63.02470861024334,54.256417318285166,50.42035018338844,53.60830516158983,53.12602893917129,41.59864222190178,54.72860278499806,5.385446990087333,14.96800116014138,10.881104348175002,7.141485466307052,1.7389626929934439,4.417437352714382,1.6668447245841809,7.116333671315374,48.1267246376811,45.637183574879174,44.426869565217345,32.16583574879223,35.78453140096614,30.909396135265666,36.412888888888844,23.062463768115915,23.062463768115915
814.0,57.92452836064449,63.04061657374583,54.25886452927758,50.42542038367239,53.609606636416366,53.12941422991056,41.601928915942366,54.7299714540265,5.348288623790674,14.9847733539547,10.883306884201914,7.192380838198057,1.7446227554078715,4.3681323348142325,1.6546835327382314,7.144002994228759,48.128714975845355,45.60394685990333,44.43261352657,32.17415942028982,35.8121062801932,30.901217391304314,36.41228985507242,23.07033333333331,23.07033333333331
816.0,57.94428669296263,63.0518484157496,54.263490382117,50.431234465709274,53.62293698236633,53.1335108675996,41.61149800488269,54.740085993519585,5.3874812172162105,15.04896361691716,10.790239840411887,7.1633736542314095,1.770138558184579,4.357012851125293,1.6630285208703293,7.1054473583341045,48.13000483091782,45.56901932367145,44.436038647342954,32.18064734299514,35.83420772946856,30.8925217391304,36.41062801932363,23.075222222222198,23.075222222222198
818.0,57.957017718418896,63.05726548221888,54.26631435864375,50.43432820240693,53.62901748669049,53.14084637686603,41.62037346136203,54.75293915285396,5.384138298220009,15.113022340796931,10.803930850786246,7.1220712764517105,1.7349755319651123,4.417587234497281,1.669706382699485,7.061746808883692,48.13273429951686,45.54118357487918,44.43704830917869,32.184246376811565,35.852057971014446,30.883913043478223,36.40836231884054,23.07804830917872,23.07804830917872
820.0,57.9616658622319,63.07049815579639,54.26905083935196,50.435885314048086,53.62841761340427,53.14569226030911,41.622619789002094,54.76005675812977,5.408185435585053,15.106385986523227,10.797210960695798,7.113735935854955,1.7502809808644473,4.407944144819645,1.6323605106008734,7.115298748585306,48.13909178743956,45.515855072463715,44.435545893719755,32.18629951690818,35.868705314009624,30.876043478260833,36.406570048309135,23.08038164251205,23.08038164251205
822.0,57.973338465548586,63.07537904812095,54.27300277436127,50.44519966984114,53.635716957742154,53.1536656280291,41.619144973791414,54.77225076187619,5.376703505545983,14.970182024545744,10.86255503184168,7.1556040053420285,1.7650451677280559,4.322341061729452,1.6150986481098946,7.15352854242049,48.14648792270526,45.49140096618353,44.43143478260865,32.18692753623185,35.88119806763281,30.869613526570014,36.403932367149714,23.0820144927536,23.0820144927536
824.0,57.98307104854137,63.0744869247292,54.27399799391996,50.4521244423012,53.63944974969615,53.16506139301776,41.621455189416835,54.78444890571784,5.402055152050794,14.8678437504,10.845028382679365,7.115907056253969,1.766852976152381,4.364063881244444,1.6276294610285715,7.127935027606349,48.15112560386468,45.47396618357483,44.42461835748787,32.18685507246373,35.889632850241505,30.863545893719774,36.40278260869561,23.08335748792268,23.08335748792268
826.0,57.98615188758165,63.07865960184405,54.26866974139696,50.45799520536484,53.63337170348304,53.17118787100869,41.62608324477277,54.795947484505525,5.460000957530308,14.95818779716958,10.789813799548254,7.073408001309275,1.7474949142277454,4.372988168569493,1.686542515346459,7.103626694623329,48.15520772946855,45.46425120772942,44.41499999999995,32.18802898550721,35.89593236714972,30.859207729468565,36.40124637681155,23.08421739130432,23.08421739130432
828.0,57.99272755909131,63.08694492023791,54.2687561826004,50.46231133011334,53.636980569408685,53.18217170259852,41.62435460186395,54.8034926847078,5.440701941930176,15.125553507569649,10.828000348741076,7.160860129954727,1.7624330494353984,4.356857986104386,1.7025583385408332,7.136343206939753,48.160318840579656,45.463019323671446,44.40430917874391,32.190618357487885,35.9026714975845,30.85801449275359,36.40049758454102,23.082574879227028,23.082574879227028
830.0,58.00771344297269,63.09772304105199,54.26787338474025,50.46719744235742,53.651615445058546,53.19025562080617,41.61843864954267,54.81097401973531,5.457932129689233,15.103804809493987,10.806948649375862,7.135927928445057,1.8066726735264753,4.43551021109364,1.6749756753120688,7.10636486404069,48.16686956521734,45.471748792270475,44.39310144927531,32.19484057971011,35.91252173913039,30.858429951690788,36.40296618357483,23.079410628019296,23.079410628019296
832.0,58.02205969668609,63.11542915762842,54.257733105421956,50.47653536035955,53.66080052934052,53.190083566526916,41.61445969719799,54.820229986099726,5.458249576849283,15.03181077532976,10.735124464286264,7.13860120223771,1.7865695740313574,4.421269222791625,1.6791281205055635,7.088816192444265,48.17349275362314,45.4829516908212,44.38137681159415,32.20096135265697,35.9228212560386,30.858362318840545,36.404478260869524,23.076309178743937,23.076309178743937
834.0,58.036019302338474,63.129772133753775,54.25164067028588,50.4900212440575,53.66367989316271,53.18986188373919,41.61017260574822,54.83114121234237,5.440926600903793,15.03074061569022,10.710144265401997,7.181379991824351,1.7731687117413173,4.38189969713054,1.6503890700646706,7.072621758914171,48.178217391304294,45.49093236714971,44.36857971014488,32.20746859903378,35.933400966183534,30.85571980676325,36.404478260869524,23.073681159420264,23.073681159420264
836.0,58.052296037580334,63.13902444210903,54.25444818679867,50.49673287030415,53.66825351319043,53.19956839632714,41.60208914609004,54.837898329128066,5.436225123157093,14.99843063583837,10.803493495808159,7.16402274019637,1.7634995531948645,4.368884260793056,1.6296781034214511,7.093771648179756,48.182072463768066,45.49589855072459,44.35480676328498,32.21407246376808,35.94596618357484,30.85201449275359,36.406014492753584,23.073811594202873,23.073811594202873
838.0,58.06818680816738,63.15079111398659,54.25600776385965,50.499590411943764,53.677371423458844,53.20681827177653,41.58864363180082,54.84756046921965,5.418605916607229,14.990914661706023,10.774963609021686,7.143665809465061,1.7645910647518073,4.432739558631326,1.679401252433735,7.127288147585542,48.18364251207724,45.50458454106275,44.34445893719802,32.22230917874393,35.95987439613523,30.847536231884025,36.40791304347822,23.074207729468576,23.074207729468576
840.0,58.08468378779674,63.15702693216975,54.25792153576171,50.50984686502284,53.68604965501822,53.20729145894611,41.57553288263241,54.8650730892232,5.5040734408129035,14.977667184245162,10.728467184658065,7.193600001445161,1.7545453125806452,4.435878124206452,1.7110437511741934,7.192865626967742,48.184512077294634,45.51885024154585,44.33658937198063,32.23071497584537,35.97453140096614,30.84257487922702,36.40839613526566,23.072995169082102,23.072995169082102
842.0,58.08974376531574,63.16168417442857,54.26203721715295,50.51496593525109,53.68713564114609,53.21195296744214,41.5686856861205,54.87727910824447,5.395115720494619,15.05458888321811,10.759808570271252,7.149779481122318,1.7590735062925607,4.403022086771218,1.6774681686170057,7.155386043122338,48.18566183574873,45.5302173913043,44.32969565217387,32.239048309178706,35.98873913043474,30.837420289855036,36.40868599033812,23.071903381642485,23.071903381642485
844.0,58.094304388764016,63.17123144504949,54.25816843834032,50.51599416222207,53.692874469399634,53.220860583224905,41.56724896258084,54.88158238458446,5.366280638118937,15.015893503263968,10.78517149284894,7.116180274970433,1.7618469079136445,4.331183852142139,1.6595855901428092,7.149854981842575,48.18689855072458,45.53971497584536,44.325893719806714,32.247671497584506,36.00247342995165,30.832362318840545,36.40878260869561,23.070821256038624,23.070821256038624
846.0,58.10546440497566,63.18566630173199,54.25276825241763,50.51799682695663,53.70025290983805,53.22836804650794,41.57173139483689,54.8924276525851,5.412562379936772,14.970226418584447,10.835206100176293,7.098916157479823,1.7590838425201771,4.340257530869194,1.6305475704332943,7.102183386484174,48.18928502415453,45.556690821255984,44.32302898550719,32.25572463768112,36.01566183574875,30.825864734299483,36.4074637681159,23.072033816425094,23.072033816425094
848.0,58.122978197249154,63.199892944462476,54.25607973550642,50.52612354310876,53.7064771713429,53.232872863467925,41.57694565177389,54.90288854775363,5.422764977143132,15.030975260813488,10.743163935644175,7.107093293283898,1.773757674950485,4.362373621497995,1.6276108785619032,7.067534872817737,48.1939323671497,45.57896618357483,44.31945410628015,32.26474396135262,36.030009661835706,30.817565217391266,36.405285024154544,23.07906280193234,23.07906280193234
850.0,58.134398207229445,63.21285047495956,54.258266329787396,50.53373564301532,53.70964541601072,53.24778234014086,41.58210609411166,54.90854481322409,5.449937067132052,15.102166645935508,10.717100750371946,7.135900351109627,1.7807207435495644,4.378846056204542,1.6678569064910729,7.1078779001646195,48.19957004830912,45.59945410628014,44.3188212560386,32.27443961352653,36.04722222222218,30.808879227053108,36.403975845410585,23.089492753623162,23.089492753623162
852.0,58.14728892013253,63.22699948447079,54.25527594673649,50.54301276593366,53.71742789167332,53.25646830753319,41.58840048970701,54.917601454571326,5.457668271361018,15.113933580243936,10.826306417554079,7.162301855274928,1.766699448233401,4.3628964894252755,1.6688760405822223,7.071288168437472,48.2031014492753,45.616908212560325,44.319811594202854,32.285743961352615,36.06722705314005,30.79877777777774,36.40466183574875,23.101053140096592,23.101053140096592
854.0,58.16531489590825,63.2429358138485,54.26154509132297,50.5467538230247,53.731735871199355,53.258833693360884,41.596668031683464,54.9255761550634,5.464783141690834,15.01436613518256,10.838747679688703,7.140659450045589,1.7226654353896198,4.3636528197730575,1.6944879305125324,7.113599654202083,48.20499999999995,45.62552173913038,44.32096135265696,32.29781159420286,36.08817391304344,30.789231884057937,36.40669082125599,23.111603864734274,23.111603864734274
856.0,58.185183512860554,63.256789750368476,54.26962842870479,50.55526995356045,53.7345696021365,53.26981487729879,41.59920616388162,54.92621787425376,5.439947120064004,15.045617677524852,10.793548873465362,7.055027638258272,1.6943313485790716,4.411037302841857,1.676867397687488,7.260801753401358,48.20691304347821,45.63063768115937,44.321835748792225,32.30801932367146,36.10883091787435,30.780386473429918,36.409458937198025,23.118483091787414,23.118483091787414
858.0,58.20164443886552,63.27115785552311,54.27415421976892,50.56545774035815,53.73770226267878,53.28054753964013,41.59284629125774,54.93143345833101,5.432967448917266,15.027346227003614,10.815069947390276,7.100583734529926,1.7362412907026248,4.337620615028797,1.6301627554136713,7.221383269294993,48.21052173913038,45.64356521739125,44.32363285024149,32.31496618357484,36.12736231884054,30.77238647342992,36.411188405797056,23.120855072463744,23.120855072463744
860.0,58.20795500768618,63.28998424665988,54.27406070427291,50.56886572565532,53.74790526627998,53.28298990979422,41.58755209197186,54.93659693327339,5.434383525329067,15.041268558789177,10.773942156009763,7.179138954484173,1.7371520749909528,4.366884034124276,1.6435370575715431,7.1400868286137,48.21211111111106,45.66197101449269,44.330454106280136,32.319681159420256,36.142536231884016,30.76659903381639,36.41070531400962,23.119057971014467,23.119057971014467
862.0,58.21757344584522,63.31050069029393,54.279474401834854,50.57676262281069,53.76020209327346,53.28727571606305,41.58942049319859,54.93976371757031,5.409437280847009,15.086386409535992,10.778191991227445,7.186419166854515,1.765786414836938,4.44553031234673,1.6642916374020935,7.180174916181989,48.209140096618306,45.680227053140044,44.34213043478256,32.32140096618354,36.15615458937194,30.760169082125564,36.409835748792226,23.11155555555553,23.11155555555553
864.0,58.230704393818144,63.3213856026857,54.286437675443025,50.5819227944752,53.766233740445685,53.29757833591083,41.59651346547186,54.944567358712334,5.441082790121745,15.020070325334514,10.873842894212242,7.169838906842938,1.81461247071162,4.374099004268497,1.6427114720179223,7.230912968947647,48.20684541062796,45.70199516908207,44.35909661835744,32.31814009661832,36.167623188405756,30.75384541062798,36.408579710144885,23.09731884057969,23.09731884057969
866.0,58.236437786971905,63.33365357077591,54.29126296689762,50.582065521903274,53.76916369293676,53.308943460893666,41.59841107860809,54.94894971974972,5.488389475076828,14.908115791914481,10.826452631647834,7.085989472253772,1.7804421044662182,4.355426314604871,1.6328999996150375,7.112352634008938,48.20741545893714,45.72747826086952,44.3824057971014,32.31513526570045,36.17879227053135,30.75077294685987,36.40754106280189,23.08127053140094,23.08127053140094
868.0,58.23960678124055,63.348960906589525,54.2938140557716,50.58882845853799,53.78022057357619,53.31208924489935,41.601085362288615,54.955498772199775,5.462263869713373,14.86683282953453,10.775768466689021,7.137686228273054,1.779138675340519,4.414380139100998,1.6529840815648702,7.080261122286627,48.20943478260864,45.750338164251154,44.411951690821205,32.31401932367146,36.189734299516864,30.75049275362315,36.404879227053094,23.065285024154566,23.065285024154566
870.0,58.242966825470106,63.35542109864674,54.29780798958569,50.592281793489356,53.79391066604689,53.31692041830414,41.607938659947266,54.96511636233787,5.451428751921289,14.933246676975415,10.730245165930807,7.102479859269598,1.7573476331212976,4.407221651775011,1.6600596676485586,7.162838972999088,48.21271014492748,45.77211111111105,44.444676328502375,32.31042512077291,36.19874396135262,30.75014975845407,36.40232367149754,23.04884057971012,23.04884057971012
872.0,58.24438173312416,63.36875837510751,54.30931207386999,50.58846781344932,53.8006316866653,53.326226437722696,41.617894234318285,54.97146805212173,5.424466685413691,14.91573142759522,10.818538242312458,7.122328942969541,1.7900310291721602,4.369360118791125,1.650712828909388,7.076798207096228,48.215826086956476,45.79249275362313,44.47817391304343,32.30663768115938,36.20594202898547,30.750492753623156,36.402777777777736,23.03201932367147,23.03201932367147
874.0,58.24725843185272,63.38272536585262,54.318820980783826,50.59284332538964,53.807317496411166,53.32909206360628,41.62724098632796,54.97625429493002,5.465152777777778,14.979017063492064,10.856990476190475,7.175424007936508,1.7809484126984128,4.331276785714286,1.6463246031746033,7.044196626984127,48.21914492753618,45.81235265700478,44.510642512077254,32.30494202898547,36.21205314009657,30.754666666666633,36.404922705313965,23.01607729468596,23.01607729468596
876.0,58.25813537507649,63.399563478463435,54.32914906703285,50.60169942738514,53.8166720917609,53.33471859328049,41.63337346942139,54.975107297752565,5.408365185035992,15.016664427475229,10.822460837938811,7.153215159248423,1.75484770153014,4.327227033055821,1.6654338048829898,7.1270168264176466,48.22420289855068,45.83190821256033,44.54083574879222,32.30401932367146,36.21780193236711,30.76038647342992,36.406835748792226,23.00284057971012,23.00284057971012
878.0,58.27436484384109,63.4240886019753,54.33625335925748,50.60965137549363,53.82485012528934,53.33438198315318,41.63652581197666,54.97701916495573,5.393531512202004,14.994301902262125,10.828324050468938,7.125144591044489,1.7126014539158316,4.374956011017234,1.6815008006156313,7.081303010308617,48.230710144927485,45.84951690821251,44.5692367149758,32.303772946859866,36.222690821256,30.76536714975842,36.408371980676286,22.992309178743934,22.992309178743934
880.0,58.281483621350866,63.44260887619842,54.34142027240602,50.61870521770742,53.83099938621656,53.332042282549395,41.64460097035158,54.97994024797238,5.403134121021837,15.111961892448983,10.77845017218554,7.118663368325046,1.7205393899712274,4.372882471296423,1.6716066464337154,7.041217135136627,48.238376811594144,45.86289855072459,44.59623188405792,32.3041062801932,36.227396135265664,30.76910144927533,36.412386473429905,22.98448309178741,22.98448309178741
882.0,58.282191401350524,63.452707952960644,54.353326993922956,50.6239931041762,53.83768944312026,53.33745409516516,41.65445197655181,54.9796989554877,5.44409263865506,15.197583948996588,10.84628354948581,7.1196635326800415,1.7623863385853848,4.346435906629307,1.6479862375115502,7.093619400793639,48.24813526570043,45.874028985507195,44.621507246376765,32.30492270531397,36.23316425120769,30.77225603864731,36.41813043478257,22.97936231884055,22.97936231884055
884.0,58.28637694784194,63.46735362951775,54.36980760323544,50.6228179821587,53.84084742112234,53.34874158368514,41.66167391578465,54.9789578282985,5.443138330464536,15.071944403296985,10.936885117760005,7.116441710250806,1.7616836240783236,4.342313290452589,1.6472677460505405,7.073139224463968,48.257917874396085,45.87709178743956,44.64527053140092,32.3061256038647,36.23941545893716,30.77549758454103,36.423681159420255,22.976946859903357,22.976946859903357
886.0,58.28739853625998,63.48002208525979,54.38228325333973,50.62164488857064,53.850922931263995,53.35238106010617,41.66477103358591,54.98753286885494,5.37593246492986,15.012544689378757,10.88078256513026,7.169014028056112,1.7481200400801604,4.32413627254509,1.6426216432865732,7.065449098196392,48.266260869565166,45.87724154589367,44.668903381642465,32.30761835748789,36.24557004830914,30.778318840579676,36.42894202898546,22.979681159420263,22.979681159420263
888.0,58.286220295487965,63.48847176674828,54.39250160178832,50.627513125235,53.85811863019858,53.35200097848157,41.66882679090483,54.98977633101808,5.386230054426655,15.037904765838988,10.815136326414011,7.109970294647917,1.7724803320061924,4.317207827614501,1.6813397894660043,7.062588508695265,48.276526570048254,45.87982608695646,44.689565217391255,32.30930434782605,36.25165217391301,30.780260869565183,36.43381642512073,22.98645410628017,22.98645410628017
890.0,58.28592938725531,63.49858140894212,54.40652294031958,50.63301684421188,53.85729093232973,53.35411488915567,41.67341094608057,54.98511207290955,5.383759434298507,15.026852830464964,10.772003773444844,7.062892452957779,1.7670481127437148,4.373055660904506,1.6666358487937494,7.072837736482209,48.28725120772941,45.87228985507241,44.70562318840575,32.3110869565217,36.25828985507242,30.78091304347823,36.43820772946856,22.993806763284997,22.993806763284997
892.0,58.294925292090475,63.5183649634327,54.416059133298255,50.63692558010563,53.868348526702285,53.35710348992358,41.67400817655007,54.9876772455671,5.420839325314922,15.045644562100758,10.737965005236012,7.129820291442999,1.7408307650146717,4.40856309196459,1.6307806647028826,7.1488,48.296367149758396,45.85425603864729,44.72027053140092,32.312869565217355,36.26733333333329,30.779913043478224,36.44201932367146,23.003758454106254,23.003758454106254
894.0,58.3061395352888,63.53475344279679,54.4255140648697,50.643585081926624,53.88076551560891,53.36733303451452,41.67366631367007,54.99535851497342,5.396462779412448,15.007440806373188,10.742190584149379,7.154730042893711,1.7711443941996805,4.405732736926908,1.636785650734887,7.1653717495909355,48.304806763284965,45.83138164251203,44.73249275362314,32.31638164251204,36.27885507246372,30.775724637681122,36.44515458937194,23.01898067632848,23.01898067632848
896.0,58.31219958090059,63.54918318255202,54.440761195845035,50.649633242541356,53.88449898449151,53.37869016478387,41.66934717543261,54.99696763864784,5.3935081836327345,15.100867664670659,10.814833333333333,7.145901796407186,1.7550802395209582,4.418609181636726,1.6548734530938123,7.094183033932136,48.31288405797096,45.807545893719755,44.74437198067628,32.32217874396132,36.29175362318836,30.768637681159387,36.44934299516904,23.037367149758428,23.037367149758428
898.0,58.31902921381818,63.56879930078533,54.45155564885251,50.65443026489318,53.88949274177286,53.38729244288596,41.6663876346211,54.99880027582895,5.4307252389623,15.22430995352229,10.859775062741882,7.1668315720344,1.747620462432031,4.3445880333060005,1.6581243338497522,7.026828106509904,48.318468599033764,45.78186473429947,44.757516908212516,32.329038647342955,36.306753623188364,30.758942028985473,36.4539178743961,23.053777777777753,23.053777777777753
900.0,58.32839274879171,63.59030886411355,54.46424170261021,50.660221995151815,53.900666386179765,53.393135650992775,41.663236999583226,55.00116567253075,5.440726703685772,15.12165405431022,10.798128703127855,7.100127755632865,1.7220818621691383,4.322649500139479,1.6661962430460922,7.078800548886573,48.32482608695647,45.75777294685985,44.768855072463715,32.33696135265697,36.32397584541059,30.748149758454073,36.458212560386436,23.064768115942,23.064768115942
902.0,58.34003525010229,63.607542143724075,54.48189262983632,50.668698312731664,53.909721614710435,53.40209602158659,41.65602709839419,54.99983573490628,5.4675483878167395,14.994997112477604,10.759507952354749,7.115912569753007,1.7281393975364736,4.351918580183005,1.6579361133094441,7.075699755483748,48.33339613526565,45.74066183574874,44.77845893719801,32.34412077294682,36.34171497584537,30.737821256038615,36.46335265700479,23.069748792270506,23.069748792270506
904.0,58.3513627224648,63.628721916092786,54.49218399675575,50.67791108828364,53.911776317366204,53.40972703561233,41.64815117968162,55.000202400828755,5.426060230245783,14.996947602608836,10.799767468285944,7.131736746615261,1.7708819272995984,4.3805906651759035,1.6493262072289157,7.090921380446586,48.33957004830913,45.73187922705309,44.78587922705309,32.34986473429948,36.36004347826083,30.725342995169044,36.468033816425084,23.071637681159395,23.071637681159395
906.0,58.3629711318845,63.646311321177684,54.49302865508864,50.68857780120296,53.92349349718224,53.41571725709283,41.64428876396303,55.01231693573338,5.375763210577311,15.093979728916075,10.793217125223617,7.125927109044366,1.7738512239496365,4.343850617064783,1.6761015982170233,7.094459366755967,48.34413526570043,45.71830917874391,44.792541062801874,32.35349275362315,36.37838164251203,30.711149758454074,36.468507246376774,23.07090821256036,23.07090821256036
908.0,58.37494645010045,63.65890057176402,54.501577369233225,50.70407315648798,53.933917529216245,53.423904512838725,41.64618092979443,55.02268405363447,5.453111288606702,15.048224265285752,10.808381850033397,7.148836699298285,1.7612181989643139,4.307375188356036,1.6789529088205937,7.143207607400653,48.34783091787434,45.696289855072415,44.79991787439609,32.35425603864731,36.395497584541026,30.695676328502376,36.466405797101416,23.06746376811592,23.06746376811592
910.0,58.390280359707354,63.6796546782473,54.51589312801079,50.71704326215132,53.93634677652779,53.43283697687007,41.647227000103854,55.02665846512567,5.492974698795181,15.012710843373494,10.823165060240964,7.156093975903614,1.7671373493975904,4.3649819277108435,1.666890361445783,7.102,48.35199999999995,45.67579227053135,44.80832367149753,32.35318357487919,36.410714975845366,30.677531400966146,36.46514009661832,23.060033816425097,23.060033816425097
912.0,58.40506686568915,63.69494506933387,54.52614521787734,50.722096321869955,53.93692926419068,53.43420292097043,41.649275770725936,55.0297713457575,5.459526824457594,14.968082445759368,10.750703550295858,7.11532741617357,1.8107076923076924,4.373395463510848,1.674951282051282,7.0902516765286,48.358637681159365,45.65640579710139,44.81873913043473,32.35190821256035,36.42451690821252,30.66014975845407,36.464516908212524,23.049173913043454,23.049173913043454
914.0,58.41119239425767,63.70551009096068,54.535797702660815,50.727903073131024,53.942404199012664,53.434216185205734,41.655322883829484,55.03795907127727,5.418988923927208,14.962898990438005,10.70187339622534,7.042903892520916,1.7987983306390962,4.358136569594709,1.6803160338101295,7.061550883698562,48.366787439613475,45.64014975845406,44.82979710144922,32.35271497584537,36.439164251207686,30.644570048309145,36.46256521739127,23.037869565217367,23.037869565217367
916.0,58.415067896283965,63.71903648793981,54.54528200793756,50.73555766145375,53.949307209332126,53.43601624277697,41.66757839058704,55.04855955678074,5.4733651997696,15.0329258484608,10.8245181520512,7.0535057083136,1.7807252991744,4.3590351532672,1.6880563525248,7.037674753088,48.37493719806758,45.62543961352652,44.838352657004776,32.353111111111076,36.45326570048305,30.628227053140066,36.45974396135262,23.02550241545891,23.02550241545891
918.0,58.42808252956026,63.73841814573775,54.55624108798355,50.741660356594636,53.95098636783768,53.44155460189828,41.67951229489209,55.052551440159064,5.446573846612045,15.036412610812947,10.812666289839212,7.152756721607429,1.7487166337308493,4.372599508726233,1.7217871441028683,7.104337389739752,48.381574879226996,45.611913043478204,44.84183091787435,32.349999999999966,36.46660386473425,30.610951690821217,36.460164251207694,23.01207246376809,23.01207246376809
920.0,58.44659684134848,63.75914526533331,54.56560443301924,50.75250754174221,53.95465466288355,53.45048062388559,41.6877577166743,55.05581053192659,5.4043912708695885,15.072540428637348,10.791254824777194,7.099261409231134,1.7840428801218136,4.336083920885407,1.6940105153676461,7.143697958586017,48.38696618357482,45.601637681159374,44.84183091787435,32.34811111111107,36.478913043478215,30.596178743961314,36.46255555555552,23.000628019323646,23.000628019323646
922.0,58.459294527238434,63.77679123252123,54.57236586933687,50.76580929957647,53.956104610142745,53.45508587136282,41.69028926234311,55.06248932202644,5.400865105645297,15.076430709252678,10.859325224267982,7.140723331271891,1.826846955399596,4.355071084891177,1.6676879352542096,7.211248357835399,48.39437681159416,45.59488888888884,44.838729468598984,32.349173913043444,36.49170531400962,30.586169082125572,36.465091787439576,22.991869565217367,22.991869565217367
924.0,58.48160238897885,63.80228045785026,54.578075195379306,50.780283989174784,53.955711028934715,53.45604931328959,41.69188329560541,55.07045999803462,5.436662185460965,15.07086853852113,10.81207799259705,7.118396603985532,1.7632474152319868,4.321219645648618,1.653785819768443,7.200824078570192,48.40407246376807,45.5949903381642,44.83233333333328,32.350140096618325,36.50649275362315,30.577801932367116,36.46655072463764,22.98414975845408,22.98414975845408
926.0,58.50282796255176,63.8217889706403,54.58601816060766,50.793812292104896,53.95962844243159,53.45156777964876,41.697871033542064,55.07678850586029,5.455709174456052,15.03219383282651,10.783757491836575,7.055360091789446,1.7670567276726101,4.2973942917737356,1.6610025483353346,7.114755249840098,48.415763285024106,45.604106280193186,44.82737198067628,32.352231884057936,36.52300966183571,30.569178743961317,36.46993236714972,22.978265700483067,22.978265700483067
928.0,58.51656777532669,63.8320116431574,54.595109486174884,50.8079125247874,53.97101305047335,53.450897509920814,41.706898587347524,55.0886887435158,5.467149826756757,15.068700400212045,10.887473943410098,7.125846689883115,1.7719163921373946,4.298410364823585,1.6559420522143042,7.098838465102112,48.42860386473424,45.6159710144927,44.82511594202894,32.354893719806725,36.54286473429947,30.56322705314006,36.476458937198025,22.978077294685967,22.978077294685967
930.0,58.52687639585145,63.84078300683924,54.61228451519267,50.81261829159285,53.97570373977043,53.44902976271249,41.714839280981806,55.09777088179551,5.4671,15.106761971830986,10.897149295774648,7.213392957746479,1.7453605633802816,4.353292957746479,1.6430577464788731,7.072019718309859,48.439352657004775,45.62911111111106,44.82280676328497,32.35639613526566,36.56593719806759,30.55865217391301,36.48135265700479,22.982111111111085,22.982111111111085
932.0,58.535062146807064,63.85555716226773,54.63052342316918,50.81328964206304,53.97683968411506,53.44323276147344,41.715772265203135,55.10086676534704,5.4091387478585595,15.062812070673807,10.811413561705349,7.161895379066321,1.7356292103130997,4.358190610293591,1.6510730253312835,7.07178703506844,48.447768115941976,45.63828985507241,44.81843478260864,32.356835748792236,36.58977294685987,30.552937198067603,36.485280193236676,22.9853719806763,22.9853719806763
934.0,58.53811759029147,63.867099492010226,54.64321876976194,50.81846704676958,53.98630070521387,53.433596075272014,41.70697242494993,55.108202845661445,5.382936998912,14.978915996416,10.783905498368,7.0816703970304,1.7445165500928,4.3340832005631995,1.6558920503808001,7.1213473511936,48.45600483091783,45.64471497584536,44.812483091787385,32.35630917874393,36.61441062801928,30.54773913043475,36.490130434782564,22.988342995169056,22.988342995169056
936.0,58.54850889189889,63.87829343850729,54.65046164313561,50.83112705111108,53.98897429420046,53.42856014991419,41.70008963636522,55.11513351818873,5.3679823003648,14.909914749696,10.8448281069056,7.0769654037504,1.7530798005248,4.349417900390399,1.6700993005568,7.1108243475456,48.46382125603859,45.651797101449226,44.803053140096566,32.35491304347823,36.639381642512035,30.541618357487888,36.4948405797101,22.990299516908188,22.990299516908188
938.0,58.568977544165165,63.88923931725196,54.657991963193545,50.84237741434068,53.99029483334704,53.43511129990767,41.69326399693543,55.12548842384999,5.404960210581128,14.893020170031141,10.945072772467011,7.160663013204371,1.7589047046595585,4.379217667945214,1.6509315812240029,7.103756857314476,48.46857971014487,45.648178743961296,44.79129468599029,32.35274396135262,36.66436231884054,30.534864734299482,36.49722222222218,22.989309178743934,22.989309178743934
940.0,58.58740413043535,63.89175106523518,54.66361083783211,50.850594497493326,53.9950840083773,53.447140748432304,41.68576696388972,55.13958662340795,5.424990182028056,14.959124743272145,10.81051538837034,7.17589559166974,1.7579712922677355,4.423240279599198,1.6203594180873748,7.152466332896192,48.47064251207724,45.63967632850236,44.78083574879222,32.349898550724596,36.68799999999996,30.527671497584507,36.495739130434735,22.984647342995142,22.984647342995142
942.0,58.596258353722355,63.897001181379295,54.6733786982149,50.86080311402084,53.99982840586701,53.45605989893255,41.68094305498046,55.152883987644756,5.386132331772396,15.033040856276985,10.737284454243305,7.162271429092044,1.7659448619133478,4.413619301154669,1.6513082687997347,7.151730826697758,48.47154589371976,45.64151690821251,44.768130434782556,32.34525120772943,36.70486473429947,30.518913043478225,36.48945893719802,22.978019323671475,22.978019323671475
944.0,58.60193933667723,63.90959006104684,54.68556347042926,50.8642205907385,54.00715777341371,53.461200713536506,41.676133805669316,55.156372117574826,5.392989919730449,15.067481435143337,10.805370758920018,7.176992414683263,1.7560633735490137,4.3808021955196415,1.6585429145475978,7.164840618569659,48.47099999999995,45.647685990338104,44.75207729468594,32.33945410628016,36.71444927536228,30.510971014492718,36.47800483091783,22.968130434782584,22.968130434782584
946.0,58.6150720366233,63.91522119458801,54.69034180030472,50.87310247683215,54.01992602889043,53.46658703858332,41.66932164162717,55.16278178276708,5.394195493375264,15.156253150619218,10.85045045664862,7.194171170147993,1.762084686742122,4.406043244983016,1.6578369388244605,7.155086484635901,48.46931884057966,45.661169082125554,44.73274879227048,32.3343333333333,36.71812077294682,30.504908212560352,36.46395169082122,22.95428985507244,22.95428985507244
948.0,58.62036090966474,63.91738751269731,54.699887998165906,50.88147453161407,54.031898677707126,53.47282383703486,41.657909569892595,55.17395877359534,5.377755632037926,15.090871088387887,10.890004390489052,7.167589432381931,1.797455034687615,4.407751546987738,1.6781689936035737,7.152493916567487,48.468024154589315,45.68732850241541,44.71016908212556,32.32988888888885,36.7148985507246,30.502913043478223,36.449826086956485,22.938806763285,22.938806763285
950.0,58.62700294562292,63.92647085823267,54.7096153336937,50.89017310533297,54.041450659024186,53.476824058073504,41.64658970100337,55.18312244805114,5.439044323209414,15.026986310281222,10.887473804021951,7.169805345321111,1.7864991022984222,4.374809395085158,1.6713385800328182,7.146194807664801,48.46803381642507,45.71582608695647,44.683091787439565,32.32612077294682,36.702628019323626,30.503473429951658,36.436932367149716,22.919719806763258,22.919719806763258
952.0,58.64211407555955,63.941575546781486,54.71653647479349,50.90096046240096,54.04968499651192,53.4835073941682,41.64357665745589,55.19566317211,5.447670607866058,14.947718829999202,10.928372361318694,7.232133698818106,1.7770074606760529,4.367403405543624,1.6534530807492225,7.0531460706434395,48.471502415458886,45.752072463768066,44.65382608695647,32.32302898550721,36.68398067632847,30.507425120772915,36.42170048309175,22.89862318840577,22.89862318840577
954.0,58.65561886673557,63.95078859240545,54.724258767853684,50.91446543408029,54.06202826448796,53.493945023921626,41.646606267357626,55.212019316354244,5.4195489510597925,15.013586093817727,10.842106906939382,7.162683675770726,1.7626010991472176,4.378131533090309,1.6220440442903092,7.104327033383914,48.476410628019266,45.79552657004826,44.62645893719802,32.320613526570014,36.66040579710141,30.515555555555526,36.40468599033812,22.877632850241522,22.877632850241522
956.0,58.65645733952425,63.9604162168927,54.74350877628527,50.92151649697176,54.06770904705349,53.4958378238047,41.64790950852639,55.219737484596365,5.454644587011267,15.113406747010494,10.821460971315291,7.035007848700197,1.7424490584945982,4.396949949079646,1.6422121165021097,7.185308237504938,48.480169082125556,45.843999999999944,44.60207729468594,32.317652173913004,36.63152657004827,30.527429951690788,36.39361835748788,22.855164251207704,22.855164251207704
958.0,58.662721215400495,63.97384609250706,54.75822278542523,50.92593997344322,54.076145683552824,53.49483668679782,41.6455819538127,55.22810018196811,5.398922202509162,14.996995965378263,10.833222197136003,7.098574469801044,1.7973027228995215,4.389593339247251,1.6606591323279674,7.116012714028644,48.48441062801927,45.89544927536227,44.580594202898496,32.31470048309175,36.5969178743961,30.542613526570015,36.38840096618353,22.83074396135263,22.83074396135263
960.0,58.67545809241735,63.98637583467745,54.769255712141295,50.93268170390604,54.0820571061631,53.49998362209484,41.64359552230054,55.24052863962341,5.401336936150114,14.94931579044708,10.861163259726762,7.119532868889477,1.8024990095189044,4.397292950199353,1.662004865563765,7.115103973021107,48.488942028985456,45.94427536231879,44.560096618357434,32.31348792270528,36.558487922705275,30.559449275362283,36.384763285024114,22.807405797101424,22.807405797101424
962.0,58.68994890377254,63.993622627978546,54.777201299731104,50.93785171768329,54.091174596852156,53.50692320449285,41.64615020320435,55.25226920159302,5.440800541902292,14.980380539081889,10.891114592402097,7.135435675680844,1.766783243095957,4.357461622456244,1.6725421620161678,7.151027566028813,48.492347826086906,45.99337198067627,44.54224154589367,32.313917874396104,36.52292270531397,30.579280193236677,36.38143478260865,22.789309178743935,22.789309178743935
964.0,58.70479115343626,64.01146373809931,54.77668075569896,50.94402592417988,54.10077046418482,53.51183931017742,41.65200205803221,55.26035504744205,5.385176867869928,15.01877891545082,10.959576510177376,7.145079273143371,1.7711224155920517,4.324770061335193,1.6773553224421092,7.192709979939241,48.4949903381642,46.043299516908164,44.52741545893715,32.314671497584506,36.4902560386473,30.601623188405764,36.38131884057967,22.778787439613502,22.778787439613502
966.0,58.71936779078832,64.03029005510173,54.779152298587924,50.95311532320566,54.10725595765724,53.520605139456244,41.65761139780343,55.26648464620304,5.409938557518977,14.987503755444006,10.92866304426915,7.126047722266819,1.7685482723911525,4.340304105998603,1.6901809711385347,7.109498448540159,48.4984057971014,46.09177777777772,44.51656038647339,32.317429951690784,36.4605217391304,30.625995169082092,36.38609661835744,22.77457004830915,22.77457004830915
968.0,58.73570754897622,64.04186155029791,54.79159824933825,50.963846187802275,54.111301000063634,53.536139851216674,41.65751863665765,55.28211286156154,5.404859783795657,15.008061071790971,10.948890863900909,7.143615982625048,1.7795336634936987,4.364869710800061,1.7006488589123405,7.053592750623571,48.50413043478255,46.13127536231879,44.511792270531345,32.32509661835745,36.43675362318836,30.65313526570045,36.39444927536228,22.775386473429926,22.775386473429926
970.0,58.754260552991305,64.05815837145,54.80173802518647,50.97267993434876,54.111930826677636,53.54085110870464,41.656338447865814,55.30005837950449,5.375318095041826,14.986120953438927,10.892122858989943,7.267381903546646,1.7775790481137548,4.3885257141405285,1.6790342859441632,7.048460000225845,48.51252657004826,46.15799516908208,44.511574879227,32.333352657004795,36.420159420289814,30.682004830917844,36.40445410628015,22.781140096618334,22.781140096618334
972.0,58.7746951199384,64.07557323216707,54.807473888304905,50.98217137564001,54.114723623289585,53.54371708267639,41.662558207085766,55.31366230404279,5.422641362506024,15.005417063325302,10.817450702419277,7.242470588221686,1.7404945795084337,4.374534941301205,1.6672845884915664,7.0964131984192775,48.5221787439613,46.17422222222217,44.51554589371976,32.3408792270531,36.41072463768112,30.708565217391268,36.41841062801928,22.792908212560363,22.792908212560363
974.0,58.78445199773314,64.08622018452277,54.81839425321989,50.987838242272176,54.118882783721055,53.5506383889245,41.66908699141784,55.325480119694504,5.433560987279523,15.090728877016302,10.77015050111491,7.154391449943539,1.7275659536286283,4.400347759382902,1.6548837482624255,7.186835337110139,48.53289371980671,46.17679710144922,44.52389855072459,32.35053140096615,36.40960869565213,30.731777777777744,36.43622222222218,22.812371980676307,22.812371980676307
976.0,58.78727165656202,64.10214511588592,54.827152869579464,50.98674488265408,54.12748874826454,53.55480413256009,41.67287799617308,55.33538717015145,5.428959804780685,15.106835511462373,10.816618703027768,7.132755536727565,1.7452785709714287,4.41214598056177,1.6525413975307848,7.136441001026962,48.54387439613521,46.16735265700478,44.533729468598985,32.36028985507242,36.41854106280189,30.753603864734263,36.45479227053136,22.83943478260867,22.83943478260867
978.0,58.7910408878244,64.11158012607393,54.83437672191972,50.98689060249136,54.128983670823416,53.55325238013471,41.67653684024521,55.339760527261475,5.478802695477043,15.15370229691964,10.920464801517545,7.085449226491389,1.7774059415778038,4.353482876218428,1.6757143286651777,7.04945716433259,48.55249758454101,46.1444251207729,44.543830917874345,32.369309178743926,36.43620289855068,30.769956521739093,36.47464251207725,22.86674396135263,22.86674396135263
980.0,58.79806350420061,64.12573947478681,54.83846262194999,50.98978792561183,54.13595166005011,53.55888476405034,41.67978718612509,55.345000571262155,5.480654439634413,15.160355830967523,10.840956032372896,7.122919841836421,1.7878010947764007,4.338107473132125,1.6551603163271582,7.049807875942868,48.55912560386468,46.109502415458884,44.55467632850237,32.3785217391304,36.46122705314006,30.78157487922702,36.49385024154585,22.89107246376809,22.89107246376809
982.0,58.816042941119406,64.13841041789742,54.84368618362201,51.000001936646456,54.14040942722931,53.57459595605682,41.68652432492551,55.35987829406355,5.469678315645575,15.077579917997955,10.858521332325571,7.120686729341587,1.779036305146882,4.304648073263434,1.6152920381433602,7.136900704057709,48.56467632850236,46.07134299516903,44.56785024154584,32.38763768115938,36.49459420289851,30.79224637681156,36.511048309178705,22.916304347826063,22.916304347826063
984.0,58.83877251935977,64.14028913521649,54.84718806626767,51.01379540401734,54.14255756166193,53.58709778809165,41.699109157841264,55.37606200046493,5.432664061976892,15.006503308700445,10.891657294068539,7.094131278451127,1.7765857128778517,4.38032947482532,1.6325218051040624,7.172588266577218,48.56881159420284,46.02856521739125,44.583062801932314,32.39636714975842,36.53358454106276,30.797980676328468,36.52539130434778,22.942608695652147,22.942608695652147
986.0,58.855740095217755,64.14317147575073,54.84810629205239,51.02264296807803,54.144862887067944,53.59826706240283,41.71184671836992,55.38574269485953,5.498759582173327,15.08072469083762,10.930531857053877,7.131604829212697,1.7657926839810512,4.367949376272354,1.6479186659048255,7.021584469145947,48.57358937198062,45.97871014492748,44.598149758454056,32.40442028985503,36.573555555555515,30.79848792270528,36.53533333333329,22.96889855072461,22.96889855072461
988.0,58.866924532848536,64.14811161105612,54.85275247216995,51.030355406339055,54.1490060403458,53.60965802727305,41.721461075468895,55.393310241801345,5.46176463475311,15.173429320795728,10.929786163610077,7.086256042897515,1.7891401595690606,4.293834565330058,1.6620138363899246,7.050441009739636,48.57867149758448,45.931512077294634,44.61145410628014,32.41150724637678,36.612719806763245,30.794130434782577,36.541057971014446,22.994053140096593,22.994053140096593
990.0,58.87409557041503,64.1595907989068,54.8583609995216,51.03814180371411,54.16441436281669,53.61189342821777,41.72410625709277,55.40091599347348,5.416033798246399,15.1781718506368,10.8874926012928,7.050472243648,1.763094249664,4.3287208964352,1.6833824003072,7.1528302985984,48.583149758454056,45.893884057970965,44.62299999999995,32.41733816425117,36.65154106280189,30.785318840579674,36.543304347826044,23.017555555555532,23.017555555555532
992.0,58.88452419886444,64.16601974722958,54.859845339550645,51.044292298104665,54.17901471447662,53.61056206566754,41.72154723509894,55.40673571828873,5.469297941160625,15.218686540467612,10.86194008032049,7.146519939341752,1.7511231538328706,4.410189553321746,1.6793134103767828,7.1394978395063715,48.58733816425116,45.8554057971014,44.63571497584536,32.42344927536228,36.691608695652135,30.77433816425117,36.543415458937154,23.037714975845386,23.037714975845386
994.0,58.894978874759836,64.1756788813857,54.855420786112326,51.053948287966655,54.18839332437303,53.61568171558815,41.718307320678605,55.411936100689886,5.446432512499431,15.204615663300094,10.837432123447154,7.117272771568405,1.7553667018990509,4.389242797279981,1.6762626831882355,7.073943877482068,48.59216908212555,45.820787439613476,44.65065217391299,32.43020289855069,36.73028985507242,30.76234782608692,36.54460869565213,23.052888888888862,23.052888888888862
996.0,58.90053094659064,64.19124499484687,54.859144194426925,51.06272001417907,54.193197192272926,53.620963393508404,41.7198041317359,55.41546208519571,5.372482250636693,15.116634883815943,10.786771969965113,7.210673500661737,1.7831520209005989,4.332775293931857,1.6632013301131023,7.065495191534479,48.59740096618352,45.795850241545836,44.66581642512072,32.43618357487919,36.76377777777774,30.75060386473426,36.54414975845406,23.062690821256016,23.062690821256016
998.0,58.90390509573906,64.20666600207437,54.858901618562925,51.06686686134171,54.198711199620824,53.62374197546328,41.728199918562076,55.419390237482915,5.401238412473513,15.09389806437475,10.813092520259332,7.2569433582096785,1.7861931216743598,4.349360387732205,1.6458896870652018,7.082072495804764,48.604048309178694,45.77721739130429,44.6809903381642,32.44119806763281,36.79069565217387,30.738632850241512,36.54240096618353,23.06800483091785,23.06800483091785
1000.0,58.91745958201827,64.21368788505632,54.85852756254121,51.07661602762622,54.20204214280299,53.627656374890755,41.7352785289067,55.431181811769214,5.465875541746814,15.057677611863053,10.874274260711543,7.130326331370583,1.7894882649989132,4.3806213998859365,1.6736240620842997,7.064607988766294,48.61012560386468,45.768589371980624,44.69773429951686,32.44505314009658,36.81331884057967,30.727231884057936,36.542217391304305,23.069811594202875,23.069811594202875
1002.0,58.92835870075888,64.2200113484349,54.8632589711259,51.084964043503575,54.20999254585208,53.62919921194312,41.73535411675279,55.44291282341628,5.449251180892129,15.099317175025217,10.85081020667698,7.133008287414386,1.7480094488057583,4.3879985825957,1.7010431494906713,7.026740777538853,48.61361352656999,45.774140096618304,44.71638647342991,32.4463333333333,36.83097101449272,30.71542028985504,36.54355072463764,23.067396135265675,23.067396135265675
1004.0,58.93737577451197,64.22794255866597,54.86215274485267,51.090780847524044,54.221355271410864,53.62249219979471,41.727007077659636,55.45041825032094,5.418790672575122,15.0667779341623,10.858248947004281,7.13818625878363,1.745770662016728,4.369938916888976,1.6578830992765112,7.042950351345213,48.61666666666661,45.79686473429947,44.73668115942024,32.44540096618354,36.84185024154585,30.703439613526534,36.5458792270531,23.05953623188403,23.05953623188403
1006.0,58.95486556718476,64.23039769934388,54.84845400439314,51.09818618863896,54.23967917765445,53.61743645090267,41.71780047204666,55.460013751078634,5.448194980960081,15.027504177364406,10.875612958408423,7.160753639031525,1.764068506677858,4.370531493322142,1.6624273724294565,7.057759168168465,48.62082125603859,45.82229951690816,44.75652657004826,32.44561835748789,36.8460289855072,30.69153140096615,36.543903381642465,23.04628019323669,23.04628019323669
1008.0,58.96756055678761,64.24122632184027,54.837080193996265,51.10530044264066,54.24829607576354,53.61574077440358,41.71118561332234,55.46564637216766,5.405455883558326,15.008950214651584,10.83958277828848,7.195820480090391,1.788741511753759,4.377909060310756,1.6684523289014266,7.067593636419225,48.62583574879222,45.84493719806758,44.77621256038642,32.447347826086926,36.84545410628015,30.679937198067595,36.537719806763235,23.029536231884034,23.029536231884034
1010.0,58.975918865518,64.2496308182049,54.82839696577368,51.105971857154515,54.2548961139485,53.607613389984685,41.71355106332417,55.469495679045295,5.414462964541016,15.11144239051716,10.785495191185172,7.197671393388879,1.8001400592544194,4.38396271826317,1.66244670308289,7.131911798909646,48.629690821255984,45.87350724637676,44.797806763284974,32.44795169082123,36.84277294685986,30.671946859903347,36.532202898550686,23.01186473429949,23.01186473429949
1012.0,58.98031886449444,64.25737588495961,54.825428275822496,51.10711984855358,54.26155685956675,53.60752891210393,41.7213812276164,55.470179077480154,5.447780722891566,15.080683534136545,10.802155823293173,7.188175702811245,1.7949417670682732,4.367513855421687,1.6626564257028114,7.124039156626506,48.63401932367144,45.90863768115936,44.81972463768111,32.44779227053137,36.835903381642474,30.66485024154586,36.52678260869561,22.992222222222196,22.992222222222196
1014.0,58.98200992971383,64.27063598822478,54.831974915748994,51.11403399462578,54.26139646076853,53.61570630064837,41.72315312717767,55.470865798473454,5.4521738,15.066282,10.8605018,7.1800782,1.7767936,4.4185434,1.6684962,7.100966,48.63928019323666,45.95079227053135,44.8421594202898,32.45023188405794,36.825256038647304,30.65776328502412,36.522111111111066,22.970739130434758,22.970739130434758
1016.0,58.996367618895654,64.28439676620155,54.83623629593492,51.12531050657243,54.262175403947566,53.623403705365064,41.71638840347931,55.47073496018299,5.454558661481236,15.058003503676701,10.929489592087421,7.186675276138556,1.7547254240560832,4.403538936692785,1.6695585583637116,7.043736130507219,48.64415458937192,45.9930483091787,44.86585990338159,32.45258454106277,36.81311594202895,30.652801932367115,36.519458937198024,22.95111594202896,22.95111594202896
1018.0,59.007759891431625,64.30169893223398,54.8313656510904,51.1331689452712,54.27162293739615,53.622179218505686,41.71012711022779,55.46924286742842,5.456563325311317,15.112095492143263,10.926809718148652,7.2034893787204,1.7396988981227866,4.3731049102230175,1.663831763490916,7.024390984286527,48.64732367149753,46.0325942028985,44.88970048309174,32.45333816425118,36.798816425120734,30.648429951690787,36.515874396135224,22.93522705314007,22.93522705314007
1020.0,59.00946830140562,64.31352038203092,54.824705805421495,51.13537937332713,54.28663148544731,53.619955944798924,41.70564117377794,55.46920881326511,5.4031549961216,15.1296425076736,10.829237503232,7.1701050046976,1.75050000128,4.387762501376,1.6497150018048,7.1372175036416,48.64924637681154,46.06954106280189,44.91490338164246,32.45698067632847,36.78296135265697,30.644285024154552,36.512009661835705,22.92316908212558,22.92316908212558
1022.0,59.01397034037316,64.32099392283338,54.82016913621335,51.135981203150976,54.295585526932385,53.62053377431867,41.7002761434228,55.47189260860297,5.4396881825740255,15.102862359786288,10.799988977178247,7.116884608704484,1.7781236311530413,4.374218272198182,1.631980635683377,7.085550150606563,48.651555555555504,46.103937198067584,44.94203864734295,32.46377777777775,36.76680676328498,30.64300483091784,36.5090869565217,22.914483091787414,22.914483091787414
1024.0,59.02074655891893,64.33277798612592,54.815624606876,51.136741388723074,54.30405218225374,53.62120921329649,41.69472527747868,55.473583987352775,5.440022546616285,15.06446210677042,10.822041015888361,7.13112521294574,1.806497987726688,4.393762958553382,1.6569532452282798,7.0954886752406265,48.65405797101444,46.13821256038642,44.970454106280144,32.47221739130431,36.75043478260866,30.64422705314006,36.507724637681115,22.90631400966181,22.90631400966181
1026.0,59.030588440937024,64.3375793282279,54.81388328673122,51.140364178339645,54.314720946396555,53.62679885925437,41.689217522048494,55.482158478780605,5.431450673869261,15.029588768845654,10.812278581297198,7.144287917565692,1.7749789815927932,4.371230952511804,1.6769063401352058,7.124342585699938,48.65473429951685,46.173589371980626,44.99765700483086,32.48200966183571,36.73210144927532,30.64336714975842,36.504922705313966,22.897584541062773,22.897584541062773
1028.0,59.04075290844803,64.34668978611731,54.81718727860729,51.143848656932406,54.32496853823979,53.63770595252053,41.68624930606125,55.489884831030196,5.381452032060248,15.13361995777907,10.804834760882795,7.05974925104116,1.7851808346768885,4.345484313734463,1.6601209539164439,7.102112810828977,48.65456521739125,46.214400966183526,45.02288405797096,32.491642512077256,36.714840579710106,30.64244444444441,36.49945893719803,22.891391304347803,22.891391304347803
1030.0,59.0582900963792,64.35573450369428,54.82140440041789,51.15082100671303,54.326418727957815,53.644464449496766,41.681849171096374,55.49603384928494,5.386458159700793,15.12246514223879,10.874904168621061,7.0744166222299025,1.7930910597756766,4.376561879428247,1.6617945758346293,7.103104972597329,48.655739130434725,46.251806763284975,45.04949758454101,32.50260386473427,36.7028599033816,30.643429951690788,36.497333333333295,22.89083091787437,22.89083091787437
1032.0,59.066735737212944,64.36897005888636,54.82676234930457,51.157901457260174,54.33154522124988,53.65122808405577,41.68079268978832,55.49745647067029,5.461888400950106,15.166100098659829,10.862718460254671,7.187337759117884,1.785494175810096,4.3445115497199795,1.6423998026803428,7.1336820330444715,48.65927053140091,46.28245893719802,45.07898550724633,32.51577777777774,36.69493719806759,30.64281642512074,36.498545893719765,22.89727053140094,22.89727053140094
1034.0,59.068257888394776,64.38115694869289,54.82985790773657,51.15915140451125,54.33812851845989,53.65994463172991,41.68345347874849,55.50104134921741,5.419037101338103,15.228561022764666,10.830408160287902,7.203298986042876,1.7844529141698127,4.338741865558623,1.6357417637035891,7.1497771928545255,48.66501449275357,46.30783574879222,45.109183574879175,32.52904830917871,36.69107246376808,30.64004830917871,36.50014492753619,22.909173913043453,22.909173913043453
1036.0,59.076344226418335,64.3906574950777,54.83231773277763,51.16285053538044,54.340295544904016,53.66650009989837,41.68344444939711,55.50342047594115,5.386038796822982,15.23088406447967,10.834110325077685,7.191275139664374,1.7808444119621691,4.336773883223953,1.6621327809378916,7.087177544139794,48.66922222222217,46.32151207729463,45.140927536231835,32.5421256038647,36.694314009661795,30.635681159420255,36.502227053140054,22.923275362318815,22.923275362318815
1038.0,59.08770645293864,64.40164638095754,54.829026822704655,51.162368302082825,54.3462976633551,53.664579425594624,41.67602739242648,55.50518366836762,5.397371493527856,15.136014980822445,10.922599454217234,7.156360020777555,1.7648168842901804,4.430544643604009,1.6760244981611223,7.057172994244489,48.67174879227048,46.33028502415454,45.17565700483087,32.55594202898547,36.70598067632846,30.631999999999962,36.50488888888885,22.93570531400964,22.93570531400964
1040.0,59.09721623872383,64.41256987184452,54.82853761262391,51.16005246827703,54.348629906808156,53.67016011329589,41.672964498904086,55.509022864949756,5.47735403112843,15.102520970471572,10.926105708787276,7.209273859842544,1.76810934347833,4.430882499155468,1.6614652584842942,7.031679175392445,48.67483091787434,46.337932367149705,45.21363768115936,32.569652173913006,36.72083574879223,30.63063768115938,36.508227053140054,22.94614975845408,22.94614975845408
1042.0,59.10316268720185,64.42559306081492,54.828577105380724,51.16237013824233,54.350855616604306,53.68411473330008,41.68029469971903,55.50572336082586,5.511294834356456,15.070101104277459,10.866668624474189,7.17457954494622,1.759127117764744,4.385118298378962,1.6670204513453089,7.113044163642894,48.67887922705308,46.333772946859845,45.254579710144874,32.580014492753584,36.734864734299485,30.63140096618354,36.511115942028944,22.952975845410602,22.952975845410602
1044.0,59.1089188746035,64.43033192799511,54.83104051322666,51.162588060759305,54.35958154475793,53.69539808485862,41.69364889054652,55.51348208071147,5.423722338757736,15.101725086951726,10.926909394317542,7.090878062206595,1.7825794110746038,4.423491752718577,1.6684432781894902,7.147836929414875,48.68309661835744,46.32521256038642,45.295811594202846,32.58739130434779,36.74700483091784,30.632874396135232,36.51360386473426,22.95745410628017,22.95745410628017
1046.0,59.11536506957939,64.4385680440079,54.83474478049672,51.15697544486453,54.37016871873346,53.70073495791515,41.702240027397906,55.52811596021965,5.4297978980069415,15.067822071926514,10.90073303322311,7.15482777790733,1.8177720720930806,4.388657507808127,1.6514801800661347,7.1090229735897195,48.68668599033811,46.32260869565212,45.337710144927485,32.59331884057968,36.75670048309175,30.634198067632813,36.518135265700444,22.96258454106278,22.96258454106278
1048.0,59.13472800135127,64.4474242406703,54.841736983713716,51.15767478932214,54.37740663109014,53.7064154214933,41.702972173868936,55.5421861294934,5.413371665330177,15.0099365601532,10.899307823740523,7.192259879379572,1.7785432803205317,4.396193881959086,1.652284453198601,7.150805516890223,48.691280193236665,46.328487922705264,45.37947826086952,32.59750724637678,36.76572946859899,30.637463768115907,36.521710144927496,22.96344444444442,22.96344444444442
1050.0,59.14622497486031,64.45374149953409,54.848767553143425,51.15931743707105,54.394256827397264,53.71504207923046,41.70321250752773,55.549736072832175,5.424859094741502,15.014435231810277,10.814985223323319,7.174111359974704,1.7505329566988141,4.361176136512253,1.6618397720158102,7.108135227079842,48.69856038647338,46.34364734299512,45.4203671497584,32.59844444444441,36.773995169082085,30.644111111111076,36.522502415458895,22.95984057971012,22.95984057971012
1052.0,59.15386506388009,64.46209964264085,54.84714469438573,51.159173634711955,54.40767004464676,53.71580627299143,41.70657775040999,55.5532853390891,5.45939526517406,15.101641259367696,10.731267808783366,7.136747001943665,1.7636276579407,4.361316927002091,1.6716310323041017,7.101516977389592,48.70420772946855,46.351898550724584,45.45845410628014,32.59822222222219,36.77952657004827,30.653753623188372,36.5222560386473,22.95386473429949,22.95386473429949
1054.0,59.16702245351357,64.47211217874998,54.84785967114649,51.16172236870128,54.418346992763425,53.71878280284598,41.71063382846051,55.55994769210172,5.43386693328634,15.033182065889484,10.77331913690025,7.116599901268124,1.7201192386333293,4.382630961331426,1.7062154307995743,7.115212725022874,48.70872946859898,46.35061835748787,45.4905942028985,32.597710144927504,36.78390821256035,30.664782608695617,36.51782608695648,22.944463768115916,22.944463768115916
1056.0,59.17333214393995,64.4854448823709,54.856386905975995,51.16720843995917,54.41993996172244,53.72505660822696,41.71256128399851,55.5678205006376,5.5238282085376,14.9692893057024,10.8845096048128,7.0985225100800005,1.7427827047936,4.4247101011968,1.6971945980928,7.0712047896064,48.71380676328498,46.361053140096566,45.51842028985502,32.595951690821224,36.78745410628015,30.676144927536196,36.5132753623188,22.935932367149732,22.935932367149732
1058.0,59.177287100065236,64.49371566398494,54.864268662825346,51.17439666684384,54.422865063221124,53.72844102185883,41.71580319365774,55.57349372416155,5.5386448944952615,14.999771078972998,10.922257192318675,7.194832255155902,1.7786306616102106,4.369891833078332,1.6819370832338876,7.054056898243641,48.717468599033765,46.39248309178738,45.544120772946805,32.59438647342992,36.79042995169078,30.688516908212524,36.51206280193233,22.9337874396135,22.9337874396135
1060.0,59.18251872330961,64.49812987417216,54.87418184031834,51.1804461880137,54.43259582856411,53.7391307397975,41.72146000757891,55.57029519650701,5.456797301189319,14.965813193634006,10.898521290066048,7.180758021947683,1.7789990999827798,4.334286954093735,1.6696670171559667,7.128304649054821,48.7207439613526,46.437082125603816,45.566835748792215,32.59445410628016,36.7942753623188,30.70187439613523,36.51104347826083,22.935816425120745,22.935816425120745
1062.0,59.18744702644128,64.51018622703523,54.882872110561756,51.185226829412905,54.436376843729136,53.7479118369366,41.72502252603514,55.57231117312923,5.416629032258064,15.028379032258066,10.922271572580646,7.146038508064517,1.7654524193548387,4.381588911290322,1.6543778225806451,7.004170362903226,48.72343961352652,46.48858454106275,45.58687922705309,32.59642028985503,36.79860386473426,30.718541062801897,36.51194685990335,22.941777777777748,22.941777777777748
1064.0,59.19416100219649,64.51432374615504,54.8899817499432,51.19190730846899,54.44273073939084,53.75680894144653,41.725197616908794,55.57358294795596,5.395205070635391,15.122246634268308,11.000320389312288,7.147812194602946,1.7423438039075088,4.35530858455361,1.6799790232614074,6.979139019005563,48.72536231884053,46.543328502415406,45.60634299516903,32.59877294685987,36.803028985507204,30.738396135265667,36.5135024154589,22.94973429951688,22.94973429951688
1066.0,59.20243095993213,64.51549478727551,54.88979365038567,51.19733711235326,54.45044855107879,53.75640152104,41.72195521108239,55.57803864232598,5.423512338424257,15.100119010939148,10.977794139618629,7.14060556296578,1.747292317074528,4.377857330233033,1.6826536927549407,7.106927906357316,48.72631884057966,46.59411111111106,45.62487439613521,32.6030483091787,36.80716425120769,30.758874396135234,36.51383574879223,22.95901932367147,22.95901932367147
1068.0,59.21439389911111,64.51750331837437,54.888276970978474,51.20029932697264,54.46061460716691,53.751586564974964,41.71640058103733,55.58698464943066,5.385801365851334,15.109503137288518,10.929212949404972,7.108940465223363,1.7440065257341515,4.373721850953869,1.6583444110161063,7.11891740017942,48.727942028985446,46.63858937198063,45.645120772946804,32.609608695652135,36.811845410627974,30.781584541062763,36.5158985507246,22.972028985507222,22.972028985507222
1070.0,59.22373679568298,64.52210429179634,54.89495971918394,51.20688844016347,54.460160157468934,53.754425079396434,41.7110016164821,55.601075237028866,5.4319710814936295,15.119695863604003,10.923252677850748,7.153311761368201,1.807388395102832,4.337243824506643,1.6567097377718758,7.149630647293439,48.73069082125598,46.679280193236664,45.66729951690816,32.61703864734296,36.81735265700479,30.806260869565183,36.521468599033774,22.983333333333306,22.983333333333306
1072.0,59.22927715346394,64.52634343386099,54.89696042539664,51.21231415293086,54.456742647790996,53.76156935009113,41.704690307160256,55.61877873929926,5.4565050260635015,15.10057933203899,10.9070519566186,7.164124018817364,1.810178768331984,4.3501558685296455,1.648192738116706,7.130601672554839,48.73324637681154,46.713908212560334,45.689198067632795,32.62514492753619,36.82406280193233,30.829541062801898,36.52571980676325,22.99110628019321,22.99110628019321
1074.0,59.24116187003316,64.5229264623835,54.89677679804186,51.21500643079193,54.458755091531486,53.772339349315516,41.6980965709356,55.63614812828193,5.4458154974464,15.1786644984576,10.9063857524096,7.1135084974848,1.7550134994688,4.4123957499776,1.6688517496704,7.0859307472256,48.73551207729463,46.74078743961347,45.71282608695647,32.63495652173909,36.8312753623188,30.850966183574844,36.52682608695648,23.00012560386471,23.00012560386471
1076.0,59.24828659882272,64.52876821954065,54.902281936519046,51.22353881788641,54.460408618730376,53.78022655882268,41.692473453967374,55.6480344944838,5.472117108152519,15.110079537811743,10.878963031841971,7.142879239294454,1.7568643820339975,4.383632915865893,1.6510013501920258,7.134182341133672,48.737391304347774,46.7641980676328,45.73962318840575,32.64572463768113,36.83903864734295,30.87480676328499,36.53078743961348,23.010946859903356,23.010946859903356
1078.0,59.25598990422595,64.54028009626909,54.90749278097441,51.2304139413249,54.46128764712471,53.785628697349786,41.685275007877735,55.65633582719443,5.443189814245236,15.049034424353934,10.835529198614749,7.174952135428997,1.756699900220381,4.387055095202319,1.6335692431764703,7.068876112954434,48.738787439613475,46.780478260869515,45.77050724637676,32.656130434782575,36.84814975845406,30.901062801932337,36.538826086956476,23.021125603864707,23.021125603864707
1080.0,59.26474266083148,64.54524689887332,54.91318877067426,51.23442655106472,54.46436608032914,53.79742518270423,41.68161669392443,55.66388869874282,5.439327498892809,15.098735459919707,10.801744797719907,7.197963456376698,1.7708,4.461139680100577,1.654296916925011,7.020305615183511,48.74142995169076,46.788299516908154,45.80466666666661,32.66545893719803,36.857120772946814,30.92668599033813,36.54560869565213,23.02816908212558,23.02816908212558
1082.0,59.27106436002683,64.54871692663073,54.91684876248496,51.238538200304866,54.47420300798323,53.80022351464955,41.67862416284838,55.67879037006006,5.436549600823901,14.966663574542252,10.868805189800264,7.118135529227692,1.769791616790945,4.427983434447385,1.6464228544923407,7.128276146289967,48.74404830917869,46.781333333333286,45.84073429951685,32.67356521739127,36.86517874396131,30.95157971014489,36.54885024154585,23.03188405797099,23.03188405797099
1084.0,59.276908048549224,64.56275387303417,54.91923606528669,51.248008717306234,54.4768203191879,53.79938179096611,41.67177599790319,55.69375953073035,5.440066550071593,14.98236319779606,10.868448921328412,7.125722604580689,1.7723564042943194,4.365085034068186,1.6369782021471597,7.200282118522725,48.7459903381642,46.76693236714971,45.878565217391255,32.68270048309175,36.8704251207729,30.978599033816394,36.54986956521735,23.03437681159418,23.03437681159418
1086.0,59.28741310330726,64.57169845790004,54.91795056493006,51.25226765696376,54.48085542788618,53.80644039413382,41.6653714643988,55.70651267821111,5.414528412797489,15.177227165377019,10.893948674857471,7.162059179744778,1.7919943477916767,4.3801983491266165,1.6354628812562158,7.183530715132584,48.747826086956465,46.760845410627965,45.918014492753564,32.69211594202895,36.87100966183571,31.01059903381639,36.54998550724633,23.035879227053112,23.035879227053112
1088.0,59.29659225457856,64.58085465427068,54.920672375640265,51.25670334067324,54.487332889013786,53.81551256035201,41.669139823004066,55.71445574514892,5.401682061785923,15.197301196962592,10.838709419320079,7.175857448643111,1.8067367714459623,4.425768857492573,1.652642899118911,7.1865560036653795,48.74833333333328,46.74989855072458,45.960159420289806,32.69806280193233,36.864478260869525,31.045657004830886,36.547516908212515,23.03540096618355,23.03540096618355
1090.0,59.300812103123846,64.59755949696027,54.927453396187474,51.26526523127739,54.5000159704321,53.81858818158589,41.674917486189514,55.72484748952998,5.455804048870844,15.154827999700638,10.792415207588826,7.17829871648549,1.789743506651449,4.444665236589518,1.6606181244971654,7.179991408311038,48.74871980676323,46.72693236714971,46.00429951690816,32.69979227053136,36.85015458937194,31.081294685990304,36.540164251207685,23.03315942028983,23.03315942028983
1092.0,59.307089975357584,64.60870910934521,54.93566722132627,51.26758728214049,54.52069360948429,53.824707332500246,41.67820418768938,55.74340339765239,5.466239512255627,15.105783390683056,10.856884509646221,7.201383698507139,1.7581059415664704,4.337765717243375,1.636651549300609,7.095162720366081,48.750811594202844,46.71193236714971,46.04673429951686,32.6989371980676,36.828521739130395,31.11625603864731,36.531009661835704,23.031198067632825,23.031198067632825
1094.0,59.32236623708449,64.62272340100526,54.93977828987588,51.26849738581735,54.536298831531575,53.834160174253626,41.67360892908348,55.75447452386513,5.4408635486976,15.0070493487872,10.8741592021504,7.2176718972928,1.7329789498624,4.2951834513664,1.6431168995328,7.039839501824,48.75222705314004,46.708777777777726,46.0867632850241,32.69651207729465,36.800618357487885,31.151111111111078,36.5224830917874,23.032227053140073,23.032227053140073
1096.0,59.33587367109187,64.64163080595081,54.94564053326238,51.272799972864924,54.54756586208318,53.83868278026603,41.66742472566129,55.76197038877911,5.432184912359763,15.038367213090336,10.89974393391716,7.0775175473357,1.7561438875392505,4.361899411465089,1.6497355040946746,7.105068099092702,48.75241062801927,46.705304347826036,46.12485990338159,32.69292753623185,36.7704830917874,31.185859903381612,36.51398067632846,23.033623188405773,23.033623188405773
1098.0,59.34058561653485,64.65821337949474,54.95764722290905,51.28445709999692,54.55930338583822,53.84350632521714,41.665629741200725,55.771665006487275,5.448769406208604,15.137057535368198,10.88189863015976,7.053150233017141,1.785126940329922,4.409422373918705,1.667957534121318,7.129215980776752,48.75018840579705,46.704521739130385,46.158449275362265,32.68799033816421,36.73915458937194,31.219328502415426,36.50550241545889,23.032241545893694,23.032241545893694
1100.0,59.35047367419884,64.67603405715079,54.96110309016729,51.292588246270654,54.56657599927649,53.84863119224297,41.66390609198511,55.779376803129885,5.482028038465809,15.178670173472709,10.854235137377346,7.181182084904589,1.7625959309341244,4.359190819954634,1.6557252111841123,7.189718458679315,48.744338164251154,46.71062801932362,46.18673429951686,32.683333333333294,36.705893719806724,31.249739130434747,36.497652173913,23.02979710144925,23.02979710144925
1102.0,59.35862000113819,64.69156054424619,54.961017522265564,51.29553076401122,54.57005078964903,53.86065641256832,41.65996773043438,55.78589373956681,5.498152825887569,15.183146468278279,10.85953980773133,7.171222956446286,1.757980928192512,4.296737941656537,1.6513027748877676,7.2761107976337955,48.73841545893714,46.73338164251202,46.209473429951636,32.676971014492715,36.67178743961349,31.275265700483054,36.48860386473425,23.02983091787437,23.02983091787437
1104.0,59.359666059865326,64.70152595590119,54.96654662388082,51.30285337560432,54.569169047972046,53.872331734544154,41.66016149435038,55.791788328256565,5.432635632471544,15.143705747794352,10.919083908079505,7.150218391621624,1.78263678147773,4.304296551139161,1.6599517241617536,7.149762070513984,48.73353140096612,46.772512077294635,46.227584541062754,32.6705217391304,36.63852657004826,31.298859903381608,36.48196135265696,23.036550724637657,23.036550724637657
1106.0,59.36541926027955,64.71023016124381,54.97432004562149,51.315361151260696,54.574572435760466,53.88142447551688,41.66781557368511,55.79285383934191,5.421427362529902,15.110645272724076,10.85761144793864,7.110828357007179,1.772339305121707,4.348447263156045,1.6462208965808331,7.063447262417338,48.7289710144927,46.814603864734245,46.2437632850241,32.666777777777746,36.6078019323671,31.322251207729433,36.4777101449275,23.048227053140074,23.048227053140074
1108.0,59.369348271698044,64.72395816554842,54.98041509079341,51.31803993877186,54.586905130043526,53.88918860360523,41.68300008959338,55.79173987639226,5.434069773376154,15.134844584703503,10.766459193624478,7.107821913652294,1.7457959697473764,4.354964987349602,1.643268514294602,7.0597715357653295,48.72519323671492,46.854603864734244,46.25887922705309,32.66365700483088,36.58130434782604,31.345995169082087,36.47340579710141,23.057748792270505,23.057748792270505
1110.0,59.3725733579964,64.74046418398659,54.98410833364335,51.323488402976174,54.588086211787726,53.89035912448531,41.699555190424526,55.791341606060854,5.447464335775307,15.136527372497751,10.816176574121778,7.092007992160928,1.771178521767607,4.351788561429702,1.6676654845784304,7.08996723344705,48.723830917874345,46.895710144927484,46.27502415458932,32.66325120772943,36.56012077294682,31.37009178743958,36.470777777777734,23.064004830917852,23.064004830917852
1112.0,59.37898574651167,64.74985078538064,54.990767578187324,51.33597514391425,54.584288592431136,53.89885411560365,41.71231627377639,55.79112670724804,5.474848452062275,15.09761497178443,10.91820029815569,7.124122803391617,1.7873755503520958,4.34852919177964,1.69476701451497,7.124167319070659,48.72591304347821,46.937357487922654,46.29251207729463,32.668222222222184,36.54717874396131,31.390937198067597,36.471507246376774,23.07005797101447,23.07005797101447
1114.0,59.39003141688539,64.76128078770685,54.98907798514791,51.34659196579333,54.584351131215755,53.902606256441594,41.725564452675876,55.79130578638635,5.4741277014528,15.0511482011648,10.934614550451201,7.1447743497984,1.7510271007744,4.3981955460352005,1.6924160521472,7.0962719470848,48.729468599033765,46.96794685990333,46.31048309178738,32.67885024154585,36.54185024154585,31.409753623188372,36.47789371980672,23.07779710144925,23.07779710144925
1116.0,59.39941130553327,64.7769578799814,54.99155049192649,51.35592262075704,54.590633702334664,53.90575502354402,41.73790774142318,55.79302741438502,5.447022183317286,15.045419929235292,10.898908564039933,7.1245072619267225,1.7569964438047934,4.43187531459991,1.6637482219023967,7.135605759205392,48.73435265700478,46.989512077294634,46.331729468598986,32.6924637681159,36.53993719806759,31.429589371980644,36.4862367149758,23.084985507246355,23.084985507246355
1118.0,59.40421362495629,64.78815611089104,54.99406678431924,51.36488864395788,54.59693779287757,53.917523953221036,41.748140017452705,55.79537012568313,5.5102712835755066,15.109644220713742,10.873789694457159,7.122716857452187,1.773969234935252,4.410834916503535,1.689091345292123,7.103877589243338,48.74164251207724,47.01233816425115,46.35726570048304,32.708265700483054,36.54084541062797,31.448714975845373,36.49648792270528,23.08583091787437,23.08583091787437
1120.0,59.41555801357942,64.79120715943179,54.993476605667254,51.37127692437492,54.599566465385415,53.933666901346854,41.7552914209454,55.79968414601781,5.579893370084522,15.141100598511704,10.889817298109977,7.134969790951612,1.776078165329813,4.4601423229283235,1.697786141657341,7.091761066723737,48.75063768115937,47.03462801932362,46.38694685990333,32.72550724637677,36.54572463768111,31.466671497584503,36.507995169082086,23.08119323671495,23.08119323671495
1122.0,59.4220008586252,64.7984543321435,54.99284739966709,51.37601623819619,54.60792123890968,53.947196936339814,41.76043587238084,55.79988905795236,5.509420882291032,15.056399850758552,10.865463545808613,7.074114572308264,1.7884748624689164,4.427287081551568,1.6672869808949924,7.117950275062167,48.76068599033811,47.05288888888884,46.41885024154584,32.74226570048305,36.55324637681155,31.483652173913008,36.52132850241542,23.07191787439611,23.07191787439611
1124.0,59.42415412205454,64.81656437180372,54.99309060971605,51.38368457585623,54.62023908072327,53.95452463074306,41.763347440253504,55.79700948313238,5.4531423569801305,15.050643351518456,10.857895202646647,7.077644252863569,1.7843725268250166,4.368320079710375,1.6376016984488597,7.135665435036351,48.76996135265695,47.072840579710096,46.449830917874344,32.75661835748789,36.56203381642508,31.5005024154589,36.53648792270527,23.056405797101423,23.056405797101423
1126.0,59.43578550987067,64.82475408780344,54.99604999555766,51.389539612365226,54.624567695200696,53.96440438687635,41.76381406545311,55.798494521579904,5.45641211256619,15.137718117674916,10.835985288841783,7.173376273029748,1.7984471468942769,4.364851652083978,1.642175675235192,7.128342442439724,48.778463768115884,47.09009178743956,46.482743961352604,32.767816425120735,36.57248792270527,31.51628985507243,36.54925120772943,23.03967632850239,23.03967632850239
1128.0,59.452381548154975,64.8258746652561,55.00153811065841,51.39989102005151,54.63254745213912,53.9704428073061,41.76156780195547,55.80585563549112,5.456752665123523,15.160483158208653,10.839177823293145,7.254805529944924,1.7639046359729398,4.3811110598898475,1.6426061290385534,7.114381565294101,48.78619323671492,47.098536231884005,46.51739613526565,32.778714975845375,36.58378743961348,31.530082125603826,36.56018840579706,23.023144927536205,23.023144927536205
1130.0,59.459218315076754,64.83795334841389,55.007435865461886,51.41750383204371,54.64743661986145,53.96760901682712,41.75716130544877,55.81491846512981,5.487866002206756,15.131885343401134,10.906539530927887,7.201331704028286,1.7163658525246117,4.385064555959989,1.66601021977203,7.108873728977947,48.79314975845405,47.10481642512072,46.553594202898495,32.78977294685986,36.59328502415455,31.54577294685987,36.56799516908208,23.00526086956519,23.00526086956519
1132.0,59.467315826876245,64.84710795568819,55.00894656759184,51.432587513879085,54.65044788044798,53.97057439941803,41.75115695279696,55.82040360827999,5.459256754343997,15.093280211468107,10.893088197704538,7.141451181065308,1.7524369166564981,4.359363435790347,1.6831763429104258,7.135125012706782,48.79933333333328,47.115753623188354,46.5923671497584,32.7996714975845,36.59828502415455,31.564256038647308,36.573748792270486,22.98812560386471,22.98812560386471
1134.0,59.47911346590415,64.84679334536295,55.00539938875645,51.438989511210316,54.65202335090548,53.978998402365725,41.746157133794526,55.82512475032756,5.415183164452328,15.029004567034814,10.972093355722514,7.200581241616347,1.795673117454712,4.387698375843281,1.6449233389306284,7.16632718122455,48.801695652173855,47.1257439613526,46.63418840579704,32.80648792270528,36.59964734299513,31.584647342995137,36.57852657004826,22.97263285024152,22.97263285024152
1136.0,59.486786757920065,64.85327704508623,55.00610990762563,51.44368834436564,54.66438075710866,53.97804807086482,41.73770929161242,55.831583210332596,5.448673857775505,14.962770559378157,10.880481216605485,7.170205075596015,1.8008766496957305,4.4031776650800305,1.6483733501938127,7.142380202325754,48.79891787439608,47.12996135265694,46.6778019323671,32.80947342995165,36.59696135265696,31.605458937198033,36.57735748792267,22.95846859903379,22.95846859903379
1138.0,59.49362984920075,64.85611041055111,55.01318612658399,51.452869105344206,54.68150966744353,53.974350075282864,41.72215920943159,55.83941823665876,5.4159236965269075,15.08745240813494,10.807467863800802,7.123407981146988,1.7986542166361446,4.393965814785543,1.6411667671389558,7.058700904250602,48.79623671497579,47.14556521739125,46.718999999999944,32.80965700483088,36.59099033816421,31.626376811594167,36.57187439613522,22.94531884057968,22.94531884057968
1140.0,59.4991357042243,64.85575125622519,55.01364063819649,51.45434184168102,54.69293641733648,53.979922739612746,41.70861427759322,55.84411551180149,5.431861386127248,15.106707274380367,10.931429596128392,7.132384852910958,1.8033950174512423,4.375170254289531,1.6639557055287968,7.048617538642036,48.79706280193231,47.15746376811589,46.755400966183515,32.806845410627986,36.5812753623188,31.64703864734296,36.56853623188402,22.93285507246374,22.93285507246374
1142.0,59.50282162359268,64.86299704130835,55.01087780083244,51.44899527783657,54.701319143696,53.98497734193978,41.697229228332574,55.85094636718551,5.4881513479831305,15.059113183564392,10.874387708931854,7.152644957407715,1.7721686285702376,4.380688111345416,1.6665392581217657,7.081248154543175,48.79637681159415,47.13677777777772,46.78822705314004,32.802671497584505,36.56856521739126,31.667033816425086,36.56785024154585,22.921304347826062,22.921304347826062
1144.0,59.507290926185895,64.86756851068718,55.018517157406926,51.451439677189626,54.71290617318088,53.98090949270503,41.6918199694894,55.85798191223751,5.449101304175597,15.068416489299521,10.846775788675663,7.202884009598909,1.7485798489766866,4.370888521345331,1.6535641093785949,7.103558597127744,48.790937198067574,47.10082125603859,46.81870048309173,32.797594202898516,36.55543478260865,31.685903381642476,36.5655942028985,22.909589371980648,22.909589371980648
1146.0,59.513444620509084,64.86282340183347,55.02664794778706,51.45902352888955,54.71941207798568,53.98554055016631,41.69233828298347,55.86558540022268,5.404008520832813,15.051244255778558,10.859845144240115,7.173833338392957,1.7548221248535048,4.423077273731467,1.6619194351826387,7.073454260416407,48.78528019323666,47.07145893719801,46.84443961352652,32.790294685990304,36.542077294685946,31.704966183574843,36.56121256038643,22.899550724637656,22.899550724637656
1148.0,59.51542001287451,64.85949734062832,55.0261959400047,51.455410567307396,54.72069789885047,53.998763452946946,41.69373480240914,55.87113085103439,5.402342913990298,14.96288120191879,10.825095578442328,7.157269744554436,1.7528370830560536,4.455911661868488,1.6295930645993528,7.076112160206612,48.78211594202893,47.04399516908207,46.86611111111105,32.78067632850238,36.52813043478257,31.7255410628019,36.557198067632804,22.894806763284997,22.894806763284997
1150.0,59.517315304807994,64.85664920872793,55.03392536566983,51.45430941381162,54.72284310507407,54.0040432550246,41.69748027524755,55.87909311705307,5.436381217184018,15.107148446411289,10.892252242908947,7.2227830169585285,1.7937003993446299,4.34965664659458,1.64332577407068,7.0737392614848025,48.77998067632845,47.01440096618352,46.88442995169077,32.76864251207726,36.513280193236675,31.74716908212557,36.55064734299513,22.897231884057945,22.897231884057945
1152.0,59.52813750763781,64.84993794326758,55.051914436356455,51.46022228220348,54.732712601530416,54.00368150026638,41.71050484195462,55.89157420210199,5.497639995852801,15.1939675032576,10.997687499520001,7.187387505408,1.7987600000512,4.3454324903424,1.653399998976,7.1073849925632,48.778062801932315,46.98158454106275,46.90020772946854,32.7577487922705,36.497864734299476,31.771265700483056,36.54170531400962,22.904574879227027,22.904574879227027
1154.0,59.54144998701503,64.85104856270164,55.06375448856991,51.46034866015442,54.7453101209358,54.004834327314235,41.72957290736916,55.894767609581976,5.48317930788323,15.167752368715089,10.90072071027298,7.162074311452546,1.7894396519242584,4.328843403786323,1.6602683294537521,7.137656363438807,48.77737681159415,46.94853140096613,46.91256038647337,32.74798067632847,36.481652173913,31.796294685990304,36.529898550724596,22.912806763284998,22.912806763284998
1156.0,59.54480408900254,64.85771357917695,55.07107496781188,51.46124889029573,54.75380356645799,54.00298387375299,41.74826175640284,55.89634180719177,5.451036790700772,15.135155370906668,10.776177881766857,7.161595909598134,1.77212666057788,4.270242227831301,1.6535141291929585,7.132211677715054,48.7801594202898,46.9229710144927,46.92130434782603,32.73937198067629,36.46745893719803,31.821990338164213,36.51713526570044,22.921468599033794,22.921468599033794
1158.0,59.55627567900617,64.85841444484046,55.08248181397903,51.466451493084975,54.755539040997895,54.00423766548006,41.76505303779323,55.90123329847369,5.438709961260035,15.106485311367122,10.803460261351825,7.172236819655446,1.768669517014988,4.409760763951486,1.645296378346415,7.160187324701789,48.78564734299512,46.902362318840524,46.92874879227048,32.73622705314006,36.45632367149754,31.848135265700446,36.50771980676324,22.933053140096593,22.933053140096593
1160.0,59.57543186968801,64.85253375680996,55.092529238069574,51.46923641676885,54.755377958824255,54.01064406723316,41.77849410642807,55.90763564809568,5.422476523591545,15.0918129315144,10.884562493455125,7.215711539625931,1.7606288545860231,4.422229749108554,1.6628510466769484,7.16053940684167,48.793077294685936,46.88416425120768,46.93242512077289,32.73685024154586,36.44750724637677,31.87273429951687,36.50113043478257,22.946386473429925,22.946386473429925
1162.0,59.59004080286895,64.84791702414593,55.10489246228532,51.46867813850265,54.75833130299472,54.01770206299889,41.78906973021157,55.91389523995259,5.4410834273682775,15.07649645389527,10.87163160596604,7.21485696324451,1.7657645524364796,4.3996555662999715,1.6874750376107825,7.200368697616976,48.80103381642507,46.87123188405792,46.93291304347821,32.73894202898547,36.43661835748789,31.896840579710112,36.49684541062798,22.95842028985505,22.95842028985505
1164.0,59.60072939547916,64.84846016171618,55.11898165900477,51.46697646759897,54.768374672147765,54.01943237938238,41.7960041947259,55.91506670028142,5.430003053330289,15.110059470585332,10.783655142012492,7.2297047257264175,1.7880071833263387,4.413939678635791,1.6725278260547558,7.1485412380884785,48.80983091787434,46.87189855072459,46.933840579710086,32.741946859903344,36.42339130434778,31.920333333333296,36.493086956521694,22.970850241545868,22.970850241545868
1166.0,59.60497945937877,64.85013300068942,55.13295342753896,51.467560748254805,54.77992584583578,54.02358822652007,41.80032123093822,55.91843958570798,5.4671925514494095,15.067339970260967,10.863398499140626,7.142059481432827,1.7607152083992597,4.418130114772277,1.660624362250664,7.118768584173871,48.82151207729463,46.8861980676328,46.93588405797096,32.74643478260866,36.41411594202894,31.94009178743958,36.492251207729424,22.982893719806736,22.982893719806736
1168.0,59.61657522099349,64.84949308967062,55.153613140805525,51.46995014904134,54.77960806263676,54.0318382392476,41.80258097709986,55.930985034527986,5.407839079029534,15.183450572161863,10.838456322412586,7.124681608685423,1.7615839076189355,4.389475862810112,1.6663425285812266,7.145941378807424,48.83564251207724,46.90033816425115,46.93676811594198,32.7504830917874,36.409637681159374,31.95599516908209,36.49428985507242,22.991323671497558,22.991323671497558
1170.0,59.62669581996541,64.84811687377423,55.16715432533277,51.47104567595076,54.781599548665405,54.03773719690743,41.801537258619405,55.93892972784804,5.480065283726388,15.23391257191771,10.799460534267729,7.133560239513209,1.77973135593789,4.326697033906835,1.6810241341166612,7.140782100243377,48.85113526570042,46.91549275362314,46.93543961352652,32.7538985507246,36.40597584541059,31.967874396135233,36.497328502415414,22.995898550724608,22.995898550724608
1172.0,59.64107396392386,64.84472534622188,55.178407130618346,51.47771534919609,54.7867045875352,54.039273109640554,41.79627541496539,55.94477097917546,5.497694423417557,15.053731191020997,10.82531290718271,7.061615069038993,1.7716399797411557,4.331485935918483,1.6755060777303923,7.072572125072519,48.866855072463714,46.941753623188355,46.935067632850185,32.75943961352653,36.403323671497546,31.97733816425117,36.50188888888884,22.999980676328477,22.999980676328477
1174.0,59.66028432147252,64.84027213324218,55.193745303342965,51.48460710157563,54.788170727933014,54.04366615562206,41.791664550520814,55.96008133370747,5.493595409269476,15.115716867307793,10.890641684909415,7.089665933476999,1.8070832713254525,4.380383929746047,1.633592726340407,7.03662359925381,48.883444444444386,46.97594202898546,46.93764734299512,32.76681642512074,36.402999999999956,31.98477294685987,36.50727053140093,23.005758454106253,23.005758454106253
1176.0,59.6756180379373,64.83464645822401,55.2096358364683,51.495444488169355,54.79753281769038,54.04735367798001,41.78529727905998,55.97776266073779,5.458299994936263,15.200642860489454,10.935585713460025,7.151914289941374,1.8136428598500929,4.40885714206799,1.6170714270479234,7.109899992174225,48.90154589371976,47.01192753623183,46.94099999999995,32.775739130434744,36.40322705314005,31.990565217391268,36.51275845410624,23.007594202898527,23.007594202898527
1178.0,59.68902437227717,64.83688682757221,55.21531173542872,51.5013662655777,54.80348667486671,54.04958127249353,41.77445278696149,55.9865853228448,5.505848876072515,15.173144879600072,10.905783509527945,7.1331931736908905,1.7844531715529786,4.372846436005241,1.642444975706223,7.1785181429833775,48.92124637681154,47.04778743961347,46.945995169082074,32.78591787439609,36.40517874396131,31.998149758454073,36.51881159420286,23.00524637681157,23.00524637681157
1180.0,59.69957733114967,64.84372853532192,55.2173623121744,51.50205340081582,54.8041342503365,54.05635981589468,41.76493442925344,55.9960266770326,5.4380957105371435,15.194476324414694,10.808449585841633,7.189471733133061,1.8004560200359183,4.326166840032653,1.6572245938416328,7.112546940212245,48.94090338164246,47.07843961352651,46.9547246376811,32.79706280193233,36.40937681159416,32.00618357487919,36.52890338164247,23.00629951690819,23.00629951690819
1182.0,59.70593459508258,64.84396904309536,55.22268013643381,51.50636374625295,54.806420334064526,54.06646859969795,41.75616305257897,56.0123866083981,5.399978918139233,15.094104352050858,10.814725691860124,7.182178167624733,1.7941345516641793,4.388011569122173,1.6503478704314516,7.077036101483158,48.95530434782603,47.10705314009657,46.96567632850237,32.80888405797098,36.41512077294682,32.0133719806763,36.53928502415455,23.008115942028958,23.008115942028958
1184.0,59.70905822612436,64.8433339730665,55.230828788788926,51.515353997414024,54.82025733159836,54.06635237289517,41.74764219685134,56.02526025778431,5.382449551776447,14.918215124681836,10.83232006474092,7.177673653729341,1.7971326342003993,4.423099850947705,1.6458438600558882,7.111759872651497,48.966492753623136,47.140270531400915,46.97551207729463,32.82109178743958,36.42231400966179,32.020246376811556,36.54681159420286,23.00688405797099,23.00688405797099
1186.0,59.715081074847134,64.8469420075367,55.235068538493096,51.521298515597536,54.8310676551271,54.06323551292505,41.743586949978905,56.032908389229114,5.456572131739759,14.986267960006426,10.824561088321285,7.137917421275502,1.8107722888481927,4.369955977034539,1.691881174245783,7.18171933238233,48.978338164251156,47.1707632850241,46.982623188405746,32.83217391304344,36.430859903381595,32.02733816425117,36.55738647342991,23.002966183574852,23.002966183574852
1188.0,59.71667304742299,64.85392879466617,55.238766546236064,51.52148624505958,54.834704879096584,54.072680732452206,41.74504866369815,56.04549736106435,5.527426316019529,15.215553068644935,10.886340444343391,7.185273631412924,1.7715419918077446,4.3480244097078575,1.6791328030312034,7.1027666986698605,48.98871014492748,47.178893719806716,46.99013043478256,32.84239613526566,36.43883574879223,32.03517874396132,36.569690821256,23.000294685990312,23.000294685990312
1190.0,59.72006471177878,64.85390929856528,55.24907156769416,51.52592293948106,54.83776903796408,54.08080863444061,41.75002920603126,56.06048550898506,5.504417465903195,15.197448187943,10.833708162029527,7.203800059737583,1.748347830333032,4.411900794326357,1.62400647408602,7.108407218766979,48.996096618357434,47.17244927536227,46.99988405797096,32.85319806763281,36.448541062801894,32.0455217391304,36.58062801932363,23.001628019323647,23.001628019323647
1192.0,59.73340018507882,64.85453507080828,55.25948392096062,51.53214546592821,54.84522641870679,54.08460611270275,41.75771186687976,56.0744578731872,5.512102807368395,15.124946024930992,10.865401548883192,7.118555224461664,1.7907540779300346,4.392524767070743,1.6137468205415726,7.127462327558585,49.001381642512015,47.17419323671492,47.01251207729463,32.862971014492715,36.46110144927532,32.05834299516905,36.590719806763246,23.0062028985507,23.0062028985507
1194.0,59.7414450669807,64.85880952750924,55.26544460233828,51.539352940484314,54.85042755500873,54.09842248473789,41.77024958787044,56.09424940730536,5.491429002921798,15.102362644321774,10.901564855266038,7.1591656610804435,1.7686051294988077,4.347870485876174,1.6511043236844025,7.119086984890079,49.00787922705308,47.18722705314004,47.026816425120714,32.87188405797097,36.47346859903377,32.07366666666663,36.59926570048305,23.013352657004805,23.013352657004805
1196.0,59.7413768282553,64.86825352312005,55.27007569692002,51.542219945154685,54.85751581737404,54.107328064038335,41.788336943620386,56.11231560189601,5.509706777192032,15.110507370097212,10.927855377746614,7.154617430667729,1.7745028370996017,4.366530876634263,1.6497361555633465,7.113577883308366,49.011681159420235,47.2035555555555,47.04155072463762,32.88128019323668,36.485038647342954,32.09034299516904,36.60434299516904,23.018806763285,23.018806763285
1198.0,59.75147341267905,64.87592600080285,55.282225379793914,51.5452128331847,54.8674874149093,54.10842412929397,41.80401529792593,56.132528874992936,5.408142236306213,15.11268116273507,10.824949006800802,7.147388326669338,1.7960074654140281,4.3905015009987975,1.6528772039182364,7.0780682962853705,49.011275362318784,47.214787439613474,47.0571980676328,32.889454106280155,36.49338164251204,32.107222222222184,36.60398067632846,23.02246859903379,23.02246859903379
1200.0,59.7671626621767,64.88162386028019,55.295869506684966,51.55186523825347,54.87489642461375,54.11432171426788,41.81711239665175,56.150031975814805,5.409936219818838,15.131841881766734,10.740866226866533,7.177767783259319,1.7781124255422847,4.359224453976753,1.6633588676104207,6.97026512522004,49.00932367149753,47.22471014492749,47.07354106280189,32.89647826086953,36.496623188405756,32.12555072463765,36.598541062801885,23.025367149758427,23.025367149758427
1202.0,59.775219187518985,64.89450395262921,55.300548785074135,51.559403983804756,54.88230696385734,54.12127741387338,41.8284272442259,56.157297947894556,5.455167882138206,15.110222628010238,10.831315085024741,7.1916756246809594,1.753514285849465,4.33266498429986,1.6772318180527837,7.073083965895479,49.007265700483046,47.234797101449224,47.09088405797096,32.903599033816384,36.497666666666625,32.1447487922705,36.59133816425117,23.02726086956519,23.02726086956519
1204.0,59.78718597818493,64.90208353687673,55.31204767093498,51.56609627866086,54.88505112996994,54.13100772816254,41.838147787962846,56.17007296329664,5.428227352868938,15.064861725858117,10.857437628216433,7.155751152391183,1.7744484998028056,4.430926253364329,1.67094283402004,7.102989029040481,49.005367149758406,47.24666666666662,47.110086956521684,32.91206280193233,36.496971014492715,32.16301449275359,36.586908212560346,23.03028985507244,23.03028985507244
1206.0,59.811120797522626,64.90170534511378,55.32807597736787,51.566889474664514,54.88374577170902,54.139723904421096,41.84698419493926,56.188192077045834,5.3608779217021105,15.115986263823455,10.849044205123247,7.167592457654828,1.7821208287059611,4.3881326666976115,1.6431082917269424,7.151904445896219,49.00211594202894,47.25539613526565,47.13261352656999,32.92194202898547,36.49499516908209,32.18154589371977,36.584439613526534,23.03721256038645,23.03721256038645
1208.0,59.83004055265145,64.90137838529881,55.34021576678822,51.565841667685305,54.88490398033858,54.14767004871971,41.85019010805579,56.19923543422664,5.348802990644258,15.143921585051029,10.825791225656868,7.14942313096698,1.7551909268795807,4.329277616933368,1.6424659521764915,7.129350947882812,48.99904830917869,47.2621594202898,47.15632367149754,32.93153140096614,36.49159420289851,32.2009371980676,36.580169082125565,23.047850241545866,23.047850241545866
1210.0,59.83639885123928,64.90709302641052,55.35270583952439,51.568433511143986,54.89341470875053,54.15468001032197,41.853214550312074,56.2064743648789,5.411037356282507,15.035777708390363,10.88058010026006,7.1110158602518485,1.7565437414453873,4.349834962701889,1.6687047375444841,7.069770074254038,48.99652657004825,47.26756038647338,47.179681159420234,32.94217391304344,36.48540096618353,32.2175603864734,36.57760386473426,23.058502415458914,23.058502415458914
1212.0,59.83955793034803,64.9188240335149,55.361367805260485,51.57629113941006,54.90738952973379,54.15096614218959,41.85826552564347,56.21235632775021,5.464838544595589,14.951189017252476,10.855891678651831,7.184031474991301,1.7337898729469952,4.35499283138337,1.6904166426963385,7.09101323400789,48.99496135265695,47.26798067632845,47.20475362318835,32.954038647342955,36.47987439613522,32.23139130434779,36.57969565217387,23.069772946859878,23.069772946859878
1214.0,59.846921782781386,64.92830402231128,55.371571677593096,51.5845099073035,54.91726834027212,54.15603931155857,41.86353100368628,56.2249424921701,5.478735706785271,15.09291138428332,10.799424623077257,7.2357083746787,1.753519708866137,4.399837763605198,1.6655114844750902,7.079641474552202,48.995415458937146,47.2651980676328,47.229956521739076,32.96551690821252,36.47547342995165,32.24357971014489,36.58161835748788,23.078661835748765,23.078661835748765
1216.0,59.856022877033844,64.9352966881783,55.37718264614239,51.592001642681645,54.91778708186604,54.17051035514595,41.864075176414694,56.2339466046337,5.476881503502025,15.106905607546068,10.71814254737763,7.149689081605953,1.7657003424330653,4.480910130913846,1.6655405805344796,7.111279586108555,48.99777777777772,47.25851207729464,47.25365700483086,32.976222222222184,36.4708792270531,32.25405314009658,36.58219806763281,23.081516908212535,23.081516908212535
1218.0,59.86676149402495,64.9393580274288,55.381246642760416,51.59970557872524,54.92033492488307,54.178852181548045,41.857729870745814,56.235899635608085,5.48840921718074,15.117037386818229,10.81182898157513,7.133710336253558,1.7827722363313303,4.513808204917249,1.6706403247750565,7.126696656074352,49.002555555555496,47.257526570048256,47.27777777777772,32.987594202898514,36.465995169082085,32.26334299516905,36.58326086956517,23.082463768115918,23.082463768115918
1220.0,59.88075922117247,64.94493526862102,55.38636844183858,51.60720694347488,54.9298009413215,54.18667381343628,41.84694842819032,56.2423986916159,5.403170527100386,15.059730562907136,10.899022076290297,7.1512243735385015,1.726852547832804,4.433057738558547,1.6454864103265432,7.150210392537996,49.00965217391298,47.25744927536227,47.30419323671493,32.9998985507246,36.462550724637644,32.273202898550686,36.58480676328499,23.084405797101425,23.084405797101425
1222.0,59.89255865345682,64.9473585103624,55.38868744988018,51.61082389395183,54.93290885280636,54.20312093596532,41.84008795810084,56.25418605875951,5.400759820120209,15.061679460360628,10.870833859990753,7.113059427793284,1.737299111265604,4.374075222183599,1.613954490379973,7.168338797404064,49.02019323671492,47.25050241545888,47.3323478260869,33.011623188405764,36.46232367149754,32.283608695652134,36.585009661835706,23.086690821256013,23.086690821256013
1224.0,59.89797517372459,64.9493320119033,55.38934416549321,51.62026832692699,54.933737142233866,54.21321995246867,41.83516581940306,56.26069252758447,5.510121381203735,15.15244881572424,10.861378561277359,7.107787582053322,1.7660711578816797,4.384896450565724,1.6457605670977578,7.124832134397798,49.03230434782603,47.242144927536174,47.36108212560381,33.022478260869526,36.462314009661796,32.29336231884054,36.58504347826083,23.08815942028983,23.08815942028983
1226.0,59.90925134948955,64.96062980410686,55.38828151714991,51.626019726975855,54.940591069515555,54.21798677357453,41.8325970339065,56.26268715785651,5.530169594164329,15.12194914474068,10.905413974008818,7.136827803677756,1.7957679360256513,4.441644235504609,1.660709267892585,7.133255810475351,49.04166666666661,47.233628019323625,47.39106280193231,33.03217391304344,36.46317391304344,32.30309178743958,36.58728985507243,23.08957487922703,23.08957487922703
1228.0,59.91610903654111,64.97400456657238,55.387278932832444,51.63849419287869,54.95425204578467,54.2254245020543,41.83216741141131,56.266976111009654,5.4641328325575715,15.178390105273447,10.999778259854976,7.123570616777071,1.7778529241955958,4.447367618263432,1.66445067500332,7.10578575920954,49.04808695652168,47.22088888888884,47.42300483091782,33.04042028985503,36.46433333333329,32.311599033816385,36.59113043478257,23.089400966183547,23.089400966183547
1230.0,59.916579190491056,64.98314554308061,55.38711787575637,51.65763884473835,54.96492968707754,54.234366907908225,41.82785088594104,56.27226073255169,5.502054126876106,15.16701220614108,10.92510760720816,7.10548754226433,1.7274354686900102,4.380987994048609,1.6759862924362567,7.102859177593303,49.05306763285018,47.2066328502415,47.45406763285019,33.04692753623184,36.464570048309135,32.32008212560383,36.594135265700444,23.08314975845408,23.08314975845408
1232.0,59.92163768887919,64.99352185773604,55.38847706421633,51.67136700571965,54.976938751269806,54.23308440287665,41.820302025743985,56.27540553392117,5.474755302678914,15.153186909441494,10.795406420464913,7.189811497369406,1.7101429059071906,4.373052663266585,1.6931684923498176,7.186485764105869,49.05988888888883,47.19977294685985,47.48145893719801,33.05140579710141,36.466835748792235,32.329739130434746,36.59687439613523,23.071159420289828,23.071159420289828
1234.0,59.936999150001334,65.00397299485232,55.39295525114007,51.67493873243956,54.97945497546091,54.23850958887319,41.816539348121694,56.281453362200786,5.465138690988466,15.173054771518085,10.831160300500242,7.180891962166547,1.7652427120663985,4.386178893122966,1.6723763821104638,7.140356284285024,49.065816425120715,47.19741062801927,47.50603864734294,33.05356521739126,36.4722560386473,32.33937198067629,36.601125603864695,23.0579758454106,23.0579758454106
1236.0,59.946382009143406,65.00809306303965,55.39804476384043,51.68244126167786,54.978060199964034,54.252544240441495,41.81627462192944,56.293998792930985,5.502445455884624,15.19868691520236,10.770784322773823,7.145487511188811,1.7880716291626215,4.349770135513775,1.6505225789456994,7.10945714022663,49.07116425120768,47.18660386473425,47.52931884057966,33.054942028985465,36.48017874396131,32.34960869565214,36.603840579710095,23.043922705313985,23.043922705313985
1238.0,59.953008251563965,65.01854681896532,55.39809917297583,51.695164805496816,54.98042544419383,54.261401971470335,41.81623778082276,56.30583907453767,5.458438123752495,15.155655888223553,10.75354391217565,7.162245508982036,1.7396473053892216,4.338683233532934,1.6493810379241516,7.136932135728543,49.07869082125599,47.16528985507241,47.54985990338159,33.05589855072459,36.488777777777734,32.36107729468595,36.60619323671494,23.02811594202896,23.02811594202896
1240.0,59.96335211048655,65.02953338912121,55.39708601128998,51.70460086236062,54.987904812654236,54.270351007139226,41.81904982014152,56.31991759889166,5.438205410821643,15.165102805611221,10.889699198396794,7.145222044088176,1.7216214428857715,4.401488577154309,1.6679951903807615,7.126503206412825,49.08393236714971,47.142753623188355,47.56627053140091,33.05501932367145,36.49622705314005,32.373801932367115,36.60813526570044,23.013908212560363,23.013908212560363
1242.0,59.96689763032368,65.03404488274411,55.401198427951286,51.715208342846765,54.99774601474774,54.2860578674924,41.82741221357346,56.33068068770269,5.46827736652266,15.131063443070637,10.873189032649424,7.165118779337607,1.7953957446183915,4.346699849874007,1.6455523283117421,7.096595141396739,49.08725120772941,47.12275362318835,47.58020772946855,33.053937198067594,36.503096618357446,32.385980676328465,36.60901449275359,23.00109661835746,23.00109661835746
1244.0,59.97745458440404,65.04107360704049,55.41281086741003,51.720537609762886,55.002672612179914,54.299274398508494,41.83356147543927,56.34522564559473,5.349706155286997,15.106457398958815,10.878326068030916,7.233276365659496,1.8007853024486005,4.364801638692249,1.6588158393697976,7.102253128818073,49.09018357487917,47.10357004830912,47.59399516908207,33.05311111111107,36.50995652173909,32.39881159420286,36.609400966183536,22.988400966183548,22.988400966183548
1246.0,59.99146997050228,65.04955002507576,55.4252873307872,51.72798545662515,55.00595445575047,54.30946709579367,41.82948529609661,56.356221093297115,5.320619635536412,15.203651208343281,10.935250604255426,7.197479003757761,1.7622956191900498,4.309203324158926,1.678212386817314,7.164100302379072,49.09426570048304,47.07852657004826,47.60583091787434,33.05122222222218,36.513154589371936,32.413492753623146,36.606246376811555,22.975289855072436,22.975289855072436
1248.0,59.99867417339643,65.05578832302369,55.43268827196909,51.7429837041033,55.0088384127572,54.31889431448494,41.82364454240012,56.35508608294073,5.4927090404182035,15.1591323170313,10.906157891813281,7.130940609589412,1.8106530972609407,4.303036964121513,1.650807392440686,7.134155044957919,49.09863768115937,47.04856521739125,47.61521739130429,33.04999999999996,36.513864734299474,32.427603864734266,36.601932367149715,22.95831400966181,22.95831400966181
1250.0,60.00481571656097,65.06266943008413,55.43802969915126,51.75189025004138,55.01000210030896,54.331411083242934,41.82715207519193,56.35854225738307,5.404776271452923,15.11676296070272,10.865467298167404,7.136897358133431,1.8054787144153914,4.415212712072596,1.6393915751747365,7.110502841753322,49.10243961352651,47.01492753623183,47.62292753623183,33.04999999999996,36.513864734299474,32.441724637681126,36.600666666666626,22.936454106280166,22.936454106280166
1252.0,60.01809688856834,65.06636814329481,55.45054960135229,51.75161956806492,55.007552395086286,54.34172967551622,41.83522659397579,56.368710332619806,5.380745118469548,15.12679038139899,10.865713971767699,7.1321714092345365,1.7653546346961926,4.379429042348452,1.6670988499997628,7.115876418732944,49.10720772946854,46.98399516908208,47.62735265700478,33.04999999999996,36.51193236714972,32.45700483091784,36.59883091787436,22.91346859903379,22.91346859903379
1254.0,60.02427933585707,65.0736230830467,55.45782462054711,51.75723506801133,55.01284532668756,54.34463536530993,41.838419318996394,56.37436791855855,5.4265209403137185,15.12094995427478,10.868366599531543,7.147164904239926,1.7756550327478344,4.362692622019215,1.6867648053876894,7.163698304708383,49.11142995169076,46.9643671497584,47.629932367149706,33.04877777777774,36.508671497584494,32.474594202898516,36.59520289855068,22.893067632850215,22.893067632850215
1256.0,60.02611014332674,65.08385210079955,55.46149452698292,51.76745871430987,55.026781393213376,54.350597993980635,41.83623997013235,56.37498677431028,5.460609664019539,15.214665599329093,10.833966098381689,7.160580671960923,1.751926890653641,4.35946985473634,1.6654446163403382,7.180808513506532,49.115371980676265,46.95674879227048,47.629106280193184,33.04811111111107,36.5034637681159,32.49264251207726,36.59273429951687,22.872879227053115,22.872879227053115
1258.0,60.03064549605729,65.09602168620886,55.464797957970774,51.77611571003677,55.038253004232736,54.35321703028487,41.8358024911954,56.37885257236372,5.4157794481536,15.181148244415999,10.8533081539712,7.1538018963712,1.7821228012544,4.3696813509248,1.651048250816,7.1600653960192,49.12047342995164,46.95644927536226,47.62453623188401,33.047951690821215,36.498086956521696,32.50747342995166,36.59315458937194,22.850449275362294,22.850449275362294
1260.0,60.040560311305256,65.10191531963395,55.47322739884526,51.78481414662614,55.050236285876274,54.35361550204895,41.83855144950431,56.39367229746048,5.401621229355991,15.082561228606231,10.946682457962222,7.137785800730864,1.796183586840418,4.374096756209635,1.6646400982285179,7.116103342768642,49.127570048309124,46.964256038647285,47.619536231884005,33.04580676328498,36.49431884057967,32.522014492753584,36.59641545893716,22.829879227053112,22.829879227053112
1262.0,60.04552252373199,65.10899576765476,55.48004774174524,51.79448883356014,55.05803502319485,54.36081555109639,41.84153933277769,56.402767117915154,5.392679573080736,15.167969541435607,10.910610641529793,7.165923313387477,1.7652026349705872,4.35989432346905,1.675572529551263,7.139195995409906,49.13571980676323,46.990164251207666,47.613246376811546,33.04518357487918,36.49093719806759,32.536748792270494,36.59826086956518,22.81160386473427,22.81160386473427
1264.0,60.05040219169744,65.12048882607753,55.4880004042442,51.801234662013314,55.06041746765671,54.3716447370045,41.83960864455663,56.40442471377318,5.383756364676324,15.224588077748837,10.859141734359513,7.119253696831894,1.7794931668977187,4.349302914384407,1.6631798860703433,7.159479944465116,49.144632850241486,47.02266183574874,47.60485507246372,33.04593719806759,36.487942028985465,32.55033333333329,36.59926086956518,22.796057971014466,22.796057971014466
1266.0,60.06404007521323,65.12400809875578,55.49965731354759,51.802861252083,55.07052482410209,54.373022858636865,41.83321863216118,56.40628767437681,5.429806586506144,15.121273951671192,10.89950778393194,7.167866467759972,1.8019143704380844,4.377396707743334,1.6406302399833625,7.1843901189122406,49.15344927536226,47.05035265700478,47.59720289855068,33.04670048309175,36.485333333333294,32.565647342995135,36.601193236714934,22.78550241545891,22.78550241545891
1268.0,60.07751525665871,65.13207856592429,55.50361151203553,51.8072784983283,55.083919788422094,54.37565781865789,41.83062690276692,56.41148109987903,5.458299899056274,15.085801896469704,10.844954292037274,7.196015369557252,1.7458127746571208,4.430230539270967,1.6791384228711759,7.1796369250665935,49.16130917874391,47.076826086956466,47.59195652173908,33.04910628019319,36.484333333333296,32.582570048309144,36.602835748792224,22.779198067632827,22.779198067632827
1270.0,60.08701937285293,65.1406192718442,55.50245187364376,51.81525996515589,55.08946419818294,54.38283369922402,41.8378018183298,56.41824311212277,5.4890830652943565,15.123463929142902,10.809532064124143,7.156486672790487,1.7534546096923946,4.359011621988088,1.6773987971592725,7.2756108224883915,49.1709710144927,47.106096618357434,47.58900483091782,33.052961352656965,36.484386473429915,32.599202898550686,36.60418840579706,22.774579710144902,22.774579710144902
1272.0,60.097485597556,65.15610958960697,55.504449007921124,51.82493851791785,55.10151947349279,54.38077099016201,41.85076338535574,56.41874354493953,5.46716956733819,15.195552152200339,10.831382480540219,7.169222818942003,1.808772369859291,4.338696992537946,1.6662012000224993,7.261013919392283,49.1797632850241,47.13719323671492,47.58885507246371,33.05685024154585,36.4819371980676,32.614869565217354,36.604028985507206,22.771429951690795,22.771429951690795
1274.0,60.11771172181356,65.1765689430488,55.50294833170973,51.83653039704162,55.11501038878477,54.37393965903179,41.85669572183926,56.416147328323234,5.491917371505581,15.197488700931846,10.934042859447459,7.201148530695026,1.8084256831594046,4.389100994908543,1.6637625677782004,7.190455898933389,49.185618357487876,47.16590338164246,47.59141062801927,33.06113526570044,36.47947826086953,32.630719806763246,36.60413526570044,22.76883091787437,22.76883091787437
1276.0,60.132816156551705,65.19469807188074,55.50433925413782,51.848376452365656,55.13071542676492,54.3711977680352,41.855162625904924,56.416149112715566,5.478210010076459,15.15823193835654,10.925072778379075,7.168866348645473,1.7509018609448692,4.394017507438229,1.659739187006841,7.190813026614085,49.19250241545888,47.19375362318835,47.596574879227006,33.0673526570048,36.4771062801932,32.646729468599,36.60750724637677,22.76454589371978,22.76454589371978
1278.0,60.14162077316818,65.20503247002573,55.511202168289365,51.853324854180585,55.14582049401951,54.37160008543823,41.85329945209729,56.417820604820704,5.45029477048943,15.113909060845684,10.876954366373857,7.197408364357459,1.7642700367090505,4.424709754734407,1.668561669752089,7.175405924699044,49.201381642512025,47.233584541062754,47.603647342995124,33.07643478260866,36.47557004830914,32.662922705313974,36.611144927536195,22.759845410627996,22.759845410627996
1280.0,60.154067042842236,65.21278044926949,55.516949918364,51.85252338162139,55.15415117596072,54.36822299361001,41.8505644005443,56.41912970403172,5.441188853392624,15.175242546350013,10.998454392527835,7.242960826138075,1.8270747912397858,4.388443945490903,1.6518142663613697,7.154230281648851,49.209014492753575,47.28506280193231,47.61010144927531,33.087536231884016,36.47688888888885,32.67754589371977,36.61327053140093,22.755285024154567,22.755285024154567
1282.0,60.16575634099019,65.22531633366225,55.520505099688016,51.85603205576533,55.15891323161217,54.3741996508054,41.85625496672292,56.42447232058022,5.437227716324453,15.167965004240717,10.957599601017773,7.228814456137861,1.853128165179459,4.355406480474961,1.6552349947638687,7.141158823997842,49.214555555555506,47.32807729468593,47.61579227053135,33.09741545893716,36.478304347826054,32.6900676328502,36.61632850241542,22.754975845410605,22.754975845410605
1284.0,60.16822776453643,65.2338089646148,55.52255480935832,51.86154775022831,55.167125160240346,54.381781290463636,41.86288230199887,56.431381317937785,5.374708872152433,15.053983307720499,10.983381705198841,7.163996340701001,1.7987907766078342,4.346458797007764,1.6370868673912173,7.146968369945828,49.220763285024105,47.35392753623183,47.62113043478256,33.10643478260866,36.479502415458896,32.701782608695616,36.619763285024106,22.761202898550703,22.761202898550703
1286.0,60.17864508082184,65.24179861990577,55.52554353711843,51.8659624508074,55.17079955865118,54.3852247149022,41.8647802339199,56.440395609999015,5.397270731009942,15.069422146002665,10.962825695691707,7.109996280062723,1.764351261608281,4.351103566552834,1.6605127795855286,7.06354873501896,49.22617391304342,47.37739130434777,47.62647826086952,33.11613043478257,36.47956521739126,32.71281159420287,36.62062318840575,22.77447342995167,22.77447342995167
1288.0,60.19356128287109,65.24413120094808,55.53009972082087,51.871110773498025,55.175528136774304,54.3932800120072,41.870525431360356,56.446386636979874,5.422218067948392,15.165482482784705,10.817429679303004,7.092654004580324,1.7429432932232525,4.354154604578683,1.6767014014653756,7.069739539927798,49.22871980676322,47.39829951690815,47.63337198067628,33.126212560386435,36.47940096618353,32.723323671497546,36.61956038647339,22.793516908212535,22.793516908212535
1290.0,60.20396019704152,65.2468877102666,55.53599240881986,51.873362090817345,55.18451183654294,54.40610634749973,41.87925079957179,56.447863971682516,5.412505438028145,15.158445821244444,10.821062335797773,7.157656797535181,1.7522386201289746,4.383917169776736,1.6637141996480451,7.1216860018778485,49.231159420289806,47.40155072463762,47.642125603864685,33.1363913043478,36.47874396135261,32.731710144927504,36.61840096618353,22.81402898550722,22.81402898550722
1292.0,60.21294087239604,65.25351814704266,55.54468343359343,51.87467709478164,55.19097000859866,54.41793370436802,41.887930164597684,56.45242272129856,5.420300442212679,15.110007658987378,10.876206184945113,7.100616488159968,1.7857391763460517,4.428596465314763,1.644376878649838,7.109327684848783,49.232632850241494,47.39863285024149,47.65183091787434,33.146376811594166,36.47432850241542,32.739410628019286,36.61531884057967,22.83222705314007,22.83222705314007
1294.0,60.20719809084587,65.2628470900466,55.552706511970776,51.87580829078544,55.20040153872591,54.42990227544161,41.89116523129244,56.454496331028096,5.379771918695761,15.081565181622782,10.816488405957704,7.083619304542504,1.8086166932641816,4.419412454301584,1.6520267988736523,7.0454379243275005,49.23350241545889,47.38952173913038,47.66032367149754,33.1558792270531,36.46711111111107,32.74486473429948,36.609661835748746,22.846009661835726,22.846009661835726
1296.0,60.20129656570499,65.27428137680934,55.556538448277635,51.88085653176145,55.204828099707605,54.44019552240786,41.89221826920769,56.46065891055717,5.4271657832603335,15.115957105461264,10.79066289180126,7.170249775869149,1.8276858352723788,4.400053765740488,1.669518902272105,7.0861425420886945,49.23474879227048,47.37057487922699,47.66839130434778,33.164608695652134,36.45804830917871,32.74773429951687,36.605603864734256,22.857400966183548,22.857400966183548
1298.0,60.204646337227544,65.27854909912568,55.55885109729745,51.883862318169164,55.2064880471606,54.45061939924419,41.89359047153103,56.469706016457216,5.5106540602589185,15.188095099290978,10.894828625222255,7.1428258264040565,1.8079376402026115,4.41931020759705,1.6911594603601656,7.152555659054617,49.2361787439613,47.357550724637626,47.677980676328445,33.17227536231881,36.44570048309175,32.75133333333329,36.60192270531397,22.867806763284996,22.867806763284996
1300.0,60.20262958893709,65.28604730023089,55.56569706405328,51.8851852856911,55.21766254875645,54.46059712602201,41.894308515353515,56.48174076514044,5.453291070684625,15.114049950398398,10.979702906691088,7.154032295591909,1.7425038130645496,4.418915850186345,1.66215857668631,7.149064891502354,49.23825120772942,47.35374879227048,47.68921256038643,33.178589371980635,36.430454106280145,32.75480193236711,36.59622222222218,22.877492753623162,22.877492753623162
1302.0,60.1979944051872,65.30190846063012,55.57848139537108,51.88864515659947,55.23354504529824,54.47193114585141,41.89117397080758,56.49476061131694,5.486398118196826,15.136551780571429,11.003758137803175,7.168909029688889,1.7730413592380954,4.382532139885714,1.6573158706793651,7.19197698783492,49.23964734299511,47.356743961352606,47.701603864734246,33.183260869565174,36.41269565217387,32.756724637681124,36.592154589371944,22.8862028985507,22.8862028985507
1304.0,60.20199073910865,65.31153827800993,55.58971284380348,51.89214462350986,55.24218879199906,54.47991300493925,41.88284580360623,56.50812828213558,5.466151879232662,15.184194285668823,10.946606467933655,7.183940298895107,1.8542063162584526,4.411690225444272,1.6630905272034995,7.143359399345666,49.24209661835744,47.35515942028981,47.71344927536227,33.187826086956484,36.39463768115938,32.75690821256035,36.59037198067629,22.892507246376784,22.892507246376784
1306.0,60.20480277629136,65.31585753423936,55.595361349826064,51.895578505497554,55.246690864360666,54.48102071235306,41.8753869505354,56.516657232717776,5.503692557765911,15.178510889027075,10.835918430732889,7.259902447932711,1.8389025474044325,4.423568331779048,1.6585985017095863,7.117712937001371,49.2449323671497,47.34771014492749,47.7248212560386,33.189599033816386,36.376096618357444,32.755159420289814,36.588526570048266,22.89614975845408,22.89614975845408
1308.0,60.20653528393576,65.32135941765394,55.60780893269869,51.90465398748215,55.25711521386462,54.48202427165406,41.876555557075484,56.52742894652152,5.488908214587744,15.12287010721106,10.854971352022318,7.269405008985639,1.809944968497385,4.417977466999779,1.6824257386023271,7.141522131835261,49.24748792270526,47.34431400966179,47.735743961352604,33.18889371980673,36.35688888888885,32.753111111111075,36.587270531400925,22.899222222222196,22.899222222222196
1310.0,60.20571526240295,65.33291589439904,55.61884863858083,51.9110088324755,55.262874154099016,54.48633554641791,41.882993679784846,56.533922091456795,5.450750324117248,15.066868033758702,10.89340500627898,7.217475037708453,1.7778042521099189,4.415397197882231,1.6796165083496466,7.2020009499021205,49.24722222222217,47.3438212560386,47.7449710144927,33.189628019323635,36.33800483091783,32.75122222222218,36.58538164251203,22.90194202898548,22.90194202898548
1312.0,60.21275042460993,65.34062246125605,55.62522815895841,51.91570702525404,55.263526416078165,54.495345978353015,41.88590856063521,56.53803336864248,5.477751899022578,15.09264593021846,10.69944109463438,7.209217020225391,1.8069205728035274,4.422443314799959,1.64977626987126,7.149611789388389,49.244497584541016,47.338869565217344,47.75420772946855,33.18844927536228,36.319164251207695,32.749999999999964,36.58398550724633,22.903256038647317,22.903256038647317
1314.0,60.221007393992146,65.35432561599492,55.63264610841143,51.922809982102294,55.27519705151469,54.49854586455031,41.88331536231839,56.545936586851354,5.454578371636923,15.194120055702468,10.782674562279126,7.197003917854884,1.818623916885602,4.402760204393506,1.6390591872723848,7.0651335892290845,49.2438019323671,47.33341062801927,47.76633333333328,33.18740096618354,36.30303864734295,32.749999999999964,36.58660386473426,22.905062801932342,22.905062801932342
1316.0,60.23312989790107,65.37520274635072,55.642622236375736,51.93139613739954,55.28830724654751,54.501155396764865,41.8813829571781,56.553914756767135,5.457421357784506,15.251098811388626,10.897962537936971,7.141320565376923,1.768066303395286,4.41215044610984,1.6928278986990937,7.127629880732917,49.24535265700478,47.335019323671446,47.78122705314004,33.18970048309175,36.29164734299513,32.749999999999964,36.59198067632846,22.91105314009659,22.91105314009659
1318.0,60.24218727408554,65.38899930018295,55.649611067186214,51.941363237921585,55.29381732937659,54.506117174923304,41.883335623267335,56.5628872410553,5.4586184638891275,15.13562126864571,10.83770014901191,7.117577549342706,1.764788183665562,4.401664254233327,1.681135005748971,7.217726590218758,49.248748792270476,47.34300483091783,47.79881642512072,33.19373913043475,36.283357487922665,32.749999999999964,36.59651207729465,22.91831400966181,22.91831400966181
1320.0,60.25090575025956,65.4056500010369,55.65745858920296,51.948971756167055,55.29961890889154,54.5025671371572,41.88718596582641,56.566309796608046,5.487304081632653,15.106473469387756,10.874673469387755,7.212489795918367,1.8043918367346938,4.408610204081633,1.6475673469387755,7.233414285714286,49.252937198067585,47.35937681159415,47.81907729468594,33.20035265700479,36.2777101449275,32.749999999999964,36.597801932367105,22.925188405797073,22.925188405797073
1322.0,60.26061758986842,65.42595197025335,55.66731558275723,51.956302104712655,55.30448807536948,54.49982006122922,41.88947347797093,56.57063624195044,5.482267384468596,15.130853185832114,10.84943361705276,7.273342598606887,1.8044605106949687,4.379948017072491,1.6640424482438116,7.105193024186028,49.25860869565212,47.385260869565165,47.840207729468545,33.211647342995136,36.27602415458933,32.749999999999964,36.60005797101445,22.931845410627993,22.931845410627993
1324.0,60.26958872268074,65.43828896064774,55.67919410126933,51.96272111528279,55.31033889310859,54.50353623693396,41.89198474577418,56.57793887852076,5.439903195935594,15.120244633183198,10.817310733633606,7.2284235136823245,1.7578114328599443,4.37206355617091,1.63580713866777,7.103936048492508,49.26823188405791,47.419710144927485,47.86162801932361,33.22560386473427,36.275347826086914,32.75122222222218,36.60383574879223,22.937850241545867,22.937850241545867
1326.0,60.27670873980146,65.45316399062162,55.686250122234355,51.96946413061242,55.31760121618678,54.507635533797284,41.891180245987044,56.586202364232975,5.43061370306603,15.063675736864152,10.848571697791435,7.219207522917548,1.7679824112444074,4.401521923829097,1.612893722081715,7.128043599196617,49.280657004830864,47.45963768115937,47.881536231884006,33.23785507246373,36.27750724637677,32.75188888888885,36.606038647342956,22.942149758454082,22.942149758454082
1328.0,60.28201227919705,65.47730130696642,55.69166617334442,51.97450011482585,55.32301685635524,54.504980092750316,41.885624896031786,56.59122946131706,5.395662911148979,15.013505034471308,10.920624426498069,7.214214556804119,1.7740895315008276,4.41305817502106,1.6251820037731288,7.073373130322513,49.294734299516854,47.492985507246324,47.898082125603814,33.24703381642509,36.28428019323667,32.75082608695649,36.60834782608691,22.944850241545865,22.944850241545865
1330.0,60.28591082115825,65.49599985308606,55.695601382622,51.97916253509783,55.32592176267146,54.51104401929358,41.887325014879096,56.60473829728822,5.407384720066656,15.075092890223123,10.867196365652159,7.159569440133311,1.758696974062024,4.388406955815409,1.6374176999401246,7.121536763225439,49.31171014492749,47.51177294685985,47.91358937198062,33.25412077294683,36.29257004830914,32.749859903381605,36.612396135265655,22.95328019323669,22.95328019323669
1332.0,60.29075644185989,65.50693732330541,55.701336166869844,51.98131825761606,55.328013340328674,54.51746595420227,41.89109323093563,56.619477910785065,5.456249773721825,15.130273588507682,10.824017172167599,7.146674288871516,1.7820859201538197,4.325092659727444,1.6187904643901199,7.130078582590799,49.33100483091782,47.52346376811589,47.92915942028979,33.261874396135234,36.30405797101445,32.74899033816421,36.61738647342992,22.97000483091785,22.97000483091785
1334.0,60.303944081869865,65.52458938135752,55.706622998035385,51.98623108719952,55.33170554034156,54.51672975209832,41.89693143084683,56.6281958107164,5.506401948272652,15.104269481383863,10.89571233785813,7.121797402737896,1.8074564936923232,4.387635064841403,1.6323207790175123,7.046861689060488,49.35081642512072,47.52439130434778,47.94471980676323,33.271879227053105,36.31732850241542,32.74821739130431,36.62191787439609,22.990478260869544,22.990478260869544
1336.0,60.31846802449019,65.53994168181356,55.708968932821136,51.99594437226914,55.3362973419616,54.518184000343986,41.905625260965145,56.626204603684364,5.49114226451172,15.050223590368708,10.863586428628107,7.127197648812343,1.8091595418202358,4.388579868733657,1.6648492248019782,7.050252087861459,49.37234299516903,47.51243961352652,47.96024637681154,33.27971980676325,36.33209178743957,32.74754106280189,36.627019323671455,23.01085507246374,23.01085507246374
1338.0,60.32446716758261,65.55117076405332,55.712837678202135,51.9992517722914,55.33770089521692,54.522999139283336,41.91398888149801,56.63198709980473,5.510397909137849,15.108317827901196,10.8824250048,7.180409366106773,1.8042192175426295,4.370871114913148,1.670316831643028,7.215425902712351,49.394956521739076,47.49980676328498,47.972714975845356,33.28580676328499,36.349183574879184,32.74696135265697,36.63314975845407,23.030942028985482,23.030942028985482
1340.0,60.32474089226097,65.56684478652694,55.719261450558484,51.99753084667515,55.34633693060035,54.525659366157896,41.9156721606825,56.64529822018707,5.513581371841951,15.154031350010808,10.909298747176885,7.214798147339587,1.7510563343521202,4.382530697024991,1.6556707057574485,7.206760136483752,49.41802898550719,47.49088405797096,47.98392753623183,33.292946859903346,36.36756521739126,32.74647826086953,36.63776811594199,23.04871980676326,23.04871980676326
1342.0,60.33055018972313,65.5884047175453,55.72744304750358,52.00319233145758,55.35827412015236,54.53272371348534,41.90753213840248,56.656504244999525,5.488159821171944,15.138449505744289,10.889065130042486,7.163473200519439,1.7657284054188376,4.390741784766333,1.640210221056513,7.124126853066133,49.44520289855067,47.47385990338159,47.996908212560335,33.30034299516904,36.389198067632805,32.746091787439575,36.64255555555552,23.0663913043478,23.0663913043478
1344.0,60.34203402724911,65.61150141820677,55.73122943650265,52.016813889493385,55.35945856489072,54.535946748158,41.89999871399715,56.66910660113703,5.48033249726347,15.029794533449598,10.907789618685793,7.16299047055987,1.7717879139619122,4.428555114659506,1.659187762942444,7.159388816175812,49.47234299516902,47.4507632850241,48.00929951690816,33.30602415458933,36.411217391304305,32.745801932367115,36.648589371980634,23.08315942028983,23.08315942028983
1346.0,60.350312565621785,65.62873564502743,55.7328620064975,52.02337141965538,55.359621456680976,54.53882605120221,41.8978966634432,56.68266638844177,5.502785185134883,15.076051852168849,10.882112962452823,7.238257407125051,1.7433722221951728,4.422298147177696,1.6839574072275534,7.152329629192096,49.49536231884052,47.432574879227005,48.02061835748787,33.309845410627986,36.43198067632846,32.74683091787436,36.65212077294682,23.093400966183548,23.093400966183548
1348.0,60.357169838732496,65.64779372271322,55.74137045422172,52.02183716279938,55.370886162053075,54.54645970788494,41.90269593003821,56.69969499812357,5.479401398793296,15.201020828209924,10.766586863733826,7.208488561389879,1.760295903871866,4.367149399908852,1.675876972875251,7.093136713356193,49.5125555555555,47.41025603864729,48.02981159420285,33.31166183574875,36.4516714975845,32.74740096618354,36.65300483091783,23.09749275362316,23.09749275362316
1350.0,60.370863868278356,65.66914682339372,55.75214643752713,52.0249287274619,55.37518652875544,54.54743628335543,41.90305935688098,56.711062922742,5.458215862846636,15.246395422068371,10.75389428404593,7.255320787453938,1.7838607159037863,4.429841371533641,1.6946385380554616,7.093332720414274,49.52455072463762,47.38613043478256,48.03582608695647,33.310106280193196,36.46807729468595,32.747560386473396,36.65347826086952,23.096367149758432,23.096367149758432
1352.0,60.384123426374124,65.68872001461597,55.76097993894231,52.034435347213176,55.36977672224384,54.548988700025006,41.9011460109122,56.714030234152226,5.414517420401687,15.226221016086741,10.86327387208816,7.27599489714387,1.7794465465115326,4.364801804120805,1.6849678685169733,7.127550449012183,49.534323671497525,47.3721400966183,48.040004830917816,33.305589371980645,36.48203381642508,32.748579710144895,36.653951690821216,23.090338164251182,23.090338164251182
1354.0,60.39410651379798,65.7018051192746,55.76627704341669,52.04174326940161,55.37471592811128,54.54831627117425,41.905834046192695,56.72171852750226,5.379491582472668,15.261192787263203,10.890394589447002,7.219922445072217,1.783321643212395,4.322704108030988,1.6623943889820458,7.176934568700226,49.5411980676328,47.36953140096613,48.04369082125598,33.299695652173874,36.49259903381638,32.74995169082122,36.65545410628015,23.083371980676304,23.083371980676304
1356.0,60.40006994550628,65.71449860370703,55.773717311697304,52.04329117694446,55.388381930844346,54.551965236233855,41.9178290781422,56.7356345890949,5.471629837967751,15.158441978725008,10.817823535071804,7.141331030715263,1.784598200733406,4.358429086842587,1.6585061473641278,7.1764098936250384,49.54754589371975,47.37254106280188,48.04583091787433,33.295231884057934,36.50070531400962,32.75121739130431,36.65906280193232,23.078927536231856,23.078927536231856
1358.0,60.40395797699698,65.73012303608053,55.78315467634287,52.04528626970789,55.39321123628299,54.560354552540446,41.92492180659874,56.74486925237854,5.510238034536495,15.170564073423835,10.84208012599876,7.123402756386642,1.7909724029550596,4.39192162571951,1.6481432021272278,7.074337734979236,49.55400966183569,47.38704347826082,48.04719806763279,33.289608695652134,36.50615942028981,32.749521739130394,36.66350724637677,23.075178743961327,23.075178743961327
1360.0,60.41297991895323,65.74675309426596,55.790793172558814,52.05283514128263,55.39722170886973,54.566287533161635,41.92158487573973,56.75089270405939,5.430794798525829,15.105731368592092,10.871917312143518,7.196871586703061,1.7854237124890857,4.405448623849569,1.6281373684046065,7.029147422250408,49.5589323671497,47.41726086956517,48.05039130434778,33.283888888888846,36.50764251207725,32.74561352657001,36.66939130434778,23.071666666666637,23.071666666666637
1362.0,60.41575774215038,65.76326264053738,55.79946556547699,52.05272319032773,55.41048735228245,54.565982646895016,41.917045755178414,56.76337922936711,5.402542956386479,15.075783738860741,10.75349278355799,7.161678052458619,1.7674438459454367,4.43860365820618,1.6449176471585705,7.07204735504394,49.56318357487917,47.45185990338159,48.05378743961347,33.28340579710141,36.50753623188401,32.74141545893716,36.67554106280189,23.068681159420265,23.068681159420265
1364.0,60.419590816377536,65.775994919934,55.80852622549096,52.051405965990654,55.41718602769005,54.56792615488539,41.91869447820721,56.770956245343896,5.466173046058543,15.186913931464375,10.814547855893593,7.120524429505154,1.7601107005663532,4.395893686531455,1.6536016154490105,7.032773648879687,49.56652173913038,47.4855555555555,48.0581594202898,33.2869371980676,36.505270531400924,32.737024154589335,36.67835265700479,23.064212560386448,23.064212560386448
1366.0,60.428098114762975,65.78934162221582,55.81708571376499,52.05911330790592,55.42064322523961,54.57499338573177,41.929649391488795,56.77451002001018,5.481098048669742,15.095577419145597,10.870015472143109,7.101559236953325,1.7196405113667466,4.365017624081486,1.6697894335579988,7.041829142492271,49.56819806763279,47.526903381642455,48.063628019323616,33.292753623188375,36.499719806763245,32.7313140096618,36.67534782608691,23.05142512077292,23.05142512077292
1368.0,60.44245227913002,65.80304709295815,55.829079263369586,52.068353268739884,55.42909675800665,54.57698398956165,41.94065973312014,56.781110533069146,5.471698093506655,15.031226134872853,10.898596727064488,7.214276012012865,1.7067686856982922,4.424490181193468,1.6602468499244756,7.122371078303982,49.569990338164196,47.56753623188401,48.07026570048304,33.30161835748788,36.49098067632846,32.726159420289825,36.66815942028982,23.033657004830893,23.033657004830893
1370.0,60.452978684482,65.81679678609927,55.8396307298738,52.073693542580465,55.4390052177415,54.585137586606095,41.94463840521337,56.790057866484965,5.459217218622951,15.122151584222951,10.863998209193442,7.2066854573639345,1.7451874976000001,4.379255073744262,1.6449427747278689,7.1724798163147545,49.57077294685985,47.595371980676276,48.080541062801885,33.30951690821252,36.479149758454064,32.72283091787436,36.66135748792266,23.0159758454106,23.0159758454106
1372.0,60.46464975613855,65.8275437449689,55.84903158404396,52.07994959819703,55.44543398166403,54.598450882799334,41.93827394035793,56.793041290461495,5.412020346906186,15.210193764797408,10.850604687136707,7.142707179746862,1.8127051361007127,4.380863838766726,1.6891552115409145,7.162220598373525,49.56646859903376,47.61012077294681,48.093318840579656,33.31121256038644,36.464323671497546,32.71837681159417,36.6564637681159,22.99862318840577,22.99862318840577
1374.0,60.46521837664986,65.83697394865878,55.855875257678406,52.07894522488478,55.46383077099074,54.60672727212465,41.93101852303136,56.799549206137044,5.464631516301142,15.184885394297616,10.910495246852378,7.202270585690586,1.8169959989211888,4.4159223616953325,1.6883464736929592,7.104746825382393,49.55782608695647,47.61596618357483,48.108734299516854,33.30802415458933,36.4484251207729,32.71284541062798,36.65501449275359,22.982507246376787,22.982507246376787
1376.0,60.46050698750371,65.84547099032754,55.85950599663576,52.07334259276367,55.479336012622824,54.60845202796484,41.930174549378116,56.808539767870585,5.4727894891364635,15.112623273322813,10.881203454155175,7.214804804471979,1.7703363364219475,4.412541741533005,1.6804729728431134,7.110476725716227,49.54737198067628,47.61742028985502,48.12701932367144,33.30482608695648,36.432202898550685,32.707458937198034,36.656768115941986,22.966792270531375,22.966792270531375
1378.0,60.46572176320025,65.85235138811278,55.86234400456556,52.07530477617352,55.48722246531543,54.620589124429294,41.93855393863437,56.814265379649356,5.469922064949869,15.133933700628779,10.870886223851862,7.199282873293807,1.7634139292496798,4.3962458294687305,1.6824468790942584,7.236483325236678,49.53763285024149,47.61826086956516,48.144884057970955,33.301048309178704,36.41340579710141,32.70282125603861,36.66091304347822,22.95310628019321,22.95310628019321
1380.0,60.48088398725245,65.86096109656671,55.869929270627104,52.085419654712176,55.49263118948475,54.6306794872955,41.946367082059034,56.81449507741031,5.440291694842887,15.171860530231179,10.927060681730923,7.176535666164741,1.7726511754356802,4.359744071416698,1.680771535234128,7.147882594356935,49.527531400966126,47.62291787439608,48.16213526570043,33.2948985507246,36.395830917874356,32.69953623188402,36.6678599033816,22.941251207729444,22.941251207729444
1382.0,60.491954631145255,65.8706980255969,55.8737412065189,52.09061056906765,55.498129103561666,54.63117790664324,41.950283747833616,56.815952433680664,5.474426946746507,15.140170361778843,10.85975404254531,7.230819911421956,1.780836975916966,4.4067166152047905,1.6637037455073853,7.00272140834491,49.514768115941976,47.62323671497579,48.17924637681154,33.288758454106244,36.3802753623188,32.69882608695649,36.67558937198064,22.929739130434754,22.929739130434754
1384.0,60.498975927033094,65.8806411525671,55.872610219578974,52.09334434471986,55.49902381044477,54.63497522401138,41.94741291596265,56.815542013903645,5.497206997401601,15.1667982445696,10.9103807453056,7.1236042564224,1.7736092507263999,4.4185070012416,1.6313742483584,7.0867067420544,49.50364734299512,47.62379710144922,48.19373913043472,33.28253140096615,36.36636231884054,32.70013526570045,36.6832560386473,22.917555555555527,22.917555555555527
1386.0,60.506215121521265,65.8888058759616,55.877092321016654,52.09831534117508,55.50188609113825,54.646893000169655,41.941680394498505,56.81810246710993,5.509358285763856,15.228361498743775,10.95369839671004,7.0780742416578315,1.7582941768738956,4.407765410763052,1.6786041653333332,7.181953668305221,49.49482125603859,47.627352657004785,48.20378743961347,33.279120772946825,36.35554106280189,32.7029565217391,36.69179227053136,22.906574879227026,22.906574879227026
1388.0,60.51855717518388,65.89891843486339,55.88960280029357,52.10462094340828,55.514037684436886,54.66227439050766,41.932639265036265,56.8223256811117,5.44722236086578,15.208641921585617,10.914355177943069,7.193570185512294,1.7490273135249845,4.413913606599807,1.6766838413783378,7.115149174556799,49.48711594202893,47.62938164251203,48.211217391304295,33.279033816425084,36.346212560386434,32.70683091787436,36.70090821256034,22.899178743961325,22.899178743961325
1390.0,60.5340811258879,65.91627111376225,55.90222803803295,52.113248560107955,55.52062432340102,54.680439116433874,41.92233610578666,56.826325015700554,5.46939455500462,15.304124940525742,10.845624982578311,7.1752032959133265,1.7587811104258004,4.408624837997817,1.644347326463425,7.124893953654153,49.48113526570043,47.633821256038594,48.21668115942024,33.276729468598994,36.33850724637677,32.7101256038647,36.71214009661832,22.894652173913016,22.894652173913016
1392.0,60.546585443488645,65.92867666182282,55.905972433403335,52.12338890388833,55.52635426565752,54.690930308575,41.914616962459505,56.83035135391602,5.531341600404743,15.30916196173913,10.780637643889328,7.153567734222925,1.7719053368158102,4.390594764977075,1.6528101774671937,7.1443929839051385,49.47500483091782,47.64472463768111,48.21722705314004,33.27384057971011,36.33241062801928,32.71303381642509,36.72402415458933,22.893405797101423,22.893405797101423
1394.0,60.553397318138316,65.94037026989682,55.90457690454149,52.12501747285663,55.52979075969652,54.69829210543285,41.91354285436993,56.83614753454169,5.475942250399038,15.213406771128634,10.85034911676122,7.179133808026395,1.7535096011251063,4.380503988748936,1.636599800451952,7.1707543685771205,49.469198067632796,47.659101449275305,48.21229951690816,33.274347826086924,36.331381642512035,32.71697101449272,36.734492753623144,22.900038647342967,22.900038647342967
1396.0,60.570044348182954,65.95327721622905,55.913097741695594,52.123579432608146,55.531589743612436,54.71111170300973,41.913198600584245,56.844515575257766,5.485031460788003,15.139966434496696,10.846937174129016,7.143053206349109,1.7519273546552119,4.4086335674015,1.6236743482580327,7.203421643212395,49.4647439613526,47.67655072463763,48.20312077294681,33.27496135265697,36.33513043478256,32.72097101449272,36.74447826086952,22.912545893719784,22.912545893719784
1398.0,60.58625174911654,65.96923250969535,55.92343881517982,52.13058838612314,55.531706490605565,54.71751544197683,41.90681156608914,56.85024594728142,5.583323691708238,15.15835645233985,10.85994494772134,7.159525087793719,1.7872515696850666,4.43560383509371,1.6689463424815838,7.157357140112011,49.4651014492753,47.70592753623183,48.191516908212506,33.275995169082094,36.343270531400925,32.72411594202895,36.75551690821251,22.927178743961324,22.927178743961324
1400.0,60.59157600451052,65.97871743293922,55.926651945581085,52.14015017239417,55.539297372914305,54.72133323370983,41.9032474440649,56.85074427538465,5.497371439100402,15.231603068671486,10.916272686470682,7.157977762454618,1.7890287180080322,4.448214009484337,1.694215160648996,7.169130767023294,49.47138164251202,47.740024154589314,48.1781400966183,33.280763285024115,36.35714492753619,32.72614009661832,36.76674879227049,22.9426183574879,22.9426183574879
1402.0,60.59942946112266,65.9802945373319,55.924843950058445,52.14279661222194,55.55137032951424,54.72401748958288,41.90609787445327,56.860793495687524,5.4868058831483175,15.16921156879997,10.9970714711548,7.172010322494893,1.7514468321052354,4.404663939353662,1.6601076323880741,7.209064391994874,49.482362318840515,47.76390338164246,48.16186473429946,33.28957971014489,36.37499999999996,32.724999999999966,36.77853623188402,22.95992753623186,22.95992753623186
1404.0,60.61029876187125,65.98327863695197,55.92935625642973,52.14600003179278,55.55965893216541,54.73081418528822,41.91181686596349,56.87125206153528,5.511801396456358,15.233681913517668,10.999257847630641,7.153778427785043,1.784082859760985,4.413966716990797,1.630931838031471,7.091805033161374,49.496265700483036,47.781898550724584,48.142787439613464,33.300980676328464,36.39498550724634,32.71865217391301,36.79003381642508,22.978898550724615,22.978898550724615
1406.0,60.61944270028351,65.98870128579227,55.9392178680983,52.15764349154978,55.56589618692414,54.73355980012745,41.91205794941251,56.87253106707426,5.459102275892007,15.135864180088722,10.944748196200637,7.115806677217431,1.7842873829110304,4.4301349810140715,1.6495554677788964,7.119646360474106,49.51009178743956,47.8019323671497,48.12527536231878,33.3128985507246,36.41693236714972,32.70805314009659,36.79857004830914,22.99801932367147,22.99801932367147
1408.0,60.62490507833099,65.99386334189948,55.944005339105814,52.16593248259339,55.5737215765619,54.73020984271327,41.90988902030342,56.87443716053493,5.422058195227335,15.043825721933613,10.83357843865722,7.212613038634179,1.7776645355457483,4.408663016105919,1.6469698629042764,7.197561796293884,49.52441062801927,47.81626086956517,48.11018840579705,33.328091787439575,36.44174879227049,32.698429951690784,36.80507729468595,23.017473429951668,23.017473429951668
1410.0,60.632913230143394,65.9936127605857,55.951378616859955,52.169685539499014,55.57920788748611,54.73129826319994,41.90977748049179,56.88397027159533,5.419097148894262,15.115887704988712,10.812340178363304,7.1943869581237205,1.7927733131057932,4.352544525655397,1.6428748129767057,7.171298351493001,49.539743961352606,47.819502415458885,48.0943091787439,33.34692270531397,36.47024637681155,32.68666183574876,36.80926570048305,23.034299516908188,23.034299516908188
1412.0,60.64735922697961,66.0018745620848,55.961111708419466,52.174660673517806,55.578624888127365,54.732548069528164,41.91328642772803,56.89081444027039,5.511332744189278,15.123333036537773,10.910812884176229,7.190160376533987,1.787609242078851,4.365069023242889,1.6336933138434337,7.103372268426967,49.55477294685984,47.81822705314004,48.07877294685984,33.36614975845407,36.50196618357484,32.670328502415416,36.810845410627984,23.049043478260845,23.049043478260845
1414.0,60.65944412471172,66.0128181058156,55.968401059346895,52.18261343150037,55.58459198480624,54.730182395224,41.91907807272171,56.89373065695354,5.51142316160099,15.128523925682416,10.871692796293049,7.255207653374217,1.7752396353875266,4.294034161321765,1.637352458170668,7.127994024677723,49.56752657004825,47.814115942028934,48.06358937198061,33.383705314009624,36.53517874396131,32.65128019323668,36.80952657004827,23.06642512077292,23.06642512077292
1416.0,60.67216387265753,66.0178418096209,55.97634425748208,52.18958422779336,55.59388675319088,54.7275514270031,41.92357473676805,56.90544023441814,5.501425087280043,15.160177326739541,10.781315130372734,7.212061037648218,1.7897611862157445,4.3276051771593425,1.6565768216640104,7.177758475061108,49.5771594202898,47.798545893719755,48.05003864734293,33.399251207729435,36.569884057970974,32.63019323671494,36.805623188405754,23.08821256038645,23.08821256038645
1418.0,60.68367565334697,66.02165199689935,55.9831529673499,52.195642888867766,55.60730700806404,54.73435389949732,41.92212925160304,56.9178580335656,5.533859520577615,15.199150377500862,10.832602997298247,7.180055473180385,1.7833904042855502,4.380877511633863,1.6919434785373226,7.080900150273668,49.584555555555504,47.77184541062797,48.03944927536226,33.4117487922705,36.60598550724634,32.60779227053136,36.803101449275324,23.10965217391302,23.10965217391302
1420.0,60.68938660083605,66.02065266769233,55.989120700040075,52.20164548772591,55.61933599351923,54.74057598342242,41.920021345104935,56.92296937502389,5.513176284061068,15.221069541726784,10.764183224395943,7.167971390716441,1.7443381420305337,4.387145780888802,1.6829516715981494,7.086635396516892,49.58872463768111,47.74515458937193,48.03076811594197,33.42128502415456,36.643289855072425,32.58242028985504,36.802975845410586,23.129086956521714,23.129086956521714
1422.0,60.692696948507475,66.01738309186324,55.989631308198774,52.20375019289297,55.62921614407126,54.735576181591455,41.9282021773011,56.932935048277116,5.458815658055727,15.112444371701232,10.901952070859362,7.107741820640182,1.742122710669808,4.388671635328972,1.6576725361825702,7.09575302583282,49.59228019323666,47.72675845410623,48.02356038647336,33.43032850241542,36.681507246376775,32.556072463768075,36.803309178743916,23.144256038647313,23.144256038647313
1424.0,60.70130617264805,66.02169179576737,55.98826270287418,52.210432362245,55.634651458383054,54.735384545683466,41.94105103917961,56.9478833762386,5.477103003908617,15.215135214249297,11.025413283796393,7.1627984436072145,1.7703492986613227,4.4054017037082165,1.6784416319743487,7.099929661178357,49.59666183574874,47.71012077294681,48.01556521739124,33.43895169082122,36.72147342995165,32.52957004830914,36.80156038647339,23.151024154589347,23.151024154589347
1426.0,60.71113187330675,66.02421771692205,55.98876898521183,52.222617756150086,55.64027006465907,54.742273936498016,41.94831478008603,56.95413939275511,5.478626324077608,15.209227923374414,10.91494375602917,7.218120979060682,1.788586363421306,4.3757137864832,1.6705392111337758,7.060251498571924,49.599135265700426,47.69861352657,48.00691787439607,33.445449275362286,36.762149758454065,32.503178743961314,36.80058454106276,23.153637681159395,23.153637681159395
1428.0,60.719861986681316,66.02462373396023,55.990117557094564,52.234158066217816,55.64771839799148,54.74973607667325,41.95146710172448,56.959297202902945,5.397801249238979,15.050310004938149,10.917585791885198,7.201976037529932,1.7723415689559479,4.371097049737763,1.653519060601691,7.048890295026224,49.59879227053135,47.687304347826036,47.999579710144864,33.45116425120769,36.804275362318805,32.47903864734295,36.8032367149758,23.157550724637655,23.157550724637655
1430.0,60.72223505175568,66.02567512901219,55.9901942197602,52.243347800566625,55.65918298503352,54.75858667712001,41.95510104162081,56.96189413804493,5.3861578563721215,15.092536011387084,10.862288478046116,7.14097670676993,1.7953432444534503,4.40849007479669,1.6741668823833817,7.154478956109852,49.597120772946795,47.66586473429946,47.99011594202892,33.45809178743958,36.84554106280189,32.45633816425117,36.807594202898514,23.164710144927508,23.164710144927508
1432.0,60.726604994391735,66.03155532871727,55.99806009607649,52.25164674539219,55.66642980392681,54.7696024386122,41.96227191264496,56.96433828426209,5.445208287996519,15.18839005681117,10.804972927081533,7.142231494453633,1.8511762408092016,4.395633148643033,1.639528176045704,7.242601654858008,49.59743478260864,47.65363768115937,47.97509178743956,33.465275362318806,36.88481159420286,32.433710144927495,36.811782608695616,23.171173913043454,23.171173913043454
1434.0,60.737849586843616,66.0339702797303,56.01040450604972,52.261703494628115,55.67614344579613,54.78549386234922,41.96882785428945,56.96997507867709,5.498095312710075,15.183163788805228,10.777859002715898,7.178573514647733,1.781081945168501,4.376809176981041,1.6267452372443367,7.127758851784423,49.598874396135216,47.64906280193231,47.95707246376806,33.47120289855069,36.92272946859899,32.411009661835706,36.81330917874392,23.17247826086954,23.17247826086954
1436.0,60.74468419348709,66.03527676660916,56.01463054409183,52.27304957348015,55.691653226970715,54.80073096903158,41.96883049829419,56.97448653507119,5.52535396355045,15.083566131735179,10.86275013278165,7.172788335592645,1.7627060328029855,4.419481850301665,1.6508318713881496,7.1299918255686165,49.60002415458931,47.63996618357482,47.93740096618352,33.47558454106277,36.95871497584537,32.38809178743958,36.81568115942025,23.17201932367147,23.17201932367147
1438.0,60.75185263904502,66.0388716137438,56.01538597715503,52.27924700450325,55.70016925728092,54.805782644553965,41.969899057282696,56.97929443462769,5.471258302315414,15.06502339254998,10.906380844613505,7.22779720552725,1.7538060857769733,4.430180495891743,1.6655658354817753,7.1907071319422595,49.60251690821251,47.628714975845355,47.91624637681154,33.479352657004796,36.994014492753585,32.36481159420286,36.82119806763281,23.171367149758428,23.171367149758428
1440.0,60.75987460251358,66.04455752393723,56.01518937535679,52.28589331949459,55.70872804253377,54.810068678620574,41.975257268774335,56.98641331627412,5.4523535101916,15.168468755339218,10.853889568371647,7.206197843360343,1.7773142928891823,4.350995988066343,1.6612687563406223,7.18902241720505,49.606811594202846,47.61700483091782,47.893826086956466,33.4853140096618,37.030526570048266,32.342850241545854,36.82738164251203,23.173314009661812,23.173314009661812
1442.0,60.76094618429521,66.04979043593114,56.014005972604124,52.28845755059546,55.71106315549396,54.82058408417523,41.98437971255437,56.994390577034686,5.475605467430582,15.244263418613576,10.948668345245748,7.199705767386035,1.7976893650942898,4.294618811055296,1.6530424987501857,7.143019011025598,49.61158937198062,47.60470531400961,47.86918357487917,33.49092753623185,37.06902415458933,32.32271497584538,36.831183574879184,23.17887439613524,23.17887439613524
1444.0,60.76357866055857,66.04983400019343,56.0197596507857,52.28928389686663,55.710673144871805,54.82713186956424,41.99022094288301,57.00006335296675,5.461757129285758,15.179823614636877,11.003125721475287,7.170760019953197,1.8109999501170062,4.2995738889933435,1.6676610983138995,7.077726065889953,49.61675362318835,47.59416425120767,47.84441062801927,33.493096618357455,37.10672463768112,32.30313526570045,36.83315942028981,23.18486956521736,23.18486956521736
1446.0,60.76576167383824,66.05239795198257,56.02207030689118,52.29239662652822,55.7177092681587,54.82881007080585,41.99040277404006,57.004035111923756,5.4708683809759675,15.180046331568228,10.892445118357637,7.206672401127495,1.7588471510419552,4.4302462799511195,1.6905078918517311,7.126112776694094,49.62220772946854,47.589714975845354,47.82104347826081,33.49477294685987,37.14573429951687,32.28223671497582,36.83626086956517,23.191801932367124,23.191801932367124
1448.0,60.767614137836915,66.04925275731782,56.017283461651566,52.2991773607446,55.72831460199226,54.836374460606656,41.99232461437841,57.002459501824,5.458754087851906,15.192046112034847,10.849714306253356,7.212622881730672,1.7593001989041004,4.4683048357075865,1.6954273678821052,7.155912064160291,49.62785507246371,47.577149758454055,47.80011111111106,33.49773429951688,37.18582608695648,32.259922705313976,36.839835748792225,23.195429951690798,23.195429951690798
1450.0,60.78053322718359,66.0472771107582,56.02054799502379,52.30225135321213,55.73822709012435,54.84456527613544,41.996190312348865,57.00479884502161,5.414676128027209,15.11628505478772,10.9571732699299,7.221937914367877,1.7630669502095437,4.445044734225413,1.6960008023943316,7.139696991268398,49.633599033816374,47.54345410628014,47.78096135265695,33.50020289855069,37.22386956521735,32.23665217391301,36.841439613526525,23.19280193236712,23.19280193236712
1452.0,60.797428375590464,66.04935493528237,56.02699657003983,52.3023011137741,55.74704518360298,54.84478363589101,41.99659174990854,57.00892183796931,5.38925204368029,15.057021386019311,10.946144765992887,7.259687238692705,1.7124934194596,4.461074077611905,1.6689368896278773,7.126740528962905,49.63629468599028,47.4983478260869,47.76064251207724,33.500449275362286,37.257434782608655,32.21283574879224,36.842231884057924,23.18704830917872,23.18704830917872
1454.0,60.80166123222889,66.04902587705327,56.026071086978824,52.305538284732584,55.753485038865875,54.84665939822446,41.99169670174962,57.00416740957568,5.410809013456474,15.101715079682405,10.844838600660626,7.236985781398042,1.7320495228234198,4.444389580607378,1.6447377577834836,7.0827578890498275,49.638797101449214,47.43792753623183,47.73868115942024,33.49857004830915,37.28901449275358,32.19188405797098,36.8445603864734,23.180125603864706,23.180125603864706
1456.0,60.803674117799886,66.05147530990966,56.020592088691444,52.30463261496822,55.74833502053824,54.85107759653106,41.984127793816725,57.002056517460176,5.450925939296662,15.117538826496624,10.815430438243556,7.220315739290444,1.7425032999561052,4.39292173892685,1.6288169398420527,7.109166566620699,49.64396135265695,47.36693719806758,47.71399999999995,33.49466183574876,37.319420289855024,32.172381642512036,36.84716908212556,23.17343478260867,23.17343478260867
1458.0,60.81792521043319,66.05662388474452,56.019474162623446,52.30230805077102,55.74157700735309,54.8504562339788,41.97666148306543,57.00766559206718,5.473381206610728,15.094380693378865,10.84137469312402,7.149283458756219,1.8007365894693024,4.374600252060543,1.614858393007851,7.1104849620087025,49.645594202898494,47.30728985507241,47.68304347826082,33.48882125603861,37.34478260869562,32.15048309178741,36.84823188405793,23.167217391304323,23.167217391304323
1460.0,60.82976576989976,66.06294554881774,56.015775900966915,52.303684171360466,55.741053765826,54.840600348342164,41.96972787970412,57.008812104836835,5.464358955804378,15.202950350103727,10.846606098655846,7.186443540208595,1.791938341294148,4.369518016891645,1.6569669665804665,7.139791789689965,49.6453285024154,47.264526570048254,47.648811594202854,33.4811449275362,37.36437681159416,32.12834299516904,36.84774879227049,23.160541062801904,23.160541062801904
1462.0,60.83622610257253,66.06913649037818,56.01385104620358,52.3031062482515,55.7397671482999,54.837853960690204,41.96115669452835,57.00969872340691,5.5138973080947435,15.226464806838033,10.940347057384459,7.218325522142406,1.7514913263850898,4.389988135777508,1.6725138590317916,7.169372083542785,49.647797101449214,47.23407729468593,47.61608212560382,33.471729468599,37.37757487922701,32.106275362318804,36.84571980676324,23.154903381642487,23.154903381642487
1464.0,60.8551294642553,66.07272642317906,56.009757583675274,52.30157456585113,55.739939413407,54.84320394789378,41.952747933870995,57.01337256041458,5.482369092544572,15.309781584398392,10.861734692216565,7.176935195525585,1.751343983086363,4.421565005798023,1.6759389903835769,7.1538072877305705,49.65102898550719,47.20967632850236,47.5836328502415,33.46371980676325,37.38444927536228,32.084594202898515,36.84214492753619,23.14632367149756,23.14632367149756
1466.0,60.8706480510134,66.07721219798145,56.00024777392186,52.30194785474819,55.740877505607266,54.85033314350312,41.940480497657774,57.0149351992745,5.443902659201349,15.300039138761106,10.86739909538112,7.164975263273432,1.7699548413474513,4.462910737509853,1.6737014046987106,7.1451830906814084,49.6537053140096,47.189869565217336,47.550893719806716,33.45730917874393,37.385772946859866,32.064835748792234,36.838850241545856,23.13556521739128,23.13556521739128
1468.0,60.875983322302204,66.07932504037448,55.993239011041865,52.30202949733041,55.73250470110002,54.84911451319239,41.93338123050969,57.014434811917326,5.4466225006592,15.2115149954048,10.9582550009856,7.1752399999488,1.8064725005312001,4.421587506944,1.6774200016384,7.1707899975168,49.65388888888883,47.18647342995163,47.519120772946806,33.448516908212525,37.38241545893716,32.0443140096618,36.83343961352653,23.126342995169058,23.126342995169058
1470.0,60.8794494796056,66.08170397644312,55.982806471495714,52.30413169526575,55.72890637199647,54.849537104826595,41.934449031243176,57.014057858600204,5.466064943174733,15.230769217408968,10.904578752659623,7.183128003325712,1.8151210514635028,4.370595232374672,1.6736731867311658,7.204917278018178,49.65503864734294,47.196888888888836,47.4877439613526,33.438188405797064,37.374120772946824,32.02456521739127,36.82773913043474,23.11692753623186,23.11692753623186
1472.0,60.88517500493281,66.08870129272873,55.969760327532875,52.30807029336338,55.735697362068024,54.85899528192505,41.935017449669864,57.01414349796629,5.498446254323459,15.173952236447734,10.86762011139411,7.212087934239531,1.788778832145724,4.383552036113891,1.6836982904373508,7.218536098459482,49.65818357487916,47.20830917874391,47.457367149758404,33.42834299516905,37.36250724637677,32.00834782608692,36.824797101449235,23.107415458937172,23.107415458937172
1474.0,60.88943304397236,66.09315251638996,55.96233275618007,52.31213790748156,55.74329385105436,54.86436003803708,41.93716161379839,57.01048190325572,5.487438307620954,15.144579969803027,10.894428993631664,7.225106259654481,1.7383820228023295,4.403990935908733,1.67518828245681,7.162704007085444,49.65952657004825,47.232106280193186,47.42854589371975,33.42039613526566,37.34741545893716,31.992420289855037,36.82226570048305,23.09972946859901,23.09972946859901
1476.0,60.89317520904405,66.09433469041225,55.95777389149916,52.32108060058164,55.75158553572769,54.86668483698793,41.94835704833659,57.00255866680409,5.456825892350988,15.113275895550988,10.94204663174071,7.186895951734387,1.7940161994624506,4.4148620586245055,1.664474803655336,7.160783487620553,49.661922705313955,47.262173913043426,47.39996135265695,33.41398550724634,37.32990821256035,31.975367149758423,36.81962318840576,23.0946183574879,23.0946183574879
1478.0,60.89961180658032,66.09890241743686,55.955380142588226,52.32858927823521,55.75376642881155,54.870808619299446,41.959004905736464,57.000008057640336,5.4733752590500835,15.122612888575127,10.949584945755081,7.188135865356118,1.8090449923948007,4.39747491027103,1.6630197972222,7.180049883400701,49.66583091787434,47.28697584541057,47.371420289855024,33.40757487922702,37.3110483091787,31.958772946859867,36.8169178743961,23.092275362318812,23.092275362318812
1480.0,60.909687895241014,66.11331438035889,55.95257619335338,52.32659581901046,55.74922516618386,54.874533965342906,41.971229476419175,57.00681980710087,5.512127191815794,15.159705260357905,10.878479067339539,7.173062996999916,1.7690558329992856,4.382467502702614,1.6612022040229049,7.063134952872026,49.671154589371916,47.313599033816374,47.34445893719802,33.401454106280156,37.291898550724596,31.942396135265668,36.81354589371976,23.087463768115914,23.087463768115914
1482.0,60.92555768740577,66.12829979459855,55.95229543492499,52.325979745351376,55.75357227299274,54.87851190269958,41.984882628742106,57.01574810885875,5.46320294893121,15.196861421467945,10.87285901861554,7.144983782205522,1.7567492394535866,4.420272822940216,1.6413714004105309,7.0890322837627195,49.67601932367143,47.32957004830913,47.31994685990333,33.395913043478224,37.27474396135262,31.924772946859864,36.81190338164247,23.08034299516906,23.08034299516906
1484.0,60.93748092899024,66.13546230838735,55.95061210149192,52.33278700452313,55.76194413693265,54.88113987800402,41.99455249738478,57.02371856929488,5.4535606012320885,15.274354894127944,10.833792660210735,7.206976044974584,1.7639855751427898,4.492184455266671,1.6526694188538662,7.17474683954801,49.6779323671497,47.338410628019275,47.297483091787385,33.39001932367146,37.26009178743958,31.906217391304313,36.813816425120734,23.07650241545891,23.07650241545891
1486.0,60.946579176221924,66.14179754245534,55.95268097526793,52.33665421273149,55.76411661748771,54.88150490016615,42.00718142677052,57.03348304839107,5.4553047986176,15.143565499135999,10.8396055478016,7.1639503476992,1.8577615508736,4.4205275494656,1.6486504488704,7.2210232503039995,49.67795652173907,47.35853140096613,47.27901449275356,33.38461835748789,37.2472753623188,31.886995169082084,36.81449275362315,23.07556521739128,23.07556521739128
1488.0,60.95403980430895,66.1565260542896,55.95870408021563,52.337672215567046,55.76538858260149,54.89080624195796,42.01502847660461,57.04688924239743,5.449985033178796,15.198969421303808,10.83992819667419,7.127006663548669,1.8256114350015256,4.394473843140365,1.6223613125199783,7.197311982810956,49.67828019323666,47.384198067632795,47.26583574879221,33.37990338164248,37.237454106280154,31.867323671497545,36.81393236714972,23.077251207729446,23.077251207729446
1490.0,60.96531668287934,66.16806164267881,55.95935828743557,52.33791652542836,55.7650048404394,54.90376532574739,42.01683685012396,57.0560900634846,5.485627471969472,15.23628461923455,10.934261535938523,7.169947250397779,1.7878615366673942,4.398792305972919,1.6348703283487502,7.122874727469348,49.68043961352652,47.41035748792265,47.258637681159364,33.37541545893716,37.23300966183571,31.84737198067629,36.8138792270531,23.08255072463766,23.08255072463766
1492.0,60.97939496562979,66.17965363415298,55.964204374930496,52.33783306568697,55.766069354293855,54.90852953361255,42.01881952167473,57.06729321716973,5.43438912951229,15.110348039988596,10.980985197114856,7.239929303468555,1.8166694873245188,4.440289425626711,1.6655477339744762,7.092973412297178,49.684144927536174,47.43435265700477,47.2581594202898,33.372473429951654,37.23454589371977,31.82726086956518,36.81545893719803,23.09067632850239,23.09067632850239
1494.0,60.992490696298226,66.18947856804778,55.97184848063998,52.344185923064174,55.77622347535334,54.91273867484653,42.019145945404986,57.08286422704411,5.437144941771953,15.189314069579646,10.98109016788768,7.217062927119791,1.7992314648940155,4.399272563443701,1.6548421820565384,7.178002167013705,49.68788405797096,47.45225603864729,47.26218840579705,33.37239613526566,37.242714975845374,31.80706280193233,36.819227053140054,23.099028985507218,23.099028985507218
1496.0,61.00397528579951,66.19733868867434,55.972707432448196,52.35312978632918,55.78516291276883,54.922663017969974,42.020638990512005,57.08882835474647,5.512676645056543,15.278781411906182,10.904743646281833,7.132124160888583,1.8018656859311635,4.365685688184484,1.6467125897932937,7.223813905087422,49.694367149758406,47.4564057971014,47.26795652173908,33.37472463768112,37.25456521739127,31.78680193236711,36.82213526570044,23.10621256038645,23.10621256038645
1498.0,61.025160506902274,66.21282678545202,55.97584116754679,52.358351435310155,55.79589630267065,54.92973910061939,42.02247775649393,57.09498050752241,5.500138712320083,15.158364993414484,10.846229383482969,7.156679736112033,1.782398096176652,4.421405014338696,1.6641665996282222,7.156855868401629,49.70392270531396,47.44261352656999,47.27086956521734,33.37722222222219,37.26771497584537,31.768280193236677,36.824753623188364,23.10905314009659,23.10905314009659
1500.0,61.043314431418466,66.22721872796127,55.981518321559996,52.36465555906771,55.80505991745299,54.93378241153179,42.024728950836824,57.10729451865395,5.536678750954425,15.218312739498266,10.866057948717426,7.187525340152525,1.7694896931262023,4.420491589743485,1.6591688412438057,7.126360927441264,49.71392753623183,47.42052173913038,47.269285024154534,33.38009661835745,37.28273429951686,31.752077294685954,36.83130434782605,23.107492753623163,23.107492753623163
1502.0,61.0524848273425,66.2323006502574,55.985219107245015,52.37452194891949,55.81414107556429,54.94002157117092,42.02649541296976,57.11805868225192,5.474729939831009,15.192769208359106,10.827781744400031,7.141091825459856,1.771440421683638,4.377543029340375,1.6460503510692301,7.088456620091097,49.724236714975795,47.391999999999946,47.265115942028935,33.38238164251204,37.30074879227049,31.738772946859864,36.83821739130431,23.10038164251205,23.10038164251205
1504.0,61.07178325023835,66.244179124282,55.98809637480058,52.379621428096584,55.82001797791691,54.943727660300674,42.025280940974675,57.12958790788722,5.457841991813126,15.114401251324846,10.919972722676421,7.189165315846066,1.7716392898473328,4.353614264324211,1.6376291791036361,7.118987337994805,49.733531400966136,47.37552657004826,47.25965700483086,33.38131884057967,37.321057971014454,31.727120772946822,36.84254106280189,23.086048309178715,23.086048309178715
1506.0,61.09097203974285,66.25984009799538,55.99547363968471,52.38524802500699,55.82851823892223,54.939792161017444,42.0223101378934,57.14089653111267,5.489095911656769,15.173252791044645,10.927450847307732,7.209619292612996,1.818343021160073,4.377459920045299,1.6580298600792733,7.227045612809291,49.739888888888835,47.371903381642454,47.25120289855067,33.37897584541059,37.340531400966135,31.717048309178708,36.846115942028945,23.06464734299514,23.06464734299514
1508.0,61.10169560423777,66.26770956136588,56.001964597710725,52.39489557932067,55.837907969630706,54.93573128607736,42.02147193221966,57.14593644059915,5.493879808301768,15.277911937923772,10.998884729034184,7.141110559094695,1.7883735753555992,4.4123487730168955,1.6721220510805501,7.206210113156778,49.74499033816419,47.358014492753576,47.239874396135214,33.37681642512074,37.357816425120724,31.707212560386434,36.84833816425117,23.03934782608693,23.03934782608693
1510.0,61.1151665208665,66.27815844896553,56.001126298292306,52.397882765641796,55.83759798816304,54.941408330381535,42.02277380566491,57.15151768173249,5.430800153652289,15.258986311584144,10.948962919592208,7.153932635735559,1.7718069457057768,4.348864860982072,1.6597759451799177,7.10274417751703,49.74989855072458,47.335280193236656,47.22517391304343,33.372082125603825,37.373338164251166,31.69799999999996,36.847985507246335,23.012763285024132,23.012763285024132
1512.0,61.131832342905874,66.2906200031715,55.99980928139798,52.40326406824847,55.84067824082958,54.94813387180615,42.02344202094425,57.15535009513274,5.473570789941247,15.197670490104576,10.873416537931176,7.194579582695824,1.7543925484921625,4.3060785363514285,1.6719202692362132,7.1016192241254,49.7508019323671,47.31371497584536,47.20350724637676,33.36561835748788,37.38691787439609,31.692748792270493,36.845613526570006,22.982763285024127,22.982763285024127
1514.0,61.135691450604675,66.29401342706669,56.00470907603718,52.417524713400674,55.84734896140046,54.94989888960402,42.025411282428074,57.153464358064724,5.458424331535467,15.238365676740854,10.937496038532686,7.230078043757265,1.7631016821682568,4.413747873952783,1.655901583528488,7.131623046572379,49.75045893719802,47.302439613526516,47.178405797101405,33.35761835748788,37.398425120772906,31.68870048309175,36.84295169082121,22.94969565217389,22.94969565217389
1516.0,61.142056461854445,66.29640050213663,56.00919643461703,52.430046658895805,55.851377074525296,54.95036357317358,42.03013336557616,57.153131288546376,5.453096146395632,15.085899184954265,10.828176673495928,7.259969167815767,1.7533570987155085,4.373257909295525,1.671616429875352,7.107948985100334,49.75280193236709,47.30935265700477,47.15330434782604,33.34762318840576,37.40660386473426,31.686048309178705,36.83990338164247,22.91390821256036,22.91390821256036
1518.0,61.14902424008406,66.30749174445276,56.00850903585122,52.43536698081881,55.86103119071905,54.95370520693039,42.040323446073366,57.15492187483215,5.4758467993088,14.9999920839936,10.8484978974464,7.2488241974272,1.7666728926464,4.3374160939776,1.6697413991424,7.1635042860288,49.758193236714924,47.32309661835744,47.128589371980624,33.33877777777774,37.40907246376807,31.686714975845373,36.8381980676328,22.876318840579682,22.876318840579682
1520.0,61.155863404011754,66.31837630462275,56.01316930838543,52.43853505634175,55.86794923006328,54.95796706390302,42.05412347826515,57.15929753970446,5.503604161997525,15.197736571675636,10.777851993177785,7.209784402855896,1.782375821447894,4.3518490263778915,1.6775422478624706,7.2251340268326025,49.76404347826082,47.33466183574874,47.10464734299512,33.331830917874356,37.405927536231836,31.689526570048272,36.83534299516904,22.839019323671472,22.839019323671472
1522.0,61.163227071649416,66.32225127065924,56.017370555801776,52.446007336543516,55.87155247257537,54.9552183495019,42.066343257996515,57.16237662601102,5.5087307356859405,15.215791156779726,10.811947669120565,7.142462517965417,1.7141728635129752,4.3395287837658385,1.6669928040585404,7.213608242534996,49.769603864734236,47.351149758454056,47.08186473429946,33.32575362318837,37.39914009661831,31.692608695652137,36.83001932367146,22.804101449275336,22.804101449275336
1524.0,61.17396838848829,66.32882208877187,56.015856582391095,52.45253437313576,55.87355846798572,54.94997317948854,42.072651336366256,57.16830284023114,5.462928571428571,15.134696825396825,10.969509523809524,7.15719365079365,1.7414325396825396,4.411275396825396,1.670729365079365,7.187324603174603,49.77412560386468,47.369198067632794,47.0594057971014,33.31891304347822,37.38772946859899,31.696990338164213,36.82690821256034,22.771879227053113,22.771879227053113
1526.0,61.194345769194214,66.34397978451621,56.011826223438256,52.456556880629144,55.879220656225975,54.94550592981512,42.07300006816732,57.176193688032406,5.4625769496164445,15.162226823143172,10.906245947927257,7.134092551907638,1.7604792154160696,4.413255561712553,1.674805788292516,7.078592046014549,49.775019323671444,47.38526570048303,47.0369903381642,33.31085024154585,37.37258937198064,31.705429951690782,36.82646859903377,22.741492753623163,22.741492753623163
1528.0,61.209188591243674,66.35485378677572,56.01185564583679,52.46318034644998,55.88488645609955,54.940586065182046,42.076176749030516,57.18401898935057,5.488816733306613,15.158040886047296,10.94220646261483,7.128116582566733,1.7530018024785572,4.391905761295391,1.6339039588168336,7.226046188723046,49.77569565217386,47.40531884057965,47.01606763285019,33.30166183574875,37.35588405797097,31.71458937198064,36.82738164251204,22.709637681159393,22.709637681159393
1530.0,61.22060275994068,66.36443558830246,56.0193647165862,52.47128314070805,55.89097618476687,54.9376591210725,42.07760445450504,57.197149210976406,5.51593293230499,15.075365419586428,10.964915567572056,7.1848663139002,1.8016423631329341,4.3500336860998,1.6429073334291417,7.205432491548104,49.7753091787439,47.4291980676328,46.9979903381642,33.29199999999996,37.33682608695648,31.72408212560383,36.829550724637635,22.67956521739128,22.67956521739128
1532.0,61.22895133063931,66.37249568467587,56.02068488462843,52.47838613540379,55.893035451903145,54.94365700442101,42.0698401488122,57.202063144351904,5.538237406951019,15.13567929876682,10.972142893471695,7.247737157092458,1.8169783052569635,4.329518202647563,1.663587282392013,7.1427987507071915,49.77179227053134,47.46155555555549,46.98706280193232,33.283690821256,37.3158985507246,31.737695652173876,36.83105314009657,22.652603864734274,22.652603864734274
1534.0,61.24396805140785,66.37927824077825,56.02592634353737,52.48174124750756,55.89509644931564,54.94882150740068,42.056413552213144,57.205920587846606,5.511521568238804,15.176251883672258,10.897858671018883,7.221382502907833,1.7847199094900323,4.388086877856591,1.6767431382795177,7.210444796127334,49.76911111111106,47.51132850241541,46.98454106280188,33.27856038647339,37.29058454106276,31.75439130434779,36.83296618357484,22.62693719806761,22.62693719806761
1536.0,61.266190315681946,66.38960464296292,56.03320376582494,52.48397751971925,55.90010330948661,54.95200050040634,42.03964624890073,57.21712783716168,5.518558997795626,15.1679250048,10.851058699667595,7.145026140157456,1.79629672059165,4.406049305434593,1.7024086964675944,7.177494481431411,49.77005797101443,47.5669903381642,46.98985507246372,33.277260869565175,37.26135265700479,31.771956521739096,36.83879710144923,22.606033816425093,22.606033816425093
1538.0,61.28247420701919,66.40088917991281,56.03406593191953,52.48685028729158,55.904670100174684,54.95490346616021,42.02674618958191,57.22448890860087,5.521226145456287,15.286650900617964,10.868665218337725,7.154662330213174,1.8160655691113772,4.414456136622754,1.687880439875449,7.1428459078514965,49.772647342995114,47.626062801932314,47.00300483091782,33.27866666666663,37.23344927536228,31.79122705314006,36.84605314009657,22.594439613526546,22.594439613526546
1540.0,61.29697687184048,66.40287685746395,56.04108323116568,52.49680958767156,55.91077191646835,54.9557040809721,42.0192520845184,57.2344703523844,5.4648447716964155,15.244760826584146,10.864277939767389,7.240067183451976,1.8049776881471875,4.3882596795658735,1.690447173089035,7.153758980246636,49.77611594202893,47.693256038647284,47.022734299516856,33.28287439613523,37.20664251207725,31.81126086956518,36.8528599033816,22.595444444444418,22.595444444444418
1542.0,61.30752140436067,66.40707444668057,56.048089483322606,52.504867668691816,55.91567223010492,54.959222153361274,42.01346113481626,57.24506636604575,5.469367469137455,15.1516277294272,10.855224422247812,7.1780000964036095,1.7712750743111159,4.380704204268538,1.6664061055619528,7.120536933294058,49.78209661835744,47.76913526570043,47.048357487922644,33.28998067632846,37.180652173913,31.82994202898547,36.85912077294682,22.60751207729466,22.60751207729466
1544.0,61.318340312850026,66.42289487601532,56.04705929239654,52.50961466674979,55.92395507087179,54.964033908407814,42.01032531659342,57.24994036120541,5.509893119553411,15.153439523647148,10.9312798742347,7.149149077011381,1.7499438969653394,4.450411108188091,1.6835575122818278,7.092849077011381,49.792222222222165,47.847855072463716,47.07858454106274,33.2982560386473,37.158149758454066,31.846980676328467,36.8652946859903,22.624835748792243,22.624835748792243
1546.0,61.32964733681916,66.44147107460253,56.052462880860126,52.51377860378705,55.93398993183528,54.970660644734984,42.00975203022922,57.25275123170049,5.536774139706468,15.124440390254925,10.981990159567363,7.142119567256489,1.7642049934185124,4.466381274680579,1.6912199187164878,7.216146782126114,49.803299516908154,47.91409661835743,47.11034782608691,33.30714492753619,37.139932367149726,31.86330917874393,36.87301449275358,22.641429951690796,22.641429951690796
1548.0,61.334548669656,66.4534676991666,56.066552653362066,52.51717743369827,55.94031756648255,54.97599126759949,42.01160607309521,57.260379011065034,5.528551070292557,15.14751034321439,10.916480901942327,7.099557382366349,1.7886968673544508,4.376226006442136,1.6506995026267686,7.211825959659443,49.81392753623183,47.96100483091782,47.1400096618357,33.31604347826083,37.125526570048265,31.87808212560383,36.88026086956518,22.660130434782584,22.660130434782584
1550.0,61.33953739362853,66.46835823956052,56.0788822695277,52.51489778098397,55.944169474194844,54.97936197337153,42.01652251128203,57.267495028159026,5.512987789677516,15.164534409424624,10.96607537943736,7.172464026417858,1.7789290616075277,4.392621846695255,1.6589724015707705,7.100616044471672,49.822657004830866,47.99431400966178,47.1651400966183,33.323695652173875,37.117410628019286,31.890502415458904,36.887410628019275,22.67996135265698,22.67996135265698
1552.0,61.347978404846295,66.4919100172883,56.081324351719545,52.51809672629798,55.95131174320653,54.979119170021065,42.024732049534656,57.26798757814553,5.512017342180517,15.204335686654472,10.860389464009543,7.142567941636581,1.772265556612326,4.365785734209145,1.6787882714974154,7.095968290519284,49.829198067632795,48.01975845410623,47.18508695652169,33.32879710144924,37.11618840579706,31.90104347826083,36.89788888888884,22.69861352657002,22.69861352657002
1554.0,61.35026230939364,66.5072736769869,56.08416694627111,52.52886492040015,55.960893168854234,54.97772700922865,42.03270688956991,57.26957101395423,5.495138466013178,15.24341950882924,10.922835206198744,7.2415806934287215,1.7599973418882349,4.356157823656067,1.678819257528152,7.119634303137617,49.83626086956516,48.02438647342989,47.19914975845405,33.33302898550721,37.11936714975841,31.906004830917837,36.9055024154589,22.720937198067606,22.720937198067606
1556.0,61.35188458898684,66.51938105746225,56.09499537304933,52.535470929699486,55.96363495749282,54.98384743332926,42.03814462098231,57.2705586697343,5.518215543934539,15.189942114757546,10.929378201927918,7.282890989595878,1.76467318076076,4.353284213115694,1.6581852122470908,7.088519555037368,49.842951690821195,48.01094685990333,47.20657971014487,33.336850241545854,37.12857971014489,31.905338164251173,36.90766183574875,22.748734299516883,22.748734299516883
1558.0,61.36322473581273,66.5302024241361,56.10174575751571,52.542940951418046,55.96959076003624,54.99039151243629,42.04466676955766,57.27753536087991,5.4428201980229485,15.116661572278957,10.890683740114836,7.1414334964923585,1.7687004946853513,4.340991623830802,1.6633266014030565,7.066724625637809,49.84902898550719,48.001053140096566,47.207183574879174,33.33828985507243,37.14536231884053,31.902043478260836,36.90895169082121,22.77655072463766,22.77655072463766
1560.0,61.36677797578593,66.54466558452768,56.11248956487526,52.55342160634271,55.982805805250294,54.99117103032149,42.052466169055705,57.28129306465288,5.446804048582996,15.17524129554656,10.932702834008097,7.206677125506073,1.7657615384615384,4.401087449392713,1.641553238866397,7.1306811740890685,49.853681159420226,47.99499033816421,47.20314975845405,33.340202898550686,37.16693236714972,31.894946859903342,36.91090821256034,22.800057971014468,22.800057971014468
1562.0,61.36794863300599,66.56024366907155,56.12766391713601,52.56259918292413,55.9952780709658,54.99231727400847,42.06243967371277,57.27850366542147,5.488260901807771,15.197752430081527,10.905723208112338,7.237774788171235,1.8093114786546693,4.417512832990867,1.632045613655078,7.11636130309257,49.85974879227047,47.98322222222217,47.19727053140091,33.343048309178705,37.19158454106276,31.882922705313973,36.91389371980672,22.822038647342968,22.822038647342968
1564.0,61.376523458566695,66.57997654646536,56.13537342527117,52.56979870599432,55.99973278778981,55.000746421867895,42.07075611696173,57.28734926432742,5.507215438253387,15.258661303381674,10.870004783273306,7.178270667958566,1.8045041837641433,4.405859758916335,1.6580091626071713,7.122934910393625,49.86646859903376,47.963072463768064,47.18811594202893,33.345507246376776,37.21986473429948,31.869115942028948,36.917714975845364,22.847004830917847,22.847004830917847
1566.0,61.38006004013556,66.59498339951836,56.14333904778973,52.57787979255473,56.00432102120946,55.00890195332631,42.07659280172715,57.30232378793059,5.516700647937828,15.234235942785146,10.903782501543848,7.207147257730632,1.7892532902063913,4.4787290623699505,1.6791559819585073,7.197176669069698,49.87186956521734,47.92943478260864,47.17787439613521,33.3474830917874,37.251570048309134,31.853719806763248,36.92284541062798,22.873420289855048,22.873420289855048
1568.0,61.38559051590737,66.60473953007978,56.15419556766179,52.58989154674223,56.01172676855186,55.017486958621134,42.07758919681186,57.31250908798072,5.501733951503538,15.128700701650507,11.000356720031665,7.204902256047999,1.7790087261587175,4.466314693307783,1.683158023988251,7.230967702238383,49.87698067632845,47.886154589371934,47.166304347826035,33.34765700483088,37.28640096618353,31.835801932367108,36.92558454106276,22.898526570048283,22.898526570048283
1570.0,61.390420545286986,66.622432254259,56.16072922410583,52.60159685297113,56.01998593562859,55.02172433526121,42.07427667355432,57.31860581636548,5.500338652009774,15.11353774607632,10.934659636590766,7.1332459488479225,1.773583291328028,4.400104429199824,1.6641498739840845,7.146512884003258,49.88160869565212,47.84245893719801,47.15194202898545,33.3477101449275,37.324613526570005,31.817526570048273,36.92648792270527,22.923739130434758,22.923739130434758
1572.0,61.40168549602001,66.64022888837843,56.16988888941929,52.607389811619974,56.030459399000506,55.02315966337769,42.07136005630395,57.327753823183265,5.498061792597374,15.231016312956843,10.889361647220031,7.15322239444374,1.7507996000016344,4.4200461342599215,1.6829877324045663,7.133416008336023,49.88373429951685,47.79735265700478,47.136323671497536,33.34871980676325,37.36463768115937,31.79932850241542,36.92793719806759,22.94677294685988,22.94677294685988
1574.0,61.415226728731604,66.64748867088652,56.17916923126587,52.62059805050757,56.042150720320336,55.02582261509486,42.070412970888235,57.33506545408809,5.4042750016,15.2446034059776,10.911350750848,7.1865682982912,1.7321127995392,4.4179381494016,1.7005875519231999,7.1669723943936,49.88311594202894,47.75782608695647,47.12098550724632,33.34876328502412,37.40612560386469,31.781739130434747,36.929932367149725,22.96646859903379,22.96646859903379
1576.0,61.418725848306835,66.65864671439925,56.19377858088208,52.63243364955585,56.04719714976091,55.032720115078575,42.07062102633598,57.341220147183094,5.413540991831121,15.099399800928845,10.912032061528375,7.2112509285106166,1.761060561072893,4.382735576499687,1.6648072253401216,7.23465790409338,49.884942028985456,47.72198067632845,47.108115942028924,33.34774396135262,37.44633333333329,31.763560386473394,36.9319178743961,22.985840579710118,22.985840579710118
1578.0,61.42105789917301,66.6774523977349,56.2016024222158,52.64256275628195,56.04516946512764,55.045476393290876,42.067651968164185,57.349494691557226,5.497984890656063,15.11909662027833,10.892869781312127,7.234285288270378,1.7856666003976143,4.353772166998012,1.6503089463220677,7.156091848906561,49.88779710144922,47.68077777777773,47.09877777777772,33.34739130434779,37.48129468599029,31.74546859903378,36.93094202898547,23.00795169082123,23.00795169082123
1580.0,61.43246773155794,66.68651727737165,56.21090454718775,52.656157835701116,56.045790709508566,55.05425098719812,42.062572418269845,57.357492264490034,5.5113618473895585,15.255779718875502,10.937568273092369,7.246275301204819,1.7763427710843374,4.424569076305221,1.650271485943775,7.129239156626506,49.88788405797096,47.643294685990284,47.09413043478256,33.34826086956517,37.5118212560386,31.73001449275359,36.92765700483088,23.03056521739128,23.03056521739128
1582.0,61.44608703628405,66.69642181646859,56.22889340168428,52.66872179772471,56.05741766168971,55.052328942161076,42.05776887492853,57.366087703913486,5.474694847228579,15.268086944884061,11.016356279952575,7.189700600799581,1.7806815404155987,4.397263083558961,1.685791345292123,7.173071435139284,49.88805797101444,47.61860869565212,47.09360386473425,33.34790821256035,37.535628019323624,31.71436714975842,36.923888888888854,23.051589371980647,23.051589371980647
1584.0,61.457480194626854,66.7090839599012,56.24362684686789,52.67996476948773,56.07046380420948,55.04788567126132,42.057625209004264,57.37454885269354,5.473083398749988,15.17766283094145,10.935713859015951,7.164522722872335,1.7820238493350895,4.3441055333989755,1.6814148876169959,7.163772919122299,49.888777777777726,47.6019516908212,47.09667632850236,33.34688888888885,37.55642995169078,31.696917874396096,36.920859903381604,23.07512560386471,23.07512560386471
1586.0,61.46928389676472,66.71592930276037,56.25964324238966,52.68650313775668,56.07625473511057,55.05200376353727,42.060820397879326,57.38728730803636,5.500260491935543,15.153194998316856,10.912088360599054,7.167849107110187,1.789967739884668,4.392895252892447,1.6629356819296153,7.107999284938053,49.88872463768111,47.59522222222216,47.104652173912996,33.34693236714972,37.57737198067629,31.679661835748757,36.91679227053136,23.098801932367127,23.098801932367127
1588.0,61.48194928410043,66.72333381938765,56.278151741360695,52.6945704379541,56.07980923048054,55.05685446403482,42.06303892950708,57.397960311360535,5.503815912438256,15.187390390876661,10.879581681187215,7.13137717401095,1.8214330326123265,4.395221020753299,1.6683861856343503,7.095272072063876,49.8884057971014,47.600908212560334,47.11578743961348,33.34671980676325,37.594425120772904,31.661545893719772,36.91051207729465,23.11916908212558,23.11916908212558
1590.0,61.48934544760534,66.74230945830445,56.293235635019066,52.70276371348991,56.08282015396185,55.058448355738726,42.066445057554176,57.40038892408408,5.4861923311370075,15.221135436598425,10.852641139250393,7.091629531565354,1.7858284408692913,4.368334051930709,1.668231497776378,7.150744496529134,49.89015458937193,47.61114492753618,47.12946376811589,33.3467101449275,37.60783091787435,31.642690821256,36.90384541062798,23.135840579710116,23.135840579710116
1592.0,61.49160488240112,66.7593084477153,56.3048916998598,52.7127710025504,56.084767425081125,55.06257258087446,42.07237917570694,57.4057190106621,5.5200381031284556,15.216927433313822,10.84061798948943,7.16571555457561,1.7215417640325203,4.359257625105691,1.678528352806504,7.240281099551219,49.893922705313955,47.62085507246371,47.14553623188401,33.34853623188402,37.61965700483088,31.624995169082087,36.89984057971011,23.14904830917872,23.14904830917872
1594.0,61.49397030361405,66.7766310408632,56.32467630550362,52.716354220325385,56.08243108949816,55.06992257138566,42.08321483423526,57.413593607263145,5.45810309050429,15.258522440682915,10.903338388945905,7.202444265893885,1.7127748779023009,4.415938287592373,1.6668556327525819,7.187940871328998,49.897884057970955,47.63008212560381,47.16128502415454,33.35322705314006,37.63019323671494,31.609135265700445,36.89737198067629,23.16028019323669,23.16028019323669
1596.0,61.498539161362864,66.79343863251495,56.34111451516405,52.72267596432323,56.082401034332854,55.06880441669674,42.096637277302946,57.421718892349276,5.445252967282689,15.282516705002827,10.930719400319022,7.177432219305567,1.7858970584258411,4.449816807836945,1.6538716207073236,7.065132019050997,49.902038647342934,47.63861352656999,47.177463768115885,33.361256038647305,37.639173913043436,31.595183574879194,36.894140096618315,23.16989855072461,23.16989855072461
1598.0,61.50799837151639,66.80659049989991,56.352919918506586,52.73004532451749,56.08911045301342,55.06110956743425,42.104684718433546,57.430279987326706,5.462078948665137,15.220110830378,10.916148272243865,7.197483008671021,1.7945418028866789,4.463602406887542,1.646177594097962,7.077660302985936,49.9057826086956,47.653985507246325,47.195951690821204,33.37014492753619,37.64820772946856,31.58383091787436,36.893289855072425,23.17410628019321,23.17410628019321
1600.0,61.516694436633124,66.81778320731138,56.36460562584246,52.736947335648466,56.09769076510334,55.05584779012744,42.10578978591182,57.44304963660113,5.507130861723447,15.265095591182364,10.901187575150301,7.216108617234469,1.7498478957915833,4.451161523046093,1.6511444889779558,7.167097995991984,49.90851207729463,47.681400966183524,47.21623188405792,33.376241545893684,37.65595169082121,31.57276811594199,36.892536231884016,23.172154589371956,23.172154589371956
1602.0,61.52950385179512,66.81972800773607,56.384408828690965,52.7390310695317,56.1052029845884,55.05499204149537,42.105259315533125,57.453655386607664,5.501113575726669,15.250401241122585,10.871359918637577,7.220874041868156,1.7519686227645987,4.4110150667006645,1.6655982591745955,7.1501772763790425,49.90960869565212,47.716632850241496,47.23666183574874,33.380719806763246,37.66111111111107,31.558463768115907,36.88654589371977,23.167550724637657,23.167550724637657
1604.0,61.53931722808654,66.82209685929645,56.40435833687844,52.74386476647585,56.10779052032473,55.05474186689206,42.108290004958285,57.45844634978679,5.522780641468767,15.320096740429078,10.960320310789669,7.281342677770443,1.7654100298341444,4.4141320964706665,1.662102206863933,7.092344884634375,49.90962801932361,47.74964734299512,47.25447342995164,33.38535748792267,37.66604347826083,31.543990338164214,36.88019323671494,23.160850241545866,23.160850241545866
1606.0,61.548636406240966,66.82841653356013,56.41603872539108,52.750345977739215,56.122466443754575,55.047353736132024,42.11713995745036,57.46999491526093,5.520402198705683,15.230382288283907,10.96247853864601,7.284921409539285,1.8054927968594603,4.4289189110101,1.6514569292243904,7.139005004434857,49.909091787439564,47.777178743961294,47.26877294685985,33.38893236714973,37.670106280193195,31.529975845410593,36.877734299516874,23.14905314009659,23.14905314009659
1608.0,61.54742621550915,66.84362198287396,56.42459979407745,52.75334425432438,56.13058752547282,55.04827930819535,42.11999213223447,57.479804120446154,5.447461876247505,15.131479041916167,10.944819560878244,7.248203792415169,1.7934105788423154,4.431503193612775,1.666144510978044,7.18048502994012,49.90607729468593,47.795961352656946,47.28054106280188,33.39144444444441,37.672657004830874,31.515222222222185,36.87804347826082,23.13098550724635,23.13098550724635
1610.0,61.548557504663904,66.85308292406026,56.43458265892201,52.75620166243723,56.13142420472421,55.05093194516045,42.11442965881529,57.487455496278805,5.459697742408759,15.131373858918176,10.962164225264079,7.233486301597553,1.7480680880126231,4.3405960853963625,1.663328349528256,7.151989713911963,49.904091787439555,47.80020289855067,47.287188405797046,33.39289371980672,37.6778792270531,31.50153140096615,36.88066183574875,23.110903381642487,23.110903381642487
1612.0,61.55182973568981,66.85321577352418,56.442339769787516,52.75944941745786,56.13547713560354,55.054258502994784,42.10242863975133,57.49825685546533,5.486196876,15.193265132304761,10.933096028038095,7.189896773980953,1.7338959324190477,4.3382915205714285,1.6815343257904762,7.204273516114285,49.904864734299466,47.79604830917869,47.28977777777772,33.39328019323668,37.68817874396131,31.489483091787406,36.88273429951687,23.091888888888864,23.091888888888864
1614.0,61.55397213046822,66.85650630916261,56.45146964976481,52.76268101967376,56.13763984064822,55.060070311502294,42.08629317919574,57.510577105669405,5.5161799104204245,15.25071161511232,10.946186242310748,7.157649252252889,1.762835593620062,4.390655383886396,1.6673879359178188,7.2337387331931415,49.904125603864685,47.78714975845405,47.289975845410574,33.39260386473426,37.70118357487919,31.47783091787436,36.88318357487919,23.07164251207727,23.07164251207727
1616.0,61.56284250511244,66.86987163423204,56.45754454541065,52.76916786517571,56.13849349032524,55.06020738505542,42.07393550972178,57.522002407651435,5.52143889847374,15.223286919786284,10.98693780238315,7.1758617525105,1.7907510794153036,4.379799049258376,1.6484286704848947,7.151310878973085,49.90120772946854,47.77476328502409,47.28640096618352,33.39086473429948,37.71696618357484,31.4665024154589,36.88267632850237,23.050913043478236,23.050913043478236
1618.0,61.566043295830774,66.87808464176564,56.46055847540378,52.7743111463253,56.13999526097607,55.06173725528649,42.06441535936441,57.53076710297463,5.467201515034741,15.206424810030036,10.866668533582027,7.18565839718165,1.793666261817409,4.352139032141752,1.6523603637343367,7.183873824391212,49.89839613526565,47.76079710144922,47.281241545893664,33.389888888888855,37.7362173913043,31.45720289855069,36.88183091787435,23.036545893719783,23.036545893719783
1620.0,61.570720135112275,66.87536920702499,56.47002554205206,52.77303963979331,56.14632298496981,55.06443445386874,42.057390491553704,57.53846318719681,5.4539935870028895,15.1975240166055,10.909342369946339,7.173728692532553,1.8254070610424407,4.400016710574505,1.6383350075342415,7.230762554660963,49.89732367149753,47.74233333333328,47.276637681159364,33.38728019323668,37.75662801932363,31.448589371980642,36.88002898550721,23.029497584541037,23.029497584541037
1622.0,61.569432005926544,66.87365865273061,56.469332389419705,52.77863577929415,56.15440860466164,55.063990337605205,42.05274516711117,57.55037988538779,5.4780879416289165,15.243037180382734,10.999714070530954,7.17236985002003,1.7858472384805797,4.459111558978151,1.6528989941902155,7.227603515201382,49.897797101449214,47.72245410628014,47.272903381642465,33.38181642512073,37.775888888888844,31.440492753623154,36.878429951690784,23.023647342995144,23.023647342995144
1624.0,61.563707900591744,66.88217756423582,56.46426402371388,52.78936610099278,56.16062733631956,55.06470710518382,42.050078599677,57.56132780744597,5.468695627827329,15.350844290862796,10.912039530635283,7.153536544396364,1.7609566016798635,4.408899307033123,1.6778298900483744,7.209733173801513,49.90144927536226,47.694444444444386,47.26974879227048,33.37644927536228,37.79164251207725,31.432695652173877,36.87815942028981,23.016560386473405,23.016560386473405
1626.0,61.56273621504055,66.88781486855808,56.46644177490826,52.79797489056039,56.164019830976024,55.0718484434108,42.04918971899191,57.572833817413255,5.517922885201329,15.319456120507471,10.835589450291618,7.152046865560398,1.7984751240867582,4.385905073919677,1.6673889566064743,7.1966381042984695,49.906913043478205,47.66168115942023,47.26688405797096,33.37108212560383,37.8050869565217,31.424932367149722,36.877913043478216,23.008753623188383,23.008753623188383
1628.0,61.57227233162626,66.88599803496355,56.47977507865369,52.80193506090106,56.17080587247878,55.07826498172761,42.050035267307464,57.580674555761185,5.522347350283609,15.248817320164518,10.84559399831823,7.198781266653407,1.7899727933503577,4.408796818892982,1.647991164717332,7.275525445961447,49.912217391304296,47.640811594202845,47.26401932367144,33.36561835748789,37.81797584541059,31.418714975845376,36.877594202898514,23.000613526570024,23.000613526570024
1630.0,61.58377646496124,66.89462827646146,56.486238639341074,52.80660910378407,56.17682505551456,55.0801627211514,42.05300775112124,57.5877887579278,5.504799099299964,15.183170034998623,10.85720225260812,7.196278788086406,1.7906160084409573,4.405980489980717,1.671193346829576,7.198240169503007,49.91716908212555,47.628787439613475,47.26086473429946,33.35996135265697,37.830840579710106,31.412507246376776,36.87831400966179,22.993603864734276,22.993603864734276
1632.0,61.59448702850205,66.89958742380577,56.48993729626314,52.80837650926067,56.182691039088915,55.08313438594378,42.058281506527045,57.60069220292177,5.509519941221075,15.205322490052016,10.96066281879897,7.1279173923901356,1.8218179911051204,4.4217271382874515,1.7025857582774284,7.138637030351669,49.92090821256033,47.618628019323616,47.255908212560335,33.35461835748789,37.84421256038643,31.40594685990335,36.880579710144886,22.987869565217366,22.987869565217366
1634.0,61.60148104392095,66.89553619210035,56.497392424539925,52.807777409336445,56.186191168625164,55.09022615800759,42.06485997548554,57.610802395924395,5.515948363044302,15.214100683508809,10.968029115819437,7.20386438779539,1.8013896429668839,4.4357557395342955,1.6946498283599254,7.087624523276555,49.925526570048255,47.60344927536227,47.250019323671445,33.35070048309175,37.85679710144923,31.400449275362284,36.88124637681155,22.981632850241517,22.981632850241517
1636.0,61.60456823416955,66.89967847895167,56.50150959060684,52.81409427357182,56.18851508092592,55.09470671831496,42.07494124141798,57.61496811214827,5.502912904443585,15.254239789487537,10.960208601468073,7.271348386944552,1.7647956986761013,4.443963444173589,1.6506043015598433,7.048956988884515,49.93368599033811,47.59024154589367,47.245845410627965,33.348714975845375,37.86969565217387,31.397429951690786,36.88316908212556,22.979067632850217,22.979067632850217
1638.0,61.615606968626295,66.9042015527034,56.50389493474596,52.825548527640365,56.190259748516695,55.099813152837356,42.088908857723084,57.626264847685015,5.5084791380410945,15.290171854180969,10.903348067897598,7.225801239367374,1.7171687319322089,4.497709167781751,1.657796432161518,7.083838701151315,49.946270531400906,47.586661835748735,47.24725603864729,33.35039130434779,37.88278743961348,31.396526570048273,36.8904251207729,22.98312560386471,22.98312560386471
1640.0,61.62043240762019,66.90606358080387,56.50129883572365,52.83711657999965,56.18943468787855,55.10077411086635,42.10229427660673,57.64464236026253,5.4610886396571425,15.188587598857142,10.887152632114287,7.174350645371429,1.6939685542857144,4.449716814285714,1.6614119550857143,7.1422770832,49.959990338164204,47.58968599033811,47.255169082125555,33.35628502415455,37.896555555555516,31.394980676328466,36.89809178743957,22.990154589371954,22.990154589371954
1642.0,61.62089611278002,66.91296174445777,56.50384363813298,52.84299537605229,56.19398207113923,55.09788505228877,42.112509101786685,57.65742872426215,5.446716818757977,15.181319402217992,10.92781058738898,7.206672999303068,1.7710511655261656,4.422834245120374,1.6630088650823025,7.1725440227505395,49.97277777777772,47.59464251207724,47.26999516908208,33.36517391304344,37.911483091787396,31.393637681159387,36.90307246376807,22.997724637681134,22.997724637681134
1644.0,61.62818202539442,66.91490094015028,56.5071138829117,52.84922741835756,56.2004720851712,55.09951065305481,42.114757402934316,57.66923954509165,5.463600599336702,15.156202098202732,10.947787312117471,7.1541547962664405,1.7612024981100498,4.414745754261467,1.6568865133513855,7.225980269649089,49.98556521739125,47.596859903381585,47.291637681159365,33.37523188405793,37.92622705314005,31.395739130434748,36.90827053140093,23.005787439613503,23.005787439613503
1646.0,61.64310082453735,66.90502327786778,56.511985502331214,52.854391315259164,56.21327185439996,55.10832706959583,42.113903530304306,57.680856189701885,5.480538368700045,15.1534503024886,10.976917975413947,7.097921048084041,1.7290592652852035,4.40980463238802,1.683167875263299,7.262623112119356,49.998062801932306,47.60488888888884,47.31522222222217,33.38398067632846,37.94061835748788,31.399096618357454,36.91536714975841,23.01424637681157,23.01424637681157
1648.0,61.65059384628144,66.8948863585357,56.52238829795119,52.85401758084358,56.22439327431098,55.11665470404281,42.11735621857283,57.68914393445474,5.534916489982737,15.19039640202927,10.951396250936812,7.158051875145687,1.7705871067598076,4.432851423096498,1.6784614701436953,7.268029836500305,50.00815458937192,47.62185024154584,47.338270531400916,33.391893719806724,37.95443961352653,31.4009178743961,36.9212173913043,23.02113043478258,23.02113043478258
1650.0,61.65796728191706,66.8873647768496,56.532555060399346,52.85534357215231,56.23497057724,55.12236496151848,42.123425980937306,57.68754248991331,5.571281417365445,15.280029576620471,10.945458439305236,7.180832171453006,1.7815552460822535,4.449132965692418,1.655320479796714,7.146863231850596,50.017946859903326,47.63884541062797,47.35942995169077,33.39999999999996,37.968647342995126,31.40141062801929,36.925072463768075,23.029246376811567,23.029246376811567
1652.0,61.667288899233164,66.88566293155989,56.53624895063958,52.86407689791027,56.238169843560165,55.13010548937477,42.12800489895695,57.689794805362276,5.4875737574514964,15.316693835515466,10.93088247555181,7.2270169737598104,1.782094239833904,4.425853079909168,1.6772557845610863,7.121689288304686,50.02897584541057,47.640845410627975,47.37847342995164,33.408106280193195,37.982975845410586,31.400164251207695,36.929787439613484,23.03957487922703,23.03957487922703
1654.0,61.671538797659196,66.89331272584873,56.53578455980841,52.86412835155664,56.24244737402197,55.1346000003109,42.12687580422041,57.70035013729327,5.436149748942812,15.180061785437065,10.93121018104619,7.202116248554704,1.7496370611249468,4.41486188585994,1.7057847040375338,7.201343230006386,50.03738164251201,47.628869565217336,47.395125603864685,33.416019323671456,37.997763285024114,31.397371980676294,36.93582125603861,23.04704830917872,23.04704830917872
1656.0,61.67421535456399,66.89679911056406,56.53301875349557,52.86505501050711,56.243089599720655,55.14149323200832,42.11639398267892,57.70903823579742,5.455664150748654,15.202224528662592,10.887890566235356,7.221294339578513,1.7897707550906372,4.400546226529733,1.6890735846149858,7.209713208073838,50.04414492753618,47.6127632850241,47.40911111111106,33.424768115941994,38.01457004830914,31.393227053140063,36.941855072463724,23.05442512077292,23.05442512077292
1658.0,61.68536767064506,66.89197148896724,56.539928811368895,52.87090928445378,56.244970346336416,55.140356612572795,42.10113122232374,57.71451071295646,5.442060479184857,15.240241121128848,10.901208455350606,7.246880136731401,1.8071276167771049,4.3970088062716535,1.6338376210109016,7.213201207054689,50.05024637681154,47.58895652173907,47.41837681159416,33.43238164251204,38.03500483091783,31.387922705313972,36.94596618357484,23.064463768115917,23.064463768115917
1660.0,61.69304722722566,66.88896443075474,56.542641661401895,52.87164490633608,56.2526964374957,55.1377611311372,42.08852049783159,57.72584517068848,5.47952708357268,15.218651076185143,10.916313189872685,7.236464674020259,1.7618520248820237,4.372821289400781,1.6466165868047284,7.125698051610932,50.05182608695647,47.56103864734294,47.4233478260869,33.43871497584537,38.058946859903344,31.381652173913007,36.94740579710142,23.075748792270506,23.075748792270506
1662.0,61.696518412342215,66.89435414493664,56.53778500199024,52.87542661121932,56.25874508529944,55.13399413459534,42.075649246605316,57.73834670590867,5.492218515698337,15.27266156223459,10.905445411190218,7.195417058309428,1.7791972893028734,4.324532214845791,1.6971455095312156,7.081012846601918,50.0491980676328,47.53188405797096,47.425149758454054,33.44362318840576,38.082719806763244,31.37460869565214,36.94902898550721,23.086913043478237,23.086913043478237
1664.0,61.70273166235654,66.89815519479313,56.53344892729065,52.87820628004235,56.26755763419418,55.127489446688415,42.06275557039683,57.749738568470114,5.451603354625646,15.333614270122439,10.896120332451328,7.282652680417512,1.792965547552226,4.352010568826378,1.6711406103311963,7.110396096724161,50.04807246376806,47.50550724637675,47.42383091787435,33.44451690821253,38.106299516908166,31.368207729468562,36.952516908212516,23.099033816425095,23.099033816425095
1666.0,61.70680119560334,66.89179176461441,56.53672892129511,52.88027499397471,56.276175526717225,55.126749323483814,42.05226725621702,57.75858317523031,5.432872781637629,15.297541774883875,10.981812013992453,7.271632800795515,1.8049438689024848,4.439125622688694,1.6461454636062716,7.196309919973843,50.04998550724631,47.48471497584535,47.420188405797056,33.444806763284994,38.128439613526524,31.362086956521704,36.95416908212556,23.1120144927536,23.1120144927536
1668.0,61.71175687237985,66.8861320806565,56.54578283263897,52.884976742656406,56.28440121101133,55.12522996967114,42.047866118785706,57.764327305980665,5.4352517479911056,15.302620777572029,11.001085869315455,7.131799309846119,1.8649423436644659,4.44562087752674,1.6581151159380119,7.172688183311143,50.05357004830911,47.463251207729414,47.41333816425116,33.44547342995166,38.147241545893685,31.354710144927502,36.9533333333333,23.120932367149734,23.120932367149734
1670.0,61.7187579543877,66.8893178686737,56.54735122056176,52.89070040880322,56.29727270653653,55.12259402038925,42.04922762916127,57.77773072286923,5.462418437003788,15.233535193053754,11.025583240413619,7.1266636905835306,1.8192798855788026,4.500033517846605,1.6584502783170882,7.192870950256566,50.0569516908212,47.4468937198067,47.401270531400904,33.44632367149755,38.16498067632846,31.34636714975842,36.95361352657001,23.123227053140074,23.123227053140074
1672.0,61.73455777377601,66.89032634512273,56.54869922388607,52.89919248584514,56.29992902743212,55.13019332322552,42.050377513529575,57.78694894232813,5.496217851372082,15.234702977136056,10.956272807543382,7.205930979856199,1.7790146170521455,4.428490058034727,1.6336016410605148,7.173707661312138,50.057082125603806,47.44687922705309,47.38380193236709,33.44659420289852,38.18088405797097,31.338570048309144,36.95443961352653,23.12111594202896,23.12111594202896
1674.0,61.749540645726746,66.88558351557641,56.55466364078224,52.90554812435543,56.29804399566116,55.145161174687544,42.048489054097,57.79262341420305,5.507010396494021,15.320348417717979,10.829015571513304,7.203302661950231,1.7900274246358943,4.4145192851466115,1.637526619502316,7.163252685177959,50.0545169082125,47.46744444444438,47.363144927536176,33.446743961352624,38.19600483091783,31.32983091787436,36.95285990338161,23.11805797101447,23.11805797101447
1676.0,61.7639035150327,66.88478832284125,56.559586852909305,52.91095125672129,56.301040893174765,55.15298813966841,42.04361442862965,57.79969173489506,5.492719258691129,15.274706801224394,10.850477941457834,7.291842375042165,1.8002047041119054,4.426793595581996,1.6611154084333235,7.132205199194631,50.05098550724632,47.492574879227,47.340908212560336,33.44785024154586,38.21266666666663,31.319265700483058,36.948318840579674,23.113990338164225,23.113990338164225
1678.0,61.77177926285931,66.89220939733849,56.552950036069795,52.91530918284128,56.30607822019469,55.150379579893084,42.044810433489616,57.816425749376315,5.5315210725615716,15.183533826426672,10.978998618448182,7.313916808806603,1.818092381429389,4.420606530203381,1.67409089947796,7.093044514642581,50.04639130434777,47.5074637681159,47.31814492753618,33.44799033816421,38.229685990338126,31.308990338164218,36.94386473429948,23.109565217391282,23.109565217391282
1680.0,61.77021945464577,66.89272631006371,56.55074762187217,52.91689515999967,56.31005206742229,55.152683047535106,42.052510259244855,57.83058393762747,5.557601816358553,15.155310000108605,11.01129090807067,7.16003545410774,1.7627712120279646,4.4651245454578365,1.6685369699119879,7.193251818349664,50.04246376811588,47.52304830917869,47.29295652173907,33.448289855072424,38.24602415458933,31.2992946859903,36.94014975845407,23.104927536231862,23.104927536231862
1682.0,61.770187263986315,66.88716752094402,56.551501941489974,52.921953084797636,56.312436506531505,55.16025689289123,42.06104001553143,57.839323904067086,5.476715860973494,15.22078392666988,10.957153614419276,7.101997093628916,1.7817242935518072,4.457142069513253,1.6593726938987952,7.147503823575904,50.04158454106274,47.54042028985502,47.26592270531396,33.44992270531397,38.26078743961348,31.290468599033783,36.9360483091787,23.097874396135243,23.097874396135243
1684.0,61.77743879259261,66.8931203550568,56.551578940169215,52.93510765092156,56.318493437793855,55.163332599557314,42.06672971596574,57.84807704084113,5.467357356603719,15.192163322651398,10.92391401668886,7.099212325001965,1.8118229622868183,4.432523360155656,1.6309042743607824,7.122186181749336,50.043183574879166,47.55759420289849,47.241323671497526,33.45171497584538,38.27200483091784,31.282801932367118,36.9334830917874,23.08863285024152,23.08863285024152
1686.0,61.787619339948826,66.90536968934097,56.552662732284624,52.95015828034951,56.31995435132818,55.16658384718746,42.0697526294536,57.858570595623895,5.466503307063652,15.177449961997201,10.843523720666349,7.159570870815079,1.801840940368148,4.463339844206457,1.633519820087619,7.215787890201376,50.04430917874391,47.57429951690816,47.21748792270526,33.4525410628019,38.27902415458933,31.27475845410624,36.93015458937194,23.078603864734273,23.078603864734273
1688.0,61.78583950104129,66.912273041808,56.55201402293751,52.96158875165529,56.32053826854959,55.16892704190313,42.07015831113786,57.86624773899616,5.4803888083237595,15.295681813717918,10.885254551173917,7.158951748267844,1.781571327947018,4.475653842583263,1.652511189758158,7.2022216751454415,50.04440579710139,47.5839903381642,47.19279227053135,33.45127536231881,38.28128985507242,31.26475362318837,36.92311111111107,23.06671014492751,23.06671014492751
1690.0,61.78983560434057,66.91104590304069,56.555485975833925,52.96499684600735,56.32833170955004,55.17712853864149,42.06658472358391,57.870563455357576,5.443430626313253,15.173985237127711,10.987713450563856,7.189967775768674,1.7767956843951807,4.338999589320482,1.6544899570120482,7.2326549348240965,50.04469565217385,47.58883091787435,47.16861352656999,33.44857004830914,38.278946859903336,31.25780676328499,36.91779710144923,23.052999999999976,23.052999999999976
1692.0,61.80216830428186,66.91224153648241,56.55817857647407,52.97195451855104,56.33622610030817,55.18948243588889,42.06637874532189,57.88068075025522,5.478320895559267,15.186371944414125,10.970185075659458,7.226602089061757,1.7940728360200382,4.303330153295592,1.6321567166944977,7.259093721695923,50.04395652173907,47.60645893719801,47.142009661835694,33.44625120772943,38.2722367149758,31.254714975845374,36.91421256038643,23.04169565217389,23.04169565217389
1694.0,61.8122922385015,66.91703248928933,56.562381660329805,52.98525229814641,56.34758455143565,55.19624722892187,42.07105596696543,57.87980292080742,5.466890927419355,15.20599758064516,10.96318245967742,7.194713306451613,1.775204435483871,4.363723991935483,1.6412193548387097,7.141941733870968,50.0427439613526,47.64009661835743,47.11594202898545,33.444318840579676,38.2602753623188,31.252671497584505,36.91118357487918,23.035241545893694,23.035241545893694
1696.0,61.81563271613721,66.92349177569112,56.56524072427173,52.98910261605738,56.34930358763786,55.20230024783608,42.075175641228086,57.878294936573326,5.461680836596304,15.123165056572306,10.915099700827865,7.094408708664091,1.7409711297870345,4.324724488688087,1.6573692885111173,7.167853010771624,50.04278743961347,47.6744444444444,47.09567149758449,33.44277294685987,38.24283091787435,31.251265700483057,36.90998067632846,23.03013043478258,23.03013043478258
1698.0,61.8272443080538,66.93286849550961,56.56546997982004,52.99076535761427,56.343966608812984,55.21234696211414,42.07687514815464,57.88031822330448,5.470360219261561,15.17902607280711,10.87460947136131,7.127270589736672,1.7577306582951524,4.315447607638039,1.6594477067455102,7.124627816376291,50.04399033816419,47.70268115942024,47.08158454106275,33.44161352657001,38.22149758454102,31.250038647342958,36.90887439613522,23.02533333333331,23.02533333333331
1700.0,61.84621404590684,66.9441721701132,56.56640729482283,52.99960105976832,56.342097949173564,55.21712978937856,42.081163235837835,57.88480475667531,5.461870605879078,15.287662293788276,10.934476510980119,7.203451180977905,1.7684913879648716,4.42760966184027,1.6489780668884308,7.131456583693351,50.044429951690766,47.72507729468594,47.07406763285018,33.440840579710105,38.19726570048305,31.249705314009624,36.90796135265696,23.02042512077292,23.02042512077292
1702.0,61.85838189664677,66.95632333180711,56.56370199447116,53.002816746036224,56.346840349717844,55.21713040290155,42.087513100547696,57.892223561187784,5.439004922914558,15.265197790428198,10.974411253147604,7.124020088734663,1.7240662486576395,4.452362382582023,1.6684257153084652,7.2102523341644655,50.04518357487916,47.746028985507195,47.072903381642455,33.44045410628016,38.17234782608691,31.249758454106242,36.907338164251165,23.01555072463766,23.01555072463766
1704.0,61.867148316788565,66.96469063503994,56.55931997957482,53.005228003167815,56.35364340981475,55.21906744193583,42.09085587231995,57.899166722507275,5.459967853104762,15.251279315326984,10.893657587276191,7.220483629053968,1.7545257400126986,4.446734815847619,1.6774931554031745,7.20042961815873,50.0479323671497,47.76512560386468,47.07727053140091,33.44045410628016,38.14778260869561,31.250294685990298,36.907101449275316,23.012632850241523,23.012632850241523
1706.0,61.87488087857246,66.97210357175756,56.55639697584509,53.01163928150174,56.36455712367348,55.214118858675775,42.092343511878724,57.90769868014328,5.505791390072355,15.290239274475844,10.96549068435791,7.24813736161691,1.8096448139243384,4.4782025184936165,1.6535524674225155,7.164598035554355,50.047086956521674,47.7789903381642,47.08452173913037,33.43901449275359,38.12283091787435,31.251410628019286,36.90734782608691,23.01114975845408,23.01114975845408
1708.0,61.88109915781863,66.9829899466445,56.54898980505444,53.01104371352823,56.37831760560465,55.20753916947602,42.09454347570814,57.915293486946915,5.475702104843286,15.247934411850903,11.011611472750301,7.196404606037675,1.8095184888945892,4.412980763947094,1.6363878256352706,7.197521990566734,50.04605797101443,47.792739130434725,47.09318357487917,33.436086956521706,38.09675362318836,31.25320289855069,36.90939613526565,23.011149758454078,23.011149758454078
1710.0,61.88579335734993,66.9911856465728,56.5407412224151,53.013139701223466,56.385400267452646,55.20497191634801,42.09344864507556,57.922086930095986,5.424136799602993,15.161415909480208,10.988122889583801,7.210071301765501,1.8223615914202902,4.423107906913462,1.6372629087144566,7.165754172218643,50.052478260869506,47.81158454106275,47.101115942028926,33.43340096618354,38.06876328502411,31.255768115941997,36.91278743961348,23.01263285024152,23.01263285024152
1712.0,61.89486589343503,66.99602866092332,56.53853128510912,53.01853027572073,56.38690446105894,55.20710930933266,42.0960931795795,57.92873932039493,5.397886892799141,15.148600518131458,10.877009014973774,7.262129994240655,1.7732660201770987,4.419729780950979,1.6545788112166264,7.150900312388147,50.061980676328446,47.83488405797097,47.10546376811589,33.43208212560383,38.04102415458934,31.25920289855069,36.91588888888885,23.01737681159418,23.01737681159418
1714.0,61.91101038271777,67.0017792042782,56.54171358609972,53.02640894230144,56.38955691087021,55.210651130501,42.107437687716775,57.93267166877696,5.443618962075848,15.150433333333334,10.81886107784431,7.219231536926148,1.766642115768463,4.4521868263473054,1.6677906187624751,7.066214770459082,50.070246376811546,47.85059903381637,47.10927536231879,33.43268599033813,38.0162560386473,31.261777777777745,36.9170676328502,23.023507246376788,23.023507246376788
1716.0,61.927343564132535,67.01082903553609,56.542940342368716,53.0274839951006,56.39440086835401,55.216881516505104,42.118515417459136,57.93323564862523,5.423203486536211,15.216249279730565,10.931116441526132,7.239307673609321,1.7883387645085795,4.416214548911943,1.6451755359417866,7.1061759826343485,50.079574879227,47.86169082125598,47.113676328502365,33.43459420289851,37.99840096618353,31.262937198067597,36.915864734299475,23.032149758454082,23.032149758454082
1718.0,61.9363340607307,67.01926105998346,56.53837149385588,53.027971175276306,56.40241799237969,55.22650684281123,42.125843477967194,57.93852899327591,5.499850983364393,15.174040987061597,10.88778026617281,7.15354134565545,1.78280832902036,4.405696669131038,1.6366969205176187,7.181500706099972,50.08861352657,47.88373913043473,47.117917874396085,33.43842512077291,37.987845410627976,31.263903381642475,36.91359903381638,23.044429951690795,23.044429951690795
1720.0,61.95286259081242,67.02187183389323,56.53501712419806,53.03591023797635,56.40379909202163,55.23369099581936,42.12666127113395,57.93959573995459,5.493134299742888,15.19832211836095,10.870654065805162,7.137519418513208,1.7905017971633974,4.4176118310977746,1.6249107345027023,7.24391966910691,50.09356521739125,47.91554589371975,47.12485507246372,33.44179710144924,37.98080193236711,31.26467632850238,36.90914492753619,23.053599033816397,23.053599033816397
1722.0,61.963036656813266,67.02381389697184,56.52846970296919,53.04531727174122,56.41052049677402,55.237356124756296,42.12363503074339,57.94775290294438,5.4900412819165645,15.176571059875432,11.006871258973906,7.215870124343945,1.7926510125084765,4.48394459181336,1.6226836533185944,7.267685137296913,50.09661835748786,47.94214975845406,47.13616908212555,33.44658454106277,37.97830917874391,31.26342995169079,36.90315458937194,23.064352657004804,23.064352657004804
1724.0,61.964875500183716,67.03172474653016,56.521244244732294,53.04653949186682,56.420296113788865,55.23739056749214,42.12065618232534,57.958860017310485,5.5356180259250864,15.23557731644347,10.994770279165722,7.216811442097857,1.782007949545059,4.49782551933649,1.6612755440809952,7.24463210048058,50.100516908212505,47.95390338164246,47.1487632850241,33.452884057970984,37.98257971014488,31.261338164251175,36.898676328502376,23.08022705314007,23.08022705314007
1726.0,61.96943605877633,67.03942311267193,56.5152410491894,53.04810524482198,56.43142228655285,55.23440505668393,42.12141741119472,57.96728385089129,5.471603503920145,15.16292472552711,10.927332733151246,7.202438739337016,1.7887874372796757,4.444177728152327,1.6775027526792554,7.225773373948244,50.105574879227,47.96149275362314,47.15831884057966,33.45718840579707,37.99034782608691,31.26017874396132,36.893932367149716,23.093410628019296,23.093410628019296
1728.0,61.97868294136317,67.0452042453505,56.517387340596954,53.05644544151252,56.43562099533463,55.241085785400585,42.118839466593634,57.97011686598198,5.458383019294823,15.177497171085781,10.88195849063223,7.163586792841356,1.7851330186084278,4.395723584945472,1.6974528303124319,7.113414150469011,50.112724637681104,47.97379710144922,47.163420289855026,33.46081642512074,38.00314009661832,31.258729468599,36.88774879227049,23.099173913043455,23.099173913043455
1730.0,61.987088569027115,67.05201826382587,56.518854302401785,53.061760921205654,56.43820952817349,55.24998960066628,42.109993994666574,57.9745865498124,5.455169903261108,15.185055558163798,10.85252692424538,7.210623251141049,1.7860401113774038,4.414001711399461,1.6823761443278407,7.114189130524969,50.12112077294681,47.981140096618304,47.16672946859898,33.46326086956518,38.018830917874354,31.255768115941997,36.88195169082122,23.0987874396135,23.0987874396135
1732.0,61.99830627367044,67.0590530519453,56.523612418677004,53.06949369327809,56.44198140884187,55.2471650266871,42.09855509914875,57.97532163869931,5.429171075205057,15.09159150046741,10.878024030582644,7.234024626583407,1.7976001974454328,4.405001899550629,1.6640826846121202,7.163264762230085,50.12752173913038,47.97756038647337,47.170811594202846,33.46341062801929,38.035294685990294,31.25185024154586,36.8765410628019,23.094077294685967,23.094077294685967
1734.0,62.01056950204556,67.06764931620505,56.52930613809892,53.0798935978195,56.4453116729997,55.24357676838881,42.08854387785657,57.9784071033443,5.51461970141589,15.249204239960235,10.933095858839168,7.193003389235819,1.7745804495155852,4.387896210101824,1.6884791020617769,7.130274763302137,50.13228985507241,47.97283091787434,47.17335748792266,33.45953623188402,38.052231884057925,31.2474830917874,36.87151690821252,23.088077294685966,23.088077294685966
1736.0,62.023896199612494,67.07428522439851,56.52879319266355,53.08635358376997,56.45009657465747,55.24576438843096,42.07796474020346,57.98718813766764,5.504475308869715,15.209801846033109,10.880892690244734,7.164783983244754,1.7672662457130894,4.370861637815496,1.67214937313328,7.155676817000759,50.136961352656954,47.96286956521734,47.17383574879222,33.45228985507243,38.063898550724595,31.243125603864698,36.8674830917874,23.082043478260843,23.082043478260843
1738.0,62.03780606410036,67.07847807256593,56.52971253324131,53.09209539228607,56.45256063986252,55.24754231062927,42.062820265544,57.99146256204479,5.479679524822178,15.175820882915527,10.940991385466344,7.261901844220369,1.7359801213136383,4.376071307949495,1.6694357260169974,7.1417890340930255,50.14124637681154,47.950835748792215,47.172874396135214,33.44410144927532,38.06993236714971,31.24223671497581,36.86686956521735,23.07545410628017,23.07545410628017
1740.0,62.04714322804615,67.0856795801685,56.531707077951566,53.10276613668722,56.45615434863858,55.24732376788332,42.04901221780708,57.99291211330424,5.477688701559259,15.287941034178624,10.897259409068567,7.2658327332280335,1.7588053476495464,4.418639925382586,1.6651610677081001,7.15237202038891,50.14363285024149,47.95927053140091,47.174101449275305,33.43740096618354,38.07047826086952,31.24344927536228,36.8678985507246,23.069613526570024,23.069613526570024
1742.0,62.057110505550995,67.09513804868888,56.531946594168495,53.106872402534016,56.46565265750868,55.250186131610114,42.03903653178936,57.994274622922994,5.431367635396536,15.327055310152426,10.805749800766359,7.2644298598053885,1.7815492990269435,4.344907715089993,1.658031363074134,7.210681763003541,50.14743478260864,47.975850241545835,47.18363768115937,33.43223671497581,38.068028985507205,31.245396135265665,36.87001449275358,23.063396135265677,23.063396135265677
1744.0,62.071175385972154,67.10271282046656,56.529820075755175,53.107201841442205,56.47326896442822,55.261739729930085,42.032880593134074,58.00425915651459,5.506178559864711,15.311190183880306,10.88698607765043,7.2526021552329185,1.806559489274215,4.360638753888873,1.6593611439931464,7.203678314645675,50.15418840579705,47.980439613526514,47.198700483091734,33.4268792270531,38.06447342995165,31.24848792270528,36.87326570048305,23.05564251207727,23.05564251207727
1746.0,62.08335843655932,67.10875096087914,56.53373161168264,53.11094170283768,56.47876818484735,55.26709915129504,42.03120093316479,58.01044837625402,5.5413318038718,15.273570981443614,10.94738508696709,7.2296310054662785,1.7763147134315296,4.4077325409970864,1.6494122320701423,7.1832582027456535,50.160652173912986,47.977415458937145,47.21482608695647,33.42142512077291,38.06179710144923,31.253086956521706,36.875874396135224,23.046367149758428,23.046367149758428
1748.0,62.08742271794498,67.11216951498446,56.54086080051598,53.12276482494828,56.48855339452849,55.26393347796943,42.03437818006627,58.01137573794753,5.503077910102551,15.27421088840529,10.940522999233291,7.210305901233047,1.7468293488343092,4.406799092239146,1.689342661610182,7.153567773702175,50.16785507246371,47.976884057970956,47.22937681159415,33.414748792270494,38.05790821256035,31.258285024154553,36.87906280193233,23.036792270531375,23.036792270531375
1750.0,62.09133890506963,67.11774035788204,56.54127228468142,53.13410102734167,56.50079966337435,55.26684810187132,42.03829664611761,58.0176295201119,5.538856322182301,15.354210345277568,10.89026551638112,7.216449424614148,1.7499666669225387,4.419127585973965,1.6897459775188268,7.238635631627166,50.175048309178685,47.98396135265695,47.24204830917869,33.408724637681125,38.049637681159375,31.26429951690818,36.88283091787435,23.030014492753597,23.030014492753597
1752.0,62.09359802798454,67.12698144971691,56.53881271797059,53.14186330912612,56.508426873539804,55.27194564521783,42.03963351407825,58.02443908506708,5.463723885183611,15.23558657492611,10.937546269417474,7.2225363216898755,1.765608454903623,4.4238124387223845,1.6704860684536402,7.2544323400872335,50.181531400966136,47.994647342995115,47.25483574879222,33.40462318840576,38.03813526570044,31.273695652173878,36.887178743961314,23.022574879227026,23.022574879227026
1754.0,62.09166995212155,67.13089629277849,56.53998778590624,53.146838700158504,56.51598375523599,55.27168019646809,42.04460376391574,58.027807210609375,5.4421420000000005,15.13932,10.934671999999999,7.217956,1.789708,4.435624000000001,1.67943,7.268458,50.185429951690764,48.007927536231826,47.267207729468545,33.400714975845375,38.022821256038604,31.285990338164215,36.89088405797097,23.01349275362316,23.01349275362316
1756.0,62.096145529145716,67.13699416636022,56.540492875372756,53.14773703612088,56.52217227971982,55.279160505089685,42.05458227065362,58.03317212350546,5.53136338028169,15.203939436619718,11.009988732394367,7.238687323943662,1.7685225352112677,4.425432394366197,1.6807577464788732,7.261878873239437,50.18912560386469,48.02515458937193,47.276091787439555,33.39587439613523,38.00076811594199,31.299478260869527,36.89572463768112,23.004217391304323,23.004217391304323
1758.0,62.102042386239766,67.14522537909966,56.5405280685368,53.14915931138051,56.522982147141995,55.285759309649755,42.066034205656564,58.04351321824751,5.513475489172571,15.191134819098036,11.021127466122582,7.149545373610153,1.7958402695414821,4.3994084030108365,1.6736666341981667,7.189214156581838,50.19382608695647,48.048251207729415,47.28309661835743,33.392579710144894,37.973304347826044,31.313009661835714,36.9010483091787,22.99681642512075,22.99681642512075
1760.0,62.1086950706266,67.15467815523962,56.542912548860535,53.148889162545224,56.5227466437116,55.28860449769871,42.08306057607302,58.044295690272946,5.44980049072113,15.14814268856794,10.950065750375867,7.157075073034744,1.802635034569423,4.396679294070534,1.6498261038618947,7.172095878776581,50.193483091787385,48.07550241545888,47.29395652173908,33.3914830917874,37.943584541062755,31.32838647342992,36.90315458937194,22.994024154589344,22.994024154589344
1762.0,62.1173443070118,67.16479220689897,56.549089816464885,53.14979638737915,56.52851419356689,55.29823672429332,42.102299046974245,58.04332701774142,5.442767684517356,15.227995164609938,10.983866157897658,7.231246819151456,1.7993407120473197,4.379002034554915,1.689974808742614,7.134729007337624,50.19104830917869,48.09725603864729,47.310183574879176,33.390806763284985,37.91298550724633,31.346758454106247,36.903724637681115,22.991400966183548,22.991400966183548
1764.0,62.12394586229102,67.17688220500227,56.55711353493097,53.14730383424614,56.53439011699497,55.309064687534196,42.116803991340376,58.04647037533109,5.438635746307926,15.311322208159357,10.904097479777015,7.198054046234338,1.8026971277230621,4.419503822078853,1.67602970288007,7.206185170098489,50.19002898550719,48.1315942028985,47.33033816425115,33.393599033816386,37.882932367149714,31.367449275362283,36.90439130434778,22.98938164251205,22.98938164251205
1766.0,62.12216415835623,67.18221125885457,56.56711060576074,53.15150104914445,56.537020625567386,55.31017866544794,42.12874670814026,58.04612894997797,5.474878083948916,15.274110834462013,10.825353752392665,7.158610981252545,1.7853627194861532,4.392798487523579,1.6425645831404199,7.193156275662872,50.18728019323665,48.18039130434777,47.35242512077289,33.39868599033812,37.85124637681155,31.38978260869562,36.90496135265696,22.987178743961326,22.987178743961326
1768.0,62.127765753151024,67.1877474347302,56.57654115811179,53.155097800802444,56.54322680187204,55.3094106970967,42.13565941398295,58.04478579172369,5.497008021025106,15.201501553002457,10.88811829447801,7.2086297739411,1.78910386044138,4.391049525001319,1.6713660654751739,7.130234785381541,50.182053140096556,48.23120289855066,47.375671497584484,33.4024637681159,37.81936714975841,31.413082125603832,36.9064637681159,22.98273429951688,22.98273429951688
1770.0,62.13465977207493,67.19629928847495,56.57913250200989,53.15918165137938,56.5547653067927,55.317835065384884,42.13759270026491,58.05303950957335,5.437502797774449,15.237294658163325,10.923328658937077,7.1960273126173995,1.7874692427320862,4.378020265613731,1.6617346476498165,7.166863857453376,50.17842512077289,48.281299516908156,47.39930434782603,33.40732850241542,37.79056038647339,31.437893719806727,36.90875362318836,22.981768115942003,22.981768115942003
1772.0,62.14197529649384,67.21200734088808,56.58023732052043,53.15459942110642,56.55999436255027,55.32866985599623,42.141435934474764,58.06197832462747,5.463945637444525,15.217951072208972,10.93912241932651,7.165977228867976,1.826064823351692,4.418713204307791,1.6720057296428004,7.177853858642322,50.17812560386468,48.32666666666661,47.42072463768111,33.413231884057936,37.76574396135261,31.46298550724634,36.91233816425116,22.980251207729445,22.980251207729445
1774.0,62.15359752065654,67.2269330969756,56.58194016120034,53.14841523592901,56.56616983926432,55.333442879246554,42.146703966283816,58.063916581534706,5.511604392438402,15.195967648604928,10.96228736756985,7.202198403086621,1.8115880175899985,4.43454533326585,1.6773114826796132,7.2906814796467225,50.17875845410623,48.37227536231879,47.43911111111107,33.41829951690817,37.74410628019319,31.484729468599,36.91534299516904,22.9709758454106,22.9709758454106
1776.0,62.16591420100136,67.24045382544872,56.58662221846972,53.14641190872509,56.5710142553662,55.347534370239444,42.14905829259891,58.06518929531,5.44694962182402,15.37324163458515,10.923803318398498,7.180511914142565,1.7631957756008696,4.457587178955847,1.6582095017446998,7.243672696460057,50.1791980676328,48.41457004830912,47.456628019323624,33.42365700483088,37.72488405797097,31.501879227053106,36.91467149758449,22.957971014492728,22.957971014492728
1778.0,62.17420387571893,67.24810812014498,56.59257063275529,53.147468884123775,56.572534382425026,55.35602653237098,42.14569301896506,58.06560118361589,5.4412458530944,15.4961533912576,10.944056401049599,7.0953870480512,1.7408022020608,4.4248305492352,1.6405401003264002,7.1400650530432,50.17649275362314,48.45296135265695,47.477265700483045,33.42920772946856,37.705487922705274,31.516140096618322,36.91443478260865,22.948106280193212,22.948106280193212
1780.0,62.1837653723405,67.25227257291834,56.596990218013396,53.149327116985155,56.573010043423736,55.35641712360035,42.13698068132679,58.06517273626093,5.5071770112789675,15.252611496049271,10.942358621115813,7.172165514922649,1.766657471495535,4.433087355865681,1.640701149543518,7.154170115783377,50.170642512077244,48.48804830917869,47.50085507246372,33.43302898550721,37.685676328502375,31.530391304347795,36.91631400966179,22.942772946859876,22.942772946859876
1782.0,62.193706811445296,67.25930544622348,56.595062498596235,53.148704170395085,56.57519117165891,55.36516560815165,42.12664250176338,58.069739181407755,5.552411592918872,15.196127744972225,10.886547475190326,7.270885832111688,1.736984044881446,4.436853520596457,1.6559558949268358,7.096072448258312,50.16520289855067,48.52052657004826,47.524893719806705,33.433149758454064,37.665111111111074,31.54451207729465,36.91716425120769,22.94402898550722,22.94402898550722
1784.0,62.2026131670235,67.26067554058288,56.593397085339674,53.14672044672601,56.575239306615636,55.37594378788785,42.11438462171713,58.0723036057229,5.528111282468474,15.258384734842027,10.855460755908055,7.168863575854544,1.7404558697771162,4.420522519514681,1.6453760691708152,7.112247607721837,50.16128502415454,48.545840579710095,47.54814975845406,33.43420289855069,37.642135265700446,31.558429951690787,36.918666666666624,22.953473429951664,22.953473429951664
1786.0,62.200803509665285,67.25295626434445,56.59875834096707,53.1486425032413,56.57726381444698,55.37972724322885,42.10400679469336,58.06616220483254,5.471846416410924,15.260849075137351,10.90171144390684,7.155829155125472,1.800001708867491,4.452399850022273,1.6598003590679493,7.137685097485523,50.15817391304342,48.56998067632845,47.57004347826082,33.43782125603861,37.62042512077291,31.572120772946825,36.92372463768112,22.968690821256015,22.968690821256015
1788.0,62.2028546052432,67.25208181858363,56.59926903045186,53.15310607024482,56.58917357744008,55.37905515091851,42.09662501539173,58.06663034065316,5.506022088200782,15.25419939874392,10.930075918654667,7.190366268283143,1.8090380075916095,4.479948957003847,1.713942981250994,7.146073732453016,50.156328502415406,48.59873913043474,47.593695652173864,33.44268599033813,37.604212560386436,31.58378260869562,36.92801932367146,22.988729468599008,22.988729468599008
1790.0,62.208675965878626,67.26030085397815,56.59623649712757,53.15463386188263,56.60291796134741,55.385146302386076,42.092380792489266,58.07482369682186,5.49629564383361,15.266378970977394,10.896909914686747,7.222029896045024,1.7746203305797201,4.444420378536457,1.65812633964471,7.109191535565477,50.15920772946854,48.60984541062796,47.618115942028936,33.4487487922705,37.59472946859899,31.594057971014458,36.93145410628015,23.00803864734297,23.00803864734297
1792.0,62.21431664270937,67.26291514625677,56.60211827499109,53.163157710384745,56.60980168365563,55.3929463886626,42.090085072339505,58.07920571216605,5.508448199153091,15.335598764961066,10.925228368638473,7.231931966606588,1.7714306854447144,4.385111545359675,1.6688725211856728,7.116607847694276,50.16544444444439,48.59431400966179,47.636376811594154,33.45357971014489,37.58838164251203,31.602415458937166,36.93755072463764,23.019975845410602,23.019975845410602
1794.0,62.21649964025789,67.26108092958322,56.60926317998788,53.17165898654913,56.609581089078915,55.39472820104672,42.09359792267561,58.0793984931365,5.449248101430388,15.236143498765191,10.953675720076097,7.211753718966635,1.759262518879515,4.430185179787887,1.673311380799559,7.272274710514103,50.17428985507241,48.56774879227048,47.64520289855067,33.45657487922702,37.585144927536184,31.607753623188373,36.94260869565213,23.02450241545891,23.02450241545891
1796.0,62.21584287540044,67.25893875412,56.61185861378739,53.185253964914196,56.613925316655916,55.39333155967767,42.10252543898706,58.08148268527681,5.388196635535216,15.219060122633126,10.90079462486165,7.259561476424342,1.7790683586453164,4.443117880602941,1.6351654429841345,7.286280309421828,50.18499516908207,48.540328502415406,47.64552657004826,33.45773429951688,37.58491304347822,31.61201932367146,36.945357487922664,23.022657004830894,23.022657004830894
1798.0,62.22481845832621,67.26827407020144,56.60716848395156,53.1923679006919,56.61635159087071,55.39556478570284,42.11011730777213,58.09373495742743,5.4757184368737475,15.287002605210422,10.847068136272545,7.235881963927856,1.7833410821643285,4.438237274549098,1.6308987975951903,7.1515799599198395,50.195589371980624,48.50786956521733,47.64071014492748,33.458884057970984,37.58692753623184,31.61720772946856,36.94752657004827,23.01715942028983,23.01715942028983
1800.0,62.23175173567322,67.27808126449776,56.60881646639107,53.19028424880961,56.61548796400148,55.40079557687011,42.11677102096155,58.10036251030688,5.508075620742497,15.220649845658333,10.725437356923868,7.195042656175355,1.7638008003516996,4.416863735692386,1.6768700292264553,7.1024853178236365,50.20649758454101,48.46859903381637,47.63237198067627,33.45762801932364,37.58981159420286,31.622362318840544,36.94779710144924,23.006980676328478,23.006980676328478
1802.0,62.231020966999935,67.28198304934462,56.616006886192714,53.18891506996175,56.618257644334996,55.400366827593366,42.12294363139712,58.10049878921853,5.441356575107569,15.193244332698008,10.686691844793625,7.173492032305976,1.8035935282486055,4.384996012952988,1.6559412342565738,7.150082268200797,50.21387439613522,48.42907246376806,47.6191787439613,33.4515217391304,37.58974396135262,31.62597101449272,36.94662801932364,22.992169082125578,22.992169082125578
1804.0,62.242703592151365,67.29552935487402,56.61627673786446,53.19247116827555,56.62608032515826,55.39664438037006,42.12621071256721,58.10990446357581,5.49301115138399,15.247639753453873,10.860949636980767,7.1654856716876045,1.792573396682791,4.388464989518397,1.6614003430274495,7.176070418545565,50.220478260869506,48.39397101449269,47.60224154589367,33.44407246376808,37.58585507246373,31.62774396135262,36.947478260869524,22.976884057970988,22.976884057970988
1806.0,62.25702593268349,67.31311531786642,56.61867011352175,53.19990612701096,56.63328625127412,55.39065101530057,42.12720306757794,58.124031062236206,5.5529086045197555,15.211741495775154,10.930772659617107,7.175884570121385,1.761174438778004,4.435986252187373,1.6705498479576375,7.172516452027699,50.22784541062797,48.36745410628013,47.58632367149753,33.43873913043475,37.579608695652134,31.627995169082087,36.950202898550685,22.9640144927536,22.9640144927536
1808.0,62.263244285971936,67.32349027806349,56.62243677831091,53.20771870182044,56.639691811110794,55.389773228409545,42.12871502633165,58.12969461471781,5.526238244594195,15.225440817446026,10.96243632618277,7.225128455990536,1.778225983898348,4.386840767563481,1.674043037141831,7.11185343030335,50.23328985507241,48.350236714975786,47.57323671497579,33.43598067632846,37.57240579710141,31.62946859903378,36.951053140096576,22.953415458937172,22.953415458937172
1810.0,62.26598451967196,67.33745307607632,56.630735840304354,53.211363114782685,56.64818645220618,55.393787848500445,42.125451377719386,58.13399260317932,5.490435907110757,15.28735772453227,10.993822555563346,7.176091081000797,1.7572326183266933,4.3518745548749,1.6530113015330676,7.168802788156175,50.24017391304342,48.34025603864728,47.56063285024149,33.434478260869525,37.565599033816376,31.634352657004793,36.951710144927496,22.94190821256036,22.94190821256036
1812.0,62.26900764800513,67.34964074621617,56.64285208924921,53.215864817575216,56.65284012957579,55.39927241467259,42.12081818497612,58.13927931076912,5.4614977061788474,15.288367758618666,10.908451270127314,7.113934181317894,1.7681957662422876,4.397988888477883,1.610832287708786,7.147495316003736,50.248859903381586,48.33937681159415,47.54860869565212,33.435357487922666,37.55988888888884,31.64067632850238,36.95568115942025,22.929917874396107,22.929917874396107
1814.0,62.274405727481145,67.35511571637096,56.65019497382228,53.227352428749896,56.65687912694221,55.40249980733885,42.114996929066116,58.14517191802833,5.429897183098592,15.07842676056338,10.917536619718309,7.195798591549296,1.7820239436619718,4.394353521126761,1.641143661971831,7.152370422535212,50.2579323671497,48.33580193236709,47.53848309178739,33.437966183574844,37.55470531400962,31.646516908212522,36.95986956521735,22.916028985507218,22.916028985507218
1816.0,62.28248223448267,67.36898105543507,56.65515668359296,53.23503253355634,56.662636927635916,55.408242416746546,42.1080748345366,58.153191515350684,5.505180839993206,15.039852352715597,10.882612240920379,7.262214443637188,1.7434755263630555,4.40648726181827,1.6475989972734846,7.1733499500004045,50.26719806763278,48.325623188405736,47.52979710144922,33.44047826086953,37.55120772946856,31.65177777777774,36.96422705314006,22.901207729468574,22.901207729468574
1818.0,62.287926035661144,67.3887311067983,56.6569314121881,53.23679352937243,56.671913871020706,55.41209559292623,42.104883319907124,58.16370279696317,5.5195410771809525,15.136162499200001,10.869987786387302,7.2726535689142855,1.764640771326984,4.405246726273016,1.6543401766857142,7.1983744005587305,50.27646376811588,48.31205797101443,47.52091787439608,33.4416714975845,37.54985507246373,31.657584541062764,36.9668792270531,22.890024154589344,22.890024154589344
1820.0,62.293875119089186,67.40751008609958,56.65394598180971,53.232507630823584,56.67935355466738,55.4153669330706,42.106505686710584,58.173921949013035,5.467794847407209,15.176717757014611,10.97610695322448,7.308162680626331,1.7769488249803773,4.418231464964302,1.6710209104764457,7.205693748592096,50.28371014492748,48.297004830917814,47.51081642512072,33.44210144927532,37.55040579710141,31.66145893719803,36.967729468598996,22.883444444444418,22.883444444444418
1822.0,62.301764062558874,67.4204812823771,56.65625322976727,53.23153018259508,56.68832199663321,55.418519140752544,42.10716074015891,58.17566263239968,5.4989848937977825,15.249616009194485,10.937219107575578,7.272648772058068,1.7673014509142106,4.390585290604173,1.6734519761175957,7.159535917784943,50.288091787439555,48.28779227053134,47.50146376811589,33.44349758454102,37.55252173913039,31.660922705313972,36.96845893719803,22.881879227053115,22.881879227053115
1824.0,62.31028580079058,67.43072764407519,56.66892762897197,53.23735789140874,56.69476871730913,55.42854376257046,42.10691955437716,58.17409005973037,5.547056496062992,15.270102755905512,10.905263976377954,7.190471456692913,1.7706248031496064,4.334899409448819,1.666659251968504,7.125232874015748,50.29054106280188,48.28213043478256,47.49483091787434,33.44576328502412,37.55454589371977,31.658927536231843,36.967096618357445,22.888835748792246,22.888835748792246
1826.0,62.31324714805464,67.43502135047979,56.67957654776966,53.24446663900103,56.69291024637564,55.436491957023776,42.103972711412595,58.175821403928765,5.5286336044331215,15.212521671503819,10.929204945865333,7.162707393713653,1.7596294745172292,4.36323564563176,1.6534289648800886,7.142321980466194,50.29076811594197,48.283222222222165,47.49109661835743,33.44880193236712,37.55832850241542,31.659077294685954,36.968323671497544,22.90552173913041,22.90552173913041
1828.0,62.31475491803333,67.44225859451812,56.678921642450916,53.24433473031205,56.692705352343275,55.443269074691216,42.09831906183595,58.18570783966408,5.508634482390694,15.20610574625912,10.91291379291022,7.156957470958203,1.7565999998464767,4.361512644211081,1.6506862070130177,7.253982757998656,50.29153140096613,48.287618357487865,47.49043961352652,33.45251690821252,37.56562318840575,31.659024154589336,36.972647342995124,22.929019323671472,22.929019323671472
1830.0,62.32533166091269,67.44524773955196,56.68565560179949,53.24877212868921,56.69282040433668,55.45617477141176,42.099707414264394,58.189687830370644,5.519939540950971,15.27551033653026,10.916212886947587,7.195599164845442,1.7586455668474847,4.361408031150472,1.6466399309841036,7.249230529650345,50.29141545893714,48.29178743961347,47.493004830917826,33.455589371980636,37.575086956521695,31.657690821256004,36.976415458937154,22.95825120772944,22.95825120772944
1832.0,62.33393837936603,67.44364689386074,56.70497416411771,53.257576345582876,56.69700410986687,55.46432470228854,42.10634912013641,58.185221286184316,5.491421593854119,15.235702201469248,10.883212457568556,7.203505617154692,1.7902832519813536,4.377729967863441,1.6428864226176974,7.142438595964845,50.28965700483085,48.293845410627966,47.498285024154534,33.46030434782605,37.588328502415415,31.656444444444407,36.97962801932363,22.990884057970987,22.990884057970987
1834.0,62.338165901023395,67.44741125523532,56.71554799470409,53.2633400794955,56.70652056544953,55.46688307769536,42.117107327844536,58.18716434995713,5.439117545869558,15.191788469091621,10.934048115993804,7.186873433074536,1.8310323319176982,4.345208019332301,1.6403421047282627,7.118251125784169,50.28854106280187,48.289270531400916,47.505724637681105,33.46712077294683,37.60690821256034,31.653652173913006,36.98166666666663,23.022057971014465,23.022057971014465
1836.0,62.343198205973344,67.45740470326575,56.72086902947082,53.26554240237989,56.717839542154316,55.47013517756817,42.12528091443037,58.194833996197794,5.462748248917268,15.237052735465094,10.990064663398515,7.28462074745432,1.7812449487003301,4.380824790184742,1.6649353866659466,7.177001379825991,50.28735265700477,48.28057004830912,47.51654589371976,33.47406763285021,37.62994202898547,31.650729468598993,36.98370531400962,23.04611594202896,23.04611594202896
1838.0,62.35213557053644,67.46116986726445,56.73364788327228,53.26965295313228,56.7184425825185,55.480566920053406,42.13148796308109,58.19674019410497,5.541520466160652,15.2371737235831,10.797981715026827,7.312597529153475,1.7596832738199033,4.389940324285671,1.6829208184549758,7.191029509701094,50.288425120772885,48.26585024154584,47.52892270531396,33.48217391304344,37.65649758454102,31.647314009661795,36.985695652173874,23.060159420289832,23.060159420289832
1840.0,62.36505072248641,67.46597837100751,56.7467027683314,53.27082270232229,56.7220887236703,55.48505517324847,42.138754189391584,58.201179069300906,5.528294482576842,15.23295549242687,10.744439049262468,7.228406326424287,1.779192323776171,4.352902958681882,1.6634781711503277,7.163718411114691,50.29048792270525,48.24493236714971,47.53610628019318,33.488198067632815,37.68676811594199,31.638821256038614,36.98697101449272,23.067700483091762,23.067700483091762
1842.0,62.37519118165359,67.47653757382125,56.74995007819685,53.266513033001985,56.732454620125345,55.4873696418816,42.14431546389878,58.21198879528293,5.510973599413546,15.27239363480478,10.926804087203188,7.250077285992032,1.788660956379283,4.358849008038248,1.6431899418262947,7.14297988365259,50.29349275362313,48.22365700483086,47.539028985507194,33.49185024154586,37.72389855072459,31.628492753623153,36.98683091787436,23.072743961352632,23.072743961352632
1844.0,62.38148751998229,67.48652904617946,56.750879545966264,53.26576384952091,56.73823019563407,55.48874427980904,42.14693910730441,58.22023679447712,5.47214153891097,15.299234297569967,10.890161669382247,7.1555380150344385,1.7909674033706109,4.418897642177073,1.665275892438344,7.160849722475951,50.29678743961347,48.20308695652169,47.54208212560381,33.497014492753586,37.767381642512035,31.619570048309146,36.98697101449271,23.07628019323669,23.07628019323669
1846.0,62.39554795988102,67.49549734925023,56.755407201500425,53.26304987525196,56.736897133304076,55.49055536410013,42.14622454799712,58.22622062418934,5.478144155662312,15.24924725304473,10.85595169894095,7.14777142923819,1.8161566935747968,4.399152297139514,1.6573077420558486,7.145275024963834,50.29971980676322,48.1825555555555,47.54411594202893,33.502748792270495,37.813676328502375,31.609294685990303,36.98851690821252,23.080570048309156,23.080570048309156
1848.0,62.4060659342242,67.50448535498478,56.76630255310351,53.26066536081352,56.747086722431405,55.49379519569661,42.140063510384394,58.22855196330322,5.512893222807969,15.28601240038247,10.924177341411951,7.161561957303586,1.8235694740270916,4.343253783866135,1.6266377494438247,7.184638393357769,50.30101932367143,48.169956521739074,47.54571014492748,33.50571497584538,37.85858937198063,31.597956521739093,36.98842028985503,23.086144927536207,23.086144927536207
1850.0,62.41632533531227,67.50879223164021,56.7778546161558,53.26332945376876,56.76078509667748,55.49387711901879,42.13206376651289,58.22960148981322,5.558872347062125,15.295528957216835,10.908040932027253,7.178608107953507,1.7895503506597195,4.350955010795992,1.6637017500985973,7.227776954818437,50.29936714975839,48.166661835748734,47.55039613526564,33.50800483091784,37.90026086956518,31.585845410627982,36.98850724637677,23.09302898550722,23.09302898550722
1852.0,62.432156519035594,67.52002648772046,56.779836227258215,53.265666930154815,56.769300646485405,55.50063723848342,42.12700174781155,58.240002578693044,5.482095236088761,15.343269207229318,10.894838766413722,7.280792227202711,1.7831469409025118,4.352924072038456,1.7030298899148575,7.224301053015113,50.30066666666661,48.174169082125545,47.55987922705308,33.51475845410624,37.939164251207686,31.573251207729438,36.98698550724634,23.1037874396135,23.1037874396135
1854.0,62.44795268977085,67.53255294568554,56.781229198533886,53.26926389025186,56.779515874039376,55.508311288485224,42.12437329514931,58.253430093091175,5.5128581031333885,15.313003742272759,10.880914713218742,7.190295013043869,1.7789583540005967,4.390092767751715,1.671907481327962,7.198758105635932,50.30299516908207,48.19410144927531,47.57530917874391,33.52456038647339,37.9745024154589,31.561685990338127,36.98506280193233,23.118130434782582,23.118130434782582
1856.0,62.45336248888886,67.53694314724504,56.78892951073038,53.27014347798827,56.78471408442015,55.51167436661986,42.11931854683935,58.257450733210234,5.574641773146584,15.233077287303871,10.860007104685826,7.180173435252676,1.7524105571259765,4.452190493011994,1.670325212583112,7.15167283583611,50.303256038647284,48.22035265700478,47.594884057970965,33.534265700483054,38.00847826086952,31.552710144927502,36.98391304347822,23.13169082125601,23.13169082125601
1858.0,62.45785171501486,67.54082807076277,56.798645422744684,53.2709810259258,56.782768007266675,55.51703634956776,42.11188756539303,58.259916764594884,5.544561263876887,15.2002439552343,10.897657148635538,7.214066131511542,1.7547222769560074,4.471091972673126,1.6562540896220848,7.147397642141321,50.30378260869559,48.2419903381642,47.61562801932362,33.542555555555516,38.04089855072459,31.54553623188402,36.984106280193195,23.140149758454083,23.140149758454083
1860.0,62.47099615788594,67.54337178475677,56.805993445880894,53.27712437925178,56.78824387713485,55.5237509681751,42.1050923218339,58.26752169918742,5.518530407639459,15.134945480532368,10.966581079412665,7.232432050768524,1.7856739408845714,4.412718972042957,1.627261807787053,7.064557416958475,50.3050821256038,48.253951690821204,47.63878743961347,33.549888888888844,38.07039613526566,31.537599033816388,36.98564251207725,23.144584541062777,23.144584541062777
1862.0,62.485416153644465,67.54418372740106,56.81487437533905,53.28525029919693,56.79956302631098,55.52227982540693,42.10056689715334,58.2728459105828,5.432363215003308,15.198614687392006,10.955482679516024,7.295772377994142,1.7603769060213648,4.404455849135079,1.643995125066644,7.030058491350793,50.30705797101443,48.2600289855072,47.663782608695605,33.5572946859903,38.096826086956476,31.528729468598996,36.984299516908166,23.144801932367123,23.144801932367123
1864.0,62.49093550509744,67.54963994548747,56.8249464532253,53.28647973796446,56.80417011400775,55.521893911049055,42.10074986101907,58.27509029097212,5.4988367110656,15.2785819054592,10.9577877973504,7.2716166893056,1.781935499264,4.4164604009472,1.6792968993792,7.142067008256,50.30961352657,48.25966666666662,47.688207729468544,33.56337198067629,38.12064734299513,31.520536231884023,36.98185507246373,23.14421256038645,23.14421256038645
1866.0,62.50390438372879,67.55883506007832,56.82681224874879,53.28279878677713,56.81464122140722,55.522712054858026,42.10761643521971,58.28344600935579,5.557356439953235,15.318038460685653,10.942393806935861,7.231614090842656,1.7713277718807419,4.4407198814932345,1.6554446537497924,7.224698002714214,50.31265217391298,48.253454106280145,47.71083091787435,33.56610144927532,38.14414492753619,31.513405797101413,36.98003864734295,23.14749758454104,23.14749758454104
1868.0,62.51873476214496,67.57163919042004,56.82758245542157,53.28048585462277,56.82414270578307,55.52615347915253,42.11462423518932,58.291227418913586,5.507019675546119,15.316407231062106,10.988955633171255,7.207403390810141,1.7872802269396628,4.459418494747656,1.6325342351845504,7.2148103780867014,50.31607729468593,48.24737681159415,47.7321980676328,33.5676714975845,38.16599999999996,31.5058985507246,36.979975845410586,23.150386473429926,23.150386473429926
1870.0,62.52621316785235,67.57934690991652,56.836397751130185,53.28292461161606,56.824902413556714,55.53096764178014,42.118621229546825,58.29013214154409,5.53141567062718,15.29707945964787,10.954755825058012,7.085509636530629,1.785568658745639,4.433209835969168,1.6555104985444218,7.200398784168763,50.31857004830912,48.2413864734299,47.75345893719801,33.57149275362315,38.18611594202895,31.497748792270496,36.98161835748788,23.15048309178741,23.15048309178741
1872.0,62.536280647407715,67.57856568855466,56.84383262593486,53.287451467916384,56.82586456138565,55.53971781257655,42.11904408159103,58.29424734999688,5.5364260026602405,15.175504261706024,10.913682485898795,7.190144533821687,1.7614383048481927,4.4302353937734935,1.669727006920482,7.140084732684337,50.320589371980624,48.23121256038642,47.772763285024105,33.57437198067629,38.20439613526566,31.490468599033782,36.98374396135262,23.152057971014468,23.152057971014468
1874.0,62.54838066568918,67.57607620783277,56.85296149980148,53.2941682979063,56.8254820042194,55.54163338262892,42.118398024905794,58.30325753128056,5.507204859357114,15.103979009911022,10.983293484094588,7.2614708894012026,1.7604741960977957,4.446278906023246,1.6613695900601202,7.077767238297395,50.3249903381642,48.22590338164245,47.78948309178739,33.57494202898547,38.22257004830913,31.48434782608692,36.986352657004794,23.153396135265677,23.153396135265677
1876.0,62.55694482360547,67.58113470636955,56.858313806897236,53.2959977087429,56.82951287537588,55.54544510936873,42.11926384033908,58.310079433805065,5.51662440239521,15.199234635343712,10.956229742371256,7.265241720067066,1.7769524993532935,4.403908382467066,1.6638659670610778,7.162042216737724,50.33102415458932,48.220077294685936,47.80664251207724,33.57483574879223,38.24241545893716,31.477850241545863,36.9894444444444,23.154101449275338,23.154101449275338
1878.0,62.57057721987089,67.58147030083238,56.86816820962779,53.29674074995435,56.835697000566675,55.55450709063331,42.13011257934874,58.31556319402676,5.501069486172344,15.230005106276552,10.952299746680561,7.225055954122645,1.814759566082565,4.3993932371751505,1.6374827649026051,7.203298999522244,50.33494202898545,48.20899033816419,47.82309178743956,33.5738599033816,38.26215458937194,31.47243961352654,36.98997101449271,23.15330434782606,23.15330434782606
1880.0,62.574539368227455,67.58052942959523,56.87693688012918,53.295939465621906,56.84222835765613,55.55555108649488,42.142505344241656,58.31714219882971,5.446870499712,15.1873681021184,10.904380650201599,7.1120618020352,1.7627934002176,4.4157869502848,1.648113251648,7.1959791973888,50.33659903381637,48.19505797101444,47.8383478260869,33.57364734299513,38.283106280193195,31.46835748792267,36.98783574879223,23.14661352657002,23.14661352657002
1882.0,62.57386092074604,67.5889589057863,56.8820335110146,53.29577043298384,56.84618761637848,55.55676164080963,42.15034865625596,58.32275034144776,5.454945301419941,15.197089755112012,10.85831954036099,7.181438191379789,1.7662768274306728,4.368934408486623,1.6540869706315433,7.120070361744156,50.339454106280144,48.178724637681114,47.85014975845406,33.57343478260866,38.30363768115937,31.46401932367146,36.987719806763245,23.132067632850216,23.132067632850216
1884.0,62.5747138825151,67.59245218279158,56.89465349894276,53.300025257278634,56.84835204411551,55.562308561263755,42.157433298878665,58.3266367836573,5.4262066349950855,15.254113879396323,10.835577377012847,7.230718853840727,1.7621524885736346,4.333744043379195,1.6495199103909874,7.123239066231926,50.343362318840526,48.16816425120768,47.85684057971009,33.57245893719803,38.32216425120769,31.460840579710112,36.99008212560382,23.11003864734297,23.11003864734297
1886.0,62.58570804784573,67.59462890978419,56.90411025827446,53.30463737327419,56.85483707320688,55.56658643533475,42.16125578843769,58.329457102033075,5.426869250895238,15.37979231112381,10.87806225055238,7.214907389219048,1.8024249537904762,4.413483831695238,1.6807148804571428,7.1927596238476195,50.34578260869559,48.16486473429946,47.85731884057966,33.57113043478257,38.34075362318836,31.455966183574844,36.99177777777774,23.086850241545868,23.086850241545868
1888.0,62.591718883943386,67.59924328036628,56.91349831064305,53.30887999909858,56.86169379071226,55.57050958984195,42.162167543639924,58.33409607905682,5.517833668371703,15.272977636960634,10.825103768512722,7.222354020563359,1.830548240791269,4.431101758488329,1.6653221104741558,7.138918089602052,50.348729096989956,48.16936733556297,47.86335117056856,33.574185618729075,38.35943143812707,31.453370680044582,36.99458974358972,23.07418004459307,23.07418004459307
1890.0,62.597279394315564,67.60429023122121,56.922928789355865,53.31347150964615,56.86903800271723,55.57449834796232,42.16209967414387,58.3388241176102,5.514323565393556,15.272513065559643,10.805112179873799,7.302818219594825,1.767294060710724,4.341915083294576,1.653546929923613,7.116567391032894,50.351683946488286,48.176413600891834,47.86775585284281,33.57785117056854,38.378195652173886,31.451314938684494,36.99787179487177,23.0608232998885,23.0608232998885
1892.0,62.602389578962324,67.60976976234906,56.93240169441293,53.31841190491692,56.87686970922186,55.57855270969589,42.16105217994957,58.34364121769328,5.473861241495224,15.386741564991269,10.884468826256548,7.269980925415763,1.765975722375271,4.363937953472956,1.6406678329457955,7.162108796017346,50.35464715719063,48.186003530286115,47.870532887402454,33.58212709030098,38.39704626532885,31.4497989594946,37.001623931623904,23.046780007432165,23.046780007432165
1894.0,62.60704943788366,67.61568187374982,56.94191702581427,53.323701184910895,56.88518891022613,55.582672675042666,42.15902506105702,58.34854737930605,5.505766661883217,15.26483453578157,10.869900606456017,7.1623234239728735,1.7980963962428735,4.48066276386705,1.6427942933785438,7.121500598383945,50.35761872909698,48.198137123745795,47.87168227424749,33.5870133779264,38.41598327759195,31.448822742474903,37.00584615384613,23.032050167224064,23.032050167224064
1896.0,62.61125897107957,67.62202656542348,56.95147478355986,53.32933934962807,56.89399560573005,55.58685824400265,42.156018317466234,58.353542602448506,5.558036574350182,15.25955621191262,10.824134667432102,7.185302103381432,1.81970801559702,4.398305913215989,1.6559192386333292,7.2081783557872035,50.360598662207344,48.212814381270874,47.87120401337793,33.59251003344479,38.435006688963185,31.448386287625407,37.01053846153843,23.0166337792642,23.0166337792642
1898.0,62.615018178550066,67.62880383737006,56.961074967649715,53.33532639906844,56.90328979573361,55.59110941657584,42.1520319491772,58.35862688712066,5.493945373602682,15.227270442343773,10.95249313593994,7.294071945649548,1.8334358198998084,4.383365080354064,1.673332241121927,7.201832830584178,50.36358695652172,48.23003530286136,47.86909810479376,33.59861705685616,38.45411649944256,31.448489594946103,37.015700854700825,23.000530843552568,23.000530843552568
1900.0,62.61832706029514,67.63601368958953,56.970717578083836,53.341662333232016,56.91307148023682,55.59542619276223,42.14706595618992,58.3638002333225,5.482294354242873,15.238263394676546,10.942645766344661,7.34981926786031,1.8124999506385355,4.445764587301766,1.6781481436450316,7.145065080916411,50.36658361204012,48.249799888517245,47.86536454849498,33.60533444816051,38.473312709030075,31.449132664437,37.0213333333333,22.983741360089173,22.983741360089173
1902.0,62.62118561631479,67.64365612208192,56.98040261486221,53.34834715211879,56.923340659239685,55.59980857256184,42.14112033850439,58.369062641054036,5.444035559450013,15.366968083286372,10.917281890634516,7.200122817383035,1.7951232680311022,4.4530842669672195,1.6500714205837992,7.159900152719479,50.36958862876252,48.272108138238536,47.860003344481605,33.612662207357836,38.49259531772572,31.450315496098092,37.027435897435865,22.966265328874012,22.966265328874012
1904.0,62.62359384660902,67.65173113484722,56.99013007798485,53.35538085572877,56.93409733274219,55.604256555974644,42.13419509612063,58.37441411031526,5.449961029808952,15.31572951606909,11.000434265579694,7.107851723831461,1.7863526261449885,4.470980091576025,1.6765834916503535,7.181485841266687,50.37260200668894,48.296960052025234,47.85301449275362,33.620600334448135,38.51196432552951,31.45203808992938,37.03400854700851,22.948102749907083,22.948102749907083
1906.0,62.625551751177824,67.66023872788543,56.999899967451746,53.36276344406194,56.94534150074435,55.60877014300066,42.12629022903861,58.37985464110618,5.491144963341048,15.254240786150286,11.037396756209226,7.199615331772257,1.7853759703658902,4.389543783501724,1.6708642258647328,7.2261855523398655,50.375623745819375,48.32435562987733,47.844397993311034,33.629148829431415,38.53141973244144,31.454300445930865,37.04105128205124,22.929253623188394,22.929253623188394
1908.0,62.62705933002121,67.66917890119655,57.00971228326291,53.37049491711832,56.95707316324615,55.61334933363988,42.11740573725835,58.385384233426784,5.5149665820222875,15.243287378403283,10.990187225064922,7.1915145622518155,1.776335871391473,4.368176596866885,1.6653842110413037,7.212740624880634,50.378653846153824,48.354294871794835,47.834153846153846,33.63830769230766,38.55096153846151,31.45710256410255,37.048564102564065,22.909717948717937,22.909717948717937
1910.0,62.62811658313918,67.67855165478056,57.019567025418326,53.37857527489789,56.9692923202476,55.61799412789231,42.10754162077985,58.39100288727709,3.193737596079571,8.804677841905791,6.346565396638367,4.143792480193414,1.0285808899227902,2.5245041896930904,0.9692963557359027,4.187764732158542,50.38169230769228,48.38677777777774,47.82228205128205,33.64807692307689,38.570589743589714,31.46044444444443,37.056547008546964,22.889495726495714,22.889495726495714
