t_s,Tm_HIP_X,Tm_HIP_Y,Tm_SHIN_ANKLE,Tm_SHIN_KNEE,Tm_SPN_X,Tm_SPN_Z,Tm_TALUS,Tm_THIGH_U,P_HIP_X,P_HIP_Y,P_SHIN_ANKLE,P_SHIN_KNEE,P_SPN_X,P_SPN_Z,P_TALUS,P_THIGH_U,Ts_spine,Ts_pelvis,Ts_hip,Ts_thigh_u,Ts_thigh_l,Ts_shin,Ts_ankle,T_amb
0.0,70.76170963547322,69.8665673963493,55.042267535046065,56.521114038183256,65.79238264167253,59.956739481148894,,64.03015306093326,69.67625925032125,56.99500906516994,65.20436422862328,53.02528925005998,27.458176852878932,26.93608098048251,0.0,67.11175629787628,54.97541025641027,54.37600854700855,54.49329059829059,38.34688034188034,42.591547008547025,34.07340170940171,40.58546153846154,23.174940170940168
2.0,71.53688006666152,70.33171322659213,55.871619452277734,57.01190288005032,66.26751798821455,60.42309289620697,,64.82391108534175,68.65251433548923,55.41375929508907,65.55621370073146,53.21803102694158,27.48391519886566,27.055612230334827,0.0,67.32005223722597,55.01957692307693,54.376448717948726,54.45921794871794,38.350256410256414,42.600679487179505,34.05755128205128,40.56757692307692,23.168435897435895
4.0,72.3039855072599,70.789947455295,56.68631956037498,57.49582021912306,66.7361865744751,60.884227940167015,,65.60579681388018,69.02246438323154,55.77284735935466,65.56676732582918,53.47786360799231,27.663627880996057,27.017398141544973,0.0,67.54660097901225,55.06867391304349,54.37745094760313,54.42641248606465,38.354041248606464,42.60989743589745,34.04223132664436,40.550193979933105,23.16259587513935
6.0,73.06302595726832,71.2412700824579,57.48636785933781,57.972866055401475,67.19838840045416,61.34014461302904,,66.37581024654855,69.05788525792859,56.13136299226969,65.4516988525381,53.18613584596398,27.61641560016455,27.065364880318782,0.0,67.62146531008058,55.12270122630993,54.379015235971764,54.39487421033072,38.35823485693051,42.619200854700864,34.027441843180966,40.5333127090301,23.157420104050537
8.0,73.81400141668682,71.68568110808084,58.271764349166226,58.443040388885564,67.65412346615177,61.79084291479303,,67.13395138334687,68.95827857820838,56.498714016601305,65.94462932944917,53.65250871209714,27.651904305309834,27.18387857984842,0.0,67.44275105075309,55.18165886287626,54.381141583054635,54.364603121516154,38.36283723522854,42.62858974358976,34.013182831661084,40.51693311036789,23.15290858416945
10.0,74.55691188551539,72.12318053216381,59.04250902986021,58.90634321957532,68.1033917715679,62.236322845459,,67.88022022427512,69.65420808909808,56.14362340484066,66.48035192772048,53.88264263265605,27.75631807941131,27.067388494005623,0.0,68.01033261767326,55.245546822742476,54.38382998885174,54.335599219620946,38.36784838350055,42.638064102564115,33.99945429208472,40.501055183946484,23.149061315496095
12.0,75.29175736375402,72.55376835470683,59.79860190141979,59.36277454747076,68.54619331670256,62.676584405026944,,68.61461676933331,69.87328800873178,56.08531365871628,66.25138427133022,53.81990456143876,27.699860956378295,27.14619656296434,0.0,68.15725163864806,55.314365105908585,54.38708045336307,54.307862504645094,38.373268301746556,42.64762393162394,33.986256224451864,40.48567892976588,23.145878298030468
14.0,76.01853785140271,72.97744457570987,60.54004296384494,59.81233437257186,68.98252810155574,63.11162759349686,,69.33714101852144,69.75482828094489,56.260403991274536,66.24659141293841,53.85523408021281,27.774281527187988,27.15900608211978,0.0,68.68697741298493,55.388113712374576,54.39089297658863,54.28139297658861,38.37909698996655,42.65726923076924,33.97358862876253,40.470804347826075,23.14335953177257
16.0,76.73725334846146,73.39420919517295,61.26683221713567,60.25502269487864,69.41239612612745,63.54145241086875,,70.04779297183951,70.21630413934552,56.63718323056836,66.3522082685719,53.893234093831914,27.853946875252507,27.33922246339163,0.0,68.32793635531586,55.46679264214046,54.39526755852843,54.25619063545148,38.38533444816053,42.667,33.96145150501671,40.45643143812708,23.1415050167224
18.0,77.44790385493029,73.80406221309606,61.978969661291984,60.690839514391094,69.8357973904177,63.96605885714261,,70.74657262928753,70.5078832077553,56.40890292894118,66.52332501973333,53.9233505945349,27.856252653540395,27.232882791454117,0.0,69.07650262367373,55.550401895206235,54.40020419918246,54.23225548123372,38.391980676328494,42.676816239316246,33.94984485321441,40.442560200668886,23.140314752879966
20.0,78.15048937080917,74.20700362947922,62.67645529631388,61.11978483110922,70.25273189442646,64.38544693231846,,71.43347999086548,70.28323010878555,56.591690765792606,66.72409127308309,53.96297719121412,27.77806931747712,27.3347968152335,0.0,68.94338975121165,55.6389414715719,54.40570289855073,54.20958751393532,38.39903567447045,42.68671794871795,33.93876867335562,40.42919063545149,23.139788740245255
22.0,78.84500989609813,74.60303344432239,63.35928912220135,61.54185864503302,70.66319963815376,64.79961663639627,,72.10851505657337,70.33318261987502,56.41030599784254,66.96339758996828,54.052353542595235,27.95430085582263,27.299533510018524,0.0,68.89181010317746,55.73241137123745,54.41176365663322,54.18818673355627,38.406499442586394,42.696705128205124,33.92822296544034,40.416322742474904,23.139926978818277
24.0,79.53146543079707,74.99215165762557,64.02747113895437,61.95706095616245,71.06720062159951,65.208567969376,,72.77167782641116,70.46234429688963,56.46058365427282,67.31341855110226,54.17067620198449,27.994428588731658,27.409082215889168,0.0,68.93479259198156,55.83081159420284,54.4183864734299,54.16805314009656,38.41437198067628,42.70677777777773,33.91820772946856,40.40395652173908,23.14072946859901
26.0,80.2515153680601,75.38139617274732,64.72264114678302,62.384286018433635,71.48651889123518,65.62385728406674,,73.45601206830857,70.78665454545455,56.467035950413226,67.33301446280991,54.2233520661157,27.744094834710744,27.56224855371901,0.0,69.08796611570249,55.943077294685935,54.42518357487916,54.14647826086951,38.425516908212515,42.717333333333286,33.90634299516904,40.38895652173909,23.136671497584516
28.0,80.9532443737835,75.75842914898013,65.38369054939079,62.80181975515231,71.89057590223419,66.04215180672034,,74.1137272047848,70.47150679195408,56.60129009993463,67.58049340732185,54.36133406217041,28.240997611450794,27.4412441020256,0.0,69.36393098720359,56.057999999999936,54.432541062801874,54.123898550724576,38.43514975845406,42.72695652173908,33.89573429951687,40.37482608695648,23.131971014492727
30.0,81.63456393886722,76.1189564089674,66.01898367971684,63.201714827260204,72.28157454202513,66.44353812263454,,74.75391687062817,70.91209070065955,57.07135380416209,67.84158249380025,54.369516499712965,27.968287479721532,27.449831645909807,0.0,69.42626077560264,56.175497584541,54.440855072463705,54.10296135265694,38.44353623188402,42.735719806763235,33.88676811594199,40.362048309178704,23.131212560386444
32.0,82.2927916370075,76.47776827783895,66.63889727261056,63.59231449548809,72.65327512033495,66.83977819618255,,75.37489192336052,71.4959500032,56.778709546057144,67.8468395744,54.45874910125714,28.123118910857144,27.659928064914286,0.0,69.89075220297143,56.29589855072458,54.451777777777714,54.0881400966183,38.45211594202895,42.74364734299512,33.87983091787436,40.35110628019319,23.135410628019297
34.0,82.92429430248859,76.83682545476174,67.23571406047101,63.96979103720859,73.02321794769001,67.22453059215756,,75.96750132560415,71.7324645002045,56.60937349990001,67.9292963660052,54.56950666630155,28.12938419643117,27.58140946838412,0.0,69.96112483627553,56.41999033816418,54.473072463768055,54.07670048309173,38.45928019323668,42.75254106280188,33.873483091787406,40.34248309178739,23.142024154589347
36.0,83.55142559468395,77.18168077508976,67.81448024194005,64.33738920382049,73.37635929903603,67.60218111322199,,76.54829551325497,71.72575505193801,57.11444113783921,68.00908157948146,54.707913914970085,28.181486486839706,27.6587044548866,0.0,70.10736286457576,56.54541545893713,54.50176811594197,54.06530434782603,38.46824637681155,42.76420289855068,33.86868115942025,40.33483574879222,23.150956521739104
38.0,84.1561458729773,77.51826033074498,68.36143869371037,64.70038492508218,73.72247216185623,67.95521040128978,,77.10578596085071,71.54341550482754,57.02851231796036,68.21285033590449,54.68165464099144,28.21194633745085,27.74563103673341,0.0,70.21850933520328,56.670275362318776,54.52474879227047,54.055391304347765,38.48045410628015,42.775608695652124,33.86455555555552,40.329217391304304,23.163333333333306
40.0,84.75646280392374,77.85981759273872,68.88563003472464,65.04709684392702,74.05301237905783,68.31180693873708,,77.65680771722957,71.57719294884254,57.155666963694614,67.97160526898979,54.638934619226085,28.241972883000862,27.666952684306636,0.0,70.34545872811042,56.799178743961285,54.5349323671497,54.04590821256032,38.49073913043473,42.78673429951686,33.86084057971011,40.32485507246373,23.177898550724613
42.0,85.33613443993157,78.18611120232887,69.38985930174877,65.38632363382632,74.37780095550993,68.6533187238303,,78.18965936553019,72.08443566644823,57.0649962813484,68.16888379873089,54.94296777488292,28.137954282083662,27.828373624986014,0.0,70.16027310311206,56.9360821256038,54.532999999999944,54.0357053140096,38.499985507246336,42.800555555555505,33.85909661835745,40.32097584541059,23.190396135265672
44.0,85.89503279933898,78.50293037855654,69.87326486202684,65.7168201422511,74.69530591857499,68.98480963336415,,78.70794600449005,72.03796937400628,57.124954058312056,68.59902507376547,54.72927159478769,28.450967539447728,27.730465031421815,0.0,70.14495388138482,57.07406763285017,54.526270531400904,54.02715458937191,38.51090338164247,42.817048309178695,33.857280193236676,40.3186328502415,23.20077777777775
46.0,86.42243796514315,78.82003937200923,70.32674891034029,66.0346681496641,75.00957691746866,69.30767115230881,,79.20722191705931,72.15369543100596,57.15439542675615,68.65602726744721,54.78035452922803,28.344797728657134,27.81287272091642,0.0,71.10050003642688,57.20673913043472,54.520415458937144,54.02075362318834,38.52264734299513,42.83441062801928,33.855173913043444,40.317705314009615,23.2119951690821
48.0,86.93253164959694,79.12490801821049,70.77126053156802,66.33508426762805,75.30968590355131,69.62480273262442,,79.69610719939205,72.36908896752009,57.23483253831531,68.69521015986372,55.07740266736733,28.495507628150936,27.906290895174745,0.0,70.58412479285013,57.33477777777772,54.51047342995163,54.015777777777714,38.53386473429948,42.85206280193231,33.85256038647339,40.31629468599029,23.222792270531375
50.0,87.45404375627244,79.43734078191355,71.21024145946723,66.6291625165981,75.60059507808766,69.9396347329904,,80.18636818589253,72.66314377150648,57.32794376838996,68.98046581269008,55.0225892741669,28.402040438657938,27.906923335653413,0.0,70.65631419229636,57.460531400966126,54.4971207729468,54.01089855072458,38.543903381642465,42.869425120772895,33.84861835748789,40.31067632850237,23.23135748792268
52.0,87.96176660197946,79.7253441518602,71.62854257873961,66.91151944264685,75.87816375337955,70.23608741797122,,80.66513579645407,73.24332204172622,57.60748903232772,68.90134885209659,54.98878444607397,28.173579011855377,27.810382801101795,0.0,70.7036348966518,57.585681159420226,54.47874879227047,54.004787439613466,38.54854106280189,42.88469565217387,33.84313043478257,40.30068115942024,23.23530917874394
54.0,88.45987590481917,80.00371214463645,72.0378120972387,67.19277643403281,76.16617467590589,70.53118308875054,,81.13993620789545,72.80196171081573,57.22672733616709,69.02904331620063,55.128381807354735,28.403221406872994,27.849203768409808,0.0,71.03880934631498,57.71130434782602,54.45262318840574,53.998545893719744,38.54838164251203,42.89967632850237,33.837705314009625,40.29152173913039,23.234077294685967
56.0,88.93940100087686,80.27524217396885,72.43145802688308,67.46170304893786,76.44313426319036,70.81630319099709,,81.59506962637774,72.48698093223307,57.684499209675586,69.11997694221103,55.198814932963785,28.46364320025197,27.870757864844094,0.0,70.96856336191496,57.83730434782602,54.418439613526516,53.990879227053085,38.547028985507204,42.916169082125556,33.83217391304344,40.28358454106275,23.230695652173885
58.0,89.4113941217126,80.55451687538145,72.81574066171902,67.73182945647679,76.70986734575261,71.08849852686514,,82.0504326508652,73.02990581608819,57.417964157177956,69.51592532580787,55.25574754146772,28.308690303974803,27.918650236573228,0.0,71.16388572835275,57.96363285024148,54.376449275362255,53.981096618357434,38.543260869565174,42.93237198067628,33.82397101449271,40.27487439613522,23.225768115942003
60.0,89.85760620148307,80.80953141727579,73.19944052216093,67.99404043853698,76.97783624836165,71.35602832184051,,82.4961182768624,73.07941682646694,57.75325459416733,69.11748325469323,55.117479071566535,28.637149595359364,27.987169322670916,0.0,71.3984982874773,58.08846376811588,54.335347826086895,53.97090338164246,38.53829951690817,42.94770531400962,33.814753623188366,40.264618357487876,23.221135265700457
62.0,90.30103086790292,81.05366029707021,73.58011590791408,68.24718247282263,77.25296217531059,71.62074114135166,,82.93735430361814,73.14004775852341,57.68259179765212,69.2465045738344,55.24175376644599,28.535405861936677,28.120489703235215,0.0,71.52397731473798,58.21117874396129,54.299115942028926,53.96140096618352,38.532811594202855,42.96158937198064,33.804971014492715,40.25386956521735,23.213859903381618
64.0,90.74040374745411,81.29832899637508,73.95827270872529,68.49016118333523,77.51470222300625,71.8793964012215,,83.37553351365544,72.87510595596083,57.610586537387505,69.31824520196665,55.49630868833964,28.5709585390957,27.922196699771234,0.0,71.77415929221355,58.33415942028979,54.26226086956516,53.951294685990284,38.52633816425116,42.97527053140092,33.79267632850238,40.24433333333329,23.200420289855046
66.0,91.15889290053762,81.52710455025212,74.32601720050131,68.72527065149029,77.77586420436779,72.12371485180249,,83.80169171357423,73.12782954009012,57.75770101072421,69.24092554412232,55.51683085950666,28.49278215350329,27.927318739332257,0.0,71.72366282611705,58.45857971014486,54.22362801932361,53.93806763285018,38.517898550724595,42.988821256038605,33.77957487922701,40.23354106280189,23.18816908212558
68.0,91.56797472353324,81.75763484414207,74.69458989759774,68.96016021540629,78.03075420495348,72.36762966685103,,84.2195987989763,73.29081804362909,57.91664079087795,69.48176112111308,55.531976220397844,28.42243689520607,28.126607338552915,0.0,71.3389221464104,58.585661835748716,54.18201449275357,53.92398067632844,38.50656038647338,43.000536231884006,33.76559420289851,40.220246376811545,23.178473429951666
70.0,91.96969562782223,81.99283924707879,75.05386838192274,69.19138703087631,78.2929660989736,72.59496179036645,,84.62725164037836,73.30676027068685,57.905125382349,69.48051962308844,55.4422953253992,28.60249919690199,28.016776495808763,0.0,71.42696335829163,58.713676328502345,54.137260869565154,53.912468599033765,38.494439613526524,43.00871014492749,33.74948792270527,40.20437681159416,23.16797101449273
72.0,92.37584683497947,82.20967833892242,75.41974914832632,69.41749125953913,78.55586109564288,72.81723500016722,,85.03523309730603,73.57020020057622,57.95859094857259,69.4178012000578,55.639392152029984,28.601014786547797,28.120213582665453,0.0,71.77039154690169,58.840338164251136,54.101188405797046,53.9021400966183,38.48247826086952,43.01524154589367,33.73061352657001,40.188859903381605,23.156396135265677
74.0,92.7793428821654,82.42116061192344,75.77683353522727,69.64073629129047,78.81306132636574,73.04719408736693,,85.43501730638,73.54759227748737,57.943159933219086,69.5950560913039,55.59581919990536,28.6039678136516,28.10498878754156,0.0,72.0324466921505,58.965188405797036,54.07118840579703,53.8891594202898,38.4692367149758,43.023251207729416,33.7101062801932,40.17362318840575,23.145357487922677
76.0,93.17254276362002,82.62780711993811,76.13782729845207,69.85751464369456,79.06477688143652,73.2688755032303,,85.82110394532732,73.44903730466949,58.08778059678301,70.4099059561127,55.65589701379241,28.89177536047595,28.094249253702827,0.0,71.57908957145354,59.08714975845404,54.03383091787433,53.87503864734293,38.45389371980672,43.03170048309174,33.69027536231881,40.15742028985503,23.13533816425118
78.0,93.5460589284553,82.82488800161076,76.50254925764095,70.06722450534824,79.31320119390561,73.47960949827825,,86.20341063983226,73.83239266144355,58.05362835320925,69.879856009216,55.60755339747699,28.544601735964953,28.25579545410122,0.0,71.92893637019144,59.209367149758386,53.991212560386415,53.863637681159354,38.43805797101445,43.0384251207729,33.67160386473426,40.14205314009658,23.125091787439587
80.0,93.90857370929952,83.03123761760226,76.86504251558556,70.27496040292874,79.56209870998734,73.69699222385385,,86.5726526029522,74.1376291993042,58.06017137528465,70.28467600839006,55.648754744294585,28.75584689999807,28.262649712185652,0.0,72.48666595249095,59.33138164251201,53.960903381642446,53.85519806763279,38.42154589371977,43.042516908212505,33.65335265700479,40.12754589371976,23.113420289855046
82.0,94.2577638812299,83.22345240477779,77.21824252594853,70.48336457887414,79.80678432599245,73.91051499543345,,86.93134897629777,74.32353671909132,58.06673433226147,70.15670138500617,55.800956082197985,28.728577541490147,28.45616845990176,0.0,72.53281357459335,59.45156038647336,53.95323188405791,53.84696135265694,38.40539613526566,43.04489371980671,33.63533816425117,40.11274879227048,23.099729468599005
84.0,94.61676598701808,83.40306517256481,77.57077631265997,70.68305541340493,80.03271293494934,74.1211868738904,,87.28399231109601,73.99229508402891,58.3388157878747,70.20077709015904,55.90593254531084,28.79456645632771,28.264494426293975,0.0,72.29759495379278,59.5688743961352,53.95327053140092,53.83978743961347,38.391869565217355,43.04769565217386,33.62032850241542,40.09833816425116,23.08642512077292
86.0,94.96121551301746,83.59284025404601,77.90974214382045,70.88419974572714,80.26222254625695,74.32632761143141,,87.6301616288324,74.28116368137948,58.13629912623491,70.16211178041134,55.86811188104152,28.718824388759533,28.3839737615845,0.0,72.6974392428034,59.68529468599028,53.94716908212554,53.834536231884,38.379004830917836,43.04945893719801,33.60861352657001,40.08499033816421,23.076531400966157
88.0,95.29172155085034,83.78438993168871,78.24305042856112,71.07640412730443,80.50292377715101,74.53861898390375,,87.95809880582517,74.40082974689524,58.41882352609524,70.40403771012063,55.70866775659683,28.716683681777777,28.15683203408254,0.0,72.51412816193016,59.80584057971008,53.94794685990332,53.829671497584485,38.3672367149758,43.04932367149753,33.59983091787436,40.071555555555506,23.066468599033794
90.0,95.61217915598455,83.97443939704272,78.56721467405387,71.26838509088924,80.73394758339612,74.74421510219172,,88.26863061279262,74.61693122883028,58.29010656685729,70.60367228132658,55.96970098218302,28.654750325405494,28.376349797596863,0.0,72.96839775750178,59.925309178743895,53.958777777777726,53.827309178743896,38.35817391304344,43.05003381642507,33.595396135265666,40.05805797101444,23.05265700483089
92.0,95.91715979368009,84.16872569559105,78.87802388508833,71.45517778158182,80.96278540552474,74.94774578322686,,88.56623707709177,73.96590499006068,58.17953587097306,70.4996117111034,55.88510517711493,28.875714190302485,28.42438551592342,0.0,72.49574066342531,60.043338164251146,53.97010628019317,53.82716908212554,38.35464734299512,43.05190338164246,33.593676328502376,40.04569565217386,23.03689855072461
94.0,96.20621682267203,84.34858284169002,79.18442094947518,71.6473447272752,81.19478612018936,75.14595697658574,,88.85717309959358,74.5285533600256,58.166858025471996,70.677352983552,55.9942538068992,29.00965500352,28.3403123778816,0.0,72.9066955579904,60.16318357487917,53.98558454106275,53.82714492753617,38.35532850241542,43.05586473429947,33.59299033816421,40.03628502415454,23.02093236714973
96.0,96.49682252752993,84.52501783869059,79.48611384641038,71.82715984141431,81.40451347452417,75.3484070198057,,89.14557817995251,73.9451936918986,58.2689721609162,70.82234460958973,55.95857574890229,28.882723494147513,28.282981740887088,0.0,72.65378743744989,60.28026086956515,54.00513043478255,53.82625603864728,38.354111111111074,43.063516908212506,33.59399033816422,40.02564251207725,23.00462318840577
98.0,96.78512108803258,84.70734145878242,79.7702023909628,72.00721458574701,81.6039315584353,75.54273854550426,,89.42314656117941,74.74788631468012,58.21331322875794,70.58945561929833,56.12050997425056,28.882967876383105,28.264519041207674,0.0,72.62403469912404,60.396637681159355,54.029231884057914,53.823980676328446,38.34849275362315,43.07172946859899,33.59723188405793,40.010792270531354,22.98653140096616
100.0,97.05910138798858,84.87566395399948,80.040567066683,72.18598434925231,81.81933388744764,75.73771913637508,,89.69478312577277,74.3310071707602,58.57229621467417,71.08676987186202,56.004890020904114,29.158711348057338,28.395105838180385,0.0,72.95384021857599,60.51560386473423,54.045599033816366,53.81960386473424,38.338304347826046,43.07685024154584,33.60257004830914,39.99414009661832,22.968739130434756
102.0,97.31640278283473,85.05548465857859,80.29851968112871,72.36097923471907,82.04136213259328,75.93288397400468,,89.95512953086356,74.48033199080152,58.28294588969389,70.80050293568091,56.10801941839589,28.70595459199297,28.34681040572904,0.0,73.1680984666014,60.635671497584475,54.04827536231878,53.81521739130429,38.32753623188402,43.08070531400961,33.61036714975842,39.97864734299513,22.952057971014465
104.0,97.56888319595069,85.23641962098473,80.54424158138767,72.53756849735524,82.2558272374728,76.11850806410897,,90.20371858199798,74.22999393577324,58.40601093649134,70.91908249166615,56.229695981959054,28.84203011240315,28.380676284900787,0.0,73.2084646623244,60.75479710144921,54.05017391304341,53.81271980676322,38.31895652173909,43.08394685990333,33.61966666666664,39.9666714975845,22.939111111111085
106.0,97.82578557622266,85.412350206125,80.77944360446129,72.71023201055297,82.45839194902355,76.29491727472754,,90.4488930782827,74.84541592442116,58.57979647885999,71.03967413919989,56.17830000458468,28.753009927209597,28.41590715137155,0.0,73.01665784853436,60.8739855072463,54.05594685990332,53.81386473429946,38.312951690821215,43.08422705314005,33.63058937198064,39.95636231884054,22.93134782608693
108.0,98.06806152439185,85.57491654607483,81.0100079491305,72.86968551727958,82.66722559618378,76.47226864327095,,90.68942398436411,74.64024997514315,58.720010907264964,71.16178517426962,56.079586210800485,29.205334412163563,28.421158912053883,0.0,73.19440568635159,60.99124154589365,54.07544927536226,53.8209130434782,38.306908212560344,43.080975845410585,33.6455410628019,39.94464734299513,22.925391304347798
110.0,98.32598077819755,85.73640630251708,81.24646903746411,73.0272538160429,82.86733574439944,76.65412031834693,,90.94600252951572,74.81012857817356,58.39319999182818,71.166557142223,56.15489997417301,29.038171436908993,28.40262142649244,0.0,73.42567146369441,61.106396135265626,54.10876811594197,53.831202898550664,38.29876811594199,43.07535265700478,33.66378260869562,39.93200966183571,22.91594202898548
112.0,98.57697317186187,85.89771453150591,81.47665981070934,73.18639515564205,83.05582796589658,76.81889452136521,,91.19372960223373,75.36959998368756,58.776828569601875,71.22157141508548,56.07431430398121,28.911521442895552,28.32128572556535,0.0,73.29207140535064,61.22353623188398,54.14382608695646,53.84437198067627,38.28877294685986,43.067198067632795,33.68444444444441,39.92005797101445,22.908999999999974
114.0,98.82147724187344,86.04030590349605,81.69219135088751,73.33607621444216,83.25607388066265,76.98801835312726,,91.43585486156431,75.30924571274649,58.793622867528256,71.13195722857967,56.34250598942175,28.967500590496233,28.50034637814069,0.0,73.39843189707774,61.34074879227047,54.19453140096611,53.86173913043473,38.27824154589368,43.05803381642507,33.71078260869562,39.90974879227049,22.915342995169055
116.0,99.06856475403019,86.18949376596021,81.9075010122561,73.49179491998812,83.45064173841875,77.15230289194561,,91.68674087063962,74.57912043403101,58.55942103806845,71.17001136645032,56.40852283139555,28.985036788524873,28.49587876453336,0.0,73.55450538488181,61.459183574879155,54.263603864734236,53.88635265700477,38.27022222222218,43.05168115942024,33.73995652173909,39.902038647342955,22.92831884057968
118.0,99.30845226019328,86.34003015498097,82.1161760253226,73.65047058961095,83.64775642813294,77.31346959972478,,91.93449814348632,75.1905657819287,58.676489814225356,71.41957268876608,56.166005750457906,29.066774759315713,28.410810495399037,0.0,73.55499940264937,61.57638647342988,54.32818357487917,53.91943478260863,38.26349275362315,43.04826086956517,33.770299516908175,39.896710144927496,22.94071980676326
120.0,99.55137335196356,86.4799485941964,82.33052912417656,73.7991615508938,83.82880422098162,77.4729317850711,,92.18027630689964,75.07168283691708,58.50128652448626,71.36502906237908,56.523375834923485,29.191504253260504,28.484357113545528,0.0,73.92621210379109,61.69050724637674,54.38181642512072,53.956777777777724,38.257386473429904,43.04844927536227,33.803144927536195,39.89481642512073,22.95249758454104
122.0,99.78952042419299,86.62633490765162,82.5366158361854,73.94664103186696,84.01487217794536,77.63871435513146,,92.42545923342276,75.48055693041623,58.39853403581713,71.3657629141048,56.49214967900586,29.05735370290284,28.32915341170909,0.0,73.47262004226236,61.80269565217384,54.42016908212554,53.99839613526564,38.25418840579706,43.05225603864729,33.83742995169079,39.892632850241505,22.964062801932343
124.0,100.02954650921961,86.76238199096937,82.75449821866893,74.08734206331516,84.20715353026259,77.80662471044367,,92.68391841548376,75.36163608206749,58.75392223299424,71.34855279230946,56.42815278685761,29.008083345580246,28.630320827180245,0.0,74.00293887828806,61.91287922705307,54.448169082125546,54.045512077294624,38.25492753623185,43.0589903381642,33.873966183574844,39.88826086956517,22.976903381642487
126.0,100.25633202537858,86.89190898830776,82.98226048736396,74.21909011478522,84.38516262690136,77.97237619567017,,92.93261643548651,75.21963360323886,58.81974331983806,71.75076153846155,56.588695141700406,29.16841052631579,28.630804048582995,0.0,73.77377449392712,62.02341545893712,54.48323671497579,54.09512560386467,38.25698067632846,43.067830917874346,33.91123188405793,39.88340579710141,22.993028985507223
128.0,100.48238738322497,87.02160521255567,83.2046077233809,74.36033973098287,84.5642447899721,78.1425223171025,,93.17995357626458,75.38249832040209,58.87552165990288,71.72787168154007,56.486026496226216,29.30549642177352,28.54132764249083,0.0,73.77841078899397,62.13305797101442,54.53085990338158,54.146028985507186,38.26010628019319,43.078415458937144,33.94597584541059,39.876724637681114,23.01079710144925
130.0,100.70750202933557,87.15038687353447,83.42635871309635,74.50205439753823,84.73138883968933,78.31185170637772,,93.42593709516919,75.30551773755617,58.74771348445689,71.55462431168671,56.43503754667427,29.109625921508332,28.580605014646853,0.0,73.8146279465723,62.238734299516835,54.5816859903381,54.19818840579704,38.2664444444444,43.09327053140092,33.97742512077291,39.868048309178704,23.029169082125577
132.0,100.93657463217136,87.29321231117432,83.65882425663028,74.6332308603074,84.88749961337842,78.48634670165006,,93.6637402031142,75.50529516728032,58.915769289278714,71.54614578603696,56.68491083895261,29.26859878275341,28.6866,0.0,74.07514762204016,62.34275362318834,54.62583574879221,54.250347826086895,38.2750869565217,43.11360386473425,34.00850724637677,39.85898550724633,23.04953623188403
134.0,101.14927484291877,87.42879649173517,83.88349887427727,74.77240144122774,85.04461119270597,78.65333380919634,,93.89075474516407,75.79168897671323,58.949255714262996,71.82978257137859,56.50239198766275,29.16674889496768,28.660100396953855,0.0,73.88065411423754,62.4516473429951,54.66725603864729,54.29942512077289,38.288743961352615,43.13870048309174,34.037420289855035,39.849922705313965,23.070289855072435
136.0,101.36186372862011,87.56888349304468,84.10584210917129,74.91091825035664,85.21176893273785,78.81531947331797,,94.10810567850994,75.73496144051133,59.201245126536065,71.63639940150799,56.61473667244633,29.311143160981132,28.7129249381439,0.0,74.04906086383895,62.561120772946786,54.70802415458932,54.343512077294626,38.30712560386469,43.16892270531396,34.060632850241504,39.84246859903377,23.087391304347797
138.0,101.58407212334262,87.71623090874976,84.33132146723541,75.05005568439383,85.35517750727598,78.97704342623095,,94.33204104339194,75.80583488125767,58.927543679012736,72.09757228920185,56.62117815664975,29.401113800355187,28.626051213424546,0.0,73.85564873494836,62.668705314009586,54.741072463768056,54.38247826086951,38.327545893719766,43.209362318840526,34.078884057970974,39.83645410628015,23.102198067632823
140.0,101.80148046781787,87.85123843430455,84.55328665451322,75.19599526176644,85.50050585379628,79.14573572189911,,94.5603727125583,75.664348538065,59.195847407714645,71.67106950697581,56.556179143668444,29.390264055997925,28.61890532723187,0.0,74.32827108536425,62.78220289855065,54.76639130434777,54.4149710144927,38.35031884057967,43.25901449275357,34.08991304347823,39.83053623188401,23.11362318840577
142.0,102.01708348953255,87.98139998859595,84.77432373000583,75.34703256918735,85.64779998183191,79.30375547963202,,94.78726711183293,75.96561296055118,58.94348272906777,71.98212802587909,56.63805795487964,29.36194467083981,28.837711756921397,0.0,73.24144273410914,62.896763285024086,54.791033816425056,54.44146376811588,38.37083574879223,43.314999999999955,34.093285024154554,39.8245942028985,23.121787439613502
144.0,102.24201463518949,88.12635327241837,84.98854948416697,75.487629960436,85.79040792495977,79.46417305506543,,95.00889791798842,75.75985117382122,58.90761708365068,71.68734977057969,56.56095377138179,29.257587287168164,28.579598001876484,0.0,73.69237640878269,63.008758454106214,54.81411594202892,54.46247826086951,38.387961352656966,43.376739130434736,34.09161352657001,39.81425120772943,23.129241545893695
146.0,102.46512212670987,88.26484930424266,85.19376630369734,75.63921840562126,85.92944998626729,79.61321717631016,,95.22589741312325,75.97815327797016,58.80580488560415,72.1917501879284,56.55379354149744,29.2496774903631,28.58880492969162,0.0,73.9155295272042,63.1242125603864,54.82740096618352,54.47741062801926,38.40463768115937,43.438028985507195,34.083942028985476,39.798685990338114,23.13431400966181
148.0,102.69240742264189,88.39849152296559,85.39258975726752,75.7841838571018,86.0855130071212,79.7633453633366,,95.45162728611047,75.77235350978924,58.82274128931214,71.8734441862109,56.717327340282885,29.264487878376197,28.73391073447451,0.0,74.32645352481052,63.24192753623181,54.83090338164246,54.48696135265694,38.42131400966179,43.499695652173855,34.07118840579706,39.7818405797101,23.13955555555553
150.0,102.91740145906965,88.5404438269606,85.5961086273358,75.92596179825324,86.22149789869043,79.92331888957742,,95.66513756407059,75.88554368437926,59.164270190363986,72.32804458801093,56.774026420481235,29.32995922289309,28.625712463858818,0.0,73.75277934332286,63.36014975845403,54.83901932367144,54.49375362318834,38.43904347826083,43.564198067632795,34.05493719806759,39.76643478260865,23.144483091787414
152.0,103.14356878303667,88.66973085274758,85.78984256629367,76.06862458455842,86.35402802574355,80.07460432960562,,95.86976272259372,75.79794533686056,59.195301984178485,71.90760357408126,56.91613943009403,29.411239048618327,28.771235752643825,0.0,74.0515319654247,63.47834782608688,54.860864734299454,54.497507246376756,38.4564830917874,43.62723188405792,34.034425120772916,39.75341062801928,23.14923188405794
154.0,103.37212702902319,88.79157139281261,85.98294083925971,76.20414197023507,86.49630754875523,80.22033589233341,,96.0740991526662,76.19522171973621,59.22365195573754,72.20178256924763,56.66412073293297,29.36756865947922,28.81768751704843,0.0,74.45160709229272,63.59599033816418,54.89500483091781,54.49803864734294,38.47228985507242,43.68677777777773,34.011367149758414,39.74132850241541,23.153367149758427
156.0,103.58701142620838,88.90986830738778,86.17601926783051,76.3400181726827,86.6456253265814,80.37193924858676,,96.2782496076482,75.89794564043784,58.90459188125605,72.18476628615872,56.647975914018915,29.310961988876198,28.757416145589804,0.0,74.17418924150302,63.71376811594196,54.95002415458931,54.497657004830856,38.485690821256,43.74549758454101,33.98874879227049,39.72936714975841,23.15528019323669
158.0,103.81454505606989,89.02175795655485,86.37393860164633,76.4737838889678,86.78468226947604,80.52779421958968,,96.47426798091905,76.16170644207607,59.06048098036353,72.14105003649901,56.68458868348055,29.42863724633185,28.78664852178991,0.0,74.69721530586175,63.830594202898475,55.01788888888883,54.496942028985444,38.49769082125599,43.805956521739084,33.969652173913005,39.71913526570044,23.15945893719804
160.0,104.02104591634262,89.12169266704021,86.55480940542337,76.60049233517498,86.9241448166831,80.67276019778308,,96.66355508270645,76.57528003926186,59.35208503220843,72.28409001963094,57.09524885278234,29.411798685372144,28.856597697278573,0.0,74.27663996566889,63.9435893719806,55.08400966183568,54.496570048309124,38.50928019323668,43.867671497584496,33.9542560386473,39.7116714975845,23.168091787439586
162.0,104.23091947754571,89.21387906831133,86.73598496537107,76.71924819490125,87.07748181977347,80.81494908852068,,96.86209251525452,76.64696035860983,59.09829824535082,72.39748663963279,57.13349876857705,29.46056127737705,28.824183761888523,0.0,74.75243096414427,64.05408212560378,55.15235265700476,54.49731400966178,38.520227053140054,43.93198550724633,33.94223188405793,39.70745893719803,23.177463768115913
164.0,104.43401318536725,89.3168149074766,86.91892442728289,76.84624594774922,87.22288534131015,80.96479374119491,,97.05952162398923,75.82010075089924,59.26315046813796,72.28850269284928,57.06612237342868,29.274968223344796,28.92723135771365,0.0,74.37109268684873,64.1657971014492,55.21081159420283,54.50004347826081,38.53269565217387,43.99784541062797,33.93269565217388,39.704599033816386,23.18270048309176
166.0,104.64180656035299,89.42027247926121,87.10007973127556,76.97402871013571,87.3603703091909,81.11210618680387,,97.25653085049608,76.3637067193676,59.188677865612654,72.23961739130435,56.87693517786561,29.535985177865612,29.00157766798419,0.0,74.67109407114624,64.27520289855066,55.251618357487864,54.50389855072457,38.54642028985503,44.06237198067628,33.92598550724634,39.701193236714936,23.182497584541032
168.0,104.85459865049587,89.52706982405618,87.28023610359566,77.09300513283031,87.48930007240929,81.25127599992479,,97.45615765886359,76.3814623838801,59.20122863756502,72.40171582500325,56.764435120882446,29.31278865975344,28.852861294855188,0.0,74.84884639539432,64.38299033816418,55.29195652173907,54.50624154589366,38.562357487922654,44.12503381642507,33.92121739130431,39.69712077294682,23.17971014492751
170.0,105.0532005104039,89.63350847393369,87.46521903982027,77.20238723330986,87.6412441455793,81.40392550866598,,97.6603773356876,76.56578856425725,59.46105002688884,72.52205905279513,56.87371363446138,29.456097126128874,28.83584772261129,0.0,74.81184253450566,64.49045410628013,55.340458937198,54.507434782608634,38.58089371980672,44.1870289855072,33.91623671497581,39.69160869565213,23.177178743961328
172.0,105.25234129318747,89.72285121578219,87.64980188217314,77.30560059838032,87.77746160073185,81.54902438378376,,97.8747725953209,76.46822552950266,59.53234894648222,72.3525270494228,57.155334467934786,29.410757678238394,28.991171639170705,0.0,74.86106360244301,64.59588888888881,55.39868115942023,54.50779227053134,38.60124154589367,44.25011111111106,33.913618357487884,39.68383574879223,23.176570048309152
174.0,105.44231959816952,89.82376109507578,87.82580232891341,77.41012509800284,87.90608322914305,81.68024665932597,,98.067588525129,76.17248162624468,59.31414220873996,72.53963029184784,56.79354310353961,29.406162835099714,29.073343586051365,0.0,74.62731648452218,64.70185990338157,55.46474879227047,54.50818357487917,38.620183574879185,44.312985507246324,33.91401449275358,39.674140096618316,23.17777294685988
176.0,105.64237229671946,89.92489569491664,87.99939102805583,77.52668823460242,88.02957488349459,81.82294697041426,,98.27036159565294,76.84653642526771,59.17169545529055,72.9590727780864,57.076690931627745,29.473084085624432,29.03230456201222,0.0,74.90228181124598,64.80798067632843,55.534516908212495,54.51125603864728,38.63867632850237,44.37492753623184,33.916772946859865,39.66463768115938,23.179468599033793
178.0,105.84460908356718,90.02818700177606,88.17099537884508,77.63528858389202,88.14884476608856,81.96639382481695,,98.47130186097638,77.08959195163507,59.71984135871674,72.81244694119424,57.06447199065283,29.50077078424972,28.985593743609535,0.0,74.86299466981087,64.90969082125596,55.60577777777771,54.51722705314003,38.65945410628015,44.438212560386425,33.922367149758415,39.655618357487874,23.180908212560357
180.0,106.04758843887942,90.12756066836847,88.34146042788463,77.74204453155416,88.26447995128198,82.10844265704281,,98.66911243813415,76.80064772778289,59.23096770206369,72.57973734180642,57.114337633934426,29.473577255084244,28.984036178384564,0.0,74.85974820482184,65.01090821256031,55.67464251207723,54.52571014492747,38.68225120772943,44.50149758454101,33.931826086956484,39.64737198067628,23.183120772946832
182.0,106.23722670344029,90.22356046542207,88.50145876981621,77.84855005067774,88.3874740023438,82.23494679340489,,98.87393059183402,76.69017021646515,59.06120180220937,72.76281945263662,57.17544412036771,29.575081480753095,29.043198190872406,0.0,75.41811987260111,65.11437681159413,55.73370048309173,54.53509661835743,38.70562801932363,44.564043478260814,33.943130434782574,39.64018840579706,23.185913043478234
184.0,106.43230031199097,90.3350751622149,88.66329154895564,77.96279525081931,88.50766202685212,82.35026039431126,,99.09724672574308,76.96229430018461,59.210928835807536,72.84771892184445,57.12303661223456,29.541750389347136,28.93590417814689,0.0,75.1978110736966,65.21563285024146,55.78040096618352,54.545555555555495,38.72631884057966,44.62811111111106,33.95421256038644,39.634357487922664,23.190314009661808
186.0,106.63638814806512,90.44629315657029,88.8269525362306,78.08268596706743,88.61933477093916,82.47675328722154,,99.32081791385255,76.91536642800692,59.459979171806545,73.1448236686395,57.0141866733514,29.659741639110752,29.121344196020097,0.0,75.04665389883175,65.31870531400958,55.824323671497524,54.557207729468544,38.74523188405792,44.69657971014488,33.96533816425117,39.62956521739126,23.19679710144925
188.0,106.84486157487348,90.54335359819503,88.98513025097513,78.20084731995948,88.74013925984028,82.60716824017668,,99.53716630437313,77.1963553467871,59.52891973491613,73.09008363003872,57.166898783380645,29.364647084903226,29.133094238658064,0.0,75.01654198627097,65.42527536231877,55.86492270531395,54.57012560386467,38.76383091787435,44.76694685990333,33.9778985507246,39.62489371980672,23.201057971014468
190.0,107.0649638322635,90.64252671008006,89.13686545173103,78.31319197039409,88.86104737488962,82.73229029001864,,99.74677589589075,76.5708562669035,59.54369989685536,72.43573520983657,57.06187051095498,29.550778232359686,28.93076198684771,0.0,75.52211033071761,65.53046859903374,55.895748792270474,54.58433333333327,38.783579710144885,44.83553623188401,33.99385507246373,39.62125120772943,23.20244444444442
192.0,107.2801611457481,90.74131337409457,89.28312479104201,78.42400436043167,88.98343368981396,82.86829481069832,,99.9584905513767,76.8765153170285,59.76788662816623,73.03968545555463,57.06150831817633,29.57884881639889,28.95639012017313,0.0,75.39294459494397,65.63490338164245,55.920053140096556,54.59980676328497,38.80476811594198,44.905323671497534,34.009724637681124,39.61654589371977,23.20273429951688
194.0,107.47857716763127,90.84025900975404,89.41993483153182,78.54090806288724,89.10940003437018,82.99626255879653,,100.17727428288671,77.31419336099584,59.64098174273859,73.04503734439834,57.25634024896266,29.59456763485477,29.031215352697096,0.0,75.35329294605809,65.7386280193236,55.9417053140096,54.615869565217324,38.826512077294645,44.97445893719802,34.023801932367114,39.60868599033812,23.20253140096616
196.0,107.6809660207556,90.94116941766144,89.5619229182205,78.64795902289855,89.23675598744795,83.1401005332406,,100.39928183807777,77.14414604871364,59.328899342762966,72.99590788211317,57.25645373866062,29.619007426722252,29.004123737857583,0.0,75.24877460260547,65.83929468599027,55.96162318840574,54.63301932367144,38.84854589371976,45.04291787439608,34.03915942028982,39.601009661835704,23.204314009661807
198.0,107.89003736194184,91.03227529157977,89.71186016346765,78.75504359892199,89.34727508689491,83.28179457114122,,100.60002505221472,77.00852933533739,59.697244047097826,72.93851490785543,57.19423220743111,29.702167305087137,29.02400361513769,0.0,75.80911752322801,65.9387777777777,55.980202898550665,54.65235748792264,38.869999999999955,45.10945410628015,34.05459903381639,39.595681159420245,23.207608695652148
200.0,108.09389768115062,91.1152056955756,89.8547139422269,78.8596608960189,89.47222125130796,83.42822830021832,,100.79397921939514,77.15286124808725,59.42733875191274,73.18043147385818,57.527381764985634,29.549853033811534,29.145253808699884,0.0,75.55555433983398,66.03834782608688,55.99118840579704,54.670763285024094,38.88878260869561,45.172169082125556,34.06949275362315,39.59130917874393,23.210782608695624
202.0,108.2930914248401,91.20326128195642,90.00486029255093,78.96571381607755,89.595902602566,83.57215923409686,,100.99088055747501,77.28343445377853,59.56594233842483,73.08462565251999,57.21312108376034,29.758937982175684,29.049646038260544,0.0,75.18984321620444,66.13505314009655,55.99787922705308,54.689942028985456,38.90518357487918,45.23516425120768,34.086212560386436,39.58655072463764,23.211599033816398
204.0,108.48074545804904,91.29593015066489,90.15330226913993,79.06923495826643,89.71377084674212,83.72090618944323,,101.18622295523559,77.3285645268373,59.37780719377948,73.24306869536663,57.26684896694658,29.76442280978048,29.119338605007062,0.0,75.41000248593662,66.23076811594196,56.0064782608695,54.710376811594145,38.921270531400914,45.30014492753618,34.10473429951687,39.58006280193233,23.210202898550698
206.0,108.66610093595973,91.37813804855521,90.29902336166909,79.16438704522899,89.8486330851916,83.8724803210048,,101.37813678946848,77.29025226337448,59.687890534979424,72.87265390946503,57.36360740740741,29.72814197530864,29.21726522633745,0.0,75.82204197530864,66.32615942028978,56.012850241545834,54.72828019323666,38.936681159420246,45.36464251207724,34.12203381642508,39.572898550724595,23.209739130434755
208.0,108.8287218061831,91.45655999821987,90.43997896053861,79.25947686528328,89.9916855331673,84.0191798413816,,101.57936565931517,77.4771669208038,59.44670984276344,72.87597460623898,57.21109365055532,29.73578520840051,29.16312570833973,0.0,75.57765843344978,66.41706763285016,56.0188743961352,54.743371980676265,38.9522753623188,45.427410628019274,34.138086956521704,39.56488888888885,23.209144927536205
210.0,109.01472698754982,91.53962504018851,90.58980225463564,79.36630337273508,90.123104350909,84.15469639812683,,101.78417450408104,77.47531318290115,59.544308791541816,73.12955384757028,57.615439558907624,29.683812088609763,29.250903297106305,0.0,75.76275055069415,66.50841545893712,56.0288937198067,54.75578260869559,38.969565217391256,45.489599033816376,34.15282125603861,39.55524637681155,23.204357487922678
212.0,109.19979761902484,91.6261493082907,90.7421204360325,79.47343827682036,90.24933682713421,84.31342986127822,,101.97553178460616,77.5538989817177,59.46953776595413,73.22953502360917,57.28603086502535,29.708986648182684,29.15832152255815,0.0,76.06357512178845,66.60399999999991,56.04620772946854,54.76844927536226,38.98893719806759,45.54930917874391,34.166115942028945,39.545579710144885,23.195521739130406
214.0,109.39946622324435,91.7117005487716,90.88864752638003,79.58196791037776,90.37368006555971,84.45189628197576,,102.17397271919326,77.63236587021936,59.493354573972255,73.35003269837917,57.358372479037946,29.581730187835273,29.22402621507135,0.0,75.97059302894014,66.6980628019323,56.0707053140096,54.7822898550724,39.0090483091787,45.60946859903376,34.17902415458933,39.5350676328502,23.184560386473404
216.0,109.58801492810254,91.80498564735808,91.03313892737289,79.68193300751413,90.49994171399477,84.59200291749274,,102.37295084565598,77.48946790331743,59.73316732394381,73.32269989421364,57.46109268097908,29.898910699306956,29.15840790208419,0.0,76.03752595116744,66.78849758454099,56.09514975845405,54.79802898550719,39.02799999999995,45.671227053140036,34.18955072463764,39.52349275362315,23.172792270531374
218.0,109.76834943085859,91.88029041534048,91.1774978217317,79.77693593757445,90.6456048944431,84.72993164111544,,102.57342361317333,77.82213683229989,59.69179568261092,73.73601852750728,57.420425476554804,29.75688809576307,29.194841930806867,0.0,76.1622836400121,66.880420289855,56.12073429951684,54.82046859903375,39.04389371980671,45.731560386473376,34.20052657004827,39.51124154589368,23.161584541062776
220.0,109.95516121526981,91.95913568710037,91.31003811951832,79.878901168007,90.78123463675729,84.8595560326923,,102.77068317680207,77.45883988373333,59.779264479644446,73.12943384337778,57.68708867306666,29.73263432568889,29.217262297955553,0.0,76.394633936,66.97351690821247,56.15642995169076,54.84948792270525,39.057212560386425,45.791096618357436,34.21360869565214,39.49687439613522,23.147512077294657
222.0,110.13699192949753,92.05193211104859,91.44440523566428,79.97942373153377,90.91457124935528,84.98995099527838,,102.95838615292963,77.61680009130411,59.787285981242555,73.4335544699428,57.422646911329934,29.632314003305193,29.445278647148648,0.0,75.54199397577302,67.0638550724637,56.203347826086905,54.88491787439607,39.070217391304304,45.850463768115894,34.22688405797098,39.48072946859899,23.132579710144903
224.0,110.32845531017762,92.13705353572232,91.5925771771339,80.0847377650135,91.0354842556177,85.12825965802476,,103.15150045937081,77.8604180771658,59.79370218522494,73.7091601241773,57.57127570631291,29.855493308562735,29.141683331631985,0.0,75.86208785634649,67.15472463768108,56.25840579710139,54.92958937198062,39.08334299516904,45.91028985507241,34.241487922705275,39.46674879227049,23.122410628019296
226.0,110.52560350949976,92.22270933785535,91.72974141844968,80.18873525281825,91.16176777568494,85.25838464186567,,103.34059291931273,77.43996668342858,59.64932708091429,73.39786111329524,57.59625136350476,29.620081232685713,29.23430728834286,0.0,75.89059304304762,67.24638164251199,56.32342512077288,54.98150724637675,39.0958019323671,45.97059903381638,34.25734782608692,39.45527053140092,23.114198067632824
228.0,110.71717995435796,92.30907987440793,91.86274018819914,80.29817463848066,91.28834830770023,85.37337166906438,,103.53379918859649,77.65650628504207,59.71390159807288,73.12366570039222,57.53898584110799,29.821744215408547,29.092523228348668,0.0,75.86498025627563,67.33728985507238,56.388241545893656,55.03807246376805,39.10553623188402,46.02958937198063,34.273787439613486,39.44485507246373,23.10696135265698
230.0,110.88948135853661,92.3994432765371,91.98811160489642,80.40729134985017,91.4136013599138,85.48165668198233,,103.73660950132088,77.62127540379504,59.805091971596696,73.27474582764958,57.574229116350416,29.76050373175537,29.274733564747105,0.0,76.59471658060166,67.43016908212552,56.439057971014435,55.0990821256038,39.114613526570004,46.08906280193232,34.288908212560344,39.43588888888885,23.101497584541036
232.0,111.06670914877976,92.49307629145774,92.12019594533808,80.52135016384004,91.53048672598196,85.5885223130046,,103.92859470523373,77.44657851130769,59.89866149166242,73.72774596889128,57.435370747120125,29.753300598021134,29.230509701661912,0.0,76.29212178756278,67.52291304347818,56.483714975845345,55.16311111111105,39.12867149758449,46.1514251207729,34.30258937198064,39.42753623188401,23.098555555555528
234.0,111.2509987984127,92.57825616869538,92.24574949789204,80.63674810155192,91.65691390317555,85.71238431206183,,104.11087429512777,77.82697768240132,59.95678426418585,73.43833794101562,57.68862059382195,29.746654384046057,29.391211709354437,0.0,76.46105775500614,67.61641545893711,56.5208937198067,55.229338164251146,39.14674396135261,46.21608212560381,34.31893236714972,39.421961352656965,23.098231884057945
236.0,111.457682749729,92.66283436504452,92.37370414426229,80.7586917516203,91.78843064775138,85.83220915156147,,104.29362669988456,78.22948095622108,60.03464526870331,73.78058302547518,57.666618424900165,29.861351027511525,29.177509108513007,0.0,76.06544204665401,67.71214009661827,56.54494202898544,55.29694202898544,39.16551690821252,46.28245410628014,34.3390869565217,39.4188985507246,23.098144927536207
238.0,111.6508458227917,92.74884790272172,92.496752597846,80.87709317714554,91.91311097412307,85.9498952006524,,104.47859103242428,77.75971976054544,59.78167694180624,73.84859881698348,57.617725748493505,29.7215796281459,29.37645763122812,0.0,75.80091316524879,67.80912077294678,56.56028502415453,55.36387922705308,39.185328502415416,46.34753140096613,34.357028985507206,39.416256038647305,23.100086956521714
240.0,111.8265688108434,92.83140369255884,92.61898898312005,80.99620826417329,92.03306932425409,86.05827712781974,,104.67092454387374,77.70331661723692,59.898783986129075,73.9324882150792,57.63506133012762,29.697039426490356,29.36321767298563,0.0,76.34727462516494,67.90639130434775,56.57053623188399,55.42988405797095,39.204690821255994,46.41373429951686,34.37217874396131,39.41494202898546,23.103405797101427
242.0,112.0049579045318,92.91038475414359,92.75601215363687,81.11817734486786,92.16149181342308,86.1704836820726,,104.85703077682008,78.37026371910359,60.0094754210337,73.70420704533082,57.63963181455947,29.8803004011108,29.35880461675349,0.0,76.24497637499827,68.00054106280186,56.58159420289848,55.49586473429945,39.2226714975845,46.47926086956517,34.386956521739094,39.412816425120724,23.10683091787437
244.0,112.19186495778665,92.98982841354129,92.89071873004849,81.23358806421192,92.26921198956859,86.28377481867545,,105.03186859043528,77.55848417904727,60.074149250091736,73.75477747661405,57.9812491496393,30.004398598457747,29.34332982984073,0.0,77.02582283432726,68.09476328502407,56.59262318840573,55.5578550724637,39.24189371980672,46.54230917874391,34.398942028985466,39.41012077294681,23.110869565217367
246.0,112.37299103023625,93.07468618918264,93.02889814792258,81.34111526595278,92.37242091535163,86.39159914653129,,105.19069616838047,78.09667134184065,59.911117691681305,73.36044337399674,57.9445072555187,29.963849674042276,29.187902770419512,0.0,76.57044506094309,68.19347342995162,56.60513526570042,55.61361835748785,39.263724637681115,46.605903381642456,34.411763285024115,39.41009661835745,23.1172028985507
248.0,112.55534019994356,93.17058785069865,93.16901933128237,81.46463663877047,92.48597913058487,86.51019137913583,,105.34781247617343,77.83593134304893,60.159126521601735,73.64497345638802,57.77761597125672,29.844758741837214,29.391876152196595,0.0,76.50339447275788,68.29330917874388,56.61875362318835,55.66259903381636,39.285879227053094,46.668845410627966,34.42544444444441,39.410555555555504,23.12690821256036
250.0,112.72384564218987,93.26129276422448,93.3054573994663,81.58081341922917,92.59434848403414,86.61481836634611,,105.51191393404154,77.95418524845715,59.83815506514286,73.7238517878857,57.84643165668571,29.756915679085715,29.280256012571428,0.0,76.08158493714286,68.39095652173906,56.643371980676264,55.705922705313945,39.30967632850238,46.732985507246326,34.43578743961349,39.40930917874392,23.139903381642487
252.0,112.88335069676243,93.35372984587748,93.44272811684465,81.690535152445,92.71537250041872,86.71666018048293,,105.67105160027388,77.8813282987169,60.27279274183093,73.80849297460647,57.981361998907765,29.895470391690132,29.426737872826877,0.0,76.28521339519453,68.49097584541056,56.684821256038575,55.745840579710084,39.3394830917874,46.79779227053135,34.444594202898514,39.40899516908208,23.15315458937195
254.0,113.03702339916572,93.44188631584741,93.58225327885143,81.79073443368257,92.84994570423999,86.82523072842459,,105.81374874128251,78.25554341281708,59.796183564490576,74.00096126505007,57.83674199129029,29.962025964264377,29.56803529646276,0.0,76.604344618094,68.59314975845403,56.72980676328496,55.78095169082119,39.37311111111107,46.860956521739084,34.451792270531364,39.410473429951644,23.163043478260843
256.0,113.19055901552173,93.53137981781792,93.7282832883636,81.90429264783137,92.9712940105177,86.91913560721164,,105.96127443289187,77.83444048980479,60.088457328197336,73.91639562497815,58.007981055235504,29.85369786408468,29.275562971057198,0.0,76.73632381920326,68.69187922705306,56.773512077294626,55.81228502415452,39.406642512077255,46.9238212560386,34.4590869565217,39.40982608695648,23.170729468599006
258.0,113.370700992492,93.61841460522731,93.87578384660186,82.02621361408772,93.0784157178411,87.01780120466465,,106.09888769195767,78.54874487353649,60.17462833060317,73.69587948257818,57.977998628212006,29.946115312020783,29.408136929991283,0.0,76.42388732291865,68.78943961352648,56.81637198067627,55.84212560386467,39.439207729468556,46.986555555555505,34.46818357487919,39.40678743961348,23.176685990338136
260.0,113.53324627414939,93.71459782930177,94.00903348844929,82.13569005902822,93.19441818102412,87.13073976504039,,106.22206457378607,78.39565430218386,60.085138633086636,74.0471388155822,57.83093655787854,29.91995108714308,29.362389397883295,0.0,76.84691472274095,68.88693236714968,56.85918357487917,55.873458937198,39.46871497584537,47.04877294685985,34.477787439613486,39.4035217391304,23.182560386473405
262.0,113.70231639352885,93.80518988894524,94.14609446921405,82.24738774274195,93.31617823474596,87.22658406603789,,106.34417897491046,78.16236259681499,60.09565900058428,74.174632490412,57.794719135958466,29.865997499843317,29.36906954677142,0.0,76.5126969156681,68.97763285024146,56.90432850241539,55.90514492753618,39.494850241545855,47.11135748792265,34.48842995169078,39.39736714975841,23.18698550724635
264.0,113.86249557033477,93.90154477041929,94.28111961039865,82.35408088036492,93.442726330839,87.3239251458212,,106.4607480879918,78.3299807552255,59.96379273100239,73.55675131950916,57.897067739002395,30.115404620213546,29.43113395303267,0.0,76.41655964175298,69.06324637681152,56.951565217391234,55.93791787439607,39.518473429951655,47.171019323671445,34.49759420289851,39.38805797101445,23.190420289855044
266.0,114.03156362623785,94.00052696836867,94.41774526037452,82.4600772473511,93.58397223317337,87.42343531527453,,106.57227607194807,78.2557816824525,60.022990472989726,73.59146918959969,57.850228992724304,30.010049256855822,29.34721506377428,0.0,77.14844348406734,69.14968599033809,57.006541062801865,55.97433816425115,39.53739613526566,47.22569082125598,34.50754106280189,39.37710628019319,23.19211594202896
268.0,114.18609208687559,94.11777333011922,94.54440627446704,82.56474870883962,93.70114334491754,87.521565076001,,106.6825727577129,78.94513359400031,59.96803392225264,74.3911085946518,57.94675129239138,30.052016193228415,29.419555183489685,0.0,76.97407647257504,69.23321256038639,57.074840579710084,56.01453623188399,39.55303381642507,47.27935265700478,34.51865700483088,39.366024154589326,23.189497584541037
270.0,114.3406548838856,94.22963386048326,94.66950524734277,82.67011679468632,93.80655223427625,87.61690519853319,,106.798063435288,78.67022360995036,60.07141883114807,74.23233655299657,57.89082239515543,30.071084992944144,29.50712923956578,0.0,76.88527006215548,69.31248309178737,57.15906280193231,56.059212560386406,39.56862801932363,47.33181159420285,34.52945410628015,39.35454589371976,23.18724637681157
272.0,114.51990753678601,94.34309817031051,94.79234049965277,82.78256891678737,93.9085664654015,87.71222247976586,,106.91050040564662,78.30938823611156,60.067440440172106,73.99168733837769,57.85300906428685,30.079578230616733,29.363112552274103,0.0,76.91147250149481,69.39458454106273,57.255835748792215,56.10901932367144,39.58264251207726,47.382971014492696,34.54260386473426,39.34183574879223,23.185251207729443
274.0,114.67781645336461,94.45086166186249,94.90576077978388,82.89008616767326,94.02033023120457,87.80395824603737,,107.02146078603977,78.49180717126654,60.145089439885815,74.1971974966877,58.23654356305524,30.164315956685723,29.544284905023495,0.0,76.57146456314484,69.47695169082118,57.356357487922644,56.162734299516835,39.593589371980634,47.43283091787435,34.55950724637677,39.328884057970974,23.179797101449246
276.0,114.82312792407336,94.55281938505279,95.01557718651001,82.99503131792012,94.12943956068985,87.8905329004147,,107.13804731590159,78.0080342100324,60.28919276100014,74.16801560104834,57.99071550651137,30.097142460760843,29.473472011541396,0.0,76.9900548815826,69.55825603864727,57.449251207729404,56.219038647342934,39.60241062801928,47.47843961352651,34.5790869565217,39.315473429951645,23.1737874396135
278.0,114.96136660208174,94.66115820823732,95.12300184471553,83.09557807943115,94.23803826348255,87.98293343935785,,107.259108989532,78.92275277777777,60.27738333333333,74.1271388888889,57.954302777777784,30.101927777777775,29.41518055555556,0.0,76.61725833333334,69.64204347826079,57.53129468599027,56.27951690821249,39.61247826086952,47.52171980676324,34.60016908212556,39.30016425120768,23.167681159420262
280.0,115.11232271807026,94.77914733478332,95.23590468166613,83.19824474498107,94.34942553348772,88.07606867326851,,107.37426514833916,79.4137099163648,60.01874945035758,74.01747070117796,58.02998555615925,30.102177836464048,29.44305206006781,0.0,76.87526368292775,69.72284541062794,57.61475845410621,56.34200483091781,39.62538647342991,47.56342028985502,34.62630917874393,39.28512077294682,23.163763285024128
282.0,115.26070714925152,94.88530904342403,95.34490667943699,83.30172990259577,94.45891933706177,88.17462828619354,,107.50237436738965,78.73184763139308,60.219757011325484,74.04824460144859,58.06833895591272,30.142924068054146,29.510274470421024,0.0,77.07763895260615,69.80489371980669,57.69499033816418,56.407241545893655,39.63669565217387,47.60433816425115,34.65796618357484,39.273729468598994,23.16498550724635
284.0,115.41304004133256,94.98425855727194,95.45290467513489,83.41071761744224,94.56039631069847,88.26760361280901,,107.63382821827592,78.54134054545626,60.40579698031755,74.35130427418169,58.05238761402055,30.19142680864858,29.599085734307774,0.0,77.1181646638827,69.89064251207722,57.7668164251207,56.474647342995105,39.645536231884016,47.645318840579655,34.69312077294682,39.26337681159416,23.16774396135263
286.0,115.54113263799499,95.07614874260823,95.56657330288846,83.50099753685018,94.66123247076062,88.35947387590369,,107.7619734379235,79.31239538092312,60.419911964949186,74.39126539571906,57.92712005260889,30.108143225265437,29.478342908953593,0.0,76.8810371153779,69.97716425120765,57.834782608695576,56.54476811594196,39.65459420289851,47.683603864734245,34.7302753623188,39.2526714975845,23.171531400966156
288.0,115.67956989400724,95.16236078281169,95.67997844684115,83.59648243130344,94.76713122336041,88.45588359117116,,107.89344162736154,79.1082296114731,60.47454834808094,74.17680986390916,58.28178124667643,30.271204880292387,29.516548693000516,0.0,77.20002618202295,70.06397584541055,57.899260869565154,56.618101449275294,39.66411111111107,47.72065700483086,34.77026570048305,39.2444444444444,23.176507246376786
290.0,115.81920379235504,95.25179334616648,95.7968987167684,83.68990085118381,94.87648289246147,88.55852669114252,,108.01802116276392,78.77330749983955,60.16521326669957,74.35927143505312,58.27432102615405,30.023215562731423,29.383213510637276,0.0,77.14970348543567,70.14937198067625,57.96738647342988,56.693922705313945,39.674328502415406,47.75671980676323,34.81265700483088,39.236700483091745,23.17987922705311
292.0,115.93925338137171,95.35851790306167,95.89757017853923,83.77133554287768,94.95903289672246,88.64794563052938,,108.14580256743108,79.0224346824458,60.63660118906807,74.20508087388104,58.2343299296241,30.200629830319436,29.540733796467556,0.0,77.20271179051333,70.23829951690813,58.03800966183568,56.77212560386467,39.68914009661832,47.79081159420285,34.85636231884054,39.22927053140092,23.17949275362316
294.0,116.06422881737093,95.45883395957334,96.00499648394995,83.85581300923,95.04836053526071,88.7464020641197,,108.27706432308747,78.54349991091719,60.609917364762204,74.26758535579341,58.19957363383937,30.09354843096586,29.460827118994473,0.0,76.9032987945246,70.32848309178736,58.1022512077294,56.853270531400895,39.70948792270527,47.8255555555555,34.903898550724605,39.22441545893716,23.17740096618355
296.0,116.19292406636706,95.54536772227979,96.10441720855297,83.94506902306402,95.14583888897546,88.84328516666999,,108.41540230557627,79.11958118343166,60.59662655505792,74.52721045624094,58.494292886857146,30.243489869232434,29.58879682299305,0.0,77.34345214680464,70.41582125603857,58.156599033816356,56.93684057971008,39.73093236714971,47.861748792270475,34.951734299516865,39.21957004830914,23.17378260869563
298.0,116.29100363620967,95.62868999956169,96.20521630216676,84.01883467093639,95.2367362295969,88.93201699737324,,108.55488487722648,78.7160567955456,60.4880981009152,74.6553839148288,58.5202134140928,30.1682715862272,29.5906998102016,0.0,77.0293967083264,70.50460869565208,58.208207729468526,57.018845410627954,39.75508212560383,47.90141062801927,34.99873429951687,39.21456521739126,23.169338164251183
300.0,116.39204825412023,95.71171249221483,96.3103699853921,84.08865436218255,95.33989202209732,89.02817029134552,,108.70013726537567,79.17513779260065,60.21305164355605,74.38117636111373,58.45853371385371,30.04182855579729,29.551138729719078,0.0,77.05698983983534,70.59731400966176,58.26224154589365,57.097821256038586,39.78232367149754,47.94356038647337,35.047367149758415,39.21100966183571,23.161637681159394
302.0,116.4934846861444,95.79651132952795,96.41581382617476,84.15590049679716,95.44901517931443,89.13179365277831,,108.84688807415716,78.39324098962373,60.4090565973479,74.64388489922493,58.16323445322061,30.166618964182906,29.624357553590617,0.0,77.54316852778784,70.68918357487915,58.314111111111046,57.16930434782603,39.80816908212556,47.98661352657,35.0958792270531,39.20868599033812,23.152376811594177
304.0,116.611979753598,95.86765557590786,96.52027587745395,84.23416569930389,95.54378132238493,89.22518295448802,,109.01538158090777,78.66353540787222,60.34576074649503,74.42523081742911,58.20050275460077,30.217438922480962,29.621980885831096,0.0,77.04910599222714,70.77846376811586,58.3671014492753,57.233004830917814,39.832256038647294,48.031985507246326,35.14496135265696,39.20494685990334,23.148062801932337
306.0,116.72549651566877,95.94660207389258,96.6262232131533,84.31646934073926,95.63085857847368,89.33905860861569,,109.16575091512124,79.22168742923103,60.33959842247018,74.5970966305722,58.23932784037817,30.201166904853515,29.60572702962678,0.0,77.07951617105479,70.86879710144919,58.41672463768109,57.29036231884052,39.85590338164247,48.07864734299512,35.19230434782605,39.197700483091744,23.145584541062778
308.0,116.83724759384239,96.03155896645106,96.73490784085007,84.39496272201569,95.73474492130556,89.4475767621864,,109.31854345128625,79.33039069767442,60.29202558139535,74.26584767441861,58.482124418604656,30.265012209302327,29.618847093023255,0.0,77.17892906976743,70.95899999999992,58.46217874396129,57.3391014492753,39.88033333333329,48.1273478260869,35.235599033816385,39.18901449275358,23.142449275362292
310.0,116.9684460329401,96.10802621181318,96.86039755794837,84.48119136952519,95.86047126186847,89.55067778746796,,109.47263952682084,78.84137485497163,60.46613891869879,74.62151496578235,58.177675451947366,30.168124853132117,29.666506887601678,0.0,77.17352037198185,71.0448888888888,58.50931400966177,57.380454106280126,39.90549758454101,48.17818357487917,35.27553623188402,39.18090821256034,23.13851207729466
312.0,117.09904203637643,96.19241676749417,96.98483996635434,84.56568443769191,95.98029515443721,89.65410762393113,,109.63504936250978,78.96966314406873,60.29644520321855,74.30820946878204,58.47137255316855,30.221903502448352,29.598469203017224,0.0,77.4655211759037,71.12893236714967,58.559154589371914,57.417333333333275,39.93190338164247,48.23059903381637,35.31158454106276,39.17357487922701,23.138405797101424
314.0,117.22972607972144,96.280488772063,97.11072513394265,84.64868122177967,96.10413855302473,89.76462729819724,,109.79890441611133,79.21933129770993,60.59568091603053,74.81508053435114,58.086913358778624,30.283235496183206,29.732763358778623,0.0,77.67700152671756,71.21180676328494,58.615787439613456,57.45315942028979,39.959405797101404,48.28703864734294,35.34503864734295,39.16842995169078,23.143159420289827
316.0,117.3492240015767,96.35337153103218,97.22696157013874,84.73356039605126,96.2114469208414,89.8651276696835,,109.97601479708061,79.24843515984617,60.4207548772273,74.62632272512293,58.494207896411524,30.080255907433493,29.65425226381605,0.0,77.08274665639392,71.29301449275354,58.67668115942023,57.49130434782602,39.98781159420285,48.346946859903326,35.373574879227014,39.165111111111074,23.147198067632825
318.0,117.4806044298559,96.42273211017155,97.35434384022732,84.8255100758521,96.32714484785909,89.96809779202896,,110.14646553344389,79.30213164681454,60.476354456177916,74.83834248327237,58.264619468953256,30.283326965000963,29.609483573214302,0.0,77.32553124609413,71.37450241545886,58.7422898550724,57.53148792270525,40.01748309178739,48.4079903381642,35.396647342995124,39.160256038647304,23.15282125603862
320.0,117.62259341364452,96.50871273735974,97.49348094028187,84.91896552891107,96.45439346540626,90.08106824733177,,110.29823062813901,79.07129280742252,60.473934566932876,74.40426533565413,58.3992366646497,30.21748236849118,29.725634215105483,0.0,77.25853097490229,71.4570434782608,58.81538164251201,57.574603864734236,40.048130434782564,48.472724637681104,35.41666183574875,39.15472463768111,23.16055072463766
322.0,117.75370647244348,96.57818443405377,97.6416787603155,85.01299191016287,96.59418222813575,90.19105036197357,,110.44902900756185,79.04136103111111,60.52849286826667,74.84048140231111,58.361701938488885,30.21255535502222,29.6361874912,0.0,77.72089143182222,71.54145893719799,58.89622705314003,57.62271980676322,40.08003381642507,48.54081642512072,35.43657971014489,39.15242512077291,23.169782608695623
324.0,117.89150030642223,96.65571000321455,97.78856996976322,85.10616647561878,96.72739690244853,90.30140569197084,,110.5991781745263,79.18135669213433,60.5750057549607,75.03544906832298,58.40447036772385,30.20742086791623,29.76609567416039,0.0,77.46369305227286,71.6249661835748,58.98327053140089,57.67852173913037,40.11347342995165,48.60852173913038,35.45753623188401,39.148869565217346,23.181835748792242
326.0,118.03357759513955,96.74325042197961,97.93525295189643,85.1988617129321,96.86344935507358,90.40847654824853,,110.74304498142492,79.08865642471326,60.60771273839036,74.67467046577349,58.42665290964819,30.325593627604817,29.680702255113253,0.0,77.43275670662169,71.70717874396126,59.0762125603864,57.74418840579703,40.14938164251203,48.67294202898545,35.4788405797101,39.142618357487876,23.193299516908187
328.0,118.1740961771385,96.81560108125592,98.07890977413736,85.29491990532581,96.99670830450407,90.51000434843186,,110.89020263555645,79.44807171829639,60.42373164411652,74.98782800854973,58.71299890900571,30.34058918597214,29.665622208331218,0.0,77.89042444416087,71.78828019323663,59.169961352656934,57.81721739130428,40.18756521739126,48.72835748792265,35.50462801932363,39.13828019323667,23.202019323671472
330.0,118.33129099629114,96.8727029407105,98.22964067751654,85.39359394332206,97.11641957649582,90.62204511995664,,111.04469325965303,79.8685044716696,60.476674634556886,74.90907311266902,58.34620598056642,30.45291416945719,29.792547008188432,0.0,77.95634925102821,71.86843961352649,59.25631400966177,57.89647342995163,40.22487922705309,48.77340096618352,35.53542995169078,39.133241545893675,23.205777777777755
332.0,118.5221355464117,96.934493341908,98.38022510508239,85.49919328982539,97.23929107604629,90.72537858600764,,111.18776817549991,79.61467862770121,60.27542787284819,74.88428948040482,58.695456130004814,30.387023194949396,29.760338194853013,0.0,78.00751677663615,71.94781159420282,59.33711111111104,57.97974396135259,40.260004830917836,48.808579710144876,35.56999999999996,39.12611111111107,23.204608695652148
334.0,118.71981969577105,97.01433084216414,98.53315250986977,85.59941583250844,97.37340304043963,90.8328948003102,,111.31268246922684,79.21330262579916,60.99844327130229,74.84320880062828,58.417747323402054,30.30226481322482,29.78485116247045,0.0,78.12472548062127,72.028342995169,59.41944444444438,58.065516908212494,40.29462318840575,48.83322705314004,35.60709178743957,39.11849758454102,23.204415458937174
336.0,118.92639838262544,97.09248648253548,98.6762261566305,85.70270430992608,97.5037100914711,90.93962435704265,,111.43483414644243,79.26070158592783,60.541159048799564,74.83020338635113,58.302181714625114,30.441157453074506,29.723262027980855,0.0,77.668803789513,72.11077294685983,59.501898550724576,58.1523285024154,40.32858937198063,48.849724637681106,35.6466328502415,39.11078743961349,23.204352657004804
338.0,119.11937984592986,97.18173978993445,98.80617492802708,85.80148985636592,97.63005208364098,91.03484504227488,,111.56081236715626,79.39181878584002,60.700674216285044,74.9311859260307,58.75134616780625,30.357135154532774,29.670775620280477,0.0,78.24990839634482,72.19161835748785,59.58243961352651,58.239937198067565,40.360536231884005,48.86112077294681,35.69032850241542,39.10031884057967,23.197429951690793
340.0,119.29176624019776,97.26339014226906,98.92687915685126,85.89807422284166,97.73852551996623,91.12305689872645,,111.68911737882402,79.68912831995199,60.88074348002844,75.13859609487977,58.56249023353473,30.33706012759398,29.669194116666915,0.0,77.62122024052925,72.27160386473422,59.664444444444385,58.3281014492753,40.390874396135224,48.86573429951686,35.738057971014456,39.087381642512035,23.187386473429928
342.0,119.43408235433019,97.33399947104114,99.0461695574892,85.99275714612104,97.85788304629058,91.22230760577739,,111.8345062155241,79.38399334792406,60.71644664782711,75.03166667558209,58.6222866927914,30.375563339839044,29.77781001318973,0.0,77.68454004114339,72.35018357487915,59.73793719806757,58.41292753623182,40.421188405797054,48.863188405797054,35.78909661835745,39.07399516908208,23.18029468599031
344.0,119.52773586170842,97.41274382824987,99.15033953804823,86.07965090119984,97.97409732036598,91.31078296795143,,111.97633680059126,79.1746863151616,60.65448999168,75.059691491328,58.6408397064704,30.3716959528704,29.7653142124544,0.0,77.5976332742656,72.43098550724629,59.8049130434782,58.48982125603858,40.44941062801927,48.85436231884052,35.84394202898547,39.059685990338124,23.178053140096594
346.0,119.56366410506739,97.49506673595019,99.27256057817053,86.16839859360316,98.0750961072625,91.39587828100993,,112.12481844304486,79.6903046101732,60.69099570516754,74.75021902127367,58.759828838901115,30.393272688461046,29.761101539507766,0.0,77.48117636551673,72.51885990338155,59.88549758454101,58.55826570048303,40.47525120772943,48.84013526570043,35.90253623188402,39.046932367149715,23.18087922705311
348.0,119.54853554938003,97.58108304621109,99.3846737698304,86.2522097010066,98.1842186175455,91.49391669807217,,112.28071998579138,79.76581995806427,60.58944964831452,75.06856178564247,58.51708415478012,30.460746388050318,29.929309024154644,0.0,78.40430881998371,72.61027536231876,59.984420289855,58.62064734299511,40.498975845410584,48.823782608695595,35.96186956521735,39.03756038647339,23.18853140096616
350.0,119.46814246907311,97.67190826169897,99.4875539846187,86.33667464890128,98.28512237925976,91.58528717859548,,112.44636844610125,80.13120622603367,60.79874379532105,75.0229296232567,58.67903336175498,30.537346396594327,29.759349149492476,0.0,78.05304095708101,72.70114492753615,60.08690338164244,58.674463768115885,40.52202415458933,48.80553140096613,36.02080676328498,39.03034782608691,23.19726086956519
352.0,119.31691972201598,97.75165978157024,99.59188497814215,86.42353329908724,98.3806744934151,91.67435039250829,,112.62558313855307,79.71809858733563,60.84277816682775,75.17059130853383,58.91202007718693,30.293182398884625,29.807544409354126,0.0,78.04069233526359,72.79281159420282,60.178376811594134,58.72142028985501,40.54583574879223,48.787386473429905,36.07826086956518,39.02402415458933,23.202748792270505
354.0,119.08176567737434,97.84159673970734,99.69398736932837,86.5078612811879,98.47802306121218,91.76843162981582,,112.79204647200496,10.905285727276002,61.09549419937961,75.20353533150353,58.821452912234875,30.49136824579858,29.844321459245762,0.0,77.98421386180465,72.88722222222214,60.25570048309173,58.76077777777771,40.570676328502365,48.77252657004826,36.13136714975842,39.01966666666662,23.206057971014467
356.0,118.77815921069711,97.92281437468453,99.79138134519053,86.58031525905591,98.58665318227432,91.85344756951051,,112.9568438650038,0.0059978043781626356,60.6518540952596,75.61790158975509,58.737042316141135,30.631052089874917,29.83434221734352,0.0,78.31282015415188,72.98333816425112,60.327768115941964,58.79235265700476,40.5968599033816,48.76413043478255,36.18030917874392,39.020130434782565,23.209980676328474
358.0,118.40424974395009,98.0100327665041,99.8985691312682,86.6553841024419,98.68927942406884,91.9380112508186,,113.12748251837674,0.008987743379759371,60.86928976784541,75.04282291563324,58.72280665090049,30.400541622812398,29.982701279019324,0.0,78.48173502893009,73.0777391304347,60.393285024154515,58.82256521739124,40.621700483091736,48.76298067632844,36.22409661835745,39.024652173913,23.217260869565195
360.0,117.94990343011699,98.09482316061097,99.99952002537417,86.72547493985812,98.78808817689463,92.02864349419295,,113.3113934478888,0.0004268652785267441,61.02568409508834,75.52555422908206,58.707062191115604,30.481843064946823,29.898738795159485,0.0,78.09920245910304,73.1682125603864,60.452309178743896,58.85361352656999,40.648560386473385,48.76985990338159,36.26178743961348,39.033690821255995,23.230038647342973
362.0,117.43547260877388,98.1761654808385,100.09580691154044,86.80479441136826,98.88579892545812,92.12013816829393,,113.49885475855112,0.01862985010375003,61.03261641726413,74.77466568332119,58.71175075381159,30.495400742094187,29.786060458094717,0.0,78.28457312234862,73.25614975845403,60.50499516908206,58.8877439613526,40.67902415458932,48.78672463768111,36.29248792270527,39.04710144927532,23.248072463768093
364.0,116.86408571110995,98.26081459020537,100.19094382132201,86.88410145083859,98.97286806372618,92.20403096552471,,113.68136320392287,0.007640202502510619,61.07140018931006,75.51016058405429,58.624760409402505,30.446233052928847,29.950350502591707,0.0,78.04050754682851,73.34416425120764,60.54667149758448,58.9272512077294,40.70867632850237,48.81243478260865,36.315352657004794,39.06169082125599,23.264468599033794
366.0,116.24858142305986,98.35716488218281,100.29298209058884,86.96551623556847,99.06546781656078,92.29263103177296,,113.85103159197051,0.0022602729403530006,60.599816662258746,75.26390645144888,59.07358518789576,30.420336800757976,30.007339427636882,0.0,78.34252736395545,73.43069565217382,60.589589371980615,58.9738743961352,40.739753623188356,48.851198067632794,36.333236714975804,39.07966183574875,23.281937198067606
368.0,115.59921625753782,98.4487072083809,100.39571408245371,87.03832937411609,99.16857145980528,92.37135697015302,,114.02379099783988,0.00038000006113431665,60.84312666347749,75.38124667442054,58.80507332536549,30.348500016506264,29.92568333328239,0.0,78.62700659812491,73.51300966183567,60.641318840579636,59.03124154589365,40.77449275362314,48.902299516908165,36.34669565217387,39.100169082125554,23.302536231884034
370.0,114.9166775267662,98.53101779713354,100.49338946734638,87.11108651971105,99.2706568564344,92.45542205297556,,114.20339010660948,0.002132053908713693,60.7765091363054,75.63851474485644,58.82277280236348,30.547150400159335,29.80218041167137,0.0,78.57517341060249,73.59319806763277,60.697033816425055,59.09947342995162,40.81030434782604,48.96005314009656,36.35642995169078,39.11992270531397,23.321067632850216
372.0,114.22080445215494,98.61517697170504,100.57682822498579,87.18731323777547,99.36135397890176,92.54763298908068,,114.37748519697165,0.0024283582298655986,60.71943821058791,75.49778686539061,58.545340004371106,30.479224626832213,29.89585537462482,0.0,78.59572566503327,73.670304347826,60.74424154589365,59.175787439613465,40.84699516908207,49.02276811594197,36.36328502415455,39.13798067632846,23.335937198067608
374.0,113.52079564827235,98.69194515879306,100.65979218051145,87.26601808665701,99.45056601268841,92.63764648670457,,114.55687376511757,0.0015198404071088873,60.92302865505061,75.4729765448629,58.93022673180926,30.4722162011874,29.913632547513775,0.0,78.75262445856514,73.74637198067624,60.778260869565145,59.25806763285017,40.88616425120768,49.08725603864729,36.3664251207729,39.15635265700479,23.344280193236692
376.0,112.8430916841944,98.76928401119223,100.74768639181376,87.34645927887455,99.53620599023978,92.73160437105878,,114.73638231005013,0.00033423490092719416,60.654090131079464,75.21555512977682,58.970918444628076,30.374619530696826,29.89115468440073,0.0,78.53466401028687,73.82161835748784,60.8002512077294,59.3442125603864,40.925806763284974,49.15186473429946,36.366937198067596,39.17460386473426,23.34496135265698
378.0,112.20389186739007,98.86122909581897,100.84345455354195,87.42150440255242,99.63371380247945,92.828890284108,,114.91236263189123,0.0028042914496500056,61.05997537279685,75.4103704535595,58.85977134409215,30.485596449110922,29.868232088990926,0.0,78.6164704442597,73.89505314009654,60.822719806763224,59.431516908212494,40.9615217391304,49.218956521739074,36.36478260869561,39.190473429951645,23.34405314009659
380.0,111.58963788029762,98.95504703131388,100.93001638453066,87.49338819507311,99.73434258173745,92.92813684998134,,115.06815070699288,0.0005635454377167649,61.019922888241695,75.21201490068269,58.83829080108132,30.71784175832778,29.837085557644127,0.0,79.19480363871966,73.96933816425114,60.852826086956455,59.51727536231878,40.995560386473386,49.288956521739074,36.36058937198064,39.20592270531396,23.348328502415434
382.0,110.98951229519363,99.04910883826123,101.01508545847048,87.56361368260309,99.84003797090072,93.032120932186,,115.20224681060526,0.0012839337949642035,61.00643455767964,75.55629832258938,58.8878797682739,30.484787882787902,29.94332619692456,0.0,78.8264968971406,74.04416908212552,60.88038164251201,59.60060869565211,41.028999999999954,49.36224154589366,36.3562560386473,39.218690821256,23.356927536231854
384.0,110.41382654541793,99.12390051193638,101.09949635083464,87.6371440019203,99.95334861327878,93.12832466641578,,115.34415954937731,0.0019003989822277817,61.01292531745402,75.19546883040678,58.86484495239753,30.60537483962992,29.983877874403806,0.0,78.8859362834928,74.11746376811587,60.90307246376805,59.6812898550724,41.05752173913039,49.44041062801927,36.35255555555552,39.228342995169044,23.36375362318838
386.0,109.85824911828368,99.20574356747571,101.17868591984428,87.71162973355827,100.0718106814405,93.22159911987863,,115.48974727205203,0.002241887935454785,61.356164643990155,75.45733180221701,59.10169959613931,30.480860222100727,30.026448177680578,0.0,78.69819518425578,74.18893236714968,60.930584541062736,59.75674396135259,41.08285507246372,49.52028502415454,36.34913526570045,39.235666666666624,23.365806763285
388.0,109.32169991526715,99.27717102251324,101.25642463459391,87.78441155074708,100.18156426497869,93.32319189305038,,115.63778456741544,0.0034799808,60.8364533696,75.3579068224,59.0956046976,30.504657001600002,29.9871477088,0.0,78.7901420544,74.26250724637673,60.967777777777705,59.82504830917868,41.106729468598985,49.5950821256038,36.3462946859903,39.2402753623188,23.369787439613503
390.0,108.79669239587204,99.35161964187664,101.3415207254662,87.85319390758615,100.29152321862578,93.43464012091658,,115.7805821772583,0.0013367471036144578,61.13308924129157,75.75222179585542,58.74632963045783,30.686321491816866,30.03396766199518,0.0,78.91053837717591,74.33977294685982,61.00992270531394,59.88488405797096,41.129700483091746,49.662797101449215,36.345555555555514,39.242434782608655,23.378285024154565
392.0,108.29251753870832,99.42319803317359,101.42134494689438,87.92862127488353,100.39458668299362,93.52688982546815,,115.91050009375157,0.001233729074027042,61.100270806303726,75.87276548312464,58.77690900540082,30.544540171360463,29.9448982136468,0.0,79.01881462952548,74.42123671497576,61.07427536231877,59.93671014492747,41.151768115941984,49.72680676328497,36.34905797101445,39.24368115942025,23.388048309178714
394.0,107.7972560209509,99.48907153575692,101.51964679880045,88.00469875351104,100.48586878618397,93.62874907264073,,116.03054326115374,0.002732850222905549,61.18022655499623,75.25378642917777,59.37798409594139,30.534719319915467,29.97254591446185,0.0,78.68984975973096,74.50694685990331,61.16965217391297,59.982763285024085,41.1748212560386,49.790536231884005,36.35411594202894,39.24564734299513,23.39419323671495
396.0,107.31454163681279,99.5633052833984,101.61063628857468,88.08196685036849,100.58924496054169,93.72288496488568,,116.16098530823183,0.0022805169265346257,60.81784344243105,76.07989810834854,59.16759452170248,30.68077798379922,29.904223863370323,0.0,78.81189652572927,74.59161835748785,61.25724154589364,60.02345410628013,41.20028985507242,49.855173913043416,36.35799516908208,39.245840579710105,23.394980676328476
398.0,106.84363933139817,99.62420497970058,101.69120753875895,88.15269596801066,100.68598228393655,93.83178774912804,,116.28728251139171,0.001631062646116214,61.40786429513564,75.79760597870225,59.133471923934664,30.49223015836086,29.98597946241546,0.0,78.56555357668893,74.67423671497576,61.32263768115934,60.05920772946853,41.22557487922701,49.91916425120767,36.362690821255995,39.243038647342956,23.38571980676326
400.0,106.38199223587854,99.68266130225635,101.77300465439588,88.22919135779892,100.7825649572557,93.93187687117215,,116.4121772759481,0.0009598401291815137,61.1337143781439,76.00106939145923,59.073655327139036,30.801674471268033,30.06926882007551,0.0,79.10907586703041,74.75561352656997,61.37056038647336,60.091719806763216,41.24827053140092,49.979463768115885,36.3688792270531,39.2390676328502,23.36414975845408
402.0,105.93077428592821,99.74421352342341,101.85986610099125,88.30490082324279,100.87512329504885,94.03440742096329,,116.52269561041243,0.0017310839010007558,61.42845888686578,75.54233353815081,59.174596307055545,30.795262471023307,30.014719935884816,0.0,78.82939979666583,74.83476811594194,61.395140096618285,60.12038647342988,41.26611594202893,50.030304347826025,36.37836231884054,39.23335748792267,23.337091787439586
404.0,105.4922830256918,99.80128772773566,101.96009382539656,88.38681730111935,100.9634857999909,94.1363584505967,,116.63379394152875,0.0013273537920224408,60.98170719037826,75.8149890668457,58.969776526193954,30.481356159984532,30.02130355492431,0.0,78.9747384599303,74.9113236714975,61.39611111111105,60.14657487922699,41.277550724637635,50.066096618357435,36.38984541062798,39.22533816425116,23.30479710144925
406.0,105.0738127029856,99.8701111715484,102.06424578279605,88.4880035523245,101.05552950812208,94.23799570470621,,116.75324888535934,0.002273934631448777,61.46637541816296,75.59801903285273,59.26851506325408,30.560819178359196,29.927458868789465,0.0,79.27918354475536,74.98242512077286,61.37739130434775,60.172449275362254,41.284111111111066,50.0879516908212,36.403763285024105,39.21561352657001,23.268217391304322
408.0,104.66656902809093,99.92682555453625,102.15324727691235,88.58665660276539,101.15073823035266,94.33569940999621,,116.87560718298715,0.0016865087481600825,61.19013161779071,75.83346343458119,59.15630987864652,30.709671768132036,30.09691487187214,0.0,79.39365609602926,75.049342995169,61.35611111111103,60.19614492753616,41.287429951690775,50.10002898550719,36.4228985507246,39.20656521739126,23.230797101449248
410.0,104.27432429506477,99.98923831365978,102.23896136745013,88.68508864574301,101.23653805939232,94.44026041553995,,116.99975843472262,0.0019203170847364912,61.15303539911001,75.95945359048177,59.23830345402035,30.614798164931965,30.049935203494588,0.0,79.0223785557797,75.11690338164242,61.34528019323665,60.21899033816418,41.285014492753575,50.10231400966178,36.44515942028981,39.19752657004826,23.188154589371955
412.0,103.89497670057948,100.05254376575415,102.32360167082945,88.77846512328068,101.31558525661531,94.53788561074883,,117.11565745094988,0.002139481552814736,61.16129870261862,75.9069787654522,59.29337068721064,30.81972078940645,30.088527666987666,0.0,79.35642383267964,75.18388405797093,61.35591787439607,60.24123671497578,41.273198067632805,50.09544444444439,36.46900966183571,39.18900483091783,23.138241545893695
414.0,103.53008013490118,100.11738920852221,102.4069067009269,88.88096862675737,101.40447026034322,94.62695829624654,,117.23513710683388,0.0021,61.312277117265694,76.11211188183918,59.051414894886705,30.769537000298378,30.084584820073392,0.0,79.07462317146341,75.24723671497577,61.388835748792204,60.26383574879221,41.255521739130394,50.08248792270526,36.495864734299474,39.18328502415455,23.088516908212533
416.0,103.17801675550137,100.17250812810886,102.49814847974066,88.97788943728435,101.49670516854755,94.71768141100922,,117.36726153433123,0.0003188621948247115,61.04101406518343,76.15592815254332,59.41113624245094,30.791191320168153,30.188339682432215,0.0,79.08950178878106,75.30869082125596,61.44016425120765,60.28656521739124,41.23608212560382,50.06346376811589,36.52648792270527,39.177777777777735,23.042072463768086
418.0,102.83847815790787,100.23721784903803,102.57647863886017,89.08666267511602,101.57916112085537,94.82138427905879,,117.49089177553465,0.0023414513060578857,61.37155516633891,75.84355497146338,59.05826431586935,30.715889567568723,30.06172563913471,0.0,79.07131300981146,75.37297584541055,61.49760386473423,60.30855072463762,41.21410144927532,50.04256521739126,36.55859420289851,39.17528985507242,22.996425120772923
420.0,102.51375573100488,100.30027844073697,102.65519728791776,89.20697532640402,101.66124151596797,94.9174172407444,,117.59848109748341,0.0036449276509416717,61.188905773578774,75.71006084493845,59.43164060501083,30.69876449504065,30.184409422938934,0.0,79.49090287961644,75.44004347826079,61.55042512077288,60.3324396135265,41.194801932367106,50.025763285024105,36.59167632850237,39.17740579710141,22.95556521739128
422.0,102.19076100595561,100.38492238479184,102.74883052904177,89.31488941383066,101.75678269207108,95.01777814563644,,117.72428508511915,0.0018095520865784413,61.37416616331884,75.73676650758155,59.40626913969475,30.714692733929883,30.25469328494126,0.0,79.33995011384995,75.5087198067632,61.61353140096612,60.35956038647336,41.180975845410586,50.012376811594144,36.62640096618353,39.1827101449275,22.92333816425118
424.0,101.88682572084149,100.46911129389312,102.84749415054091,89.42406532101899,101.85348358875133,95.11874609627021,,117.84005146470511,0.0030044911143461703,61.3127464005169,75.79681079768282,59.21704879608448,30.745365275767224,30.132507332880778,0.0,78.97771497344702,75.57848309178735,61.69807729468592,60.388700483091725,41.16693719806759,50.001676328502356,36.66038647342991,39.19100966183571,22.899270531400937
426.0,101.58527443932402,100.54956655276688,102.94340343286198,89.52641106832291,101.96752503421119,95.21720167668062,,117.95026632824354,0.001986267059034994,61.346594219945125,76.48880160552127,59.32062495584371,30.79658638478439,30.206927163509746,0.0,79.26922357507758,75.64881159420281,61.7996473429951,60.419676328502355,41.152951690821205,49.99766183574874,36.694855072463724,39.20088888888885,22.88644444444442
428.0,101.29196483001144,100.63323086019257,103.03862777894365,89.633744641187,102.07071505042137,95.33847069670561,,118.05675725305639,0.0022803393813538514,61.450575032159676,76.00572733001486,59.438509974187944,30.79207664624969,30.130138529221426,0.0,79.41084988943715,75.71975362318831,61.91154106280187,60.454507246376735,41.14401449275358,50.003632850241495,36.729806763284984,39.21271014492749,22.887289855072435
430.0,101.00761458555158,100.70823444363793,103.13289895673164,89.73987097530411,102.18618524674244,95.44888384558087,,118.14775726070768,0.00016200007679999996,61.456169986047996,76.008297473024,59.345014503372795,30.747688750848,30.1699169996288,0.0,79.5341140048896,75.79253140096608,62.03251690821249,60.49197101449269,41.137801932367104,50.01979227053135,36.76341545893715,39.22618357487919,22.9005990338164
432.0,100.73092069982445,100.7853191722617,103.21806469960532,89.84401783645733,102.31632132651127,95.55575451620744,,118.27546693666493,0.0026209802990480816,61.374162136455,75.96679531580352,59.37316882959841,30.7586794197636,30.161473826792452,0.0,79.12944039056555,75.86897101449267,62.17109661835742,60.53242995169075,41.13616425120769,50.04624637681154,36.7950289855072,39.24219323671493,22.921512077294658
434.0,100.46112723467715,100.87405636932598,103.29465222888764,89.94012246488113,102.42603633551357,95.65316130373212,,118.42869446086964,0.0023552237376460888,61.25145224695417,76.18965225653189,59.081403480097336,30.81783408551063,30.181732349053604,0.0,79.35113383265649,75.94972463768107,62.32398067632843,60.577227053140035,41.14272946859899,50.08479710144922,36.82394685990334,39.26040096618353,22.949328502415433
436.0,100.1993279839719,100.95463395772984,103.37043094544765,90.03139532767554,102.53017467475372,95.746968382186,,118.60458071315306,0.0013515814197628455,61.560881016562846,75.93183725040316,59.45159594981185,30.751817335298025,30.243051280303558,0.0,79.36030622424032,76.0348888888888,62.4808743961352,60.62751207729462,41.15568115942025,50.13471980676323,36.85124637681155,39.27864251207725,22.988729468599008
438.0,99.94433201043826,101.02778179451165,103.44876654790058,90.11594615633972,102.63753040111784,95.83935172462506,,118.78079227502911,0.0022847826466403163,61.15388803989249,76.04270654183715,59.422808686570754,30.870592926343082,30.277351089530434,0.0,79.61473044750672,76.12095652173905,62.64918357487915,60.68611594202892,41.17620289855068,50.19701932367144,36.877386473429915,39.296531400966145,23.036521739130407
440.0,99.69560622679916,101.1076217213083,103.52395179974845,90.20100154615419,102.75193126944262,95.92955727048198,,118.95695513826358,0.0022655737704918035,61.20857868852459,76.30945737704918,59.28176229508197,30.82770819672131,30.148753278688524,0.0,79.71573114754099,76.20619806763277,62.815280193236646,60.754599033816355,41.20542995169078,50.27447826086951,36.901603864734255,39.315458937198024,23.086429951690796
442.0,99.4537368490462,101.18885166591305,103.60207115733141,90.27838198612555,102.86301146502707,96.03035806031464,,119.11780926994486,0.00042985069722432294,61.14258901680965,76.4622194312673,59.467192041201486,30.85526615785496,30.198203229051746,0.0,79.5302014952184,76.29183574879218,62.945357487922635,60.83329951690815,41.24384541062797,50.363830917874346,36.9224830917874,39.335608695652134,23.13687439613524
444.0,99.21763839084143,101.27693732151909,103.66948708532145,90.34873971149933,102.9809846353317,96.13631384862022,,119.26686638699766,0.001410441869879518,61.40265853655904,76.06027730482892,59.44713844865542,30.89970420853976,30.153390674004818,0.0,79.65964836672771,76.37661352656997,63.02773913043471,60.92255555555548,41.288850241545845,50.46360386473424,36.94156038647339,39.35356038647338,23.186130434782584
446.0,98.98630094127984,101.35205141788634,103.72396136817406,90.41460406675816,103.10230313581364,96.24390222771025,,119.36766571858672,0.0009253334957729808,61.45982668092215,76.11903332185054,59.62957464045787,30.784539328555365,30.186111333815052,0.0,79.86248396447613,76.45922705314001,63.087898550724574,61.020879227053065,41.33531884057966,50.56741545893714,36.96092753623184,39.36954589371977,23.231154589371954
448.0,98.76144446305777,101.42618986975008,103.78385665653575,90.4817279360024,103.21333002715267,96.34309409610918,,119.42585442641119,0.0019355933137806859,61.432409656712444,76.12586591045003,59.71852391688143,30.924539933279206,30.22184497628746,0.0,79.50133848662406,76.5389275362318,63.131512077294616,61.12430434782601,41.381584541062765,50.66630917874391,36.981454106280154,39.381400966183534,23.273077294685965
450.0,98.5430574061869,101.49983570743015,103.8408722015617,90.53998535750134,103.32412211089928,96.44231681371488,,119.423889277745,0.003757482634369563,61.5806315134244,76.08949653326756,59.285892273721615,30.976173835326783,30.091213775591754,0.0,79.78816947302562,76.61369565217383,63.159999999999926,61.231164251207666,41.42761352657,50.75835748792265,37.00400966183571,39.38756521739126,23.311855072463747
452.0,98.33057118301157,101.57183795989067,103.89386004647372,90.59615521400903,103.4353382407041,96.54009311589773,,119.35944245429596,0.0006608246946540609,61.3508288534131,76.09630824750077,59.52773504314919,30.893563915221257,30.18422422427392,0.0,79.76646598776532,76.68689371980668,63.19262801932361,61.34209178743954,41.47444927536227,50.84509178743955,37.027637681159376,39.39008212560382,23.342096618357463
454.0,98.12187805260707,101.64709043660247,103.92423647366964,90.65599839214156,103.5580985515092,96.62877573470458,,119.22381327416164,0.003308464529133858,61.450544687370076,75.85249538214804,59.39075178154331,30.982311511231497,30.3332003887874,0.0,79.9763132799748,76.7606618357487,63.22819806763278,61.45524154589365,41.52186473429947,50.929251207729415,37.05560386473426,39.38977294685986,23.36333333333331
456.0,97.91651513329558,101.71087009986088,103.95685222444871,90.7016270958826,103.67467919147971,96.7220633096252,,119.02067984717242,0.0020123998208000002,61.5953145605632,76.3851091876864,59.676699397324796,31.083468170214402,30.2937097037824,0.0,10.70380662394881,76.83414009661827,63.26510144927529,61.56694202898544,41.565362318840535,51.00705314009656,37.08695169082121,39.388681159420244,23.374574879227026
458.0,97.71667840325696,101.76880886587537,103.98978569661587,90.7468185209553,103.78876396030029,96.83335130283209,,118.7480949330708,0.004992371227398436,61.27893689709039,76.15558330138613,59.52513711490149,30.970079073150803,30.331044849095935,0.0,0.0001272164912539063,76.90951690821248,63.29985024154582,61.67412560386467,41.60217391304343,51.07363768115936,37.11767632850237,39.38707246376807,23.36821256038645
460.0,97.52066921171793,101.82946431301846,104.03830464552676,90.7962784517287,103.89477853601188,96.9336124150913,,118.39227880381773,0.0019411590122851844,61.59542806478103,76.27726238232889,59.4974227677303,30.88356934959389,30.283178530120402,0.0,0.0,76.98659903381635,63.335830917874326,61.7743285024154,41.634260869565175,51.12906763285019,37.15216908212557,39.38403864734295,23.348671497584515
462.0,97.32906211151234,101.89456061687699,104.08875937520966,90.85966681244008,103.99534821416255,97.02511680052814,,117.96984468615518,0.002635323442647463,61.49390349206947,76.13111892958369,59.44778112788258,30.99595123793202,30.410678611313266,0.0,0.0002870646885294926,77.06463768115933,63.37588405797094,61.86691304347819,41.66536231884053,51.172884057970954,37.19177294685986,39.380497584541025,23.323362318840555
464.0,97.14151203664719,101.96466669768529,104.13754683882361,90.92189636956374,104.09195966055418,97.12672618164588,,117.48087664923318,0.005312809679338843,61.44249523718347,76.36671860316032,59.505507048198346,30.864185135391736,30.379733467768595,0.0,0.0002,77.1447584541062,63.4150048309178,61.949449275362255,41.69564734299512,51.207154589371925,37.23483091787435,39.37858937198063,23.293695652173888
466.0,96.95747234471709,102.04269208294797,104.19172452588444,90.99331774054711,104.19850488455477,97.22044537335212,,116.91836383465157,0.001354183266932271,61.44503665338645,76.45683107569721,59.40719641434263,30.907294422310756,30.321806374501993,0.0,0.00028645418326693223,77.2257391304347,63.444458937197986,62.02376328502408,41.72171497584536,51.23164734299511,37.28030434782604,39.37867632850237,23.26357487922703
468.0,96.7779369509419,102.11392339230208,104.24807366618708,91.07628770278147,104.29970743988363,97.32448636789182,,116.2990267138995,0.003137827262831285,61.508405346203354,76.49542481426965,59.54335642984557,30.90182149297403,30.36689005138374,0.0,3.084385143161349e-05,77.30457971014484,63.481386473429886,62.090507246376745,41.748038647342945,51.24805314009656,37.32593236714972,39.37934299516904,23.23639613526567
470.0,96.60219598181162,102.20480437066655,104.31385145519243,91.15515390304283,104.40649056484305,97.43105659385039,,115.65240391722077,0.004874619619771863,61.479253059041824,76.31954571712244,59.54942604084563,30.926417125110266,30.433275422527757,0.0,0.0,77.38312077294677,63.5327391304347,62.14855555555549,41.775487922705274,51.25755555555549,37.37183574879223,39.380396135265656,23.21204830917872
472.0,96.42980991650329,102.27594261751779,104.38150590568283,91.23243847614205,104.51237731702626,97.53063976252429,,114.96045675323651,0.001297609561752988,61.71623426294821,76.30835537848606,59.4392203187251,30.91586673306773,30.35176832669323,0.0,0.00017211155378486054,77.46020289855065,63.57894685990331,62.19860869565211,41.79950241545889,51.25960869565212,37.417483091787396,39.38042028985503,23.194801932367124
474.0,96.251872907893,102.3470726297963,104.45453966983207,91.31433866271621,104.61607817007933,97.62684093245879,,114.24978212504116,0.0023062313333345147,61.80346171230312,76.5495433040305,59.655327008606,31.09075487716685,30.116994379863463,0.0,0.000173293757575865,77.5347004830917,63.627405797101375,62.24257487922698,41.824570048309134,51.259193236714914,37.462294685990294,39.37977777777773,23.18369082125601
476.0,96.08157285529437,102.41521098070909,104.53258156967024,91.39553729208947,104.71074004845629,97.72975267364593,,113.53965465393979,0.002767593486651917,61.65075025126294,76.5279062434067,59.63633787416383,30.877146884874595,30.365846931509314,0.0,3.2406513348083e-05,77.61036231884049,63.69309178743954,62.28541062801925,41.85340096618352,51.25838647342989,37.50746859903378,39.381830917874346,23.172483091787416
478.0,95.91896258410273,102.48165529036946,104.60367031397026,91.47409660990219,104.80473080783275,97.8169677462691,,112.83487185089193,0.0012841255916926572,61.53216077396389,76.24085407825628,59.808591127955744,31.196481989868197,30.423573661908105,0.0,3.973713017510244e-05,77.68555555555547,63.77769082125597,62.326690821255966,41.88214975845406,51.25820289855067,37.552376811594165,39.386942028985466,23.16531400966181
480.0,95.76245037709963,102.56425883951918,104.68007441012621,91.54865714629888,104.90081580199498,97.90536174236766,,112.18015747113421,0.0048366701121376485,61.50878930465422,76.49579416028189,59.65005350976276,31.149467701728774,30.320123187930907,0.0,0.0005139742264562443,77.7574734299516,63.87644444444437,62.370309178743895,41.91189371980672,51.25980193236709,37.59516908212556,39.39369565217387,23.15912560386471
482.0,95.61121502094599,102.6402006348429,104.75855025196796,91.62918279422517,104.97800231836185,97.98211173527947,,111.55027883776671,0.0024830816214674962,61.644731427005446,76.45965890243279,59.693131721263676,31.078348783058935,30.499594870460896,0.0,0.0002,77.82569082125596,63.97632367149752,62.41970048309172,41.94320289855068,51.26509178743956,37.636995169082084,39.40189855072459,23.152734299516883
484.0,95.46702032022164,102.71338061769568,104.84279856609828,91.71455412381806,105.06758113277573,98.05630307125968,,110.947697804449,0.0015262047871485945,61.6719515026506,76.08990784151646,59.53489999786667,31.032206933526105,30.306149705869878,0.0,0.00017048191485943774,77.89273429951682,64.06615942028978,62.473062801932294,41.97191787439609,51.273695652173856,37.67717874396131,39.41013526570044,23.146816425120747
486.0,95.3288213809186,102.80281072689495,104.93566996009352,91.79748954180354,105.17095557849305,98.13618412321985,,110.36548343852209,0.0026830816214674963,61.57697372016749,75.93803411059716,59.63403050896309,31.11259473354085,30.477569641878407,0.0,0.0,77.95865217391297,64.14494685990331,62.5312318840579,41.998183574879185,51.2859516908212,37.71504347826083,39.41876811594199,23.13965217391302
488.0,95.19580908225477,102.8978967475544,105.03066136829143,91.88124486410942,105.27387125971252,98.21460754133038,,109.80384892926612,0.0019897074057101173,61.449633008498374,76.62921328864657,59.59573895839264,30.875441971184372,30.37450207892136,0.0,0.00040252274938299093,78.02466666666659,64.20539130434776,62.59163285024148,42.02279710144923,51.30229468599028,37.75173913043474,39.432381642512034,23.13252173913041
490.0,95.06697931719773,102.9851319338755,105.12182958420499,91.96252720039226,105.37433097889885,98.28970327543846,,109.2607756957721,0.00038333321481481494,61.75823520629465,76.47825002951112,59.37675458723292,31.065752772819753,30.459497226469136,0.0,3.14814683127572e-05,78.09260386473422,64.2586859903381,62.653106280193164,42.04538164251203,51.320207729468535,37.78724154589368,39.44773429951687,23.12665700483089
492.0,94.94253635794509,103.06086793569179,105.20671711799878,92.0417706330972,105.47336453408514,98.3713389090347,,108.73669498156407,0.0018737474855313847,61.692051190425495,76.37684188144073,59.70363777423162,31.135254860369717,30.455276601000197,0.0,8.687374276569232e-05,78.16128985507238,64.3202512077294,62.71346376811587,42.065560386473386,51.339603864734244,37.82035265700479,39.459758454106236,23.120193236714947
494.0,94.82226269536004,103.13364252805242,105.29157875159744,92.11627444991726,105.58004859791104,98.44650847076258,,108.2279717933672,0.0020337326455910393,61.77125154454591,76.49240520029953,59.85235746770044,31.24203838760388,30.331489237973432,0.0,4.011979367731179e-05,78.22772463768108,64.38944927536224,62.7700434782608,42.08108212560382,51.35790338164245,37.85047826086952,39.46933816425116,23.114169082125578
496.0,94.70579649137996,103.2199602187104,105.3753171951737,92.18820656327661,105.69025274984178,98.5269687812182,,107.73504975159533,0.002282324637530045,61.56413450108032,76.29588434701306,59.80325858214846,31.30661258551163,30.403232369763376,0.0,0.0002831892339328635,78.29246376811587,64.4610241545893,62.82510628019317,42.094425120772904,51.37782608695647,37.88124637681155,39.476038647342946,23.10947826086954
498.0,94.59126137279235,103.30814361426393,105.4566721165224,92.25463288643265,105.8054408781373,98.59231192256468,,107.25849511089464,0.0012254236059550242,61.80650846487045,76.98760324280258,59.859480658090966,31.156720389530904,30.38845667567814,0.0,0.00016630106057500713,78.36023671497576,64.53516425120765,62.87918357487916,42.10979710144923,51.403169082125544,37.912681159420245,39.48237681159416,23.100772946859877
500.0,94.47938984994902,103.39655130483281,105.5314316337269,92.32530791451677,105.92633606009129,98.65987845271805,,106.79616920079778,0.0015174603174603176,61.6909126984127,76.65180952380953,59.4237757936508,31.095996825396824,30.554234920634922,0.0,2.936507936507937e-05,78.43339130434774,64.60827536231876,62.930458937198,42.12530917874391,51.43158454106274,37.944855072463724,39.4884251207729,23.08968599033814
502.0,94.36861959625841,103.48963709391565,105.5976575336365,92.39556877291642,106.04624075186864,98.72322236113004,,106.34748563859452,0.0009865865746330924,61.892790983675454,76.77019829107839,59.51438371209714,31.148562360724735,30.395261611354613,0.0,1.3413425366907682e-05,78.51014975845402,64.66676811594196,62.97711594202892,42.14142028985502,51.461801932367095,37.97788888888885,39.494859903381595,23.078782608695626
504.0,94.25861013357934,103.58127406396983,105.66793477459474,92.45905022775023,106.13902586984796,98.80980153031403,,105.91172914126693,0.0010140512745648394,62.02657765217295,76.31820741396957,59.95797910362722,31.310017745524988,30.43065620509826,0.0,0.0004718974508703212,78.5888309178743,64.71720772946853,63.019082125603795,42.159111111111066,51.49297584541057,38.010125603864694,39.50357971014488,23.068608695652145
506.0,94.15058439728293,103.67451874931044,105.73668726941588,92.52375455238064,106.2300749005803,98.89484460138596,,105.48866595864067,0.0025895729452505775,61.596033384228264,76.6181886952746,60.067244839858915,30.922025043687785,30.498458392058254,0.0,0.0,78.6708502415458,64.77081159420283,63.05558454106273,42.17931400966179,51.52406763285018,38.042956521739086,39.51410144927532,23.059565217391278
508.0,94.04318414741687,103.77120064079188,105.81242024453032,92.5867085408684,106.32637329405821,98.97669392167332,,105.07808438208973,0.0019655902609418065,61.87630301775235,76.45245103308032,59.81238214899513,31.28150213812998,30.344468957514067,0.0,8.688194781163873e-05,78.75344927536223,64.83535748792264,63.08757971014486,42.20478743961349,51.55627536231878,38.07720289855068,39.52416425120769,23.05743478260867
510.0,93.93637315281738,103.87125417230773,105.86888524651282,92.6569055359139,106.42668681779577,99.05007610214,,104.68013297033391,0.0025275789571262038,61.962704309988474,76.72565309256042,59.84883042187716,31.205837519907366,30.449784836987305,0.0,0.0002,78.83509178743954,64.9026280193236,63.11475362318833,42.232289855072416,51.590652173912986,38.11068599033812,39.53393719806758,23.06565217391302
512.0,93.82919930465869,103.98129673621214,105.93040409195457,92.7304954365623,106.52488511676678,99.13050960868422,,104.29259484585383,0.0017168830092712413,61.95802341195594,76.48610520787406,59.956887025888484,31.17654025215362,30.42328052180015,0.0,0.00044805199587944833,78.91663768115933,64.96396135265692,63.137966183574804,42.259801932367104,51.625710144927474,38.14484541062797,39.54541545893716,23.082971014492728
514.0,93.72113036860762,104.070094987182,105.99596137073729,92.79920878875727,106.62867959892843,99.21293093226573,,103.9171307685091,0.0018735470907956188,61.77052565512794,76.4640709426624,59.81320240350171,30.94206673843902,30.512841580972065,0.0,0.0,78.99712077294677,65.02337681159413,63.15868115942022,42.28708212560382,51.66224637681154,38.17929468599029,39.55699033816421,23.111956521739103
516.0,93.61269952191606,104.15255605589356,106.04754585256408,92.87010039291476,106.72257788696598,99.30082376876074,,103.5514899082694,0.0016,62.01124819278254,76.46373704735024,59.6793285879895,31.209691899462005,30.58393601447338,0.0,1.3209495196499164e-05,79.07617874396128,65.08491304347818,63.175347826086885,42.31809661835744,51.70640579710139,38.21059903381638,39.5682753623188,23.147492753623162
518.0,93.50249141359197,104.2414809704911,106.10775762527383,92.92152437610837,106.83906431161927,99.37655560278414,,103.19636001636977,0.0024640749102362207,61.90227037775118,76.27352825310237,59.93931279944567,31.241291582198425,30.517235188875592,0.0,0.00017224410708661418,79.15405314009654,65.1430048309178,63.188797101449204,42.35381159420285,51.75768115942023,38.241927536231834,39.57766183574875,23.187608695652145
520.0,93.3904961129981,104.30138495049286,106.17220653878903,92.97990067640484,106.93774668804862,99.44727744509599,,102.85015459637512,0.0018115537848605577,61.9539358565737,76.29611195219124,60.078694820717125,31.25285498007968,30.61340737051793,0.0,0.00043027888446215144,79.22733333333325,65.19937198067625,63.2015893719806,42.39158937198063,51.81134299516903,38.27522705314006,39.58409661835744,23.232826086956496
522.0,93.27606792597139,104.37011190164073,106.22564382436133,93.04604679837973,107.0378184992446,99.52920337989367,,102.51331052075511,0.0017,62.16748948302263,76.6459548161291,59.550396305568384,31.19480123593321,30.63085107187128,0.0,0.00015572758427922123,79.29556038647334,65.27098067632843,63.21923671497577,42.43484057971009,51.868043478260816,38.3088405797101,39.59252657004827,23.270966183574853
524.0,93.17253831909284,104.44353609629444,106.27295678410029,93.11074973695224,107.13160384030371,99.60491874998333,,102.18692488883495,0.004375745657161587,61.884463721496466,76.6154655101372,59.81772821557335,31.26279772205834,30.492979278456712,0.0,0.0,79.36365700483083,65.35330917874388,63.2472512077294,42.482149758454064,51.931386473429896,38.344159420289806,39.605516908212515,23.303024154589345
526.0,93.07179275305238,104.5272515913545,106.32431375786953,93.17142433581125,107.2200315810745,99.68057762336277,,101.86861574318372,0.0037008,62.1938984,76.6990608,59.863548,31.17467,30.518354,0.0,1.3600000000000002e-05,79.42989371980669,65.44324637681153,63.285763285024075,42.52844927536228,52.00071980676322,38.37957487922701,39.619077294685944,23.337154589371952
528.0,92.9719419288898,104.60403635374774,106.38431413104061,93.2325188777732,107.31629792605472,99.75207604270666,,101.55832449643651,0.002636033286909522,62.29551651593327,76.8186731261426,59.85316418305035,31.292542152590343,30.58192284880928,0.0,0.00012720665738190438,79.49193719806755,65.53407246376804,63.3355700483091,42.57584541062797,52.070516908212504,38.41470048309174,39.631091787439566,23.363971014492726
530.0,92.87315647895821,104.67757979345865,106.45348018294007,93.30526583864332,107.40516819066117,99.82467258142024,,101.2554553302448,0.001196500096,61.912088410009595,76.4436551820544,60.011847520639996,31.2857343092992,30.6709841979648,0.0,8.68999936e-05,79.55410628019315,65.6134927536231,63.39569082125597,42.62457004830913,52.14058454106274,38.453420289855025,39.64127053140092,23.37943478260867
532.0,92.7770779311816,104.75701152677733,106.51957225818757,93.37913165094723,107.50314244386816,99.89462919651739,,100.9609640469001,0.0026711951119954168,61.82018324562479,77.0308553645594,59.83517228843327,31.28284707212113,30.687641893259777,0.0,8.55975559977083e-05,79.61837198067624,65.67924154589365,63.46393719806756,42.66815458937193,52.21118840579704,38.49306280193232,39.648101449275316,23.38596618357485
534.0,92.68172109549289,104.83810807724757,106.59271466883615,93.4514047971393,107.61367761599551,99.95700500103652,,100.67463168604095,0.004843105292534946,62.00204734901739,76.66410037405132,60.34261503468097,31.21941794769947,30.568189633887883,0.0,0.0001,79.68257971014485,65.73671980676322,63.53746859903375,42.70913043478256,52.28184541062796,38.531053140096574,39.65367632850237,23.386444444444418
536.0,92.58821150255446,104.91670439360834,106.66232849389893,93.52933997761959,107.72036110471927,100.01744773379951,,100.39443957204188,0.0026551101633808627,61.99333256574366,76.3611952569966,59.714455304420724,31.314416631126782,30.61297450605204,0.0,8.707415305159478e-05,79.74706763285016,65.79622222222216,63.61212560386466,42.748806763284975,52.351323671497525,38.56669082125599,39.660086956521695,23.384922705313986
538.0,92.49619429313971,104.99132171568284,106.73690584419218,93.61577472651696,107.82733167670527,100.09284515028837,,100.12189119093243,0.0016286836719759431,62.293948569291764,76.79112241448769,59.67343573307797,31.221269432464524,30.72463686138931,0.0,2.868367197594305e-05,79.81161835748783,65.85012560386465,63.68660386473423,42.78309661835744,52.41824637681154,38.599323671497544,39.66399516908208,23.38189855072461
540.0,92.40497477460124,105.06495082406279,106.8171917711973,93.70274677703051,107.93085296785975,100.17526656814913,,99.85598683335094,0.001785106496234399,61.94354470712638,76.92361096623154,60.14413980735136,31.292547283379832,30.509697373177886,0.0,0.0,79.87361835748783,65.89334782608688,63.75940579710138,42.81094685990333,52.481695652173855,38.62712560386469,39.66506280193232,23.37252173913041
542.0,92.31496709089144,105.14696511290246,106.90709277032798,93.78022953298962,108.03757495164577,100.25227885037803,,99.59607785930757,0.001097105820728997,62.0983093848004,77.05068473246342,60.02053445626706,31.466192703489956,30.480872660736427,0.0,0.00021387226010414242,79.93405797101443,65.93169565217384,63.8306666666666,42.83490821256034,52.546086956521684,38.651922705313964,39.665333333333294,23.358024154589344
544.0,92.22611656836516,105.23267787389881,107.00252570237308,93.86637637441287,108.1521891116172,100.32376528729301,,99.34302661881077,0.0017133802769745226,62.18232397138981,76.874652117486,60.09000491903806,31.30306267210465,30.638540853020956,0.0,0.00017323944605095482,79.99692753623181,65.96435748792263,63.904028985507175,42.858753623188356,52.61461352656999,38.677415458937155,39.66685024154585,23.342685990338136
546.0,92.13871240162167,105.31534875289861,107.10401664656379,93.95125999929542,108.25128163925575,100.40121999009193,,99.09550496556109,0.004540961329230769,62.07562396039384,77.23563883411691,60.074901063606156,31.34003941833846,30.61821970916923,0.0,6.57692553846154e-05,80.06504347826078,65.99482608695645,63.979483091787365,42.883304347826034,52.684468599033764,38.69952657004826,39.66865700483087,23.327231884057944
548.0,92.05285784060828,105.41582387648901,107.19942350196256,94.03645155257871,108.34018421081458,100.48792971410846,,98.85324017278141,0.002546078494117647,62.08326969908706,76.9104065164047,59.77490048978823,31.174988797628234,30.593396813176472,0.0,8.460784941176472e-05,80.13461835748782,66.0291207729468,64.05463768115935,42.90887439613521,52.75651207729462,38.71722705314005,39.67101932367145,23.316135265700456
550.0,91.96781763351295,105.51038743620244,107.30420477911933,94.12050172745012,108.40865222663848,100.58295022601075,,98.61733338470597,0.0010849505223033001,61.96240968478293,77.07622335530793,59.96147861462449,31.330842287443353,30.539835745376855,0.0,8.584157961611665e-05,80.20487922705306,66.07164251207722,64.13080193236708,42.93587439613522,52.83349275362313,38.73248792270527,39.676647342995125,23.3110144927536
552.0,91.8839694016212,105.60194233753039,107.40912614833537,94.21022579041536,108.46769742690326,100.68967374056888,,98.38672013158227,0.0034200794566896916,62.11756341663766,76.80381537307795,60.367270970570694,31.249094937409787,30.619692843350414,0.0,0.0,80.27744927536222,66.11123671497577,64.20820772946853,42.96358937198063,52.91347826086951,38.74545410628015,39.68407729468595,23.312473429951662
554.0,91.80122040930854,105.6880824196503,107.51134424238408,94.29581497348832,108.56670097489419,100.76906615279151,,98.16047814929141,0.002217087781085559,62.019300388167466,76.88336591588859,60.42773265843204,31.282369979274094,30.693447068372713,0.0,0.0001,80.3472850241545,66.14638647342987,64.2836280193236,42.991971014492705,52.99168115942023,38.7550483091787,39.690671497584496,23.321323671497556
556.0,91.72035072608546,105.7804409701686,107.62541230892441,94.38117755576253,108.66555260571103,100.86245469743409,,97.93925321231045,0.0035520685883628765,62.61092867551137,76.88122974120495,60.000054680873156,31.457094852256237,30.59127299535997,0.0,8.698285290928094e-05,80.4159468599033,66.19122222222215,64.35520289855066,43.02041545893715,53.06828502415453,38.76319323671493,39.69496618357483,23.3374106280193
558.0,91.64107288649149,105.87799311836623,107.74030054413338,94.46756413676263,108.75134196689197,100.96094792931248,,97.72330420164243,0.0026954046346476623,62.348069428695574,76.94867583007537,60.373808885909185,31.16074706478538,30.67741963190992,0.0,0.0,80.48861352656996,66.23026570048302,64.42121739130428,43.047763285024104,53.14239613526564,38.77181159420285,39.70089371980672,23.354772946859878
560.0,91.56263765662005,105.9593402020284,107.85715510403399,94.5516422318394,108.82354993397266,101.07514531939258,,97.51125087735433,0.0018041040216095817,62.2524113873127,76.76093956763924,60.43829921805951,31.291681160830812,30.700036326560735,0.0,1.301300270119772e-05,80.56268599033808,66.27225120772938,64.4801014492753,43.07534782608691,53.21388405797095,38.78042995169078,39.70938647342991,23.368198067632825
562.0,91.4857719432666,106.02342565635006,107.9658090846682,94.62347271926133,108.90222977203166,101.18985448568023,,97.30309794922735,0.0009384461003984064,62.44797809636972,76.95898034241274,60.33449983770518,31.313643454444623,30.84374339249721,0.0,0.00018675299442231076,80.63443961352647,66.3230241545893,64.52982608695645,43.100376811594145,53.2864782608695,38.788574879227006,39.71720289855068,23.376125603864704
564.0,91.4095707196994,106.0930929749881,108.0739862030986,94.69284226243066,108.98992098391264,101.30240659890723,,97.09911482593725,0.0017737211489650487,62.31987591345402,77.09191483249202,60.24212571452121,31.411162509927383,30.66317392012029,0.0,1.3139425517475662e-05,80.70075362318832,66.36565217391298,64.56972946859896,43.123806763284975,53.35819806763279,38.798169082125554,39.72414975845406,23.376342995169054
566.0,91.3349520066819,106.16122382252547,108.17649888994019,94.76017943551372,109.08373184273304,101.40230584386211,,96.8992878774662,0.0019152663344262294,62.21494353481967,77.3561250112,60.0783562512,31.171044388236066,30.808380383383607,0.0,0.0004359631475409836,80.76144444444436,66.40013043478254,64.60177294685984,43.145516908212514,53.42074879227047,38.811135265700436,39.72881159420285,23.37203381642509
568.0,91.26159960999571,106.2174862329824,108.26786752940205,94.83312858584947,109.16895888695107,101.5036096259592,,96.7030844697337,0.001786291908633763,62.388811430120846,77.35996418118637,60.22463628494059,31.555055513744474,30.66376834843161,0.0,1.3708091366236987e-05,80.82105797101441,66.42624637681152,64.6275893719806,43.162483091787394,53.46785507246371,38.82577777777773,39.733376811594155,23.359714975845385
570.0,91.18966859665188,106.28773113383951,108.34119180168373,94.89672705432972,109.27286216775677,101.60629011909651,,96.51082449420129,0.0006768618723742207,62.49956624628775,77.08736671176537,60.226440491367434,31.293171113338083,30.6330401655331,0.0,8.639524058659842e-05,80.88410628019315,66.4477198067632,64.6479275362318,43.17660386473425,53.50242028985501,38.84340096618353,39.741859903381595,23.336458937198042
572.0,91.11858656769463,106.35398388028169,108.4248685038993,94.97032086717746,109.35523115382252,101.70375625868418,,96.32235148653234,0.0022517553461507945,62.33347410897486,76.8774055076465,60.1591775155468,31.518251994283776,30.643891733189438,0.0,0.0011683049897407414,80.94910144927528,66.4752512077294,64.66082608695645,43.18682608695647,53.52565217391298,38.8658792270531,39.75044927536228,23.307719806763256
574.0,91.04823131099346,106.4234683898696,108.50996925831882,95.03519494316072,109.4449953330353,101.80259741274298,,96.13633814713484,0.002388465337674806,62.46574533382839,77.38769056158495,60.12575444673569,31.40344308576565,30.830413980284145,0.0,0.0,81.01398550724629,66.51579227053134,64.663342995169,43.19214492753619,53.533410628019254,38.89203864734295,39.75590338164247,23.272236714975822
576.0,90.97839307185265,106.48156464809551,108.5868339901336,95.10192030740288,109.53967071471327,101.89089661303716,,95.95328269431192,0.0018,62.13696131986543,76.93191137065493,60.1403050526044,31.358982166066138,30.806673615230235,0.0,7.968902342089167e-05,81.08031884057964,66.56294202898543,64.654458937198,43.19276328502411,53.52577777777771,38.92370531400962,39.76032850241541,23.229874396135237
578.0,90.90986794866436,106.55281761695022,108.65318114327866,95.16716882303642,109.64886779792252,101.98245285358,,95.77460702862129,0.0026700819934426232,62.38891947824262,77.30199021838688,60.42168465982951,31.57001722182295,30.76300594292459,0.0,0.0,81.14905797101441,66.62172463768108,64.63620289855065,43.189439613526524,53.50883574879221,38.9608792270531,39.764560386473384,23.18522705314007
580.0,90.84234335233896,106.61434764625199,108.70551165893997,95.2285526952811,109.76593173160428,102.0675179232042,,95.59855436523392,0.0034036309037955076,62.64321029212889,77.13174966419787,60.339055735743706,31.457447111646896,30.648283570830472,0.0,0.0,81.21693719806754,66.69051207729461,64.61060386473423,43.18345410628015,53.486270531400905,38.99868599033812,39.766990338164206,23.1422222222222
582.0,90.77591985828272,106.67738919675519,108.77484911060401,95.28517678480272,109.8841900619315,102.14681023564992,,95.42594582328843,0.0020580483788428645,62.31248742834126,77.44037555890536,60.19822465238475,31.650844459892866,30.739499954169823,0.0,0.0001,81.28369082125595,66.75921739130428,64.57664251207721,43.17843478260865,53.458198067632786,39.03637681159415,39.769613526570005,23.1047874396135
584.0,90.71092703408058,106.75470057184012,108.84471491931885,95.36157517243055,109.98994425159677,102.23038217391752,,95.25634657380539,0.0025,62.396120245336405,77.38578892089257,60.39872717507328,31.439981432032667,30.772792002846444,0.0,7.342301892546724e-05,81.35205314009653,66.82913526570042,64.53807729468592,43.17313526570043,53.42778260869559,39.07488405797097,39.7744251207729,23.073246376811564
586.0,90.64632623737617,106.82400205047327,108.91521921089188,95.43744171055364,110.09069371236653,102.32400019668987,,95.0897214370048,0.0022792002048,62.6321531780608,77.2822631851008,60.475785427097605,31.4916828901376,30.901190118374398,0.0,0.0,81.41993236714966,66.89654106280186,64.49922222222214,43.16443478260865,53.39880676328496,39.113821256038605,39.77981642512073,23.04549275362316
588.0,90.58219300553142,106.89045169504884,108.98163911662935,95.507721365197,110.18821552166278,102.40799305680571,,94.92613746534974,0.0027,62.21831543410859,77.17321782999187,60.49127354370482,31.680406207141477,30.816390879844924,0.0,0.0,81.48645893719798,66.9684396135265,64.46194685990332,43.1569903381642,53.37327536231878,39.15392753623184,39.78662318840575,23.021164251207704
590.0,90.51954648055921,106.95741760512173,109.04971036953535,95.56857268492858,110.2990513891199,102.48794764732241,,94.76604158910004,0.0017859342963034803,62.71692331534762,77.7113270152052,60.435011805701755,31.3874790494724,30.763605638505876,0.0,0.0002578028889104412,81.55441545893711,67.04878743961345,64.42989855072456,43.1548405797101,53.35384541062796,39.197115942028944,39.79450724637677,23.003454106280167
592.0,90.45782456501716,107.0369044071234,109.12614004916105,95.64215284408671,110.41668122404579,102.57985679778552,,94.60807732602665,0.0017566765479453028,62.65383917058031,77.11074658488171,60.37898575485431,31.525911125098407,30.88624866526774,0.0,0.00012818990286433854,81.62301449275354,67.13255555555548,64.40789855072457,43.157850241545844,53.34199999999994,39.24107729468595,39.80133816425116,22.99676328502413
594.0,90.39674143620414,107.11461040463341,109.19801683530099,95.71961808635609,110.53756105827621,102.6643092040146,,94.45283670636388,0.0017,62.39494122460445,77.65889628815383,60.39476610051377,31.609172365286092,30.850258876152225,0.0,8.635907635604904e-05,81.69029468599024,67.22208212560379,64.3958937198067,43.16532850241541,53.33861835748786,39.28350241545889,39.80798550724633,22.99766666666664
596.0,90.33655597313134,107.1899872388718,109.26735112752053,95.79472848805752,110.6429962365101,102.75117994152315,,94.30078729209542,0.0017707566369561866,62.59123066798454,77.25503619465212,60.526930654399266,31.370473169475904,30.77888338157109,0.0,8.53783184780933e-05,81.75607246376802,67.31929468599026,64.39313043478253,43.17780676328498,53.346357487922646,39.326304347826046,39.81771497584537,23.005739130434755
598.0,90.27729501022489,107.25755728371732,109.3348981437077,95.87645535432792,110.75556527294692,102.83725264054672,,94.15125020928264,0.002066864714263757,62.307916481587874,77.27072094940797,60.27175839230491,31.426429404117624,30.784444210083056,0.0,0.00012809102255407966,81.82433816425112,67.41853623188399,64.40477294685984,43.193990338164205,53.36599999999994,39.370222222222175,39.828966183574835,23.023507246376788
600.0,90.21850626263544,107.33219366192637,109.39807783685404,95.96086819925293,110.88252403617359,102.91427284021569,,94.00334057408256,0.0036884614704900706,62.40641412342228,77.33048845510835,60.42182437250975,31.604965378402795,30.810679489100814,0.0,8.589743136600472e-05,81.89604830917865,67.5040241545893,64.43168115942022,43.21558454106275,53.39519806763278,39.413043478260825,39.839574879227,23.051019323671476
602.0,90.16035935623857,107.41234727813975,109.47068204170083,96.04422330094474,111.01466578303835,102.9873933354029,,93.857708887552,0.0026901234567901235,62.58066790123457,77.1010086419753,60.59294444444445,31.50789197530864,30.9385537037037,0.0,0.0001,81.96550724637672,67.58353623188398,64.47106280193229,43.24429468599029,53.43263285024149,39.4550483091787,39.85037681159415,23.087067632850214
604.0,90.10280845657815,107.4921007445232,109.53768604295384,96.12450477067517,111.13773586342066,103.06848097506354,,93.71478011243784,0.001086039608527792,62.72867001522313,77.79324486334667,60.42848167528956,31.42517291409399,31.00005648393587,0.0,6.980195736104013e-05,82.03727536231875,67.66242512077287,64.52252173913037,43.27699999999995,53.48161835748787,39.49661352657,39.861589371980635,23.12491787439611
606.0,90.04585950810178,107.55648594905713,109.60035526161822,96.20792160983932,111.2489376181377,103.1538198643629,,93.57365367469589,0.002561083780618804,62.3486123933785,77.84741587808142,60.57811970408412,31.462088959815055,30.81975650119059,0.0,8.61083780618804e-05,82.11046859903372,67.72727536231876,64.58505797101442,43.31357971014488,53.542275362318776,39.53521256038643,39.874033816425076,23.160086956521713
608.0,89.98926509447801,107.6187780719212,109.66546223088386,96.29278319643497,111.34991738436278,103.24288702215074,,93.4339125237851,0.0024898551400606025,62.45164429774651,77.58361926100282,60.56376469593511,31.739616767361753,30.70111600282024,0.0,0.00043219459283549906,82.17872463768107,67.78263768115934,64.65589371980668,43.35326086956517,53.61457971014487,39.56963768115937,39.88610144927532,23.195169082125577
610.0,89.93336556424185,107.6812762371094,109.73125256780689,96.36970703720726,111.45806958455111,103.31311379525492,,93.29568270573034,0.0025563380209142187,62.40657887575322,77.49276336655925,60.492707047983,31.51061971906708,30.847880986066027,0.0,0.0001,82.24525120772937,67.83045893719799,64.73229951690814,43.39279227053135,53.6959323671497,39.599381642512036,39.897975845410585,23.229043478260845
612.0,89.87869008269378,107.74425532990998,109.79233278107317,96.44168996699548,111.56366492060639,103.37444332232987,,93.16002435159,0.0019448692339469437,62.40767836670949,77.50214557068433,60.535884289530365,31.791529072795697,30.797899145258643,0.0,0.0,82.31015942028976,67.85615458937191,64.80976811594196,43.43187439613522,53.78050724637675,39.62463768115938,39.90861835748788,23.26057487922703
614.0,89.82483550453212,107.80278141094752,109.84918631171816,96.51099244412296,111.6732290075388,103.43859833558757,,93.02677040094328,0.0012284373866666668,62.892309077280004,77.45980061557333,60.75624751957333,31.562005304906666,30.830746254293334,0.0,0.0004462500266666667,82.37354589371971,67.87758454106273,64.88623671497577,43.470159420289804,53.86341062801926,39.64386956521735,39.91637198067628,23.287405797101425
616.0,89.77158788465735,107.87246070358657,109.89435395825055,96.57787889464058,111.7983229291592,103.4953182827048,,92.89477488396388,0.002039939877145602,62.772999105537366,77.21030089077254,60.4779846797424,31.622838295108863,30.840505101217396,0.0,1.4114110420329534e-05,82.44158937198058,67.91157971014485,64.95908695652166,43.504251207729425,53.94306280193231,39.655589371980625,39.9244057971014,23.304082125603838
618.0,89.71833176158292,107.94003716894304,109.94617882568564,96.64465427362096,111.89752566013894,103.55648097335258,,92.76497474244246,0.0025280876366533863,62.519109952892435,77.36192626539602,60.54875609110439,31.632515931027886,30.792918167228684,0.0,0.0001,82.51391304347817,67.93796135265693,65.02274879227046,43.53313526570044,54.02307246376805,39.663787439613486,39.93166666666662,23.31470531400964
620.0,89.66572394137783,108.0116974517981,109.99701591110251,96.72449229103175,111.98603884352084,103.61748111840649,,92.63630211518215,0.0016846232134096015,62.60961721315621,77.4950933227805,60.66380303993443,31.714728211430945,30.928133963896183,0.0,1.5376786590398495e-05,82.5853768115941,67.96286473429943,65.07352657004823,43.55635265700478,54.10023671497578,39.66950241545889,39.93832367149754,23.32210628019321
622.0,89.61394878417651,108.07213112160252,110.03959698382934,96.79035588345279,112.08903719185078,103.66986821683088,,92.50917750323364,0.0016850198349206349,62.40474316495238,77.56956597191112,60.55903997216508,31.767252928050794,30.834794543796825,0.0,0.0,82.65811111111103,67.9956473429951,65.10837681159413,43.57339613526565,54.17485990338158,39.670217391304305,39.94699033816421,23.323671497584517
624.0,89.56369433723067,108.13136773908157,110.0790315370018,96.84972212746482,112.2006117098853,103.72122375394564,,92.38394960728388,0.0014863364418327368,62.75751148831829,77.59862959976296,60.70510941048516,31.8238275775528,31.028548221306707,0.0,1.3960391472208025e-05,82.73367632850233,68.03323671497576,65.12611594202892,43.58553623188401,54.25080193236709,39.66828985507242,39.9561062801932,23.32221739130432
626.0,89.51407072237849,108.19891546319964,110.11555218725103,96.90359850738436,112.31187143105922,103.77842846419614,,92.26035378419108,0.0025562628147860786,62.82584660953713,77.72299300851817,60.379053600099034,31.695456875164766,30.94753993848903,0.0,0.0008562628147860783,82.80885507246369,68.0697391304347,65.12864251207722,43.596473429951644,54.327700483091725,39.66429951690817,39.96415942028982,23.321782608695628
628.0,89.46525363641432,108.25899610500517,110.16052421737272,96.95605171103692,112.42187517833592,103.8404711773582,,92.1382239078806,0.0020414829327753663,62.59929556832649,77.87298581359659,60.65068580256652,31.72912255166622,30.90610140180539,0.0,8.617235574154462e-05,82.88165217391295,68.09254589371973,65.11672946859896,43.608782608695606,54.40341545893714,39.65827053140092,39.969637681159384,23.32285024154587
630.0,89.41741996992916,108.319897847126,110.21383590235234,97.01605802942252,112.51476561423787,103.90085122851185,,92.01828795390469,0.002538584439689145,62.60836249938744,77.85100562756,60.36339489648716,31.652619030196266,30.91485352874245,0.0,0.0,82.95367632850231,68.10563285024146,65.09124637681153,43.62030917874391,54.475806763284965,39.65210144927532,39.974632850241505,23.325999999999976
632.0,89.36968200230997,108.38650096733399,110.26528691118084,97.08856832863574,112.60672968235365,103.96591949813842,,91.89963159685351,0.0017856262814786078,62.83990841661876,77.67250883037158,60.89546672519973,31.685782642672052,30.91496488860976,0.0,1.4373718521392173e-05,83.02531400966174,68.12167149758446,65.05376328502409,43.63016908212555,54.548164251207666,39.64534299516904,39.9812367149758,23.32885990338162
634.0,89.32274274176446,108.4454011298565,110.32227671877064,97.1434543778295,112.70928834095088,104.03712921998692,,91.78253862024467,0.0015932798840219784,62.82561415284665,77.52468475585378,61.00922111776745,31.783688764552135,30.884300737765344,0.0,1.3340014497252688e-05,83.09390338164242,68.14709178743954,65.00410628019317,43.63870048309174,54.61955555555549,39.63942028985503,39.986714975845366,23.330884057970987
636.0,89.27724026595297,108.50646410183971,110.38171352085516,97.19949045744627,112.81075708794631,104.11225419928638,,91.66725448223737,0.0017725296316205533,62.85602015590197,77.30225831285375,60.489225999987354,31.842929058188144,31.037942390817392,0.0,8.626481581027669e-05,83.16095652173904,68.19195652173904,64.94453140096611,43.64806763285019,54.68722222222216,39.63702898550721,39.991333333333294,23.335748792270508
638.0,89.23175368477003,108.57594728180207,110.4469782216805,97.25460401591873,112.92144345632869,104.18876105014593,,91.55291265584385,0.0019419853320177703,62.94230479612256,77.67782460856745,60.63333940984443,31.824959159123225,30.987852031361726,0.0,0.0,83.22733333333323,68.25500966183567,64.883342995169,43.65865700483087,54.752579710144865,39.63730917874392,39.994705314009614,23.34292270531399
640.0,89.18719469859626,108.63876329473977,110.5186829403154,97.31647800141516,113.02722395556907,104.26830599315346,,91.43929465853104,0.0025281219415927278,62.64235134313165,78.16252316279083,60.56076035438256,31.631737271210998,31.006488249901324,0.0,0.0,83.29206763285015,68.32304347826079,64.82284541062795,43.67029951690816,54.81821739130429,39.63884541062798,39.99761835748787,23.351922705313985
642.0,89.14323774846093,108.69194427107404,110.57990801863157,97.37381752529451,113.14439722972561,104.3469428503274,,91.32826955679,0.0017,62.83337450199203,77.60561434262948,60.685454581673305,31.79865219123506,30.978906374501992,0.0,1.4342629482071719e-05,83.35601932367142,68.3979468599033,64.76294685990331,43.68165217391299,54.883724637681105,39.64327053140093,40.00328985507242,23.36109178743959
644.0,89.10050433324061,108.75146543143858,110.64276510705807,97.42698126673274,113.24364371026314,104.42298283518237,,91.21838193673949,0.0019274178534848029,62.76623849948787,77.50776193231748,60.761747063721025,31.632553677070952,30.906908796943007,0.0,0.0,83.42192270531392,68.47974879227046,64.71138164251201,43.69319806763279,54.947516908212506,39.65226570048305,40.00954106280189,23.370599033816397
646.0,89.05805462211052,108.83033544316402,110.70776786992462,97.49715492149224,113.33332372518878,104.50794936190488,,91.10908391339451,0.0002430019820529957,63.06892453575978,77.55611946638793,60.6503343657716,31.8034236853905,30.95750376275911,0.0,0.0004001013874370968,83.49021256038637,68.55634782608688,64.6728357487922,43.706642512077245,55.011661835748725,39.66395652173908,40.016637681159374,23.383043478260845
648.0,89.01628122643159,108.90796550066443,110.7723658601934,97.56130561744065,113.43081992070758,104.5906618499535,,91.0011703364376,0.0010094151680897629,62.91055490441736,77.8608510721301,60.920781020529226,31.82093195699707,31.04285034743947,0.0,1.3676896011220366e-05,83.55597584541053,68.62397584541056,64.64773913043472,43.720690821255985,55.07522705314003,39.675294685990295,40.02424154589367,23.398024154589343
650.0,88.97456617464763,108.98931736222414,110.83703483805321,97.62705061225181,113.51805464465617,104.67379460985006,,90.89452124162538,0.0025315789370536383,62.987351578074744,78.00142736397642,60.85377263259392,31.91766789405813,31.082990528170903,0.0,0.0001,83.61791787439604,68.69085024154582,64.63766183574872,43.735874396135216,55.13972463768109,39.68683574879223,40.03079227053135,23.415758454106257
652.0,88.93361972590536,109.05516516892595,110.88223085047011,97.68887238677482,113.6042202967751,104.74898907691187,,90.78898473495939,0.0026720000000000003,62.947642,77.800432,60.720270000000006,31.735902000000003,31.030724,0.0,1.4000000000000001e-05,83.67891787439605,68.76350724637673,64.6422512077294,43.75334299516903,55.20671497584535,39.698483091787395,40.03650724637676,23.434033816425096
654.0,88.8934060274163,109.13180894347144,110.95458475576649,97.75454309429541,113.68925931439665,104.8253004065895,,90.6839046948462,0.0012149208537549406,62.968897830678266,77.80281503458656,60.64505108146086,31.86608232022767,31.020789569188935,0.0,0.0004283597154150198,83.738188405797,68.83488405797094,64.66100966183566,43.772468599033765,55.273584541062746,39.70826570048305,40.04338164251203,23.45241545893717
656.0,88.8538434368777,109.21080117190073,111.02750495093588,97.8107131425441,113.75675351069819,104.89817889808721,,90.57968923355307,0.0018308808878764538,63.011314332233994,77.91594550128917,60.65987560124069,31.67775663156517,31.165006830813976,0.0,0.0001,83.79794202898542,68.89081159420282,64.69508695652166,43.79327536231879,55.34076811594197,39.71594202898546,40.05341062801928,23.471024154589347
658.0,88.81435488514671,109.29276589677806,111.09548718135503,97.87289349778337,113.82197580359609,104.97387262857865,,90.4762807138081,0.001957831325301205,62.67881485943775,77.67760200803212,60.61491285140562,31.79141485943775,31.06868232931727,0.0,1.4056224899598397e-05,83.8640579710144,68.94058454106272,64.74305797101441,43.81523188405792,55.40992270531394,39.72361835748788,40.064985507246334,23.487502415458913
660.0,88.77568751560626,109.37598203988713,111.16287171077434,97.94215590297686,113.88788983583784,105.05484134795661,,90.37401467623312,0.00160933739437751,62.86202530511165,77.95705391151807,60.872683755437755,31.92478177461205,31.06567304850763,0.0,8.704819919678715e-05,83.93103381642504,68.98970048309171,64.80213043478254,43.83480676328497,55.47910144927529,39.73035265700479,40.075893719806714,23.50184057971012
662.0,88.73727804432151,109.47093130403157,111.23110273682045,98.0078416124969,113.97431643786275,105.14002133845176,,90.2731003375337,0.00266737452972973,62.775955308972975,77.98536098456216,60.72955522611892,31.887296508454053,31.092729672821623,0.0,0.0001,83.99524154589362,69.04724154589366,64.87114492753615,43.85207246376806,55.54757971014486,39.73458454106275,40.08570048309174,23.515806763284996
664.0,88.69946069587571,109.56564727468016,111.29587720308233,98.07697941242512,114.0720778279734,105.21084878894841,,90.17314835901963,0.0007754488814944678,63.06526648964682,78.06279219302095,60.891067079571044,31.73555535346655,31.06376137411722,0.0,0.0001,84.06153140096609,69.10722222222215,64.94692270531394,43.866449275362264,55.61768115942023,39.73530917874391,40.09635265700478,23.53428019323669
666.0,88.66206316798244,109.65883758290904,111.36837166574932,98.14784126456895,114.14593085025362,105.3021000295405,,90.07396381841713,0.003531453864675522,63.13187264562943,77.10342629089448,60.87213558906204,31.728242142484376,31.112482389631975,0.0,8.595448872296016e-05,84.12997584541053,69.14906280193229,65.02421739130428,43.87853140096613,55.68755555555549,39.735077294685944,40.107971014492705,23.55817391304345
668.0,88.62568168453593,109.75258061410942,111.43867422675177,98.21857739034057,114.24832856594739,105.37745757700895,,89.97540805231733,0.0012748307128646328,63.11424752262366,77.70933948189364,60.87447346898112,31.774000299765362,31.20935152811936,0.0,0.0,84.19831400966173,69.18458454106272,65.10354106280187,43.89073913043473,55.75784541062795,39.736391304347784,40.12312077294681,23.581516908212535
670.0,88.58951961796589,109.83561153602034,111.50798594651252,98.29865339275374,114.35145305680989,105.4676816577605,,89.87714528891686,0.0018093467266349843,63.102708943352994,77.94838864340335,60.791936181159485,31.88658723509469,31.16110919710172,0.0,0.0001,84.26311111111102,69.22307246376803,65.18456038647335,43.901318840579656,55.831130434782544,39.7368792270531,40.13836714975841,23.596231884057946
672.0,88.5535905651466,109.92811429247749,111.57591154920345,98.37514430126407,114.45148816439935,105.5507828747336,,89.78014306907528,0.0034199603517699973,63.015416190058296,77.92966424978384,60.82197506506138,31.88913004335985,31.08859707408723,0.0,8.599801758849988e-05,84.32209178743952,69.26242512077287,65.2661932367149,43.910391304347776,55.904135265700425,39.73772463768111,40.151497584541026,23.60107246376809
674.0,88.51764601159763,110.02374978514892,111.64163117386595,98.45266455301525,114.54779006732609,105.63601900381371,,89.68390150724089,0.0014199999950048777,62.83906000078424,77.73247599798796,61.00054399918479,31.885956000565447,31.17032399986413,0.0,1.6000000999024454e-05,84.37771014492743,69.30134782608688,65.34913526570041,43.919347826086906,55.972555555555495,39.740618357487875,40.16452173913039,23.596700483091762
676.0,88.48224622102062,110.11155956280355,111.70827047693832,98.52978593175169,114.6574551640097,105.72648867909426,,89.58940510214418,0.0034642290592885377,62.91068895962055,77.7516169244079,60.85863746362688,31.76840583282846,31.03818572096759,0.0,0.00027094860395256913,84.43294202898542,69.33642512077286,65.4286859903381,43.92662801932362,56.03523188405791,39.746550724637636,40.17522705314005,23.58077777777775
678.0,88.4470956786857,110.19576437954062,111.78694929256815,98.60751992171062,114.75902243702268,105.81892953901888,,89.49535222921212,0.0025549549706535353,62.70839059144966,77.89024804814747,60.82187477485326,32.03677102313379,31.091826876513192,0.0,0.0001,84.48893719806753,69.36579227053134,65.50079710144921,43.92949758454101,56.09110144927531,39.755811594202854,40.183830917874346,23.557584541062774
680.0,88.41184809812087,110.27542199311416,111.87286935794806,98.68351452227147,114.8773317521805,105.90169021216514,,89.40251715069138,0.0026426640308880307,62.90011081427027,77.99283758826255,60.975169383981466,31.91100405535135,31.160542944555985,0.0,0.0002258687752895753,84.54322705314001,69.39332367149751,65.56324637681152,43.930048309178694,56.142246376811535,39.768594202898505,40.19115458937194,23.52897101449273
682.0,88.37811066481943,110.34604026991332,111.95560489209406,98.76708053737269,114.98067162696213,105.99514319738569,,89.31114391908541,0.0026721393017083736,63.02352437869051,78.21614975094128,61.00427711780153,32.008609204117604,31.082739053986963,0.0,0.0,84.5969468599033,69.42191304347818,65.61563768115934,43.9315942028985,56.187893719806695,39.78682125603861,40.19741545893715,23.49316908212558
684.0,88.34438181483895,110.42280731273848,112.03423979762971,98.85441622566222,115.08003249150927,106.08907112395954,,89.22060483297219,0.0025,63.0595936345498,77.62173121432988,60.903345995193625,32.01294979287968,31.131864600363347,0.0,0.0001,84.6554541062801,69.45461352656997,65.66005314009654,43.93389371980671,56.22501932367143,39.81114492753619,40.20405314009657,23.451999999999973
686.0,88.31065482987255,110.50047939709606,112.11079106490249,98.93949474425447,115.17815098757393,106.17780538434342,,89.13085257341065,0.0017,62.91555998490218,78.31523359461822,61.00768453765043,32.080246441080796,31.08393463223438,0.0,0.0001472463924408028,84.71750241545884,69.48301449275355,65.69565700483084,43.93557971014487,56.25617391304341,39.84034299516904,40.21133333333329,23.409632850241522
688.0,88.2780452842035,110.56423746161163,112.18269513029075,99.02271869178007,115.27946757580187,106.25993000720827,,89.04188438944917,0.002671830989542891,63.13484648057993,78.14378591214668,60.94562534899311,31.85071126249191,31.20243802773917,0.0,0.0008154929686286721,84.78128985507237,69.50457487922698,65.71926570048302,43.934111111111065,56.28222705314004,39.87554106280188,40.21774396135262,23.366550724637655
690.0,88.24565281090948,110.63667339516324,112.24778002359757,99.10592044818272,115.3826675520846,106.35164718297648,,88.95434220291129,0.0017131262572343076,62.88641822981409,78.01326913974265,61.21146784401855,32.038525494634,31.18201563836593,0.0,0.00034749497106276926,84.84745893719797,69.52248309178736,65.7349661835748,43.928724637681114,56.30054106280188,39.91721256038643,40.221772946859865,23.32196618357485
692.0,88.21439761414021,110.71454768847723,112.32015426104617,99.19423621796936,115.47791936616021,106.43328402561858,,88.86715230908197,0.0019484180158209463,63.06477459314288,78.17268034408558,61.127884083992534,32.13430407859764,31.24609975853041,0.0,0.0001,84.91365217391295,69.54017874396128,65.74749758454098,43.92221256038643,56.31035265700477,39.96400483091782,40.223685990338126,23.278647342995143
694.0,88.18315769560375,110.79241206295704,112.3867942603823,99.28694752382917,115.56563373519184,106.52174524806475,,88.78135951380487,0.0028632,63.262046399999996,78.0138928,60.7636304,31.979481200000002,31.1654124,0.0,0.0001544,84.97506763285014,69.56196618357481,65.75747342995162,43.916096618357436,56.313328502415395,40.01396135265696,40.22674879227049,23.240536231884033
696.0,88.15258138961866,110.85767574498854,112.45006083668893,99.36470477708966,115.66408555542915,106.59943186115882,,88.69616879213567,0.002391741286638251,63.36144238529862,77.95185632061492,61.197251442171634,31.964423682676134,31.089758061555138,0.0,0.0004458706433191256,85.03345893719798,69.59493719806757,65.76804830917867,43.91124637681155,56.31173913043472,40.064521739130385,40.229400966183526,23.2073526570048
698.0,88.12152981902157,110.92322343986518,112.50756791889206,99.44249882868722,115.75133600753107,106.66919884757175,,88.61211687430523,0.0011910490677313375,63.16868989374153,78.1924822908623,61.261513956655925,32.102232290862304,31.158369490567424,0.0,8.383060734825904e-05,85.09291304347816,69.647420289855,65.77886956521732,43.91092753623183,56.30907729468593,40.114333333333285,40.23130434782604,23.179420289855045
700.0,88.09165695235171,110.98916800850569,112.56376504450868,99.5163509083488,115.84676590864316,106.73692575380369,,88.52893443970602,0.0016722554797917151,63.21072205516365,78.18309043106869,61.23564600523803,32.01097954042896,31.16312211160117,0.0,0.0002583832196875727,85.15446859903372,69.70558454106273,65.78907729468591,43.9154057971014,56.304009661835686,40.163251207729424,40.233946859903334,23.157014492753596
702.0,88.0614803756995,111.05356834036084,112.62573799901264,99.58982552192816,115.95621113012827,106.79647494960253,,88.44582957077654,0.0033499506321785196,63.18994787622336,78.20518676846352,61.08842319903483,31.927597533529557,31.2202032573159,0.0,8.499506321785197e-05,85.21856038647334,69.75264734299509,65.8009082125603,43.921342995169034,56.29698067632843,40.210526570048266,40.23642028985503,23.142758454106257
704.0,88.03214132319845,111.10933734777389,112.67593675630008,99.65729354045736,116.04459215326585,106.86866330211092,,88.36283379395115,0.0011684668787409443,63.24349816079957,77.98042526178895,61.041092328592356,32.20840911357363,31.318794887999402,0.0,0.0,85.28744927536223,69.795304347826,65.81547342995161,43.93206763285019,56.29443478260863,40.2566328502415,40.23964251207725,23.139227053140072
706.0,88.0028834857232,111.16960977164936,112.73278462342915,99.72520466783479,116.12796936810334,106.95882562739877,,88.28085620083877,0.0014447447853763752,63.27512313715119,77.88082131932022,61.05434087831336,32.196821663446805,31.096520849640843,0.0,0.00013813803655906206,85.36161835748783,69.8427004830917,65.83032850241538,43.94613043478255,56.29921256038641,40.30086956521735,40.24392753623184,23.146550724637656
708.0,87.97433924438609,111.22581595499507,112.78630913965073,99.78399292226506,116.22418153997928,107.0333457278419,,88.19937688600402,0.0003336651814923173,63.2660810800143,77.77399377843348,60.87394303814962,32.152085883687235,31.185179786270545,0.0,0.000223705096084168,85.43429468599024,69.89697101449268,65.8442512077294,43.95790821256034,56.30815458937191,40.33893236714972,40.247763285024114,23.164811594202874
710.0,87.94629126932466,111.28220547360947,112.85571884122064,99.84494902745662,116.32667359285078,107.10738588778234,,88.11906363914083,0.002199904055231199,63.27905952303988,78.03975028887744,61.16934359620825,32.136179605870474,31.249944734770025,0.0,0.0,85.50587922705304,69.96055555555549,65.85962318840572,43.97025603864729,56.3217053140096,40.37073913043474,40.25141545893716,23.19888405797099
712.0,87.91839226100912,111.3465593530662,112.93876409859944,99.90859476428207,116.41990283471405,107.18230258585156,,88.04047834367933,0.00045981951228146034,63.19457274507706,78.12517244426421,61.452904106414955,31.912704409574914,31.24464517995289,0.0,3.9979945809051146e-05,85.57910628019314,70.02828985507239,65.87882608695645,43.982410628019274,56.34326086956515,40.39681159420285,40.25814975845406,23.24760869565215
714.0,87.89099582853785,111.41291831799501,113.01339488634184,99.97558301324116,116.52033084176807,107.24887092408535,,87.96108064500697,0.001835054609092855,63.4346707033822,78.65888043946579,61.08791707995284,32.00701573876206,31.259128550455387,0.0,0.0,85.65243961352647,70.09212077294679,65.90368599033809,43.99360869565213,56.372516908212496,40.419545893719764,40.268231884057926,23.296473429951668
716.0,87.8642500814058,111.48084558380774,113.09665153245277,100.02999091820635,116.61437244441697,107.3150183480417,,87.88124241284653,0.001783945831000903,63.40427675478199,78.01492094057458,60.94556440783419,32.234752779852656,31.288771457637576,0.0,0.00033578332400361173,85.72613526570038,70.15002898550716,65.93612560386467,44.0054830917874,56.41334299516901,40.43843478260865,40.28014975845406,23.341613526570026
718.0,87.83726103847738,111.54418481777361,113.1743144960872,100.10688014079894,116.69389228877169,107.39604250609453,,87.80117237316762,0.001116432940577739,63.13057174119481,78.12174839764027,61.61729306137484,32.13536012233618,31.29389248470798,0.0,0.0001541082351444348,85.79924154589364,70.21084057971007,65.97516425120766,44.01479227053135,56.46290821256032,40.4500676328502,40.29178743961348,23.38004830917872
720.0,87.81042087999707,111.60354669373986,113.2659078533417,100.17176228995163,116.7859012412487,107.46932258204761,,87.72166178860532,0.0011515360762123972,63.450196231826915,78.12816360694636,61.25053606644431,32.16138280958622,31.27215699261888,0.0,1.3974226456244299e-05,85.87145893719797,70.27371497584534,66.01748792270524,44.02307246376807,56.5158550724637,40.45595652173909,40.304028985507195,23.413985507246352
722.0,87.78414191400202,111.6739802359967,113.36168208072382,100.23993371558178,116.87715581459693,107.54252342695347,,87.64217658354379,0.0018152941678431372,63.23671265124392,78.39870148417255,60.99975795757177,32.11267235227608,31.299052067814902,0.0,0.0,85.9443961352656,70.329265700483,66.06040096618351,44.030589371980625,56.57390338164245,40.45831400966179,40.31653623188401,23.447966183574852
724.0,87.75809134189316,111.73005087175683,113.44787817193973,100.30995980511696,116.96407237040003,107.62017458870984,,87.56359357830081,0.0019451291413285588,63.24867791511131,77.84056382645743,61.00313637007222,32.27827748805439,31.301237579519693,0.0,1.361828562936438e-05,86.01736231884048,70.37330434782601,66.10055555555547,44.03695652173908,56.63740579710138,40.458275362318794,40.32714492753619,23.478739130434757
726.0,87.73215009444799,111.80136452032698,113.54451429019218,100.38198708760659,117.05990745002543,107.69354942244351,,87.4854972613861,0.003419367406958442,63.46658930082168,78.50585369674532,61.28391441203746,32.25229237674185,31.34604179231828,0.0,0.0003579051110437664,86.08733333333323,70.40501932367143,66.13511111111104,44.04296135265696,56.70539613526563,40.45407246376807,40.336690821256,23.507405797101423
728.0,87.70612267136052,111.86444115769697,113.65310262197723,100.45653055662352,117.13979453850192,107.76014252079212,,87.40862041272807,0.0022194014393822395,63.56768302119537,78.24420605716756,61.41885210875058,32.36306428708571,31.337686299082627,0.0,0.0001,86.15372946859893,70.4246811594202,66.16411594202891,44.04877294685985,56.77803381642506,40.447033816425076,40.34661352657,23.530338164251184
730.0,87.68119064883012,111.92386235653147,113.75408249391788,100.53612256844949,117.21864657329199,107.84669540409816,,87.33257007753396,0.0012558560700953068,63.31922040988698,78.4704480281595,61.479700953273216,32.11438879422214,31.255830501565214,0.0,0.0004852853566984356,86.21840096618348,70.43618357487915,66.19052173913036,44.056386473429896,56.85299999999994,40.43975845410624,40.3571787439613,23.544574879227028
732.0,87.65580804083518,111.98993981936835,113.85944255394588,100.60989187854754,117.30974636601253,107.92290330208245,,87.25732761262037,0.0018427155690126822,63.40800782812022,78.62018721222833,61.31286154671709,32.19464707421666,31.419531117017634,0.0,1.4271556901268232e-05,86.28262801932358,70.44229468599025,66.21480193236708,44.063589371980626,56.92732367149751,40.43311594202894,40.366874396135216,23.553855072463744
734.0,87.63107996118741,112.0535079244784,113.96513642930323,100.6855448008112,117.39251706268644,107.98977534381007,,87.18296060246388,0.0028528586233211076,63.56294273180962,78.34341113941291,61.308556375040695,32.13836465187602,31.315406062166137,0.0,1.27382186100923e-05,86.34530917874386,70.4447198067632,66.23682608695644,44.0700096618357,57.00163768115935,40.42685024154585,40.37418840579705,23.563270531400942
736.0,87.60658140102912,112.11525756493955,114.0690035209811,100.76022579306117,117.49557667298785,108.06049489565423,,87.10889794481038,0.003352,63.157381199999996,78.7792008,61.0793656,32.138608399999995,31.1404426,0.0,0.0,86.40718357487914,70.44108695652166,66.26078260869558,44.076545893719754,57.07417874396129,40.42257971014488,40.3793864734299,23.572120772946832
738.0,87.58244072777069,112.19842738681484,114.189009524708,100.81925859050041,117.5840502254469,108.13046762401899,,87.0360982708164,0.0016042856478600757,63.34913103764087,78.67436714026654,61.26874472506913,32.21084059124491,31.477825287020334,0.0,0.0,86.46843478260861,70.44131400966175,66.2856086956521,44.08424154589367,57.141405797101385,40.420144927536185,40.38513043478256,23.575135265700453
740.0,87.55906356561754,112.26082801977579,114.29795830010322,100.88780592770074,117.69603630023586,108.19348707630778,,86.96406672263109,0.0023553359683794466,63.3494233201581,78.71262845849802,61.5245185770751,32.240936166007906,31.39193557312253,0.0,0.0,86.52569082125594,70.45570531400958,66.30926086956515,44.09315942028981,57.20404830917868,40.41756038647338,40.39108212560382,23.571492753623165
742.0,87.53596594407102,112.32355440679427,114.39640870263939,100.95116178011256,117.78699388111859,108.26074280683935,,86.89291382201186,0.0023682007382223964,63.24603931516269,78.76213989003786,61.70481752453422,32.15914664179504,31.450731050810095,0.0,6.58996308888018e-05,86.5774541062801,70.47325603864726,66.33233333333327,44.09998550724633,57.26415458937192,40.415792270531355,40.39633333333329,23.55750241545891
744.0,87.513279849821,112.392347523259,114.4952033049296,101.0120005984402,117.8723265168526,108.32580272209997,,86.8216760890565,0.002646428546031746,63.498012505599995,78.17910359172063,61.27110357465397,32.0721674175492,31.41359285495873,0.0,1.3392863492063495e-05,86.62408695652165,70.49345893719799,66.35383574879219,44.10402898550719,57.322188405797036,40.41388405797097,40.401198067632805,23.53257004830915
746.0,87.49109501596725,112.45941136411437,114.58798198967305,101.07039817377213,117.97784541442465,108.39368903122559,,86.7523377581236,0.0038746759609379245,63.30243171801512,78.70255332160616,61.25026072896442,32.25824601354682,31.38913294282063,0.0,0.00034935192187584944,86.66598550724628,70.51085024154582,66.3711932367149,44.104743961352604,57.375903381642445,40.411956521739086,40.40538647342991,23.500371980676302
748.0,87.46972900765047,112.5324541367685,114.69002643721056,101.11968221811027,118.08691788286013,108.45884192723666,,86.68281679997422,0.001010401745967341,63.80687497271926,78.19051400654737,61.36131321698121,32.356445042142454,31.44490799227465,0.0,0.0001,86.70292753623178,70.51771980676321,66.37957971014485,44.09985507246372,57.4191207729468,40.41119323671492,40.406164251207684,23.459792270531377
750.0,87.44821980263224,112.60306532463336,114.77967172220117,101.16588710233401,118.19324799682889,108.52528728947202,,86.61393196960807,0.0023939421302757733,63.30233309253573,78.73585869573728,61.244306671354494,32.11384970187569,31.303278782177316,0.0,0.0,86.73642028985498,70.52144444444437,66.37847342995163,44.09013526570043,57.45133333333327,40.4138405797101,40.404352657004786,23.412748792270506
752.0,87.42788660193838,112.66718788162679,114.8599917181038,101.2021838539978,118.29637171722051,108.60421524631843,,86.5455316947016,0.002646085229484098,63.6186865195821,78.85167967791189,61.44517056258604,32.23904256638367,31.275330673546446,0.0,1.3478692628975553e-05,86.77271497584533,70.5269661835748,66.37040096618351,44.07635748792266,57.474657004830846,40.42261835748788,40.40494685990333,23.361111111111086
754.0,87.407593487857,112.74808723615422,114.95896837625814,101.24840442757866,118.39180110172599,108.67780099301282,,86.4785517268614,0.005810905731687244,63.537863777132515,78.52850284900083,61.29824124541893,32.303978198136626,31.50223113652675,0.0,0.0,86.81380676328493,70.53807729468592,66.35366666666658,44.05564251207725,57.48535265700477,40.438942028985466,40.408115942028935,23.306652173913015
756.0,87.38758022080815,112.82074619352248,115.04784398359496,101.29355540558414,118.5140814321716,108.73781939701288,,86.41179207762082,0.003622244242437612,63.38598715418842,78.99164802220787,61.32365050104683,32.145837889765076,31.433191397092887,0.0,3.787578512214381e-05,86.85808695652165,70.56537198067626,66.32773429951683,44.026236714975795,57.48099999999994,40.462352657004786,40.411028985507194,23.25587439613524
758.0,87.36793218788416,112.89342382645563,115.13693771279407,101.343793120471,118.63586187588463,108.80557395671622,,86.3458493817262,0.0034113319712231536,63.47254890817004,78.7407608346161,61.2972705757227,32.2902963217554,31.388362725657284,0.0,0.0,86.90699516908204,70.6149468599033,66.29862318840573,43.99049758454102,57.464657004830855,40.49234299516903,40.415681159420245,23.214628019323648
760.0,87.348957102767,112.98085726983956,115.21529853556984,101.38994801278423,118.75226577749359,108.8726481699124,,86.280215302916,0.00045808310756758865,63.767191091496834,78.7639230147236,61.220766881280426,32.301760032771966,31.31486791127778,0.0,0.00041819944507721636,86.9620193236714,70.6880048309178,66.2717004830917,43.95128985507242,57.439415458937134,40.52957971014489,40.424067632850196,23.180903381642484
762.0,87.32924347699381,113.0550258704204,115.28216754512087,101.44462970790447,118.89743158048147,108.94112648600694,,86.21309801488856,0.0019183266932270915,63.63345258964143,78.93649800796813,61.6641,32.40925537848606,31.282063944223108,0.0,3.94422310756972e-05,87.0216956521738,70.77672946859894,66.24690338164244,43.912652173912996,57.40719323671491,40.57290338164247,40.43335748792266,23.152657004830893
764.0,87.30937197458191,113.13373352230812,115.35738375894678,101.49885640233295,119.04222508349623,109.0257179569175,,86.14596663300361,0.0024048,63.55742,78.6054752,61.7734688,32.509977199999994,31.2127216,0.0,0.0,87.0864347826086,70.87456038647335,66.22234299516902,43.87562318840575,57.37235265700477,40.62055072463764,40.444942028985466,23.135671497584514
766.0,87.288843559897,113.19357435419245,115.43466467843842,101.56532758362971,119.19918558373226,109.10550805426624,,86.07889913632668,0.0019186897734178314,63.35699132303151,78.98214199691813,61.52936050112857,32.379087866242735,31.28484450635906,0.0,8.304431808316694e-05,87.15304347826078,70.98711594202891,66.20152657004823,43.83946376811589,57.33442995169076,40.668932367149715,40.45960869565213,23.12728502415456
768.0,87.26806700376704,113.26459697054473,115.4981829403262,101.62156199525568,119.35089617813385,109.17553099902828,,86.01283093869064,0.0016060635857096032,63.42071262349581,78.88389660064615,60.954458884674814,32.25521470946294,31.38603568619188,0.0,0.0003597415367326872,87.21767632850232,71.11420772946852,66.18430917874389,43.80648309178739,57.29596135265694,40.71806280193231,40.47392270531396,23.12543961352654
770.0,87.24702100865781,113.34421413116566,115.544082244083,101.67483034047522,119.47497536422148,109.24946705502597,,85.94711744117288,0.0014188059649786883,63.73284825732765,78.64217343471275,61.418140994798236,32.28471129287396,31.435455820790818,0.0,0.0003458706433191256,87.28121739130425,71.24809661835741,66.16810144927528,43.777816425120726,57.26126086956515,40.76673429951686,40.48805314009657,23.129806763285
772.0,87.22520526815721,113.40984505658652,115.58385386684627,101.73258192033374,119.57240581579056,109.33198262157687,,85.88217666151971,0.002034192332839516,63.71805064518838,78.83175697845972,61.97868888955137,32.465176810768334,31.43520009608244,0.0,0.0,87.34383574879217,71.3836666666666,66.15509178743953,43.7534251207729,57.22914975845404,40.812516908212515,40.503342995169035,23.13748309178741
774.0,87.20338908767681,113.4943317218121,115.6484774050923,101.7972318076209,119.64009320676996,109.39800187732774,,85.81776329021788,0.0019285715279103062,63.546971410392416,78.88884281738522,61.377385735599425,32.43588570932981,31.320257147073526,0.0,8.571427467663263e-05,87.40742995169073,71.51770531400959,66.14803864734293,43.734492753623144,57.204400966183506,40.85598067632846,40.52053140096614,23.152642512077268
776.0,87.18187010463706,113.56180514574383,115.71877758389994,101.85522857305217,119.65827150234193,109.47025825710557,,85.75386318198979,0.0017,63.68543301860899,78.42502190564528,61.66676708999861,32.45275198643662,31.507083663020932,0.0,0.0004462925407560669,87.47080193236705,71.64341062801925,66.14852657004823,43.7228212560386,57.19108695652167,40.897695652173866,40.53735748792266,23.177536231884034
778.0,87.16025213582705,113.61270202182571,115.77438339449617,101.91906691678726,119.64509534868164,109.54131075672554,,85.69107650148646,0.0016647294030915467,63.711521247900116,78.51796682398613,61.47872504185652,32.209343512912994,31.55727205224812,0.0,0.0001,87.53570531400956,71.75944444444437,66.15822222222215,43.71903864734294,57.18835748792264,40.938280193236665,40.552164251207685,23.21076328502413
780.0,87.13829239011733,113.67565830709074,115.83127401770979,101.98052376116402,119.57619010006263,109.61349867134658,,85.62858113924618,0.0024049740405371386,63.50975233635165,78.44449532002787,61.539293806072955,32.49121093381378,31.50559251713277,0.0,0.0001,87.60628985507236,71.86755072463761,66.17461835748786,43.721376811594155,57.19643961352651,40.97479710144923,40.56507246376807,23.250922705313982
782.0,87.11675545112655,113.74012272665308,115.90202031221935,102.04226408405287,119.45169907977802,109.67958257245125,,85.56694743842445,0.003527897968144342,63.66158545351487,78.65241878014224,61.59342004641195,32.40222855119573,31.40039970124947,0.0,0.0,87.68070531400956,71.9653623188405,66.19638164251201,43.729241545893665,57.21658937198062,41.00313526570043,40.574932367149714,23.29661352657002
784.0,87.09518464371358,113.79519296205721,115.97168394349136,102.10223774217616,119.28043249349948,109.75287846749727,,85.50483402549796,0.0025,63.624067696502216,78.97517393716862,61.5466406390004,4.676362900574061,31.52567498732686,0.0,0.0001431119757771719,87.757149758454,72.0415120772946,66.22570048309171,43.74256038647338,57.249869565217324,41.02583574879222,40.585371980676285,23.342164251207702
786.0,87.07442825167178,113.85320064804594,116.05566599589153,102.16217088559685,119.04417571880651,109.8204132490223,,85.44285435428559,0.0026728395061728395,63.82857283950617,78.72987654320987,61.50962345679012,0.0008413580246913581,31.502275925925925,0.0,0.0001,87.83443961352647,72.09482608695645,66.25858454106273,43.75873429951686,57.29959420289849,41.043661835748736,40.59819323671493,23.381154589371953
788.0,87.05459641675418,113.89953694503252,116.11704551039489,102.23814240938593,118.77385981080626,109.89226134881748,,85.38151077225288,0.0017129870010301378,63.66531168342132,79.14182473855263,61.42855194340072,6.493500515068964e-06,31.51141558817602,0.0,0.00044805199587944833,87.90896135265692,72.12211111111104,66.29512077294679,43.77441545893715,57.365328502415394,41.05442512077289,40.61099033816421,23.412367149758428
790.0,87.03568610366672,113.97612298546905,116.17672887090235,102.2988004607355,118.43488533211436,109.98067137718355,,85.32063369431631,0.0015265204242300029,63.58980834473167,78.75983526597582,61.62287189079342,6.326021211500141e-05,31.4450093794004,0.0,8.673978788499859e-05,87.9758309178743,72.11746859903374,66.33402898550717,43.78728502415454,57.44471497584534,41.059637681159366,40.62257971014488,23.43677294685988
792.0,87.01747412284674,114.04258040696358,116.24885849507217,102.37137320613947,118.06259727230562,110.04812813335056,,85.26017355010282,0.002407883817427386,63.78386473029045,78.93448796680498,61.716744813278005,1.9917012448132778e-05,31.477666597510375,0.0,8.672199170124482e-05,88.03671980676319,72.09836714975837,66.3708357487922,43.797260869565164,57.53282125603858,41.05968599033811,40.63298550724633,23.457628019323646
794.0,87.00060644878053,114.11488585479303,116.3195644700251,102.44163831710529,117.663659687655,110.11612999607533,,85.20089058489911,0.001192,63.744046399999995,78.8593176,61.4359096,0.00015639999999999998,31.7074744,0.0,0.00036160000000000006,88.09507729468591,72.0678164251207,66.4038743961352,43.80532367149754,57.62386956521733,41.05505314009656,40.64223188405793,23.475140096618333
796.0,86.98448961100874,114.18584114774461,116.4061864012003,102.50641114128315,117.22557372556561,110.18059289950358,,85.14161844549822,0.001804278664551079,63.659169658903544,78.70743464146369,61.49037683882519,8.696516693111511e-05,31.592580053688682,0.0,8.696516693111511e-05,88.15078260869555,72.03149758454099,66.43245893719799,43.81235748792266,57.71723671497578,41.047541062801876,40.64973913043474,23.488357487922677
798.0,86.96902847356498,114.25879359139947,116.47837097648203,102.56724862421804,116.7682597852162,110.25603698230267,,85.08300543267954,0.0027,63.770767289254536,78.77586106124913,61.328935497716735,0.000303115278710419,31.473567289892546,0.0,0.00013395634654166,88.20806763285015,72.00274879227045,66.46058454106272,43.81797584541058,57.81083574879221,41.039700483091735,40.658579710144885,23.49825120772944
800.0,86.95450765151975,114.32895906416799,116.56283155904461,102.63910052350724,116.30365135952509,110.32003146222547,,85.02437108312708,0.002560000029681165,63.68236444453679,78.76565777132048,61.65506000418504,0.0003188888954847033,31.488704449627104,0.0,0.0001555555225764835,88.26891304347815,71.97669082125596,66.48857971014485,43.82112560386469,57.902371980676264,41.03243478260865,40.66947826086952,23.50230434782606
802.0,86.94010535901214,114.40759546167914,116.66059939313709,102.71412987638853,115.82986564923208,110.39362051094095,,84.96605479584889,0.0023581027920948614,63.87362875155731,78.93383543910198,61.747949522668776,5.726284901185771e-05,31.47059477324901,0.0,0.0001,88.32879227053131,71.96166183574871,66.5113285024154,43.823705314009615,57.98996135265694,41.024966183574826,40.679603864734254,23.503574879227028
804.0,86.92625836109687,114.46601557580932,116.72666780252453,102.76867442109167,115.36930519336715,110.47063700088964,,84.90760975147383,0.0027,63.29979259082926,79.02367926014959,61.62283595322277,2.1036565853658536e-05,31.55485302902114,0.0,1.4024377235772359e-05,88.38806763285014,71.96226086956513,66.53214492753617,43.82696135265696,58.07335265700477,41.01718357487918,40.68734782608691,23.50648792270529
806.0,86.9128363741747,114.54771246230005,116.80023836884722,102.83018213009875,114.91192581266752,110.55098567723032,,84.84929759232651,0.0032591550144585937,63.84582041512698,78.94666265904709,61.88144719443022,4.683096941082907e-05,31.579258445837706,0.0,6.690138487261295e-05,88.44894202898541,71.97810628019316,66.55799516908205,43.8321400966183,58.15519806763278,41.011420289855025,40.695927536231835,23.51083574879225
808.0,86.89939935935904,114.62806133875907,116.88242934051205,102.90007800425768,114.47587143840718,110.63081758797429,,84.79109541563888,0.0012540038000000001,63.884784934799995,79.4393479538,61.927521698,2.2412099999999988e-05,31.5458074344,0.0,1.4941400000000002e-05,88.51006280193228,72.00429468599026,66.5868937198067,43.839917874396086,58.23632367149752,41.00823188405792,40.706782608695605,23.512951690821232
810.0,86.88576023125985,114.69577104401573,116.97313155419859,102.9671323014841,114.07463666826914,110.71518147577687,,84.73310117631303,0.0017,63.85685872443486,78.77988257673029,61.76517385549543,0.00012603740414937758,31.667294600378423,0.0,0.0,88.56468115942019,72.02627053140088,66.61512560386466,43.84979710144923,58.317652173912975,41.00517391304343,40.71657487922701,23.510439613526543
812.0,86.87216162411902,114.77212451450505,117.05445239608542,103.02659947837141,113.69108761868624,110.79696594018563,,84.67543749042495,0.0010148554263701422,63.92783170688691,78.92164785499834,61.99316739930816,0.0004361914297943654,31.660703890306433,0.0,0.00013828514212338075,88.61325603864724,72.04795169082117,66.644420289855,43.86189855072459,58.396028985507186,41.002801932367106,40.725618357487875,23.503903381642484
814.0,86.85872495485363,114.84667557302015,117.13109718127048,103.07204299279955,113.31382579424505,110.88019263924636,,84.61793306454439,0.002474803048818898,63.84393737912441,79.48361554474332,61.730839489511816,2.1112214173228354e-05,31.546579632352756,0.0,0.0001,88.65919806763276,72.07229951690812,66.67650724637673,43.874516908212506,58.46477777777771,40.999797101449225,40.73300483091783,23.493294685990314
816.0,86.84508825288891,114.9185484689926,117.18228149818471,103.11592290809004,112.94923622547635,110.96058448633796,,84.56111828440064,0.0015387955262417706,63.93851264346931,79.31385029856982,61.93127040053515,4.274432017338252e-05,31.622501817385306,0.0,0.0004,88.70348792270521,72.1074927536231,66.70706763285017,43.88772463768111,58.525700483091725,40.99779227053135,40.73839613526565,23.4821835748792
818.0,86.83140937005722,114.99571005472062,117.25131742338033,103.17677514783279,112.59611846390425,111.03719547621043,,84.50440784291051,0.0019010955729083666,63.790227002568926,79.11349163497052,61.81115328991873,0.00015,31.53047031644303,0.0,0.000472211123505976,88.74715458937189,72.1471159420289,66.7384009661835,43.90276811594198,58.58059903381636,40.99837198067628,40.744454106280145,23.471792270531374
820.0,86.81750504953338,115.06631570641366,117.33195141053493,103.25229377386498,112.25391100710861,111.11104802530829,,84.44844921900088,0.0034116934193548385,64.14697558513548,79.18537097269677,61.76681937073548,0.00021396167741935483,31.72191291169032,0.0,0.0,88.7876570048308,72.18223188405788,66.77402898550717,43.919067632850194,58.63071980676322,41.00007246376807,40.75022222222218,23.460425120772918
822.0,86.8036751131959,115.13354406864299,117.42086548523669,103.32804098263989,111.92130363214015,111.18314885845427,,84.39262931303126,0.004515789640010083,63.73335740269978,79.20409043885262,62.00227894503986,1.770334424211869e-05,31.69024785103298,0.0,0.0007114832787894064,88.82793236714967,72.22187439613518,66.81029951690815,43.936647342995116,58.679231884057906,41.00381159420286,40.75474396135261,23.450086956521716
824.0,86.78994178050033,115.20118996812656,117.49317294871038,103.39435864044347,111.59861247740581,111.26766727251736,,84.33736376669908,0.002070212884606257,63.6401592085684,79.19904550401002,62.00243463233656,0.00013069907967098166,31.470604931358547,0.0,1.2867280219345561e-05,88.86791787439603,72.25430917874388,66.8430048309178,43.953086956521695,58.7240048309178,41.0092367149758,40.7576328502415,23.445893719806737
826.0,86.77528198457661,115.25488796234043,117.58011823024015,103.4633855045631,111.28530234436465,111.35317617926862,,84.2824786260724,0.0026720238222222225,63.98072529297778,78.74279789528889,61.51419254382222,0.0001360119111111111,31.616416519733335,0.0,4.1964266666666654e-05,88.91059903381633,72.28627536231876,66.87338164251202,43.96831400966179,58.763004830917815,41.018342995169036,40.75845410628014,23.44464251207727
828.0,86.76091299769257,115.3117216473171,117.66557831429702,103.53829300979267,110.98058974515557,111.43588274172852,,84.22775245147419,0.0018113523750508903,64.311374845307,79.21017944458863,61.708198029027315,0.0003221619062372774,31.730810266687325,0.0,1.3919046881361303e-05,88.95718357487912,72.33104830917866,66.90149275362312,43.98460386473425,58.79907246376805,41.0294251207729,40.75915458937193,23.44022705314007
830.0,86.74705745700317,115.37381437643967,117.75372811143818,103.61576689931944,110.68561154230824,111.50869881475138,,84.17348975544196,0.0023982599078138157,64.02298430914209,79.52212441183553,61.893390032378626,0.0005555270572556858,31.72516314627869,0.0,8.546570111625935e-05,89.00467149758444,72.38031400966175,66.92810144927529,44.0030096618357,58.83631884057965,41.04190338164246,40.76168115942024,23.430797101449247
832.0,86.73346806913288,115.4189825271659,117.82356610043566,103.69549553280626,110.39901002096192,111.58126280635672,,84.11879602959446,0.0018,63.85117341663492,79.52993135746031,61.69931715423492,0.00013397815873015872,31.596402723758732,0.0,0.00014077379047619046,89.05550724637672,72.41439613526562,66.95471980676321,44.02096618357483,58.87412560386467,41.059975845410584,40.7680289855072,23.415057971014463
834.0,86.72063978347487,115.47708708749784,117.89015219565682,103.7780937573205,110.12169254082256,111.65625187710634,,84.06452239568574,0.0026713444750717757,64.02531503129784,79.3930915589825,61.698546295661714,5.0147168624392925e-05,31.539266340741843,0.0,0.0001,89.1091352657004,72.43033816425113,66.97573429951683,44.03890821256034,58.91379710144921,41.08179227053135,40.777241545893666,23.39709661835746
836.0,86.70762660613782,115.5564890456013,117.94386182968584,103.85135141598532,109.85259945477078,111.74156453316743,,84.01128009305197,0.0024719300340593623,64.0241531645195,79.43212364002963,61.54694731059962,4.329205982527537e-05,31.752385892681836,0.0,0.0003597523589516522,89.16199999999989,72.44416908212553,66.99040579710137,44.057840579710096,58.95552657004824,41.104898550724585,40.78658454106275,23.380999999999972
838.0,86.69491415136561,115.61693058310996,117.99578788954385,103.93699795132025,109.59019837407948,111.82691070775265,,83.95793575683976,0.001973366816587461,63.970932363543646,78.96880411336657,61.872265528585935,0.0003021608070971943,31.80941708695689,0.0,0.0,89.21476811594194,72.46137198067625,66.99977294685982,44.07571980676324,58.99595169082119,41.12984057971009,40.79449758454102,23.36607729468596
840.0,86.68235930904854,115.66281854327549,118.05686162920703,104.02735463078787,109.33345893440807,111.8862179492966,,83.90539968990255,0.0023894895707527505,64.12689670677335,79.12240210276236,61.91194657614669,5.690690182795311e-05,31.60751682548151,0.0,0.0,89.26993236714966,72.49580676328495,67.00604830917868,44.09228019323667,59.03414009661829,41.155942028985464,40.80359420289851,23.353512077294656
842.0,86.67073380829594,115.73235355651138,118.10716750862261,104.1081977801144,109.08288400253598,111.94796445197473,,83.85353515817464,0.00171381444436263,64.03520556446277,79.4595882411562,62.10860426601511,6.907222181315009e-06,31.71145813396346,0.0,8.618555563736999e-05,89.3258115942028,72.54875845410619,67.01022222222215,44.11025603864729,59.072159420289786,41.18252657004826,40.815265700483046,23.346376811594176
844.0,86.65868757100296,115.78879100820102,118.161071021386,104.18356255527928,108.83837143316559,112.01221578562513,,83.80115752510964,0.00110108796222442,63.58246194365568,78.9891269538425,61.93120701045118,0.0003211177250787371,31.65181586296325,0.0,0.0,89.38139130434774,72.61267149758446,67.01388888888881,44.13182608695647,59.112077294685925,41.208917874396086,40.82912560386469,23.33936231884055
846.0,86.64669527286436,115.84856419009886,118.19783501137859,104.25473707745546,108.60116090033965,112.07306128779615,,83.74927061906511,0.001713173651011749,63.95504071590059,79.2486622752623,62.04184432013486,0.0,31.718382334827005,0.0,0.00013952095303524753,89.43570531400957,72.68316908212552,67.01803864734292,44.15261352657,59.15113526570042,41.23383574879222,40.8430096618357,23.32471497584539
848.0,86.63438107016296,115.91931435366932,118.24486758528933,104.33217876046568,108.36924568581021,112.13324195035055,,83.6975614061653,0.0011016360701335205,64.27528321797193,79.29276281359668,61.69052926595282,0.0004346625263427368,31.596927419219316,0.0,0.0001,89.48843961352647,72.7479999999999,67.02000966183567,44.171942028985455,59.19201932367143,41.25844444444439,40.85535748792265,23.302966183574853
850.0,86.62247873607048,115.96511227077747,118.27867269269542,104.39762557543101,108.14169001566188,112.21739870758425,,83.64606322374738,0.0017132602121150014,64.06733150530287,79.26972462196613,61.982639274174964,0.00010663010605750071,31.68897486069951,0.0,0.0001,89.53810628019315,72.81108695652165,67.01886956521732,44.191613526569995,59.236241545893655,41.280338164251155,40.866386473429905,23.282932367149733
852.0,86.61054873573399,116.01942734273874,118.29580982122464,104.4560204786003,107.92026874811826,112.29866979028606,,83.59444703735606,0.002352485096141245,64.06438806935515,79.4808767357044,61.85778886478745,0.000132803185088278,31.73872852542709,0.0,8.687872596468879e-05,89.58442512077285,72.87563768115933,67.01901932367142,44.21047826086952,59.282966183574814,41.29836714975841,40.876265700483046,23.265507246376785
854.0,86.59897196226746,116.0854548374714,118.3252168532506,104.51490820707161,107.70491554734939,112.36897653994609,,83.54357786921454,0.0033639175437304683,64.23109484212851,79.25361174984423,61.864003295115445,2.72164912539063e-05,31.93299155093225,0.0,1.360824562695315e-05,89.62889371980667,72.94187439613518,67.02358937198059,44.22683091787435,59.33323188405791,41.31442995169078,40.88694202898546,23.247932367149733
856.0,86.58706849332253,116.15339759697747,118.35273247952786,104.57071247608395,107.49312583009254,112.44471647019479,,83.49272846456539,0.003064512806105726,64.38001461815799,79.66290615723182,61.85026033618954,0.00015670974387788547,31.623100838132697,0.0,1.341948775577094e-05,89.671149758454,72.99797101449266,67.0302318840579,44.240188405797056,59.38325120772941,41.32559903381638,40.899758454106234,23.229178743961327
858.0,86.57609315517796,116.21499729702946,118.38315244340913,104.61096464370647,107.28631916567531,112.52854000362785,,83.44255752821975,0.001960696661377698,64.06688398257569,79.60964654289172,61.93657760524594,8.696516693111511e-05,31.80554960232117,0.0,8.696516693111511e-05,89.70957487922696,73.03862801932358,67.04077294685983,44.251893719806716,59.43158454106273,41.33194685990334,40.91185024154584,23.212946859903358
860.0,86.56442054995509,116.28346643869314,118.41301047036718,104.64245513119775,107.08425769075515,112.61273627304986,,83.39198386834504,0.0017,64.09679557738382,79.38240638826431,62.03049527586691,0.00035,31.79073267438122,0.0,0.0004306269078310726,89.74920289855062,73.08318357487914,67.05637198067626,44.26089371980672,59.476043478260806,41.33654589371976,40.919734299516854,23.20288888888886
862.0,86.55348815313114,116.3357411318682,118.44660230776617,104.67116982001455,106.88649796419325,112.68919170015761,,83.34172235122703,0.006120833066666668,64.36955446559999,79.52977291573333,62.04446152177778,0.00035,31.790035764711114,0.0,0.0,89.79032367149749,73.13289371980667,67.07814009661828,44.266135265700434,59.5185169082125,41.33946859903377,40.927135265700436,23.19721256038645
864.0,86.54206798748197,116.40638245674334,118.47366219917082,104.72026204801573,106.69391343474948,112.77074438751424,,83.29223512707782,0.0015270377699196475,63.961046522421114,79.26190676333592,62.169941559889736,0.00030268390264061675,31.691694630896905,0.0,0.0002594433451205286,89.82787922705305,73.19165217391297,67.106536231884,44.27078743961347,59.56444927536225,41.339613526570005,40.93595169082121,23.19834782608693
866.0,86.53079126838712,116.4806306769925,118.5172720544785,104.77194883423907,106.5063047776753,112.83217733976815,,83.24287153066219,0.0017,64.35070165289257,79.0519958677686,61.91115785123967,0.00017644628099173552,31.73820826446281,0.0,8.677685950413224e-05,89.86103381642502,73.2459855072463,67.14257487922698,44.275019323671444,59.61388888888882,41.33770531400962,40.944478260869516,23.20386473429949
868.0,86.5196647401665,116.54290382812216,118.56584711894655,104.81870964519067,106.32199401709204,112.91628347991477,,83.19416358705048,0.001233665572292444,64.55030397748425,78.95899246248479,61.884623309100036,0.00018665337710830227,31.877954167444354,0.0,0.0,89.8900772946859,73.28783091787432,67.18417391304341,44.27722222222217,59.66393236714969,41.33386473429947,40.95223188405792,23.211285024154567
870.0,86.50849507265158,116.59739821627521,118.62341847589558,104.86138256281978,106.14246495733238,112.99756587390898,,83.1455310721205,0.000986991057033339,64.30938916288767,79.27017289341504,61.9627547852422,0.0,31.757343453887206,0.0,0.00034796422813335593,89.9212995169081,73.33446376811587,67.23094685990331,44.27578743961348,59.71289855072457,41.328212560386426,40.96055555555551,23.227782608695627
872.0,86.49746728742343,116.66613208065569,118.6790821599883,104.89694161351947,105.96654897367885,113.0836524572116,,83.09683218997505,0.0016869653229445636,64.1225267844597,79.44736350990645,62.37221854428266,0.0004298880038957887,31.598628658017585,0.0,0.0001,89.95499033816415,73.38582608695644,67.28602898550717,44.27393236714971,59.763946859903314,41.323299516908165,40.96839613526566,23.2539758454106
874.0,86.48619605756846,116.72108567225337,118.75638553719833,104.94482092764459,105.7947112429208,113.16642957558315,,83.04885525782878,0.001827254556825067,64.44062524149416,79.34647494406734,61.9869055061027,5.6362727841253345e-05,31.738389475554055,0.0,8.727454431749332e-05,89.9890917874395,73.44164251207722,67.34768115942022,44.27492270531396,59.81668115942023,41.32050241545889,40.97592270531396,23.28032367149756
876.0,86.47580677516426,116.77245504291275,118.82750242580748,105.00436072445356,105.62689484025653,113.23531942487587,,83.00117488642705,0.0028399015951195055,64.43168675660378,79.48919442742262,61.940134536945216,3.497539877987635e-05,31.74397065034589,0.0,8.600984048804947e-05,90.02764251207721,73.49413526570041,67.41356038647335,44.276072463768074,59.871454106280126,41.319420289855024,40.985748792270485,23.304570048309152
878.0,86.46533951738428,116.84545881906288,118.88297685140486,105.04714791484815,105.46256809246755,113.31536982282893,,82.95323436006598,0.001225025838260958,64.28371665170025,79.63189783043323,61.97359741363244,0.0,31.777014479168432,0.0,0.0001,90.07052173913033,73.53027053140089,67.48194202898544,44.27596618357484,59.928811594202834,41.32087439613522,40.99631400966179,23.327507246376786
880.0,86.45515385249952,116.90843730176076,118.94462203354455,105.0922140954127,105.30246147737802,113.38932174160793,,82.90574519267724,0.0017071785151949901,64.18189711761374,79.2864717779033,62.1466541594127,0.00030358925759749503,31.792245873206245,0.0,0.00034695915153999435,90.11465700483082,73.53448792270524,67.54810144927528,44.274410628019275,59.98284057971008,41.32568599033812,41.00488405797097,23.344565217391278
882.0,86.44483424125127,116.97833312426368,119.00730769916957,105.1455207882171,105.14512603496676,113.48043420761566,,82.85840622961285,0.0010820563612903226,64.41099001852903,80.02489661966452,62.30841432041291,1.3004025806451608e-05,31.91754677295484,0.0,0.0,90.16002415458927,73.51939130434775,67.60791787439607,44.27486473429947,60.03626570048303,41.33285024154585,41.01294685990333,23.356082125603837
884.0,86.43425495958164,117.05469993483268,119.07239693455693,105.1932702875548,104.99022268470051,113.56052037282325,,82.81139989243883,0.002672484576921945,64.54164786836661,79.34481790180955,62.34379116111492,0.00012936343269145852,31.82525092262493,0.0,0.00035872686538291715,90.20599516908204,73.50479710144918,67.66270048309171,44.276613526569996,60.08962318840573,41.34131400966179,41.02016425120768,23.365492753623162
886.0,86.42443856778533,117.10666771049563,119.14551887126126,105.2427477384359,104.8381956805646,113.63397665386624,,82.76428188326076,0.0023692614298747874,64.48018263068326,79.54023833065538,62.02815789457144,4.575849954382441e-05,31.903682682279257,0.0,8.692614298747875e-05,90.2525458937197,73.48954106280185,67.71563285024148,44.27960869565212,60.13403864734293,41.35297584541058,41.0268019323671,23.36785024154587
888.0,86.4146131295224,117.18379660647314,119.24265563996603,105.29408169342729,104.68812080455112,113.69741944752316,,82.71768588205967,0.0019169998848,64.295540047616,79.60158393640961,62.244023032371196,6.499993600000002e-05,31.8128419918848,0.0,8.70000128e-05,90.29842995169072,73.48349275362311,67.76521739130428,44.28507246376807,60.17053140096611,41.3678599033816,41.0349516908212,23.364304347826064
890.0,86.40547268936733,117.27298051934841,119.35824798918406,105.34796856471279,104.54109206474432,113.75907521982462,,82.67115111511941,0.002018000128,64.49632898918401,80.0201978678784,62.3366906034176,0.000310249984,31.8460764641792,0.0,0.0,90.34479710144917,73.48630917874388,67.80710144927528,44.29310144927531,60.19974396135259,41.38349758454101,41.04310144927531,23.35605314009659
892.0,86.39623203689048,117.36068535635536,119.4774730688476,105.40162460011705,104.39706924476145,113.83165293527345,,82.62462805708314,0.0010252917789883268,64.22860466846382,79.27982390987704,61.93990210664592,0.00015,31.955887843075487,0.0,0.0001409532513618677,90.39097101449265,73.48365700483085,67.84434782608687,44.30328502415454,60.21833816425114,41.40092753623183,41.04973913043473,23.335864734299488
894.0,86.3870912177058,117.4401453666551,119.5917552787375,105.45780636344111,104.25583908571095,113.8967730407801,,82.57896390599744,0.0028472745512641935,64.52016997546053,79.30230346673243,62.004686495453655,0.0001565906810919758,31.78686094362012,0.0,1.318136218395162e-05,90.43444927536223,73.47599516908204,67.87416425120766,44.30860869565212,60.22377294685983,41.422265700483045,41.05330434782604,23.303111111111086
896.0,86.37797371560546,117.52467650240936,119.68914929013009,105.51118929661729,104.11672490208282,113.97215455614412,,82.53316034796096,0.0014574337899710033,64.30735854566954,79.61739145204939,61.927964239741165,8.564155250724921e-05,31.98732770091115,0.0,8.564155250724921e-05,90.47572946859894,73.47614492753615,67.89150724637673,44.30866183574874,60.214811594202835,41.4458792270531,41.055188405797054,23.26130917874394
898.0,86.36941919013839,117.58493272558209,119.74858244109207,105.55608750252297,103.97945938417112,114.04458828889868,,82.48779709602464,0.0015284023632785972,64.50373018027548,79.44517869686422,62.22743669140996,4.289940918035072e-05,31.983826927586346,0.0,8.579881836070144e-05,90.51286473429943,73.49201932367141,67.89685990338157,44.30414492753618,60.19082125603858,41.4693864734299,41.05856038647338,23.215739130434756
900.0,86.3604597737444,117.66843530771514,119.76312142310968,105.60389324746927,103.84500226874357,114.10690118694698,,82.44248114557679,0.0012992025460129978,64.38695323554117,79.40433771262612,62.386253515380034,5.712861689308926e-05,31.831083196765977,0.0,8.57427662138215e-05,90.54628985507237,73.52264251207721,67.89196135265692,44.29626570048304,60.15412077294679,41.49508695652169,41.06481159420285,23.168028985507217
902.0,86.35245608625856,117.75847261783326,119.73069539515473,105.66095212912941,103.71296789391141,114.16263430463732,,82.39734423350205,0.003412586828152187,64.45871665456438,79.68593824411897,62.38365084738796,5.718532929619532e-05,31.838877057501815,0.0,1.4370658592390638e-05,90.58431400966174,73.55818357487915,67.88042512077287,44.28857971014487,60.11120289855066,41.52578743961348,41.07115942028981,23.118550724637654
904.0,86.34389032469059,117.87151769846804,119.64546577379471,105.72378048123923,103.5826574737059,114.2262751204117,,82.3520605833675,0.001842572337861785,64.45703977027384,79.90773269561346,62.1585730804404,8.57427662138215e-05,31.92564896294483,0.0,0.000157028935144714,90.62691304347817,73.59497101449267,67.86353140096611,44.280990338164194,60.06251207729461,41.55942028985503,41.07847342995164,23.071850241545867
906.0,86.33633775974911,117.96192506511282,119.49821387796858,105.78841391931208,103.45563406770123,114.27886000997763,,82.30704284591748,0.00183916502764724,64.1698268406873,79.71688568122602,62.28850576435222,0.000220874754147086,31.964782103536493,0.0,0.0001,90.66633333333324,73.63303381642504,67.84205314009654,44.2721787439613,60.010922705313945,41.596917874396084,41.086415458937154,23.032473429951665
908.0,86.32815493178956,118.0529835126547,119.27981261638482,105.85121340067957,103.33149223293596,114.33245402968197,,82.26147793612986,0.0018372963014506583,64.41854410690736,79.65307211276566,62.321124525338476,9.141898115933386e-05,31.647449488061394,0.0,8.283796231866771e-05,90.70147342995158,73.67920289855066,67.81685990338156,44.2601594202898,59.95869082125597,41.6379903381642,41.0922173913043,22.997743961352633
910.0,86.31973925441842,118.15148132142262,118.98181047354115,105.91304204780258,103.20914679201745,114.37190023623948,,82.21653800347704,0.002407692301790517,64.53523186537826,0.0006,62.10242527745696,8.681318597007384e-05,31.78972967107962,0.0,0.0,90.73113526570039,73.73023188405789,67.79196618357479,44.24828019323667,59.90985024154583,41.679299516908166,41.09914492753619,22.96676328502413
912.0,86.31112076267796,118.25225829072812,118.60575524079249,105.99881710817247,103.08956690458872,114.41477168908253,,82.17216415354721,0.0033137725973681562,64.46474818983451,0.0001,62.38883442198922,0.0003113772597368156,32.02243218957697,0.0,0.00043562876622802604,90.7582463768115,73.77811111111104,67.76670531400958,44.24101449275357,59.86900483091781,41.72168115942025,41.108067632850194,22.946410628019297
914.0,86.30295644238993,118.32513505076301,118.16363790771995,106.07685049737115,102.97298333783391,114.45072358816243,,82.12829856863844,0.0008091787248430549,64.5667028973262,0.0001,62.19638792375108,0.00013864734060538186,31.969172948691913,0.0,0.0001,90.7875120772946,73.83049758454099,67.74055555555547,44.23735748792266,59.83528019323665,41.76470048309174,41.11625120772942,22.938086956521712
916.0,86.29475533451632,118.41267596399204,117.65412074359331,106.16445824221366,102.85839442631155,114.48382393550312,,82.08488690773642,0.002363253179116466,64.4694746906217,0.00017771080481927717,61.93010208938153,0.0,31.847784487016867,0.0,0.0002611445975903614,90.82068599033806,73.88902898550717,67.71674396135258,44.2362560386473,59.81075362318834,41.807256038647296,41.123961352656956,22.945048309178716
918.0,86.28670235161805,118.48289386214839,117.07934891289857,106.24887556566637,102.74711067296984,114.50749621452978,,82.04124765984857,0.0023976,64.461112,0.0006232,62.1618008,4.36e-05,31.8489072,0.0,0.0001,90.85661835748783,73.94759903381633,67.69742028985499,44.23960869565212,59.80045410628013,41.850594202898506,41.13263768115938,22.968265700483066
920.0,86.27816471946939,118.57278978242621,116.44139209504613,106.33329415394302,102.63767973831443,114.52496320240563,,81.99771554531455,0.0018629912783262948,64.51073718534452,0.0012488973834978883,62.27413093256178,5.814956391631474e-05,31.952968220085427,0.0,0.0,90.89120772946849,74.0007391304347,67.68183091787432,44.24804347826082,59.805140096618295,41.89408695652169,41.1406714975845,22.99736231884055
922.0,86.26959983523496,118.64369587890272,115.75633407919298,106.43665035763065,102.53067829367713,114.54413763197844,,81.95516572831971,0.00360447752829882,64.34085671883972,8.656716037721911e-05,62.30341641089597,2.6865679245561772e-05,31.832070150405702,0.0,0.0,90.92457487922695,74.03797584541054,67.6686666666666,44.26214009661831,59.823091787439544,41.936439613526524,41.15005797101445,23.030454106280164
924.0,86.26123288976447,118.7065257143045,115.025615195713,106.5230674371027,102.42562160514883,114.56069456974485,,81.91257405456408,0.0016095190713611633,64.7210478133416,0.0006353707652579739,62.15179178393802,0.00030475953568058175,31.958968436388737,0.0,5.17033877936209e-05,90.96166666666657,74.06426086956513,67.66023671497577,44.281222222222176,59.855507246376746,41.980531400966136,41.15974396135261,23.06683091787437
926.0,86.25278743299646,118.78358803385862,114.2514998371308,106.59801148858594,102.3223764156552,114.58742726356998,,81.87029707011314,0.0023884058472869816,64.57465362635726,0.00011594202181614551,62.4402058255208,0.0002376811199888003,31.835514485641617,0.0,0.0001,91.00082608695642,74.08374879227044,67.65397584541054,44.30456521739125,59.9004396135265,42.02558937198063,41.168024154589325,23.097241545893695
928.0,86.24449841908404,118.85523810059323,113.4770616342373,106.68105309814536,102.22089734224177,114.61227966971754,,81.82823202007306,0.0018948207171314742,64.70708964143427,0.00018645418326693227,62.07955896414342,6.772908366533867e-06,31.9661687250996,0.0,8.645418326693227e-05,91.03801449275352,74.08113043478252,67.64844444444437,44.331999999999944,59.955797101449214,42.069618357487876,41.1773671497584,23.122560386473406
930.0,86.23632102850202,118.91738793526065,112.6951951543528,106.76348463128437,102.12036325989489,114.6500674336028,,81.78616233265035,0.0034423728977947504,64.67337796799822,0.0004457627153252106,62.35306610284563,4.7457624090440733e-05,32.05785932415493,0.0,8.644067883130266e-05,91.0746231884057,74.06694202898542,67.64266183574871,44.36330917874391,60.02234299516902,42.11240096618353,41.18901932367145,23.146565217391277
932.0,86.22873126900267,118.97027231426667,111.93478449000823,106.83386217908368,102.02146536511758,114.6729842332005,,81.7443698061762,0.0026654976081593867,64.784229184435,0.0004,62.33941925566367,0.0001741232061195401,31.894586267675525,0.0,0.0,91.11082125603855,74.05537198067624,67.63848792270525,44.39822705314004,60.09704347826081,42.154893719806715,41.20122705314005,23.16697101449273
934.0,86.22162079481677,119.0200840877915,111.21108814568586,106.91740692713546,101.92453744461542,114.70471560684692,,81.70268406614623,0.001833802769745226,64.82490705560815,0.001039436676305729,62.42799225831691,2.6760553949045175e-05,31.944691183670493,0.0,1.3380276974522587e-05,91.14617391304338,74.03910144927528,67.64063768115935,44.436439613526524,60.174859903381574,42.198053140096576,41.21345893719802,23.177826086956497
936.0,86.21453146452515,119.09802194115603,110.52696835088234,107.00170151197068,101.82858847660711,114.73652330485875,,81.66136835037652,0.0016030876047808764,64.66740377551554,0.001,62.50859215140717,2.7689255776892442e-05,31.791478393166535,0.0,0.0001,91.18085024154578,74.02132850241539,67.64642512077288,44.47698067632845,60.25600483091781,42.237391304347774,41.22578743961348,23.17968599033814
938.0,86.20754597537649,119.16790659390362,109.86912321437396,107.06504960441276,101.73526973161975,114.7780886767226,,81.61989622744139,0.001193657136564972,64.6940809641534,0.0001,62.44248712535577,0.00043310204531073426,31.842465366724465,0.0,6.689795468926575e-05,91.21806763285014,74.00782608695644,67.65663768115935,44.51945410628014,60.33754589371974,42.27442028985502,41.237062801932325,23.1771835748792
940.0,86.20045114152806,119.22180887407096,109.23215804995675,107.13095344042307,101.64327196744753,114.83339099425976,,81.5788794688785,0.002746497335911179,64.38210127048747,0.00018954322071847886,62.18905130101254,0.0009592892245852476,31.922177831976708,0.0,1.2791888674068405e-05,91.25688405797091,74.00274396135256,67.67558454106273,44.56285990338159,60.414676328502345,42.31487439613522,41.24853140096614,23.16882125603862
942.0,86.19321662957323,119.29021801061084,108.61608721812894,107.18248411660493,101.55255135194466,114.88209233317282,,81.5379399469933,0.0016372277781833225,64.6675960510094,0.00035930694454583065,62.49909791803538,0.00015425740727222586,31.94271791057336,0.0,8.643564818194354e-05,91.29340579710136,74.00626570048301,67.69849275362313,44.603816425120726,60.48314492753616,42.358536231884,41.26143961352653,23.154275362318813
944.0,86.18609846449898,119.38083662705867,108.01820334214274,107.22676842071616,101.46421566181817,114.93337389129626,,81.49677892442729,0.0018654762666666664,64.48314850506667,0.00044484124444444447,62.55141526862222,0.00011205360000000003,31.737565773333333,0.0,1.3789688888888892e-05,91.3261690821255,74.01764734299509,67.72303381642504,44.64203864734294,60.54046376811587,42.40350724637677,41.2758599033816,23.13687439613524
946.0,86.17885872199103,119.46108869898664,107.4414855340493,107.27388547024482,101.37702833374294,114.97636549841,,81.45574378273199,0.0037,64.84564767320515,8.501528301832632e-05,62.47587618547449,0.0005299694339633474,31.868576912830296,0.0,0.0001,91.35548792270521,74.04733816425112,67.74935748792264,44.67554589371976,60.58773429951684,42.45042995169077,41.29191304347821,23.117028985507222
948.0,86.17141652936408,119.5498696970097,106.8816579599418,107.33860923108364,101.29091416012136,115.0408577785813,,81.41459185504416,0.0016383085302007422,64.79230527332014,0.00015532341208029688,62.4964003861652,0.0004308457348996289,31.97210711943687,0.0,8.616914697992578e-05,91.38223188405787,74.08194202898542,67.77591787439606,44.70493236714971,60.626043478260804,42.49704347826082,41.30794202898546,23.09528019323669
950.0,86.16474603759534,119.62928262974802,106.33915334802992,107.409088058891,101.20556061222837,115.09562971193074,,81.37389081716003,0.0029534602754478015,64.80023120645336,0.0001,62.71752017698665,0.0002,31.951781632473846,0.0,8.665998550274732e-05,91.41087439613516,74.09847826086948,67.80252173913036,44.72731884057966,60.65830434782601,42.54178743961348,41.32168599033812,23.074710144927508
952.0,86.1580437718018,119.69068733004504,105.81422167519449,107.46601112348581,101.12223914119333,115.15127959639625,,81.3337148756745,0.0018,64.79898400155017,0.0003556923106007099,62.64680246568681,7.384614899881689e-05,32.09415599914299,0.0,0.0003556923106007099,91.43985507246366,74.11492270531393,67.82789855072456,44.73870048309173,60.683222222222156,42.585594202898506,41.33448792270527,23.05611594202896
954.0,86.15176193420648,119.71234104708273,105.30114716673133,107.51462959079579,101.04008542853582,115.20256777197032,,81.29324596675977,0.0027,64.59850199880293,6.670007248626345e-05,62.46659679858756,0.0005632899057678575,32.01725437332506,0.0,1.3340014497252688e-05,91.46457971014483,74.13843478260861,67.85271497584534,44.740516908212506,60.70072463768109,42.6258405797101,41.34707246376807,23.037391304347803
956.0,86.1447430571769,119.70191142262505,104.80324326054581,107.56308378125551,100.95955592863861,115.25380699201165,,81.25277369506777,0.002050694323809524,64.71926318209525,0.0003187499428571429,62.6593062512,0.0,31.962895137904763,0.0,6.597219047619046e-05,91.4888840579709,74.15415942028977,67.876574879227,44.734207729468544,60.711946859903314,42.660555555555504,41.35773429951686,23.018922705313987
958.0,86.13799544748507,119.6487125098267,104.3200842626838,107.62314290354209,100.88039356442331,115.28500483794554,,81.21266995535174,0.0028010235022164834,64.9037368460798,0.00011443192888806905,62.54393735509272,0.0,32.02231556928167,0.0,1.4431928888069039e-05,91.51481159420281,74.14072946859895,67.89744927536225,44.723690821255985,60.72167632850235,42.69081642512073,41.36594202898546,23.002971014492726
960.0,86.13189058637339,119.53936880604071,103.84914686739367,107.69752339843481,100.80276475968024,115.32928403364905,,81.17268666142316,0.0007760676368735562,64.93705163664578,0.0001690169092183891,62.75081994333935,8.619661815632219e-05,32.04070149036733,0.0,0.00012760676368735562,91.54328019323661,74.09878260869557,67.91045410628011,44.711806763284976,60.73419323671491,42.717748792270484,41.37354589371976,22.99432367149756
962.0,86.12567226170366,119.38227311784752,103.39205291639414,107.75390723772287,100.72741323256503,115.37543585804441,,81.13313712908555,0.003397527080670887,64.89624232953402,1.3748769060414228e-05,62.36632888171054,8.625123093958577e-05,31.90661883956043,0.0,0.0001,91.57347826086946,74.06479227053131,67.9126280193236,44.69611111111106,60.745444444444374,42.73830434782603,41.38057004830913,22.994309178743933
964.0,86.1194484666326,119.18180664294346,102.94772708713253,107.81864585139274,100.65321312161316,115.38952423489144,,81.09338348109621,0.0018,65.10023351700814,0.0,62.75816735326179,0.00018506096910569106,31.86317822141138,0.0,1.4939030894308945e-05,91.6040386473429,74.03096618357479,67.90471014492746,44.67547826086951,60.75874396135259,42.75308695652169,41.388260869565165,22.997748792270507
966.0,86.11339492236081,118.91829228962176,102.51466845628755,107.87740217668724,100.57980719784608,115.42036041243365,,81.0533699440288,0.0011469182914568006,0.0007314115857064443,0.0001,62.39420652293681,0.00039801189000548894,31.880045118224427,0.0,0.0,91.63299033816415,73.98271497584533,67.88386956521731,44.652483091787396,60.77694685990331,42.76635265700478,41.39669082125599,22.999478260869537
968.0,86.10695451250956,118.61653527524663,102.09367207285777,107.95089425862717,100.50687929222157,115.43821980209452,,81.0137697447399,0.0018949152481808815,0.0001,5.4237284674789414e-05,62.996340678984446,8.644067883130266e-05,32.0532559329081,0.0,8.644067883130266e-05,91.66380676328492,73.94022705314002,67.84848309178736,44.62674879227048,60.79644927536226,42.77697584541058,41.404154589371934,22.998473429951666
970.0,86.10101455618653,118.25112559222745,101.68388158849797,108.02921589662347,100.43497036308659,115.46044776882368,,80.97487019812591,0.001812863070539419,1.4107883817427387e-05,0.0002,62.752079668049795,6.410788381742738e-05,32.10455580912863,0.0,0.0,91.69823188405786,73.90178260869557,67.80475362318832,44.60343961352652,60.818666666666594,42.786323671497534,41.411995169082076,22.996043478260844
972.0,86.0952505009664,117.84954095694242,101.28606270783418,108.08705056779279,100.36405766840122,115.48353689705687,,80.9358401331556,0.0009133802769745226,0.0,0.00018661972302547742,62.40453520103472,0.00012676055394904515,32.12603908727746,0.0,0.0001,91.73393236714965,73.85825120772938,67.75650241545887,44.58365700483087,60.843381642512014,42.79646376811589,41.420381642512034,22.98860869565215
974.0,86.089832649968,117.41583042458191,100.90035646163267,108.1550634792719,100.2940610456042,115.50859466028237,,80.89679374346504,0.0017859578727194621,0.0,7.021063640268881e-05,62.608050551837955,9.212638184161329e-05,32.04264623947017,0.0,8.595787271946224e-05,91.76749758454096,73.83107246376802,67.70221739130427,44.56326570048304,60.86936231884051,42.803512077294634,41.429531400966134,22.97554106280191
976.0,86.0847300015699,116.94192918714397,100.52511107979109,108.226070856695,100.22481345827532,115.53278184142955,,80.85814021215717,0.0025304526748971194,8.477366255144033e-05,0.0009477366255144034,62.31772633744856,0.00030432098765432097,32.01606995884774,0.0,0.0,91.79434299516898,73.82042028985498,67.64353140096611,44.54192753623183,60.89557004830911,42.80785507246372,41.43971014492749,22.962816425120746
978.0,86.07977424746738,116.43555320304431,100.15939321959812,108.2916800859699,100.1571532444412,115.56133541161275,,80.81988379954124,0.0018106468241605937,0.0,1.3830853020074223e-05,62.83336406674239,0.00022074627953011134,32.04968590411691,0.0,0.0,91.81526570048298,73.8302318840579,67.57977777777771,44.51883091787434,60.92054106280186,42.81048309178739,41.44818357487918,22.946140096618333
980.0,86.07536069949502,115.91059888633951,99.8052696264426,108.35863066043852,100.09016764332264,115.58621972268706,,80.78175074384718,0.002376504820007168,3.0873794998208e-05,0.0001,62.86568407446567,0.00039631069249731197,32.12429718581472,0.0,8.4563102500896e-05,91.8333961352656,73.85805314009654,67.51342028985499,44.493864734299464,60.946004830917815,42.81176811594198,41.4552173913043,22.919946859903355
982.0,86.07052314611875,115.39072830107172,99.46027108472845,108.43127500443326,100.0241807469368,115.6122518411171,,80.74354345049197,0.0016892578999999999,0.0001,0.0011892578999999999,62.758510549,4.208985e-05,32.208026291950006,0.0,0.0001,91.84876811594192,73.88220772946853,67.45005314009654,44.46757004830913,60.96778743961346,42.814478260869514,41.4610289855072,22.8875603864734
984.0,86.06583618495388,114.87802940479438,99.12439945596162,108.49126158428295,99.95938501628916,115.65456062815609,,80.70550347753351,0.003772127863952231,0.00020229770883821517,0.0005,62.66521478692921,0.00035,32.08001358636331,0.0,8.721278639522311e-05,91.86376328502406,73.91049758454099,67.38931884057963,44.442314009661786,60.98236714975838,42.81895169082121,41.46578743961348,22.85758937198065
986.0,86.0610638230605,114.35954797903615,98.79666906482906,108.53986177840551,99.8953475145645,115.68868889855297,,80.66768457015836,0.0016648111504017622,0.00012703776991964755,0.00032166996463841403,62.960784494545116,0.0001067594424799119,32.00215725630127,0.0,0.0001,91.88193719806755,73.95359903381635,67.33268599033809,44.41985990338159,60.990396135265634,42.827956521739075,41.47266183574874,22.836816425120745
988.0,86.05670637269097,113.8674121830156,98.47576790697772,108.59490239988794,99.83166462455385,115.7221984716859,,80.63011538311432,0.002530754311086507,0.0001,0.0003323017244346028,62.72983984906896,0.0009392165955321816,32.1647251886638,0.0,6.769827556539722e-05,91.90141545893711,74.0143623188405,67.28335265700476,44.39954106280189,60.992444444444374,42.84308695652168,41.483043478260825,22.82426086956519
990.0,86.05253371721426,113.42136065294156,98.16174836564439,108.64430800338945,99.77007444459167,115.75757836142827,,80.59279248568103,0.0017871385881661106,1.2861411833889405e-05,2.572282366777881e-05,62.42002550919252,0.00031141576449833177,32.029388283441826,0.0,1.2861411833889405e-05,91.9203381642511,74.08237681159412,67.24011594202891,44.38126086956517,60.987826086956446,42.86050724637676,41.493545893719755,22.818449275362294
992.0,86.04790616590421,112.98703397704877,97.8556083564641,108.69393863682615,99.70950845143003,115.78507024138283,,80.55536600029815,0.0025557957210787306,1.394893026968264e-05,0.0005860510697303173,62.797299826030674,4.302553486515868e-05,32.01450197650584,0.0,8.605106973031737e-05,91.93867149758444,74.16480193236707,67.20332367149751,44.36488888888885,60.97463285024147,42.879333333333285,41.50260869565213,22.814956521739106
994.0,86.04320010292571,112.56025726767375,97.55667369456111,108.74735135668202,99.6492520429819,115.81811224216254,,80.5186594640386,0.0017,0.0006585074409397773,0.0004308457348996289,63.01417203045712,0.00030850744093977733,32.082199345162145,0.0,8.616914697992578e-05,91.9564154589371,74.25808695652167,67.17542995169075,44.34786473429947,60.956434782608625,42.900362318840536,41.51289371980671,22.80996135265698
996.0,86.03896727860673,112.16017411927085,97.26514337972213,108.81171426101149,99.58910727865842,115.86757228004049,,80.48209122694416,0.002526982503679835,8.558187530665292e-05,0.00014325437408004127,63.05813738725521,7.209062346673544e-06,31.828531872999754,0.0,0.00044232750122661166,91.97422222222212,74.32601449275354,67.15677294685982,44.327009661835696,60.93450241545887,42.92242028985502,41.52223671497579,22.806246376811565
998.0,86.0350926468661,111.77662642969838,96.97937489069496,108.8676989294601,99.53069370255315,115.90299360646996,,80.44611998296384,0.002566666564776139,2.666668704477222e-05,2.666668704477222e-05,62.943766633399406,0.0006133332671044903,32.227703311594986,0.0,0.0,91.99339613526561,74.3680628019323,67.15044927536225,44.30152657004826,60.90968115942022,42.94718840579705,41.52907729468595,22.8059758454106
1000.0,86.0310209086534,111.40045377691006,96.69920981943535,108.91519931692095,99.47357408338789,115.93646201326985,,80.41021467788538,0.001836999936,0.00013699993600000004,1.3699993600000001e-05,62.8052917003776,0.000134249984,32.0744880418304,0.0,0.0001,92.01528985507237,74.4187391304347,67.16058454106272,44.27422222222217,60.88178743961346,42.9780289855072,41.53485507246372,22.806487922705287
1002.0,86.02664350842095,111.04452126601892,96.4252564611934,108.95292355129783,99.41699491725329,115.96721782784837,,80.3739094919125,0.0025664006785148124,0.0,0.0001133599321485188,62.49735342658403,0.00015,32.02903575131656,0.0,8.664006785148121e-05,92.03949275362308,74.46571497584533,67.186381642512,44.24611111111106,60.84895652173906,43.0115555555555,41.53978743961348,22.806294685990313
1004.0,86.022034654706,110.69657132229754,96.15863572497912,108.99824992238383,99.36153550681378,115.98942821619198,,80.33754057125398,0.001278663996575777,1.276171404112692e-05,0.0005744765719177461,62.92912961562483,0.0004361914297943654,32.140580957965724,0.0,0.0,92.06259420289845,74.48174396135256,67.22212077294678,44.215811594202854,60.81180193236708,43.04728502415454,41.544695652173864,22.80379710144925
1006.0,86.01777629113784,110.36420251961101,95.89769249718275,109.0476197063708,99.30694258939424,116.01794523970887,,80.30097006322096,0.0025321429333333336,0.001462202488888889,0.0004860119111111111,62.795132138666666,1.3988088888888892e-05,32.04277380302222,0.0,1.3988088888888892e-05,92.0841690821255,74.4806038647342,67.26311111111103,44.183719806763236,60.772748792270455,43.08946376811589,41.548574879227004,22.79963285024152
1008.0,86.01371887322405,110.04679383358273,95.64212565216545,109.09169765451033,99.25246818766188,116.05528159481516,,80.26455484064552,0.0019199379570247934,0.0017601240859504133,0.0001,62.669687378195036,0.0007367252628099173,31.945324894995043,0.0,0.0002199379570247934,92.10674396135256,74.49698067632842,67.30864251207721,44.15196135265696,60.735999999999926,43.13563768115937,41.5521980676328,22.79969082125601
1010.0,86.00940319425548,109.74246083752577,95.39233627968459,109.14558804386093,99.19943654095681,116.07451049576024,,80.22833348509249,0.0016449850048034964,0.00017249250240174824,0.0,62.8406557980452,0.00011449850048034966,32.008589708403996,0.0,0.0,92.1334154589371,74.5370628019323,67.3589855072463,44.12196135265696,60.70267632850235,43.183304347826045,41.559338164251166,22.806729468599006
1012.0,86.00498157373815,109.4491302908606,95.14755617402587,109.20859304912474,99.14679494923587,116.077759769918,,80.19216033472456,0.0027525202322580644,0.0003,6.703625806451615e-05,62.962220257419354,0.00017681450322580642,32.017325042980644,0.0,8.659274838709679e-05,92.16612077294675,74.57016908212552,67.41304347826079,44.09566666666662,60.67624637681152,43.23473913043473,41.56833816425116,22.818647342995142
1014.0,86.00035224522314,109.16930699847914,94.90810583602202,109.26912883083173,99.09487126708291,116.09172316360512,,80.15597469173105,0.0017864529415377577,0.0,0.0004322647076887887,62.933885623655144,0.00017709411692448448,32.08670676799625,0.0,0.0,92.20206763285015,74.61003381642503,67.46840096618351,44.07375362318836,60.65830434782602,43.29099516908207,41.57754106280189,22.836391304347803
1016.0,85.996137471751,108.89920875435168,94.67341517086295,109.32670948177237,99.04350654086302,116.09228728041721,,80.12004305070478,0.0034305719328532615,0.00011380670785725702,0.0010309664607137151,62.866360160638756,6.903353928628506e-06,32.1038310657554,0.0,8.619329214274299e-05,92.23671980676319,74.66714009661827,67.52619806763278,44.058676328502365,60.64736231884051,43.35134782608691,41.58706763285019,22.857956521739105
1018.0,85.99168927891532,108.63848882079502,94.44423978081898,109.38131577265473,98.99284426817529,116.0998542750896,,80.08445946690607,0.0027265734154852134,0.00021958036968346023,0.0001,63.080194397001044,0.00043356646128696655,32.06670069660904,0.0,0.0001,92.2673188405796,74.71319806763277,67.58878260869557,44.052285024154536,60.644280193236646,43.41391304347821,41.596990338164204,22.875338164251186
1020.0,85.98717085687618,108.39727600624798,94.22075502509372,109.43299855880583,98.94328223789492,116.12149496238372,,80.04807265113152,0.0012079056153881738,0.00012772074871842315,0.0001,62.88371323335842,0.0003014886897427595,31.89265334429525,0.0,0.0001,92.29280193236704,74.74737198067625,67.65250241545887,44.049777777777734,60.64620289855066,43.475028985507194,41.60855555555551,22.885294685990317
1022.0,85.98296275083317,108.15925655804777,94.0027377117609,109.50313625344538,98.89433311945555,116.1405249224839,,80.01222757762004,0.0017133534072289157,0.000259939778313253,0.00037329318554216867,62.78871234544579,0.0002501505542168674,32.005604562544576,0.0,8.664659277108434e-05,92.3119613526569,74.79377294685982,67.71127536231876,44.046874396135216,60.65073429951684,43.53408212560382,41.62118357487918,22.89169565217389
1024.0,85.97850071529473,107.92413540303676,93.78883897717063,109.56937432069695,98.84660922688745,116.17518970907673,,79.97665924055384,0.0018622266195178854,0.00041351888495982377,5.4075539839295126e-05,62.90269999653917,0.00018648111504017623,32.099822068749475,0.0,0.0,92.32831884057961,74.839304347826,67.76314492753616,44.0445942028985,60.65890338164244,43.59050724637677,41.63429468599029,22.898932367149733
1026.0,85.9740056643451,107.69206866791339,93.5794152987898,109.6213974026646,98.79989657163699,116.21527129550007,,79.9412887781716,0.0012103656585365854,0.002101829359349594,0.00034024377235772373,62.70567374860488,9.298781138211382e-05,32.074338717528455,0.0,8.597562276422764e-05,92.34539613526559,74.87275362318833,67.80600966183567,44.04263768115938,60.67216425120766,43.64139130434778,41.64730917874392,22.90291787439611
1028.0,85.96974943930002,107.46320615006218,93.37455633992856,109.68067236676606,98.75385058363136,116.24212364247475,,79.90623201957877,0.002672727263324152,0.0006909090532966073,0.00015454547335169635,62.88229545023412,6.818184168962043e-05,32.05188636451085,0.0,0.0,92.36319323671489,74.8947777777777,67.83822705314003,44.04003864734295,60.69065217391297,43.68752173913039,41.66147342995165,22.90316908212558
1030.0,85.96540822060324,107.23625077462428,93.1724051540098,109.74312420553869,98.70776644883043,116.2824582001565,,79.87139961804044,0.0026720558917932595,0.00012794410820674064,0.00017205589179325933,62.92939739761471,8.602794589662967e-05,32.254919165199944,0.0,8.602794589662967e-05,92.38245893719797,74.90212560386465,67.86348792270523,44.03821256038642,60.71018357487916,43.72916425120768,41.67563768115938,22.907681159420264
1032.0,85.96161058959643,107.01034001625858,92.97430213800675,109.80485434454391,98.66292562452175,116.32361936610215,,79.83694915732431,0.002557290693484812,0.001557290693484812,0.0003142709306515188,62.816793460297355,0.0003214581386969624,32.07028122242274,0.0,1.4270930651518803e-05,92.40408695652164,74.90646859903373,67.8812125603864,44.03917874396131,60.73313043478254,43.76485507246372,41.69170048309174,22.920371980676304
1034.0,85.95781032082742,106.78636880845941,92.78010780368592,109.86325728138299,98.61781449173863,116.36863612489444,,79.8027157216551,0.002556175273306773,0.00022808763665338648,0.0004297809083665339,63.034562153408764,7.021909163346616e-06,32.08231952110916,0.0,0.0003438247266932271,92.42728985507236,74.91036714975837,67.89142512077288,44.04256038647338,60.7630241545893,43.79379710144923,41.71344927536227,22.937526570048284
1036.0,85.95408448062112,106.56338557107229,92.58891271496078,109.92477910045861,98.57309466234994,116.42233301414663,,79.76838179030615,0.001183832324620222,4.1916162310111006e-05,8.602794589662967e-05,62.875363673911224,0.00015588821641348131,32.09154929956416,0.0,8.602794589662967e-05,92.44955072463758,74.91642995169073,67.89840579710139,44.04798067632846,60.79672946859896,43.81462318840575,41.73511594202894,22.953748792270506
1038.0,85.94997601969166,106.34141587027952,92.40188144330857,109.9870903040712,98.53060877665224,116.47266308300534,,79.73422424715814,0.003421878113262536,0.00011452077689189716,0.0009363988901544328,63.08932325144307,0.0007691191121235461,32.10760571725108,0.0,0.0001,92.46835265700473,74.93528019323664,67.90286473429944,44.057458937198014,60.83468115942023,43.82657004830912,41.75280676328497,22.96481642512075
1040.0,85.94559093082675,106.11954215605428,92.21802705888359,110.05387228705202,98.48732920138617,116.51478433731172,,79.69979126425841,0.0017866204090621468,0.0005739346821920908,8.662040906214686e-05,63.04400565625566,9.331020453107343e-05,32.041485436110875,0.0,0.0,92.48352657004821,74.95791787439605,67.90616425120767,44.06936231884053,60.876628019323604,43.83187439613521,41.76745410628015,22.969980676328476
1042.0,85.94187708488418,105.89669067592602,92.03704101141277,110.12943092875348,98.44440182009197,116.55992123512571,,79.66597573587741,0.0025,0.0003,0.00034605391703042027,63.109308612341806,9.045956222718481e-05,32.017986321722205,0.0,0.0001,92.49725120772936,74.95316908212553,67.91271497584535,44.07835748792265,60.92044444444438,43.83337681159414,41.77937198067629,22.972570048309155
1044.0,85.93806364234264,105.67386306160297,91.85982404704853,110.20978288902761,98.40258066922172,116.61558411003492,,79.63219713457902,0.002668278533907493,6.344293218501419e-05,0.00018413926695374646,62.813511216809445,0.00013413926695374646,32.15360793036652,0.0,0.0,92.51048309178734,74.91869082125595,67.92454589371972,44.083188405797046,60.96517874396128,43.832743961352605,41.785826086956476,22.972198067632824
1046.0,85.93434451102574,105.4418652618692,91.68527672218748,110.26657277833726,98.36120623697975,116.66306959762588,,79.59857629968843,0.003640653010292164,0.0,0.0001,62.94449077751595,0.0,32.2460411334092,0.0,1.3649841563570312e-05,92.52178260869555,74.88217874396128,67.94190821256032,44.08850241545889,61.00744927536224,43.83169082125599,41.78703381642507,22.970256038647314
1048.0,85.93065969758142,105.21579255057317,91.51461216956095,110.3242707307296,98.32017222759349,116.7148088033798,,79.56512089336852,0.0017,0.00025697330458840205,0.0,63.08843580931719,9.282888409806701e-05,32.011276055715335,0.0,8.565776819613402e-05,92.53214009661825,74.85399999999991,67.96505314009653,44.09285024154585,61.04325603864727,43.833202898550674,41.78676811594199,22.966309178743934
1050.0,85.9265237164361,105.0079479825482,91.34684260226811,110.3878776086079,98.27978820779661,116.76356071520273,,79.53130011005794,0.0035338136919923885,0.0,0.00033352547679695537,63.0913745605579,0.0,31.97062468065166,0.0,0.0001,92.54376811594194,74.82061835748785,67.99175362318834,44.093560386473385,61.06975845410621,43.83671014492749,41.783927536231836,22.959922705313982
1052.0,85.92308237945812,104.81072550506043,91.18134947190026,110.46029574772108,98.23896562056284,116.8136358110211,,79.49765067969767,0.0017136409236439508,1.3640923643950969e-05,0.0002,63.25636950528832,0.0003704613854659264,32.16869368113901,0.0,0.000413640923643951,92.55284541062792,74.79514975845403,68.02085990338156,44.09156521739125,61.08767149758447,43.84291304347821,41.780410628019276,22.953710144927513
1054.0,85.91974699251003,104.62313570585309,91.01741866097697,110.53534930139338,98.19921874896698,116.8664437205602,,79.46414361898626,0.0024675649491500136,0.0,0.0005863273499500007,63.159310290332655,5e-05,32.225864678663754,0.0,0.0001,92.5609806763284,74.79566183574872,68.05712560386466,44.08840096618352,61.100091787439545,43.85560869565212,41.77689371980672,22.954033816425095
1056.0,85.91658487610552,104.44350101467889,90.85626010443065,110.61308441371668,98.16001246808851,116.91013786675279,,79.4312668839782,0.0017132397200073641,0.0,0.00011323972000736417,63.195254765490375,0.00032352055998527163,32.178886408594515,0.0,0.0001,92.57159420289845,74.81579227053132,68.1058743961352,44.08747826086952,61.11137198067626,43.87203864734295,41.774053140096576,22.963275362318814
1058.0,85.91287820693805,104.27265360828801,90.69796353908589,110.69355891366111,98.12156230100119,116.95213336901222,,79.3983974141608,0.0010065607244137448,1.33200905517181e-05,0.00023320090551718102,63.26946280961745,8.66799094482819e-05,32.21287038019303,0.0,0.0001,92.58632850241537,74.84101932367142,68.16404830917868,44.089304347826044,61.12173913043472,43.89193719806758,41.775613526570005,22.976231884057942
1060.0,85.90917791201214,104.1095802828603,90.54191256220057,110.75240724267057,98.08345370584327,116.97203736294564,,79.36565788862784,0.0027273453000999986,8.63273499500008e-05,0.00014101795014999764,62.990764763920446,0.0003226546999000016,32.11061950993623,0.0,1.3672650049999213e-05,92.60261835748783,74.86718840579702,68.22808212560379,44.09148309178739,61.12969082125597,43.91691304347822,41.77747342995164,22.989685990338142
1062.0,85.90591466435409,103.9560651042743,90.38804480083338,110.81313768200495,98.04583377588258,116.99675125470942,,79.33274721664807,0.0032728357305627257,0.0,0.0005152238203751507,63.21785231660851,0.0001788059550937877,32.20046442510053,0.0,1.4129363270808208e-05,92.61542028985497,74.89497584541054,68.29568115942021,44.09166666666662,61.13799516908206,43.94562318840574,41.77975362318836,23.001705314009634
1064.0,85.90314997227475,103.8111605465039,90.23634804071888,110.87179749104303,98.00800598535882,117.02925302518135,,79.29983778472146,0.0024529768070731426,0.00036074670364501634,0.00014117053215447622,63.317468518356826,0.0001725529785636825,32.29887830424681,0.0,8.627648928184125e-05,92.62681642512067,74.90919806763277,68.36337681159412,44.09233333333328,61.1458164251207,43.97799516908208,41.785574879227006,23.00735748792268
1066.0,85.8998876183253,103.67554490888203,90.08811394549609,110.93255894313917,97.97156573465469,117.06069327380368,,79.2671135086343,0.001837587137005713,0.00018624128629942868,0.00014127614110171394,63.044189833607625,0.00035,31.956547056433333,0.0,0.0001,92.64244444444434,74.91066183574871,68.428304347826,44.09169082125599,61.1492705314009,44.0121787439613,41.793835748792226,23.001043478260844
1068.0,85.89665024833961,103.54799025780369,89.9416178584885,110.98748814741873,97.93599903237686,117.09392972856725,,79.23456649210901,0.0025693468371000934,0.0002130653162899907,1.3065316289990678e-05,63.012698474651366,0.0003173367092750233,32.04708893863666,0.0,1.3065316289990678e-05,92.6625458937197,74.90959903381635,68.48937681159413,44.08907246376806,61.14920289855066,44.04571980676324,41.805260869565174,22.986101449275335
1070.0,85.89301187651532,103.41294010452874,89.79740828653,111.04566496554038,97.9007581158617,117.13317735027215,,79.20234661699222,0.0006769632121224468,0.0,5.4450219114599046e-05,63.43513040047522,9.083766433594929e-05,32.12817251910484,0.0,8.638744522135024e-05,92.68563285024143,74.90724637681151,68.54790338164244,44.09038164251202,61.149966183574804,44.080386473429904,41.81997101449271,22.9694106280193
1072.0,85.88923796933753,103.28010458000749,89.65547750052795,111.07697185022799,97.86596118934192,117.1702336904678,,79.1698460655835,0.00043992028232555253,0.0001,0.00016536928506260637,63.063023057472506,5.653692850626063e-05,32.156493214544575,0.0,1.3073857012521257e-05,92.71453623188395,74.90817874396127,68.60341545893712,44.094869565217344,61.155246376811526,44.11189855072459,41.83748309178739,22.952405797101424
1074.0,85.88582510522802,103.14933215830786,89.51549865886078,111.10164394247109,97.83165422131252,117.18490025770737,,79.13769895880618,0.0027,0.00011271444196395128,0.0002,62.93625505446264,4.450054687382949e-05,32.17455334566921,0.0,5.085776785580512e-05,92.74430917874386,74.90283091787431,68.65431884057963,44.1000096618357,61.1638550724637,44.13897584541058,41.85731400966179,22.933487922705286
1076.0,85.88214570206897,103.02128987701992,89.37765885123187,111.13920513255172,97.79792603225668,117.19376009347368,,79.10576989996163,0.0017,8.670103577085833e-05,0.00018670103577085834,63.300274437842404,0.0,32.215404687624535,0.0,0.00043350517885429166,92.77122705314,74.88856521739123,68.70033816425114,44.104497584541015,61.17512560386467,44.16456038647338,41.87898067632846,22.91707246376809
1078.0,85.87830476266645,102.89348778187218,89.24167285739487,111.17158932296962,97.7642732383608,117.21200904879235,,79.07387333495075,0.0023961039917588965,0.0005610389969095862,0.00020389600824110345,63.53386885679242,8.701299896986207e-05,32.117692208904195,0.0,0.00012597400206027583,92.7975652173912,74.87020772946852,68.74012077294678,44.106410628019276,61.19069082125597,44.186816425120725,41.90077777777773,22.905797101449252
1080.0,85.87422558101265,102.76655657798598,89.10805490833282,111.20190323097826,97.7323577766845,117.22260858574924,,79.04210515592781,0.0020394002432,0.0001,0.0016731997696,63.0329354381312,5.63000064e-05,32.0964328137984,0.0,8.73999872e-05,92.82132850241535,74.84922222222214,68.77245893719798,44.107429951690776,61.21208695652167,44.20460869565213,41.92460386473425,22.89452173913041
1082.0,85.8701260380867,102.64034726803612,88.97625371669182,111.23730032080132,97.69924865472184,117.24845124166814,,79.01028048005166,0.002081153228817116,8.661175100870875e-05,0.0001472707389042037,63.36208591783532,0.00030314112853048063,32.22579413983983,0.0,0.0003598352530261263,92.84229951690811,74.83168115942021,68.79813043478254,44.1086328502415,61.240801932367084,44.214454106280144,41.95175362318837,22.880550724637654
1084.0,85.86576552638205,102.51482416311202,88.84676285755214,111.25901085508154,97.66704552277687,117.2534100290302,,78.97877059738592,0.0025830816214674965,0.0001,8.700906905194403e-05,63.211655885602795,8.897279284416792e-05,32.20957854895169,0.0,0.0,92.86143478260858,74.80039130434774,68.81632850241539,44.10992270531396,61.27894202898544,44.21591787439609,41.975661835748745,22.864188405797076
1086.0,85.86175447458079,102.38826037842627,88.7195716600078,111.28144309170287,97.63596398782872,117.2403661618478,,78.94690637495476,0.0027404000768,8.67000064e-05,0.0005202000383999999,63.0423346900224,6.649996800000001e-06,32.1572209469824,0.0,8.67000064e-05,92.87846859903371,74.75691304347818,68.82409178743954,44.113077294685944,61.32993236714969,44.213439613526525,41.99576328502411,22.846946859903355
1088.0,85.85770293309007,102.25971451129317,88.59349301025772,111.30665742460442,97.60438221729177,117.22795819843392,,78.91551248266362,0.0012263156921405618,0.0013003096834053867,8.668731222702579e-05,63.38245017795832,6.65634388648711e-05,32.033154326321025,0.0,1.3312687772974216e-05,92.89678743961343,74.6982898550724,68.82357487922698,44.117541062801884,61.38829468599027,44.20733333333329,42.01142995169077,22.831594202898525
1090.0,85.85394094796732,102.12994912226848,88.47063672098177,111.33089549741126,97.5740673219221,117.21729266018136,,78.88486729128253,0.0026482447565573364,0.00012587762172133177,6.469405430332948e-05,62.92800219512953,4.528583801233064e-05,32.161394989794665,0.0,1.2938810860665895e-05,92.91499999999989,74.61259903381635,68.81727053140088,44.12225120772943,61.446821256038575,44.19805797101444,42.02258937198063,22.817946859903355
1092.0,85.84971539104774,101.9984060663544,88.3510443230151,111.35335310570623,97.5443768751091,117.21716458214459,,78.85409886507428,0.0017600397283448457,0.0001,0.0002,63.17048922896677,6.66004527585905e-06,32.07303569224835,0.0,0.0003467196377931276,92.92871497584531,74.52553623188398,68.80200966183567,44.12684541062797,61.506130434782534,44.1862173913043,42.032169082125556,22.804043478260844
1094.0,85.84615331151619,101.86356097626346,88.23194106069971,111.37445009401638,97.51450094533546,117.21147301987388,,78.8231031571687,0.0011044560438802484,8.694299451496898e-05,0.0010216579670898139,63.32061989148786,0.00030430048080239136,32.19846418579282,0.0,0.0001,92.93954106280184,74.4457971014492,68.7737391304347,44.131661835748744,61.56314009661829,44.17256038647338,42.04009661835743,22.791526570048283
1096.0,85.8422925823172,101.7410947826672,88.11362388473972,111.40191711309383,97.48570775495412,117.21347360708263,,78.79275702105734,0.002092246558059204,8.6083497235276e-05,0.00044433398894110396,63.290399407281036,9.174950829417203e-05,32.309696022265896,0.0,0.0001,92.95026086956513,74.36104830917867,68.73285507246369,44.1334830917874,61.61406763285018,44.15798067632846,42.04695169082121,22.77832367149756
1098.0,85.83863005669346,101.6208050977712,87.99544312517222,111.43876337374661,97.45680505459787,117.21886297122767,,78.76221062197031,0.0023920820911825626,0.00018465298480290624,0.0,62.95784368028973,5e-05,32.102766574201354,0.0,1.5347015197093767e-05,92.9600386473429,74.2770386473429,68.6835507246376,44.131536231884006,61.66046376811587,44.140468599033774,42.05214009661831,22.76582125603862
1100.0,85.83507927663149,101.50172603805579,87.87837863973479,111.46741916858149,97.42846379646903,117.23701655810743,,78.73206179993275,0.0022677126477732793,0.0009606275886639676,1.5485823481781376e-05,63.1757923956081,0.00030354252955465584,32.17727486308016,0.0,7.742911740890688e-05,92.96681642512068,74.2188357487922,68.62838647342988,44.126874396135214,61.70443478260862,44.121111111111055,42.05751207729464,22.760657004830893
1102.0,85.83123498780174,101.38478561768724,87.76318524064155,111.49959029155532,97.40069551292288,117.25080677310252,,78.70204964715059,0.004217753095879043,0.0001406218770316947,0.0004458374972910738,63.06918816966968,2.708125135446312e-05,32.22314201716664,0.0,0.0004322968716138422,92.9745507246376,74.18636231884051,68.57194202898543,44.118154589371926,61.74386473429945,44.102265700483045,42.06314009661831,22.763289855072436
1104.0,85.82769763877715,101.26917599704673,87.65000751599085,111.53209811327768,97.37285617315436,117.25530000664223,,78.67252988236953,0.0017592407566347735,0.00044565434217969823,0.0005456543421796982,63.31209330609827,1.358641445507545e-05,32.23609505546582,0.0,0.0001,92.98542028985497,74.16039613526563,68.51416425120766,44.10463768115937,61.77724154589365,44.08273429951686,42.069144927536186,22.770429951690797
1106.0,85.82366288424787,101.15511537531385,87.53857189580839,111.56964826484818,97.34438846329607,117.26084379754333,,78.64279866532807,0.0026719587591863105,0.0001981443428479133,0.0001,63.15715072458566,0.0001,32.188656804375334,0.0,0.0,92.99930434782598,74.13361835748785,68.45211111111104,44.08553623188401,61.80483091787433,44.0613671497584,42.074473429951645,22.77981642512075
1108.0,85.82020792701651,101.04274150378987,87.42820713322519,111.60158068548505,97.31683425851455,117.25058394649183,,78.61310392735203,0.0018,2.610439867743581e-05,0.0002130521993387179,63.41941107472734,8.69478006612821e-05,32.18673925925507,0.0,1.3052199338717905e-05,93.01317874396125,74.11648309178736,68.38650724637674,44.061188405797054,61.825628019323595,44.0388405797101,42.078072463768066,22.793821256038623
1110.0,85.81684522832595,100.93128281798693,87.31976544180814,111.63795870786329,97.28994696128976,117.26455754981207,,78.58314635988138,0.0017,0.0001742195350957203,2.578046490427971e-05,63.317365456909755,6.445116226069927e-06,32.075157754402916,0.0,0.0,93.02467149758445,74.11261352656996,68.3168550724637,44.03243961352653,61.84218357487916,44.01583091787435,42.083111111111066,22.812845410627993
1112.0,85.81308305739866,100.8220079672573,87.21256526592191,111.66635083677176,97.26351533844779,117.29793033932748,,78.55317938356998,0.001978688524590164,0.00017213114754098362,0.0005303278688524589,63.37697459016393,0.00012909836065573769,32.070861885245904,0.0,0.0001,93.03806280193227,74.12631884057961,68.2432125603864,44.00246859903376,61.85395169082119,43.99179227053135,42.08975845410623,22.837826086956497
1114.0,85.80924943860279,100.71451617149827,87.10660379849192,111.6912377000953,97.23787214616418,117.32417194283629,,78.52353361000678,0.0024072289156626507,0.0002,0.00011325301204819277,63.42380481927711,2.650602409638555e-05,32.1805686746988,0.0,0.0001,93.05402898550714,74.15423188405788,68.16674879227045,43.97318357487918,61.86151207729461,43.96795652173908,42.09518357487918,22.866096618357464
1116.0,85.80524563242334,100.60661137798364,87.00128455736613,111.72096071155514,97.21152475832325,117.3516364356288,,78.49401780799658,0.0018,5.3731358491123544e-05,0.0002537313584911235,63.118726884528996,5e-05,32.27478955031125,0.0,0.0002731343207544382,93.0696425120772,74.18027053140088,68.09518840579703,43.94949275362314,61.87022222222215,43.94550724637676,42.10138164251203,22.896898550724607
1118.0,85.80107129701975,100.50007708422358,86.89818954857449,111.74968645469801,97.1862298135741,117.37208110431321,,78.46400644014155,0.001786536477634465,2.6927044731069758e-05,0.00011346352236553488,63.403292910799124,6.7317611827674395e-06,32.24619152536018,0.0,8.653647763446513e-05,93.08497584541054,74.20979227053131,68.03382608695644,43.93452657004826,61.88121739130428,43.92557971014488,42.11034782608691,22.932048309178718
1120.0,85.79699040885029,100.39529267760479,86.79627719536677,111.7718907485355,97.16117825605781,117.37795354189754,,78.43405849586952,0.0012832168375847823,0.00012617383394068318,8.691308302965841e-05,63.58828449271986,0.0001934565415148292,32.12675235932982,0.0,1.3086916970341597e-05,93.10005314009652,74.24656038647335,67.97830434782601,43.924207729468556,61.896903381642446,43.90743478260865,42.120473429951645,22.96933333333331
1122.0,85.79302585103952,100.29220729982217,86.69647358217603,111.81452459024551,97.13653600869297,117.38882957258143,,78.4045958349003,0.0028547999232000003,3.869998079999999e-05,0.00018710000640000002,63.3121756837888,0.0003306500096,32.123705383014396,0.0,0.0012323000832,93.11302415458927,74.27825120772937,67.92782125603857,43.91807729468594,61.91673429951684,43.893285024154544,42.131371980676285,23.008560386473402
1124.0,85.78870941911784,100.1912106704908,86.59833255342244,111.8568020854798,97.11201964793563,117.40142332399977,,78.3750624204223,0.002231281990151746,0.0007312819901517463,0.0002,63.109546796849436,0.00031564099507587316,32.139801185581874,0.0,1.374360196965074e-05,93.12621256038638,74.31758454106273,67.88625603864726,43.91562801932362,61.9408164251207,43.88529468599029,42.14265700483088,23.047903381642488
1126.0,85.78418185906885,100.09121870251727,86.50153461419961,111.89562221901818,97.08829390668343,117.42269964457438,,78.34580545914996,0.000557142777874741,0.0,0.00022857141415904384,63.811085747232426,0.00043571431814215137,32.235242858785874,0.0,1.4285707079521918e-05,93.14071980676319,74.36381642512069,67.85491304347818,43.91752657004826,61.97352657004824,43.878927536231835,42.15271980676324,23.082028985507222
1128.0,85.7799478503361,99.99323823625956,86.40582052798175,111.94080581189833,97.064999076099,117.45645810598597,,78.3165927961846,0.0025,0.00016703081202584712,0.00017318767518966117,63.04336605582579,0.0007793445383534751,32.155068568642314,0.0,8.659383759483059e-05,93.15586956521729,74.39732850241536,67.83495169082119,43.92748792270527,62.01385990338158,43.87499516908208,42.16355555555551,23.10804830917872
1130.0,85.77588978112657,99.89623192717504,86.31142958119713,111.98727041503598,97.04060103251591,117.48047906509575,,78.28751959680928,0.001927113359454134,0.00034350517357594043,0.00027061853303007443,63.44362072935201,0.0001358762933939851,32.12559551115817,0.0,0.0,93.17225603864723,74.43029468599025,67.82616425120764,43.94327536231879,62.060859903381576,43.87543478260865,42.17715942028981,23.124850241545868
1132.0,85.77161907523409,99.79995414896382,86.21873605677398,112.0196442226437,97.01676577629456,117.50875425688982,,78.25867555386817,0.0025,0.0,2.715558864019592e-05,63.403670954375166,0.0004388999255595592,32.30952552908784,0.0,0.0001,93.1869033816424,74.45965700483083,67.82694202898543,43.960922705313955,62.11357004830911,43.88096135265695,42.190096618357444,23.12943478260867
1134.0,85.76777852984135,99.70477493417557,86.12669550016803,112.05694657725721,96.99346651678523,117.53350418020335,,78.2297176577881,0.0011215140462151395,5.5378511553784884e-05,0.00012460165099601592,63.04631626352191,0.00017231074422310757,32.1636794810263,0.0,0.0001,93.19743961352647,74.49836231884049,67.83849758454097,43.98011594202894,62.1697777777777,43.89111594202893,42.201328502415414,23.123531400966158
1136.0,85.76417019239864,99.61032081907345,86.03659015937517,112.09371803245182,96.9702987550482,117.56477695757835,,78.20135803416501,0.0018147575120397912,0.0011991743539303654,0.0001,63.21209155353398,9.303406701492172e-05,32.26244592929699,0.0,0.0003569659329850783,93.20749275362309,74.54676811594194,67.86007246376803,43.99931884057966,62.22718840579703,43.902439613526525,42.2115942028985,23.107550724637655
1138.0,85.76063861992111,99.51747213693946,85.9480605355629,112.1373450248307,96.94728024527127,117.59438650234611,,78.17285260672654,0.0019297136160924694,0.0005135242559383537,0.0,63.49387258965118,5.044418403596031e-05,32.13369756846737,0.0,8.558737598972563e-05,93.21703864734289,74.57328985507239,67.88654106280185,44.01634299516903,62.28341062801925,43.915695652173866,42.22101449275358,23.08118840579708
1140.0,85.75687543724467,99.42605042114886,85.86021200776423,112.18339064703872,96.92448391964402,117.62089501743661,,78.14436599976248,0.001930860582813969,2.908012951421535e-05,0.0005145400647571076,63.66952697771382,0.00011454006475710767,32.26764168422921,0.0,1.4540064757107676e-05,93.22300483091779,74.58227536231877,67.91380676328494,44.02890338164246,62.33899033816418,43.928599033816376,42.23031400966179,23.048265700483068
1142.0,85.75324576284767,99.33451044242783,85.77164585899625,112.22979544671782,96.90159014025821,117.65314130270048,,78.11630419096932,0.002018487984082502,8.55975559977083e-05,0.0007847804479816662,63.383494158885775,0.00012839633399656242,32.26976266883513,0.0,8.55975559977083e-05,93.23074879227043,74.56648309178736,67.94180193236707,44.038222222222174,62.39380676328496,43.94186473429947,42.23839130434778,23.00950724637679
1144.0,85.74948925623546,99.24471927824914,85.68386968668416,112.27442959040383,96.87922382635178,117.68470470488614,,78.08832736193273,0.0037053624751308854,2.7805360695587807e-05,6.951340173896948e-05,63.540255018845365,0.0002,32.22895605907727,0.0,0.00014170804104338168,93.24202415458927,74.5347777777777,67.97091787439606,44.04664734299512,62.44464251207722,43.95560386473426,42.245318840579664,22.96679710144925
1146.0,85.74570942223487,99.15565259485003,85.59744428344887,112.32972094300456,96.85660939196734,117.7257110325958,,78.0604338801182,0.001122485134199307,0.0004,8.609467911254332e-05,63.448119223128266,1.3905320887456683e-05,32.23628979072376,0.0,0.0,93.2519806763284,74.50991304347818,68.00148309178738,44.052874396135216,62.491787439613454,43.96570531400961,42.25416908212556,22.929893719806735
1148.0,85.7411539830422,99.06730513071679,85.51204536424396,112.38303685086622,96.83435824398047,117.75839660634342,,78.03320635745592,0.001785890837992833,0.0005153450279569982,1.4109162007166947e-05,63.51093429620287,7.11637430107504e-05,32.29365973659677,0.0,8.589083799283306e-05,93.26546859903371,74.48655072463761,68.031381642512,44.056821256038596,62.5372125603864,43.97593236714971,42.26501449275358,22.906318840579683
1150.0,85.73696974817057,98.97974987171017,85.42819712949705,112.42175153051227,96.81178352589907,117.7907456624804,,78.00542146388436,0.002603689004096001,0.0011036890040960008,0.000258723858898286,63.4901185213866,6.375871370057131e-05,32.09407320769338,0.0,8.624128629942868e-05,93.28438647342986,74.44870531400957,68.0608937198067,44.056628019323625,62.581584541062725,43.98649275362314,42.27614975845406,22.8905797101449
1152.0,85.73245902375092,98.8929160117115,85.34601002926274,112.47024069675972,96.78940996378942,117.8180034438095,,77.97810296713877,0.002467332761148149,8.631369183224404e-05,0.00021368630816775598,63.629724884429166,0.00011368630816775597,32.08502097369006,0.0,0.00034525476732897615,93.30225120772937,74.3941352657004,68.09091787439606,44.05108695652169,62.626140096618286,43.99164251207724,42.287091787439564,22.876154589371954
1154.0,85.72766911457565,98.80684918428706,85.26498436784006,112.52301617476434,96.76783114658346,117.84739890891491,,77.9502049916844,0.0015879999930068288,0.00011600000099902446,0.0007719999920078043,63.45624799905393,4.1999999500487775e-05,32.24425799950099,0.0,0.0001,93.31680193236704,74.34089855072455,68.11879710144919,44.04269082125599,62.670942028985436,43.99051207729464,42.29735748792265,22.865603864734275
1156.0,85.72318328668052,98.72211320183165,85.18447156524154,112.57048964694003,96.74735146466833,117.87476812674828,,77.92251741114143,0.0015413280587363853,0.001,0.0001,63.30636522366252,0.00011377601957879509,32.03366076101758,0.0,0.0,93.32628502415449,74.29860869565209,68.14074879227046,44.029806763284974,62.71248309178736,43.984057971014444,42.30706763285019,22.862043478260844
1158.0,85.71828752630647,98.63745670325844,85.10445157183051,112.61888308858416,96.72706998730047,117.89822349472325,,77.89455827429586,0.0018388889547325102,0.0001,2.7777790946502055e-05,63.33454167948642,0.0,32.023994447025515,0.0,0.0004305555226337449,93.3336763285023,74.2571159420289,68.15364251207723,44.010280193236675,62.75151207729461,43.972062801932324,42.31694685990333,22.869763285024128
1160.0,85.7133492846992,98.55409742424777,85.02392208556607,112.674214509742,96.70694581290579,117.91425097496423,,77.86666672242377,0.002328516479817061,0.0005630055044939348,0.00026859340807317553,63.59619844022485,8.574176009146946e-06,32.07364844022486,0.0,1.714835201829389e-05,93.34372946859894,74.2056811594202,68.15799999999992,43.986212560386434,62.79060386473423,43.955579710144875,42.32711594202893,22.891241545893696
1162.0,85.70914678982412,98.47065224939149,84.94400219128215,112.73512461053036,96.6868753372557,117.92466531108887,,77.83925282592635,0.0023704407765366537,0.0003426853524411572,0.0002,63.50169290936524,0.00010716433094485535,32.12082991757212,0.0,0.00014298598566913208,93.35519806763276,74.15218357487915,68.15621739130428,43.96153140096614,62.83177777777771,43.93575845410623,42.33709178743957,22.919888888888863
1164.0,85.70470364555483,98.38834882104777,84.86526112376863,112.79728996552498,96.66753257415355,117.91770807587523,,77.81172893226824,0.0027,0.0001,0.0001,63.46325821500022,0.00024402987735946618,32.2402649190658,0.0,0.00048059703773668534,93.3650579710144,74.10699516908204,68.1514396135265,43.940830917874344,62.87532367149751,43.91144927536227,42.34699516908207,22.95268599033814
1166.0,85.70006628225005,98.30743954322337,84.78764110765373,112.86451952376815,96.64935116391122,117.91285793790418,,77.78430723732838,0.00314393797598069,0.00024403488851086188,0.0004800193825060344,63.46836439982887,0.0,32.25333603461389,0.0,0.0004199806174939656,93.37633333333324,74.07057487922697,68.13973429951683,43.92337198067628,62.91857971014486,43.88464734299512,42.35877294685985,22.987724637681133
1168.0,85.69535224294232,98.22751011676627,84.7110792262702,112.94476081650849,96.63014090578154,117.9057511175436,,77.75714897684132,0.0021901010243101705,0.0002725252560775426,5.4949487844914685e-05,63.47990424003177,0.00017555554578675773,32.28529576128701,0.0,1.3737371961228671e-05,93.39027053140087,74.03591304347817,68.11788405797094,43.905463768115894,62.96071014492747,43.85566666666662,42.371990338164196,23.01933333333331
1170.0,85.69062905336632,98.14836727721966,84.63561400570016,113.02253490546148,96.61086541994509,117.90431557569201,,77.73045959195828,0.0025,0.0007,0.00024323787203082308,63.822977148675356,4.32378720308231e-05,32.18391731723861,0.0,1.441262401027437e-05,93.40516425120762,74.00468599033809,68.08999033816417,43.88824154589367,63.000830917874325,43.823743961352605,42.38443478260864,23.048299516908187
1172.0,85.68610803314411,98.06978580079954,84.56046263018675,113.07737397620669,96.59266988965611,117.89794812154125,,77.70333209763831,0.0025869941411028417,0.0003624278366177621,0.0005011560445587922,63.62044162904766,0.0009764450556984902,32.15989869641018,0.0,0.0001494219777206039,93.4199613526569,73.98965217391296,68.05845893719798,43.874014492753574,63.0422318840579,43.79126086956517,42.394497584541014,23.076439613526542
1174.0,85.68133539184045,97.99231687655545,84.48611622415791,113.14250706297341,96.57451363571356,117.90964355987364,,77.67668525808979,0.0025265060240963855,0.00026024096385542165,0.0004337349397590361,63.61105903614458,9.337349397590361e-05,32.21854096385542,0.0,0.0,93.43360869565207,73.97109178743953,68.02099999999992,43.86326570048304,63.08820289855066,43.75586956521734,42.4023478260869,23.10182125603862
1176.0,85.67679759661576,97.91534969863044,84.41205415866307,113.2074060109658,96.55684540682373,117.91512050475612,,77.64951788712463,0.0018891675302706462,0.00027452356277981536,0.0005235706883394461,63.696873315561405,0.0011907722673738463,32.13719397778732,0.0,0.0,93.44867149758443,73.94365217391297,67.97719806763277,43.854652173913,63.13542995169075,43.72014492753618,42.41115458937193,23.124241545893693
1178.0,85.67218551738657,97.83879320698584,84.33888124996271,113.2719494410329,96.5386003611377,117.91309952893265,,77.62273694912862,0.002374661592221164,0.0009506768155576715,8.433269902764553e-05,63.85496911074898,0.0005481625436796959,32.090578325710275,0.0,0.0001470019029170634,93.46106280193226,73.93984057971007,67.93268599033809,43.84617874396131,63.181821256038575,43.68371014492748,42.421086956521684,23.141004830917847
1180.0,85.66730547566671,97.76211771668063,84.26680769536569,113.32946777603024,96.52020495942897,117.9252884341537,,77.59583252377907,0.0018951049011855282,0.00018641358554492455,0.00025434565782030176,63.476035862405496,0.0,32.16523351807447,0.0,8.641358554492456e-05,93.46847342995159,73.95047342995161,67.89131884057963,43.83697584541058,63.22766666666659,43.64563285024149,42.42931400966179,23.152971014492728
1182.0,85.66260578212528,97.68632995164543,84.19498807764835,113.37984293798176,96.50263060794379,117.91968942876605,,77.56927817548,0.001006930730210759,0.00031336634127634484,0.0001,63.67617476111528,0.00014331682936182755,32.125335892855645,0.0,0.0001,93.47519806763276,73.9603285024154,67.85339613526563,43.827903381642464,63.27381159420283,43.60620289855068,42.436004830917824,23.16338164251205
1184.0,85.6582162566822,97.61062556615865,84.124618848714,113.42946352936465,96.48511728542731,117.91246821538594,,77.54297169791477,0.001039999970318835,0.00014666665677294502,0.0,63.537044431120904,5.44444329017692e-05,32.29641111171298,0.0,8.444444774235166e-05,93.48191304347814,73.95387439613519,67.81683574879219,43.82037681159416,63.32044927536224,43.56448792270526,42.443724637681115,23.17370048309176
1186.0,85.65335627271142,97.53535230960092,84.05491670486856,113.47990788238293,96.46749067240553,117.90343775345418,,77.51674650741266,0.0018162188109830885,0.0001,0.00044189059450845577,63.604181237542285,0.0005846269188220127,32.25255831922361,0.0,1.4527351372886059e-05,93.48689855072455,73.91985990338156,67.78195169082117,43.81581159420285,63.365294685990264,43.52315942028981,42.45143478260865,23.187328502415433
1188.0,85.64824609423569,97.46066784539406,83.98601679659996,113.5272986950388,96.44941564713154,117.90510813028432,,77.49088723980275,0.0017,0.0002585170672246339,0.00031062115406764305,63.81534048124928,0.0001430861778707723,32.18040170396495,0.0,5.5310577033821527e-05,93.49083091787429,73.8804009661835,67.75205797101442,43.812623188405745,63.410236714975774,43.48184057971009,42.458748792270484,23.20241545893717
1190.0,85.64305426803415,97.38661893971287,83.91811163861826,113.57686673244379,96.43113120820742,117.92361333945911,,77.46495565441421,0.0017837732045342277,1.6226795465772327e-05,0.00011622679546577233,63.626092551026076,0.00019188660226711384,32.36221766232226,0.0,0.0001,93.49860869565207,73.84482125603857,67.72869082125595,43.81287922705309,63.45716425120766,43.444376811594154,42.46593236714971,23.21730434782606
1192.0,85.63828350202105,97.31303787640528,83.85083361087801,113.62039334775348,96.41297625550797,117.93499052376019,,77.43898100842993,0.001610447701884618,4.4776149057690933e-05,0.0001,63.466238813413476,4.253730849038485e-05,32.15396120777975,0.0,0.0001,93.5079082125603,73.81906763285016,67.7086086956521,43.818695652173865,63.505014492753546,43.409787439613474,42.47329951690816,23.232927536231855
1194.0,85.63316602772076,97.24001415906932,83.78455085617664,113.6659883501045,96.39493791882467,117.95289104302755,,77.4135281443378,0.0018,0.0001,0.000513572856025275,63.46707784950775,0.0001,32.30427155704228,0.0,8.642714397472498e-05,93.51580193236705,73.79851690821248,67.69161835748784,43.82680676328498,63.554647342995096,43.376487922705266,42.481212560386425,23.251014492753598
1196.0,85.62797044528816,97.1674284819048,83.71920987262034,113.70346069487942,96.37686662745023,117.98658112206074,,77.38821066754564,0.002867283351600648,0.0,0.00016728335160064801,63.640205549117475,0.00014182083790016198,32.30172273595184,0.0,0.00033456670320129603,93.52658454106269,73.75924154589364,67.68057487922698,43.83516908212555,63.608893719806694,43.34649758454101,42.48703381642507,23.266835748792246
1198.0,85.62224553307742,97.09482584263358,83.65502435425395,113.73662918118778,96.35884918734597,118.01277454835527,,77.3626023470949,0.0018,0.00012845771874240596,1.4228859371202983e-05,63.671805670360705,9.248758591281937e-05,32.27963959761393,0.0,8.577114062879702e-05,93.53850241545884,73.71452173913035,67.67415942028978,43.84169082125599,63.66595169082118,43.31634299516903,42.49112560386468,23.273946859903354
1200.0,85.61638206565084,97.02264445348389,83.59182906519773,113.78429775035875,96.3406276307001,118.03889459281721,,77.33764029394311,0.0023560560524648775,1.4014013116219379e-05,0.0005159159213026837,63.884442743592054,4.299299344189031e-05,32.25527031991542,0.0,5.6056052464877515e-05,93.54919806763274,73.68658937198059,67.66865700483083,43.84662801932362,63.720560386473366,43.28607246376807,42.49502415458933,23.27134782608693
1202.0,85.61029005104764,96.95116855788744,83.52905912893382,113.82261466448298,96.32265451421806,118.05395598566619,,77.31232279875687,0.001374628368658291,0.0009028741266441468,1.3875124765121893e-05,63.754372548298754,0.00015,32.2526667488074,0.0,8.612487523487811e-05,93.55809178743951,73.67010628019315,67.66270048309171,43.848966183574824,63.76995169082119,43.259859903381596,42.49843961352652,23.26167632850239
1204.0,85.60427038168723,96.88002687719049,83.46601949364107,113.86176805679784,96.30419447077634,118.0711042932758,,77.28772461830799,0.0031609958506224065,0.00014481327800829874,1.4937759336099586e-05,63.711442323651454,0.0,32.029628630705396,0.0,0.0001,93.56698550724627,73.66119806763277,67.65784057971005,43.84642028985502,63.81380193236707,43.23760869565213,42.50108212560382,23.2470338164251
1206.0,85.59812266123681,96.80904662046412,83.4039145322256,113.90929644967879,96.28542151022137,118.07986434020894,,77.26266903079936,0.0018295180080321286,0.0003,0.0006611445975903614,63.66906839047711,0.0,32.2549774190265,0.0,1.2951800803212855e-05,93.58072946859893,73.65544927536224,67.65375362318832,43.84087922705309,63.85488405797094,43.21799999999995,42.504487922705266,23.23144444444442
1208.0,85.59207060313,96.73786559157843,83.34221970837552,113.95219569847694,96.26747371082416,118.10244352218577,,77.23784918446133,0.0023,0.00018111330975894272,2.7037769919647563e-05,63.67535944421033,0.0,32.28354622300804,0.0,8.648111504017622e-05,93.59761835748782,73.65750724637672,67.6507198067632,43.83605797101444,63.892497584541,43.201492753623135,42.50779710144923,23.217869565217367
1210.0,85.58664376920686,96.66664674636316,83.28106467817791,113.98046830309418,96.24960852311806,118.12032706243492,,77.21356379340257,0.0027203665439848087,0.0002550916359962022,0.0005,63.69303524389601,0.0002976069086622359,32.34580132512569,0.0,0.0001,93.61421739130425,73.67395652173904,67.64784541062794,43.833371980676276,63.92491304347819,43.18667149758449,42.51014975845406,23.197888888888862
1212.0,85.5808397821856,96.5973103448955,83.22074851970713,114.0171553094489,96.23202136777907,118.12920410291485,,77.1890800163453,0.0022983950318035645,0.00012688066242619138,0.0,63.60084427078786,0.0002,32.36250665052951,0.0,0.0001,93.63014009661826,73.68004830917866,67.64001449275354,43.8301594202898,63.95116425120766,43.17324637681155,42.513082125603816,23.16908212560384
1214.0,85.57468595794097,96.52833520090051,83.16115166234333,114.05812195753029,96.2143954784506,118.16042847047152,,77.16514669967334,0.0025284304065345963,0.000600493577128913,0.0004431391869308075,63.80065389480143,0.0003002467885644565,32.44189831992724,0.0,0.0001,93.6456038647342,73.66831884057963,67.62566666666659,43.822028985507195,63.96860386473423,43.16265700483087,42.51813043478256,23.13615458937195
1216.0,85.56832713327952,96.45990619035963,83.10214618274782,114.08894920288442,96.19644310268049,118.18304779749944,,77.14106109032811,0.0023858325547878494,1.4270930651518803e-05,0.0,63.554782924902504,2.1406395977278204e-05,32.30808688752914,0.0,0.0001428127919545564,93.6596038647342,73.65263285024146,67.60674879227045,43.80881159420285,63.97833333333326,43.153246376811545,42.522608695652124,23.100714975845385
1218.0,85.56204472865508,96.3921695693753,83.04377385417493,114.11323843101478,96.17981575435202,118.20616788377059,,77.11745900282384,0.0012879761073537658,6.713432405491636e-05,0.0001,63.65079878320496,0.0001,32.305471340470206,0.0,0.0001,93.67170531400957,73.64061352656996,67.58388888888881,43.793942028985455,63.98220289855065,43.14448309178739,42.52622705314005,23.06680193236712
1220.0,85.55550085847197,96.3248230559594,82.98580454032155,114.12412571150463,96.16345927278948,118.22890045600528,,77.0930077227693,0.002395617478884462,3.914344541832668e-05,0.00011304781513944224,63.41914266023267,0.0003108565545816733,32.19751996751554,0.0,5.2191260557768946e-05,93.68264734299505,73.63332850241538,67.55701449275354,43.77845893719802,63.97981159420283,43.13878743961349,42.52986956521734,23.034884057970988
1222.0,85.54869165734472,96.25848938424748,82.92887920116338,114.15407204006428,96.14689780173389,118.24001594083127,,77.06897936225693,0.001900783595739618,1.4397656534231163e-05,0.0003424093738630754,63.55743083852416,0.0005708128890617286,32.351998132553845,0.0,0.0001,93.6937729468598,73.61563768115934,67.52595652173905,43.76162318840574,63.96968115942022,43.13370531400962,42.5338019323671,23.003652173913018
1224.0,85.5420119714352,96.19217023434489,82.87190200685947,114.18629061316207,96.13101189031191,118.252530550917,,77.04469379467595,0.0024746029714285715,0.0002718253714285714,8.591268571428571e-05,63.531411920457145,0.00018591268571428572,32.27006784228571,0.0,0.0007873014857142856,93.70525120772938,73.58807246376804,67.4959275362318,43.7451400966183,63.95038164251201,43.129782608695606,42.54011594202893,22.97541545893717
1226.0,85.5348736530152,96.12648164053725,82.81514967755474,114.21293332864013,96.1145261338243,118.25764921770354,,77.02063233532758,0.0012972224000000001,0.00038591268571428573,0.00015634925714285715,63.59472557074285,0.0003147817142857143,32.170216762057144,0.0,8.591268571428571e-05,93.71364734299506,73.56925120772938,67.4709661835748,43.728937198067584,63.923483091787375,43.12634299516903,42.546077294685944,22.953101449275334
1228.0,85.52734919515288,96.06128908421401,82.75922543402511,114.23165613197742,96.0985394882594,118.26058610172674,,76.99656161643696,0.0029001928023262673,6.673093410875582e-05,0.0004165863323640552,63.56482697099646,5.8389567345161356e-05,32.17124007334635,0.0,1.6682733527188955e-05,93.71974879227042,73.55672463768107,67.450381642512,43.712990338164204,63.89355555555549,43.12148792270526,42.55195169082121,22.93790821256036
1230.0,85.52039010918824,95.99574784009886,82.70338983963894,114.2601720301438,96.08303061820762,118.25647833488688,,76.97259684156106,0.00258041963031654,0.0002734265845147866,8.671329225739332e-05,63.835825871653206,0.00031678323064348327,32.20938112496023,0.0,1.3286707742606689e-05,93.72372463768104,73.54570531400958,67.43419806763276,43.69854589371975,63.86399516908205,43.115096618357434,42.56100483091783,22.927512077294658
1232.0,85.51384257507097,95.93061881683202,82.64853842889696,114.29015211137843,96.06817975681025,118.26105942918515,,76.94869795778682,0.0025564356887364044,0.0002569307066209212,8.564356887364042e-05,63.793093066099715,0.00013589107781589895,32.09085518719432,0.0,1.4356431126359584e-05,93.7232995169081,73.53319806763277,67.42193236714968,43.683898550724585,63.83829468599026,43.10699999999995,42.57350241545889,22.923289855072436
1234.0,85.50747780233698,95.8659983930485,82.59406419471719,114.30808050318295,96.0526555986514,118.28375172065746,,76.9243314064824,0.0025331734253853317,0.0004165867126926658,0.00011668265746146685,63.83511434478608,0.00016663468507706631,32.23998097256186,0.0,1.6682657461466847e-05,93.72219806763273,73.5179855072463,67.41319806763278,43.67043961352652,63.8164396135265,43.100028985507194,42.586106280193185,22.921792270531373
1236.0,85.50124836008091,95.80196729007032,82.53990643019611,114.34034921317078,96.03725037762547,118.31322115334358,,76.89979474055019,0.002568421148092929,0.00035263154076282835,0.0001526315407628284,63.265676258274006,0.00014342105740464643,32.30541185236258,0.0,0.00034736845923717165,93.72414492753612,73.50858454106272,67.40770531400958,43.65600483091782,63.79728985507239,43.09401449275358,42.59787439613522,22.918869565217364
1238.0,85.4950338241427,95.73835296084347,82.48665452656725,114.37753242459479,96.02180633696203,118.3361233203644,,76.87537126956248,0.0019666668704477223,0.0001266666870447722,0.0001866666564776139,63.871333344745075,4.0000030567158346e-05,32.19602002553886,0.0,0.0007799999082985249,93.7268647342994,73.5077198067632,67.4022125603864,43.63908212560382,63.78397584541055,43.08761352657,42.609642512077244,22.919275362318814
1240.0,85.489408713478,95.67467944728486,82.43352833904103,114.40915751648336,96.00698784343633,118.34615342700053,,76.85102696954095,0.0019772276876384716,0.00018613861561807645,0.0004445544624723058,64.01061584916077,0.00015693069219096178,32.24951881618771,0.0,8.613861561807643e-05,93.7305265700482,73.50210144927527,67.39470048309171,43.61936714975841,63.77664251207722,43.079483091787395,42.62102415458932,22.9240144927536
1242.0,85.48302872293999,95.61220902451478,82.38087741979075,114.45822324527069,95.99258068032799,118.36543496133679,,76.82669057529128,0.0016029773794855188,0.0003,0.0002,63.60228409583125,8.613962564078843e-05,32.20087864970794,0.0,0.0002584188769223652,93.73774396135256,73.4778888888888,67.38737198067626,43.59528502415455,63.77487922705307,43.070676328502365,42.631632850241495,22.932835748792243
1244.0,85.47630035172484,95.54957283267497,82.32836767559812,114.4870216806641,95.9778421646191,118.39485766320851,,76.8031094469916,0.0015420476999822123,0.00012803179998814153,2.8031799988141557e-05,63.81382225538573,9.299205000296461e-05,32.22121361379418,0.0,0.0,93.74817874396126,73.4427971014492,67.37820772946851,43.570608695652126,63.77710144927529,43.060420289855024,42.64108212560382,22.942439613526545
1246.0,85.46918736495019,95.48665978477968,82.27657363909196,114.52743084610103,95.96298322353444,118.4104010600862,,76.77941202054136,0.0025282565038244817,0.0003565130076489629,0.0002,63.97300471247836,7.064125956120364e-05,32.40965075653396,0.0,1.4128251912240733e-05,93.75976328502406,73.41042995169074,67.3639661835748,43.54845893719802,63.78050241545887,43.048545893719755,42.64958937198063,22.95130434782606
1248.0,85.46239104709622,95.42490306271038,82.22587545904926,114.55882696493686,95.947664251142,118.43189362444248,,76.75565852178828,0.002728542305633749,1.427115281687439e-05,0.0,63.54934098236679,0.0003214576943662512,32.28323725734474,0.0,0.0004713557640843719,93.77047826086947,73.38048792270523,67.34496135265692,43.52651207729463,63.78644927536225,43.03731400966179,42.657975845410576,22.95908212560384
1250.0,85.45529963224374,95.3634249059722,82.17583695284983,114.58563163593972,95.9323289281364,118.43706535760144,,76.73209478960075,0.0021488,0.0001,0.00044720000000000003,63.792054799999995,0.00018020000000000002,32.17087,0.0,0.00044720000000000003,93.77890821256028,73.34350724637673,67.32688888888882,43.504222222222175,63.79626086956515,43.02598550724633,42.66768115942024,22.962376811594176
1252.0,85.44915499523947,95.30160955508194,82.1262510573235,114.6187824565875,95.91700508426243,118.44848142360054,,76.70865083857663,0.0009142997982548069,0.00038570020174519314,1.4299798254806883e-05,63.97272622435045,5e-05,32.24426094095917,0.0,0.0001,93.78724154589361,73.3097198067632,67.31061835748785,43.48399516908208,63.81003381642505,43.011995169082084,42.67776328502411,22.963222222222196
1254.0,85.44252237054283,95.24033618309304,82.07803403888109,114.64734772269188,95.9018949048234,118.46271552335335,,76.68541818125635,0.001757055220344511,0.0,0.0006997955141371925,63.76264948649495,7.157463275914825e-06,32.31900501494249,0.0,0.0,93.79888888888878,73.28189371980667,67.29036714975838,43.466966183574826,63.82603864734292,42.99450724637676,42.686106280193194,22.96308212560384
1256.0,85.43619094431813,95.17898957117144,82.02991126451084,114.67132760941112,95.88804169526708,118.47874855988637,,76.66253216575842,0.00252820260555614,0.0003435947888877195,0.00024230390833421037,64.28894159143013,2.820260555614027e-05,32.30964954537759,0.0,8.589869722192987e-05,93.80883091787429,73.26820772946851,67.26508212560378,43.45606280193232,63.84556038647336,42.97741545893715,42.69242028985503,22.959246376811567
1258.0,85.42978965184784,95.11844185967522,81.98261644649848,114.6900238993853,95.8733256512939,118.48239063224952,,76.6397253049774,0.002557657653963874,0.0004144144134909685,0.0002432432404729055,64.00304414905503,0.00011441441349096851,32.33114144350165,0.0,0.0,93.81627053140086,73.26915458937191,67.23778743961346,43.44940096618353,63.86994685990331,42.96273913043474,42.6994637681159,22.947178743961327
1260.0,85.42301050951204,95.05966428334962,81.93648050345723,114.71945125645094,95.85875827345544,118.50006956184711,,76.6168404461512,0.0028437371852139217,0.0008706365333074704,0.0001,63.64860430852787,0.00017125256295721567,32.094370434716446,0.0,0.0,93.82341062801922,73.25574879227044,67.20898067632842,43.44209661835744,63.89464251207722,42.94944927536228,42.70826570048305,22.931946859903356
1262.0,85.41610776014201,95.0004869231066,81.89078755466298,114.73246849288807,95.84470015032504,118.51477607095947,,76.59426250526637,0.0030443999744,0.0004860999936,5.560002560000001e-05,64.0515360839936,0.0001069500032,32.3017440505728,0.0,1.3900006400000002e-05,93.82700966183565,73.23333333333325,67.18093719806755,43.43469565217386,63.91523671497577,42.93829468599029,42.71512560386469,22.917999999999974
1264.0,85.40885483772179,94.94176428784483,81.84576311789408,114.7463636105075,95.83094923345419,118.5222568127794,,76.57180208907224,0.0011004012292105958,0.0,0.0006286860654887416,64.04072456161613,0.00017868606548874163,32.271413039949344,0.0,0.0,93.82925603864724,73.23627053140089,67.15780676328494,43.42957004830913,63.93046376811587,42.929975845410574,42.71699516908208,22.90196135265698
1266.0,85.40132951876384,94.88275073647246,81.80131311724087,114.7570559697996,95.81754512764122,118.53335903563102,,76.54943099129234,0.0012448559670781895,0.0,8.559670781893005e-05,63.750297530864195,9.32098765432099e-05,32.47395699588478,0.0,0.0002711934156378601,93.83356038647332,73.26015458937191,67.14028019323663,43.42614009661831,63.93920289855066,42.92514492753618,42.7162560386473,22.88467632850239
1268.0,85.39348729394281,94.82434808300857,81.75681008127529,114.76827739268037,95.80343322048392,118.53015073394205,,76.5266792793222,0.0018476379212598423,0.0,0.000440944831496063,63.876862427313384,0.0001795275842519685,32.14872875089134,0.0,8.523620787401575e-05,93.83795169082114,73.2690772946859,67.12746376811586,43.42270048309174,63.93992270531394,42.92562801932362,42.712241545893676,22.869386473429923
1270.0,85.38582423140922,94.76616584018441,81.71287524385151,114.78642989201948,95.78898102325876,118.53723817208504,,76.5041537312125,0.0025289970009606992,1.4498500480349649e-05,0.0003420059980786014,63.76696681436031,4.275074975982518e-05,32.414845483175306,0.0,8.550149951965035e-05,93.83806280193225,73.251265700483,67.11687922705306,43.42064251207725,63.93011111111104,42.928376811594156,42.705458937198024,22.856333333333307
1272.0,85.3777890465254,94.70847041113652,81.6686520899144,114.8077227320233,95.77563377148587,118.54917540293368,,76.48170273893294,0.0012415973975103735,0.0001,0.00045736516514522827,63.6550656518639,9.289419419087137e-05,32.22768925676348,0.0,8.578838838174274e-05,93.83368599033804,73.2150241545893,67.10928985507238,43.42085024154585,63.90748309178736,42.93329468599029,42.69819323671493,22.84396618357485
1274.0,85.36995105758031,94.65163440622274,81.6247976830164,114.81414400137326,95.76199236238534,118.55796313433737,,76.45937456500728,0.0021916749945821473,0.00027291874864553687,8.645937432276844e-05,63.87964112535216,4.739218987031046e-05,32.355497484524456,0.0,8.645937432276844e-05,93.82873913043467,73.18828985507238,67.10142995169075,43.41825603864729,63.871758454106214,42.94141062801928,42.68845893719802,22.834956521739105
1276.0,85.36238944307425,94.59519762380327,81.58135834768335,114.82755563530486,95.74897025658824,118.56788975096721,,76.4370039332472,0.001272027816792987,0.0001,8.671329225739332e-05,63.830180404566974,0.0002734265845147866,32.34532937451856,0.0,0.0001,93.82710628019314,73.16514009661827,67.08895652173905,43.4114444444444,63.826454106280124,42.950657004830866,42.68149275362315,22.825893719806736
1278.0,85.35532338685792,94.53830320083267,81.5374893439836,114.84746678731327,95.73529500232542,118.58800392482289,,76.41452491504486,0.001541717796871041,0.00018609406770965305,0.00018609406770965305,63.95271124033849,6.952966145173483e-06,32.32319601184406,0.0,8.609406770965304e-05,93.82728985507235,73.13715942028976,67.07240096618351,43.40199999999995,63.77285024154582,42.96252173913039,42.67892753623184,22.816937198067606
1280.0,85.34776783130422,94.4819662333574,81.49405037108363,114.86426247308124,95.72246833656396,118.6171761593483,,76.39228023273044,0.0010779780562656701,0.0004491491267812372,0.00043643640847654643,63.79207246419075,4.449451406641753e-05,32.23089124216112,0.0,0.0,93.82727053140086,73.11437198067625,67.05046859903374,43.38907729468594,63.70937198067626,42.97844444444439,42.676396135265655,22.81124637681157
1282.0,85.34020393835918,94.42528021142388,81.45099734944452,114.8777015224377,95.70889351618975,118.65102940188815,,76.36939095484097,0.0017587536928187573,0.0,0.0003612266121478703,64.19909118602943,0.00010687438453020712,32.22003967622459,0.0,0.00031374876906041423,93.82811111111099,73.0894927536231,67.02181642512069,43.37183091787435,63.63514492753617,42.99681642512073,42.674357487922656,22.806584541062776
1284.0,85.33260384175176,94.36890543981771,81.40749671730364,114.89905813553294,95.69636514718412,118.68476600455804,,76.34712374698108,0.002366599837926611,0.001133199675853222,0.0001,63.69535509108668,5.832497974082637e-05,32.31077448332688,0.0,0.0,93.82847826086946,73.07421739130426,66.98560869565209,43.3469710144927,63.552342995169006,43.015980676328454,42.6744444444444,22.80441545893717
1286.0,85.32480818519466,94.31295236609431,81.36508579974533,114.93205174985283,95.68355803962751,118.70651135682027,,76.32516235828412,0.0018407334994838137,0.00019702689927733922,0.0,63.848206239472354,0.0,32.41787086058354,0.0,1.4073349948381378e-05,93.82943478260859,73.07826570048302,66.94269082125595,43.31293719806758,63.465570048309104,43.036628019323615,42.676463768115894,22.805681159420267
1288.0,85.3172537007311,94.25798252836934,81.32248015394217,114.95614191622077,95.67118183062648,118.72329706631473,,76.30292904041703,0.0032393694118823574,0.0003,0.0001717192156764702,63.823399483130046,0.00030050862743382284,32.32790849215489,0.0,0.0001,93.83321739130423,73.07871497584533,66.89558937198059,43.27350241545889,63.37276328502408,43.05817874396131,42.68022222222218,22.810198067632825
1290.0,85.30908219802151,94.2032627465182,81.27974964171865,114.98578503626555,95.65849417269476,118.74972341221532,,76.28100129778551,0.0017147540983606557,0.000462295081967213,0.00044098360655737707,63.9484737704918,7.377049180327872e-06,32.32669508196721,0.0,8.524590163934426e-05,93.83901449275352,73.07555072463761,66.84673429951684,43.23055072463764,63.27720772946853,43.08060869565213,42.684304347826036,22.814178743961328
1292.0,85.30079811742131,94.1480800957582,81.23741584211749,114.99823227961788,95.64559961659734,118.75655012711233,,76.25944819039066,0.0023603014522017157,0.0003139698547798284,1.3969854779828432e-05,64.12699604368106,2.7939709559656865e-05,32.37525536690458,0.0,0.0001,93.84658454106268,73.08513043478253,66.79485507246369,43.18834782608691,63.182661835748725,43.10324154589367,42.687850241545846,22.81496135265698
1294.0,85.2924972122623,94.09292759000755,81.19575095480198,115.02996541133874,95.63256219267771,118.77404253549432,,76.23734010917188,0.0018201581027667984,0.0003549407114624506,0.00030513833992094864,63.91310711462451,0.00012747035573122526,32.43070098814229,0.0,8.49802371541502e-05,93.8538115942028,73.09628985507238,66.74041062801925,43.14750724637676,63.09278743961345,43.12474879227048,42.694173913043436,22.8157874396135
1296.0,85.28402870549061,94.03843672509835,81.15439533770855,115.05778592872169,95.61956477633578,118.78472795447392,,76.21548018359776,0.0017163323833378485,0.00013266476667569716,0.00011633238333784859,64.32720943172895,0.00017449857500677286,32.26047134306345,0.0,8.366761666215142e-05,93.85908695652164,73.11269565217384,66.68863768115934,43.107386473429905,63.01546859903375,43.14435748792266,42.70476328502411,22.816753623188383
1298.0,85.27531209623793,93.9839094328306,81.1134586259731,115.08037418470416,95.60654605806431,118.77335443759407,,76.19408114687837,0.002731137779626383,8.592814830219859e-05,7.035925848900705e-05,63.833763451115495,1.407185169780142e-05,32.25099311255162,0.0,0.0,93.86430917874385,73.12735265700475,66.64177294685983,43.073342995169035,62.94776328502409,43.160628019323624,42.718710144927485,22.816033816425094
1300.0,85.26735428986358,93.92937851087378,81.0724041401042,115.11108173969822,95.59363037826884,118.77032891996345,,76.17290216912453,0.0005551928621836368,0.0001149357126054544,0.0,64.03984378794895,2.9871425210908797e-05,32.38209435285812,0.0,0.0001,93.87310628019314,73.14242995169074,66.5991014492753,43.046512077294636,62.88915942028978,43.17507246376807,42.734502415458884,22.81592753623186
1302.0,85.25830007472989,93.87541873483923,81.03216255547204,115.13834641725097,95.58157439616484,118.76606442956343,,76.15191038076598,0.0028640342674612815,0.00013596573253871848,0.00016403426746128152,63.51325437839136,8.201713373064076e-05,32.32912107477855,0.0,1.798286626935924e-05,93.8872801932366,73.17654106280185,66.56057487922698,43.026855072463725,62.84392270531395,43.190376811594156,42.749975845410574,22.815637681159394
1304.0,85.24992149842583,93.82191747537492,80.9921900201354,115.17833219610745,95.56975038939848,118.75404517030486,,76.13067360679551,0.0015275174274011426,0.0001,0.0004137587137005713,63.98512784810902,6.375871370057131e-05,32.373837999263905,0.0,5.503485480228527e-05,93.90075845410618,73.23421739130427,66.52801932367143,43.01615942028981,62.81322222222215,43.20683091787435,42.76652173913038,22.814318840579688
1306.0,85.24091530026317,93.76851796487722,80.95307931658412,115.19772685857373,95.55679962650142,118.73210767674874,,76.10968016267593,0.0018411411042032952,0.0005975975458846135,0.0004435435583186819,64.25213034359102,0.0,32.22196982147648,0.0,8.588588957967047e-05,93.91891304347816,73.28480193236706,66.50456521739123,43.013178743961305,62.7944782608695,43.22477294685986,42.78548309178739,22.812903381642485
1308.0,85.2315547326944,93.71584940571093,80.91364971910855,115.21508378870983,95.5441893441422,118.71428157323913,,76.08854732610253,0.002407633006246896,5.159417536819486e-05,1.7198058456064954e-05,64.16462753402945,0.0002,32.20874280004195,0.0,6.879223382425981e-05,93.94290821256028,73.29756038647334,66.48861352656998,43.01358454106276,62.78366183574872,43.24215942028981,42.804550724637636,22.811705314009636
1310.0,85.22243590838667,93.66226400726254,80.87469272654963,115.23572490661739,95.53182261345002,118.70169712069197,,76.06716498931388,0.0017033033744086564,0.0002585585890322814,0.0,63.51516994072536,0.0001792792945161407,32.23636532133387,0.0,5.525521462362485e-05,93.96368599033806,73.30112560386466,66.47800966183567,43.01715942028981,62.78367632850235,43.25877294685986,42.82076328502411,22.812864734299488
1312.0,85.212798704318,93.60884841262863,80.83624181244559,115.26746388326197,95.51943462823908,118.69745238080127,,76.0460602810459,0.0026709907826931462,0.00027099078269314595,8.5495391346573e-05,63.70527984064197,0.00027099078269314595,32.297499874078866,0.0,8.5495391346573e-05,93.98427053140087,73.3204009661835,66.47359903381634,43.025971014492704,62.79408695652166,43.276222222222174,42.832888888888846,22.816140096618334
1314.0,85.20310389389537,93.55498990701557,80.7976620425884,115.2952901911392,95.50708368626249,118.68905339356007,,76.02493063266026,0.0037673306772908364,0.0,0.00011394422310756974,64.16719721115538,0.0002,32.21622211155378,0.0,0.00044422310756972113,94.00646376811585,73.32004347826079,66.47252657004823,43.039560386473376,62.81294685990331,43.293115942028926,42.84385507246372,22.82133816425118
1316.0,85.19323600252493,93.50205783448509,80.7591152802356,115.33723423312637,95.49406980864866,118.67359071088724,,76.00388994011062,0.002907583372785982,0.00027310415680350457,8.655207840175229e-05,64.31832349697058,0.0001,32.36577197682488,0.0,0.0001,94.02663768115933,73.2839082125603,66.47241062801925,43.0579903381642,62.83797101449268,43.309888888888835,42.8553671497584,22.82891787439611
1318.0,85.1840346524565,93.44995117947558,80.72124554598048,115.36458232011944,95.48134805073532,118.66820173795826,,75.98281503548164,0.0027,1.3065316289990678e-05,0.000460804051130028,63.7203582618034,0.00013693468371000933,32.34275101689909,0.0,1.3065316289990678e-05,94.04478260869556,73.23182125603857,66.47189855072456,43.08127536231879,62.86710628019316,43.32637198067628,42.86735265700479,22.835734299516883
1320.0,85.17494919978652,93.3987529603487,80.68341938008852,115.38428824044783,95.46873506692762,118.65545956260694,,75.96186868089266,0.001827000064,0.0006237999616,1.2700006400000002e-05,63.753721541888,4.36499968e-05,32.2732826130432,0.0,0.0,94.06454106280182,73.17590338164244,66.46944444444436,43.10515942028981,62.90157971014486,43.34361835748787,42.878565217391255,22.84408695652171
1322.0,85.16591670892656,93.34831097973472,80.64616208158186,115.40442727695503,95.45515210700161,118.66065465470973,,75.94123360216103,0.0015966633801683075,0.000611425754429978,2.952474852334066e-05,64.2464001971899,7.381187130835165e-06,32.241143727067744,0.0,0.00035571287721498907,94.08541545893709,73.1185700483091,66.46330917874388,43.12651207729464,62.94237681159414,43.360285024154535,42.88958454106276,22.85814975845408
1324.0,85.15629831920644,93.29813480267123,80.60905195470852,115.4269923838713,95.44232891874505,118.66139710848948,,75.92080723056029,0.0026713717730262555,1.4314113486872239e-05,7.157056743436118e-05,63.81283518386192,5.009939720405286e-05,32.34026869125488,0.0,0.0001,94.10578260869555,73.03425603864726,66.45460869565211,43.144487922705274,62.98976811594196,43.37502898550719,42.90403864734295,22.86947826086954
1326.0,85.14674236680672,93.24829460118319,80.57176532081456,115.45688349247868,95.4295152379396,118.66772221207795,,75.90025916312791,0.002728401202564372,0.0006285005010684885,0.00011429989978630231,64.02188788283692,0.00010714994989315116,32.30113569964262,0.0,0.0001,94.12098550724627,72.93737198067625,66.44496618357479,43.16113043478256,63.0373091787439,43.390729468598984,42.917729468598985,22.876835748792242
1328.0,85.13674455417973,93.19867962602498,80.53576692174381,115.48229558629716,95.41717450376733,118.67020753418075,,75.8798731742245,0.001784692848963084,0.0003387713958523357,0.0,64.07053836720974,0.00014234642448154194,32.286818982491454,0.0,0.0001,94.13233333333322,72.85274396135257,66.43478260869558,43.179004830917826,63.081458937198,43.40848792270527,42.93129951690816,22.884285024154565
1330.0,85.1274895103433,93.14973409026712,80.50015622957176,115.50894954421449,95.4045251550823,118.68371716578963,,75.8596262731037,0.0025283716485041395,8.581417574793033e-05,8.581417574793033e-05,63.97598639768173,7.0929121260348355e-06,32.34240830526754,0.0,1.4185824252069671e-05,94.14230917874386,72.77726086956513,66.42512560386466,43.195816425120725,63.12335748792264,43.425850241545845,42.946613526570005,22.892154589371952
1332.0,85.11777591961017,93.10088610858365,80.46468798440279,115.52686764515957,95.39230723871528,118.68948711243304,,75.83944356840256,0.0028217910525319676,0.0001,8.64676608297814e-05,64.26998756199085,0.0001,32.2194150231508,0.0,1.3532339170218614e-05,94.1486038647342,72.70526570048301,66.41660386473421,43.20804830917869,63.16098550724631,43.4422367149758,42.959521739130395,22.89889855072461
1334.0,85.10863188437764,93.05241217145587,80.43023980193567,115.56429009874361,95.37929244735693,118.69894730366387,,75.81913374540306,0.001120123384624442,0.0002724845769219447,0.0002550308461561105,64.08311126242151,5e-05,32.19701581872154,0.0,5.503084615611056e-05,94.15321256038638,72.63858454106271,66.4064009661835,43.215169082125556,63.1946086956521,43.45894202898546,42.97070048309174,22.902304347826057
1336.0,85.0992582118659,93.00412098275633,80.39572133646249,115.58396173147399,95.36647108654957,118.70030132295247,,75.79848456987882,0.001842292490118577,0.00035731225296442695,0.0005,63.99597312252965,0.0,32.2460557312253,0.0,0.0001,94.15517874396124,72.57546376811585,66.39187922705307,43.22147342995165,63.224951690821186,43.473705314009614,42.981396135265655,22.903714975845382
1338.0,85.0897680276746,92.95618252542292,80.36148155998451,115.60835119388861,95.35350284279863,118.70685981725174,,75.7777828950222,0.002703468331834245,0.0003,0.0004836223609861871,64.10692000238242,0.00012543354147928062,32.31938798185902,0.0,8.36223609861871e-05,94.15359420289845,72.50741545893712,66.37414975845402,43.22647826086952,63.2556280193236,43.48614009661831,42.9910289855072,22.900758454106253
1340.0,85.08013443446269,92.90859397081098,80.32791842687011,115.6362084470655,95.34046816589262,118.70392779970918,,75.75743161344023,0.0018,0.0,0.00017014317155248054,63.91974252762601,0.0004328221359930812,32.39353425112923,0.0,0.0004,94.15059903381632,72.4341932367149,66.35014975845402,43.23040096618353,63.29015458937191,43.49651207729463,43.00084541062797,22.896396135265675
1342.0,85.07059859518817,92.86122101595097,80.29437832359422,115.66390037433908,95.32837749311884,118.69865282311744,,75.7367806480236,0.0027,0.0,0.0,64.02628931562931,0.0003000498842251645,32.352612219348536,0.0,1.4271461649953e-05,94.14472946859894,72.35581642512068,66.320420289855,43.23415942028981,63.33018840579704,43.50453140096613,43.01274396135261,22.895318840579684
1344.0,85.06078427015068,92.8140799809953,80.26118698939551,115.68784033201541,95.31622801990235,118.68248478377905,,75.7168045800483,0.002671485532427643,0.0001857427662138215,0.00035722829864146455,64.23418406738287,0.00010712861689308925,32.22403095804229,0.0,8.57427662138215e-05,94.1387922705313,72.2724734299516,66.2890579710144,43.23816425120768,63.37617874396129,43.50935265700478,43.02384541062797,22.897342995169055
1346.0,85.05163544362576,92.7674574980457,80.22786478573589,115.70050336623522,95.30377675604426,118.6813222641657,,75.69674232122047,0.0025440538113552804,0.0003349536605614951,0.00044126158485962625,64.14901634672405,0.00018076532081801394,32.302555590383086,0.0,5.873841514037377e-05,94.13569082125595,72.18563285024146,66.25523671497577,43.24354106280189,63.42009661835743,43.51078260869561,43.03371497584536,22.903458937198042
1348.0,85.04255497893242,92.72046627466028,80.19466404571398,115.72755728419354,95.29141986035272,118.68359936092413,,75.67665746112294,0.0018439919829041837,0.00012879839658083676,0.0003424032068383265,63.98233225462516,0.00035,32.176614649732535,0.0,0.0001,94.13302898550714,72.11685507246368,66.21920772946852,43.246685990338115,63.46413526570041,43.512328502415414,43.04374396135261,22.91705314009659
1350.0,85.0328212954113,92.67395471554784,80.16214500679978,115.74732334052152,95.27977859232254,118.68464917798069,,75.65607241887052,0.003735714438095238,0.00018630953650793653,8.630953650793651e-05,64.02436612312381,0.0003089286095238095,32.36204793368889,0.0,1.3690463492063495e-05,94.129111111111,72.07906280193228,66.1828550724637,43.24586956521735,63.51109178743955,43.51276811594198,43.05110144927531,22.93608212560384
1352.0,85.0232179822282,92.62741087188385,80.12974593881748,115.7713292014895,95.26730115767643,118.68130599084428,,75.63581900185652,0.003478505332371521,0.00012906859776748127,1.4534298883740647e-05,64.42854488056437,0.00022180144832561097,32.379435521001824,0.0,0.00013080868995366579,94.1222415458936,72.05304347826079,66.1460434782608,43.241792270531356,63.55658937198061,43.50914975845406,43.05900483091782,22.95728019323669
1354.0,85.01275934372882,92.58022791210877,80.09713534145139,115.78416341466475,95.25510888019797,118.68639857652035,,75.61573475042317,0.001840019824115001,1.4001982411500125e-05,0.00045799405276549963,64.28296496218597,0.0001350049560287503,32.34336638273202,0.0,8.599801758849988e-05,94.11855072463759,72.02642995169074,66.11388888888882,43.234536231884015,63.602396135265636,43.50339613526565,43.06889371980672,22.983381642512054
1356.0,85.00217952400831,92.53314786444685,80.06452540370917,115.80399627267698,95.24348220244273,118.69372284110611,,75.59542767854464,0.0017142147162828192,2.8429432565638797e-05,1.4214716282819399e-05,64.03001740367175,0.0002642147162828194,32.13203624310632,0.0,1.4214716282819399e-05,94.11569082125592,72.01596135265693,66.08653623188398,43.22353140096614,63.644932367149686,43.49442995169077,43.077429951690775,23.015913043478236
1358.0,84.99204672498024,92.48529355947493,80.03251033585164,115.83911396394626,95.23119638356032,118.71044956321703,,75.57561283442871,0.0017145790666672272,8.542093333277263e-05,0.00031457906666722735,64.13154266946461,0.00010728953333361369,32.2895173438663,0.0,0.0001,94.1106763285023,72.03582608695645,66.06036714975838,43.210555555555516,63.68492270531394,43.482396135265645,43.08310144927532,23.05711594202896
1360.0,84.98209833139174,92.4370409842612,80.00104348388611,115.88445109934243,95.21947708145875,118.73196376445564,,75.55597779476386,0.0011171656964044003,0.00027285428794944993,1.3572856025275026e-05,64.01959580589168,0.00030928143192417493,32.343794111130585,0.0,0.0,94.10712560386462,72.08169082125596,66.03760386473422,43.199768115941986,63.724362318840505,43.46926570048304,43.08617391304343,23.1039951690821
1362.0,84.97185237491064,92.3886838554202,79.96946773189819,115.9232871061545,95.20793592509963,118.75935494453964,,75.53660007768096,0.001962327449287883,0.000213806707857257,0.00015522683142902804,64.28656192408513,0.00043096646071371503,32.16613234730823,0.0,1.3806707857257011e-05,94.10442028985496,72.13420289855065,66.02327536231877,43.19355072463763,63.76169082125597,43.4540096618357,43.08991304347821,23.148922705313982
1364.0,84.96168836303684,92.34126856392409,79.93806718175787,115.95979996614416,95.19588849710644,118.77133824675292,,75.51725048636243,0.0017,0.00018561076132693846,1.4389238673061545e-05,64.2817311608406,0.0001784161419904077,32.38747251232166,0.0,0.00034244304530775386,94.10438647342984,72.20778743961345,66.02472463768109,43.190125603864686,63.79782608695645,43.43864734299512,43.09458454106275,23.18740096618355
1366.0,84.95155795414576,92.29380482683564,79.90736153027204,115.99316141490036,95.18404233143723,118.8006395679792,,75.49776238399396,0.001836726500499992,0.0002589820498500023,0.0005,64.13769831116625,0.00012949102492500116,32.2005167596732,0.0,1.3672650049999213e-05,94.1064685990337,72.30492753623182,66.04148309178737,43.185937198067585,63.83556038647336,43.424024154589326,43.098676328502364,23.21674396135263
1368.0,84.9408418136401,92.24673978762975,79.8764247121947,116.04058320690882,95.17190192048882,118.8349187704998,,75.47874697729338,0.0022856999886050346,0.000619637495726888,0.00018660624928781467,64.02957643167944,1.3393750712185341e-05,32.29868887467239,0.0,1.3393750712185341e-05,94.10955555555545,72.39331400966175,66.07017874396128,43.181652173913,63.876574879226986,43.409207729468555,43.101898550724584,23.2365990338164
1370.0,84.92971757809165,92.1997554743404,79.8459780659231,116.08579160227302,95.15981803927511,118.86824244931994,,75.45975016605814,0.001096923116509662,0.0004723076809972394,0.0001,64.31731077184914,4.846155825483107e-05,32.269838465822296,0.0,0.0,94.10953623188395,72.46661352656997,66.10936231884051,43.179159420289814,63.919057971014425,43.39326570048304,43.10578743961347,23.246468599033793
1372.0,84.91891737459522,92.15345063024824,79.81588811450858,116.1356735352644,95.14845165684532,118.8966125423954,,75.44064941236611,0.004761417322834646,0.00012992125984251967,0.0001,64.0163062992126,0.0002224409448818898,32.33269133858268,0.0,0.0,94.10833333333323,72.52002898550717,66.156458937198,43.17739613526565,63.95708695652167,43.38009178743957,43.110705314009614,23.24628019323669
1374.0,84.90787483505392,92.10735084755912,79.78561750732597,116.19699224632772,95.13728193712025,118.92507202328828,,75.42107303936172,0.0036199997860298914,0.0003266666870447722,1.333334352238611e-05,64.16573993675655,0.0003033332976716486,32.35352333102042,0.0,0.0001,94.1096956521738,72.55873429951683,66.20649758454098,43.1790483091787,63.98661352656998,43.371801932367106,43.1152367149758,23.243690821256013
1376.0,84.8968668287246,92.06141201258201,79.75628659467186,116.25883036036666,95.12622718022315,118.95443492501731,,75.4019924405275,0.0031765914051296714,0.00012792607435879104,0.0003815194833321419,64.19946119440017,2.0944555769093295e-05,32.34109445736418,0.0,0.0003441478512824179,94.11137198067622,72.59004830917867,66.2580628019323,43.183328502415414,64.00784541062795,43.36573429951686,43.11979227053135,23.2457874396135
1378.0,84.8859612760196,92.01568976673579,79.72680418053727,116.31343009792921,95.1144312914251,118.97881903760172,,75.38304628323291,0.0017607784289624363,0.00017844314207512762,0.0007823352868873086,64.06302802801079,8.692614298747875e-05,32.38503373743601,0.0,1.3073857012521257e-05,94.10988888888878,72.60889855072455,66.30837198067626,43.183497584541016,64.01675362318834,43.36044927536227,43.12173429951686,23.249545893719784
1380.0,84.87450561118342,91.96971907418424,79.69715464238033,116.36209920045677,95.10282685013836,118.99666874864675,,75.36382457513345,0.0018,0.0003441584341111679,0.0,64.20338584940811,9.188117441662408e-05,32.24950156773406,0.0,0.0001,94.10529468599023,72.6128357487922,66.35379710144919,43.1769903381642,64.01346859903374,43.35568115942024,43.123217391304294,23.250275362318813
1382.0,84.86331797815353,91.92398562851751,79.66808205075654,116.42404467942244,95.09086930221208,119.0214097936079,,75.34457136978978,0.0026705521433851476,0.00034110428677029523,1.47239283074262e-05,64.46442023593885,0.00017944785661485238,32.29640859097372,0.0,0.00034110428677029523,94.10176328502405,72.62029951690813,66.3922125603864,43.167748792270494,64.00467632850234,43.354164251207685,43.12822222222217,23.24393719806761
1384.0,84.85211012620994,91.87905916047688,79.638898995257,116.46598011757938,95.07891697998984,119.02798389831452,,75.32514891705435,0.0033044176706827307,6.827309236947793e-05,6.827309236947793e-05,64.23266626506023,0.00013413654618473896,32.38641465863454,0.0,0.00014096385542168674,94.09919806763274,72.6328888888888,66.42420289855065,43.158999999999956,63.995236714975775,43.35380676328498,43.13293719806759,23.22885990338162
1386.0,84.84131869558672,91.83496634047863,79.61001077563111,116.50722717085219,95.0671564382507,119.0485177989877,,75.30572860784186,0.002386732636928933,0.0,1.4158420383883358e-05,64.16739149717652,9.292078980805832e-05,32.40777910940146,0.0,8.584157961611665e-05,94.09750241545883,72.62880193236707,66.45254106280186,43.149048309178696,63.98705797101442,43.352516908212515,43.135376811594156,23.209927536231856
1388.0,84.8304182790014,91.79079420065383,79.58077659310021,116.5471087316165,95.05543425065021,119.06193984663382,,75.28667599984297,0.0014247144522795169,0.00035482867136771024,8.49428904559034e-05,64.18395150114921,0.0001698857809118068,32.42037654082523,0.0,7.528554772048306e-05,94.09840579710135,72.61530434782601,66.47807729468592,43.13849758454101,63.98335265700476,43.353028985507194,43.13772946859899,23.193198067632824
1390.0,84.81984707923888,91.74672976208862,79.55160311639031,116.58192976671451,95.04440965714399,119.06153676345633,,75.26735782281969,0.0015817460825396825,4.4345219047619036e-05,8.521826031746032e-05,64.23831331469206,0.00017043652063492064,32.273604711784124,0.0,8.521826031746032e-05,94.10063768115931,72.59615942028978,66.50288405797095,43.1296328502415,63.98438164251201,43.35507729468594,43.141531400966144,23.179333333333307
1392.0,84.80880148515358,91.70317470009806,79.52231766975049,116.6132269432778,95.03314196894617,119.08979461653797,,75.24848059748655,0.0036974052531615494,8.552894665439638e-05,2.8942106691207252e-05,64.08843462919086,7.235526672801813e-06,32.391426393935504,0.0,1.4471053345603626e-05,94.10414975845399,72.5681352657004,66.52551207729461,43.12342028985503,63.990420289855,43.356618357487875,43.14649275362314,23.170265700483064
1394.0,84.7985533874081,91.66009704555843,79.49316963815726,116.64145683799345,95.02150061249313,119.10442881727299,,75.22942515488752,0.004167339513073707,0.000134197864158178,0.0005,64.31876210525952,0.0001,32.36807449243877,0.0,8.2901067920911e-05,94.10706763285015,72.54648309178737,66.54281642512069,43.121347826086904,64.00293236714968,43.35805314009657,43.15232367149754,23.167371980676304
1396.0,84.78754277762144,91.61716581118256,79.46430395141256,116.66951154171322,95.01019940462511,119.10811857110592,,75.21036819156707,0.0027,0.0002712574813582411,0.00044251496271648224,64.08161316872344,0.0001571856296604397,32.292554789755506,0.0,0.0001293413338879149,94.10930917874384,72.53366666666659,66.55290821256031,43.120599033816376,64.0227777777777,43.35860869565212,43.15873429951686,23.172077294685966
1398.0,84.77684754712104,91.57420379535817,79.43536619621322,116.69061463563857,94.99887747299326,119.10050262227963,,75.19136212316593,0.0018930999552,0.00027340001279999997,0.0005867000064,64.4014817054464,8.989998080000001e-05,32.2998045957632,0.0,5.319997440000001e-05,94.11079227053129,72.51752173913034,66.56055072463761,43.12008695652169,64.0478164251207,43.35633816425116,43.16543478260865,23.18342512077292
1400.0,84.76617128716792,91.53107645453544,79.40691329615451,116.72329427329886,94.98754977529693,119.09080111630956,,75.1726440066492,0.00271697203576298,0.00026605592847403996,3.394407152596006e-05,64.09377579856823,5.940212517043012e-05,32.356605737696015,0.0,0.0001,94.11024637681149,72.50184057971006,66.56872946859896,43.12228019323666,64.0740821256038,43.35051690821252,43.17396135265695,23.201077294685966
1402.0,84.75505089109028,91.48794967935358,79.37851782321707,116.75144928837332,94.9766168302661,119.08898676896841,,75.15414748114507,0.001714199390240444,0.0,1.4199390240444083e-05,64.18998671524909,1.4199390240444083e-05,32.371752717377014,0.0,0.00012839878048088814,94.11187922705302,72.49235265700474,66.5774782608695,43.128425120772896,64.10238647342987,43.342246376811545,43.18285024154585,23.22834782608693
1404.0,84.74422934052107,91.444938062322,79.35057310793943,116.77921245228612,94.96559726646272,119.08122918408603,,75.13568402128547,0.0013236222488188978,0.0003440944377952756,0.0001,64.38285407405354,0.00035,32.33586377111181,0.0,0.0003440944377952756,94.11634299516898,72.4858357487922,66.58627536231877,43.14042028985502,64.13288888888881,43.33267632850237,43.19003381642508,23.26255072463766
1406.0,84.73326964883044,91.40193371066916,79.32362604213314,116.81166837416703,94.95445178577118,119.08360460609528,,75.11742339056275,0.0023960001024,0.0002610000384,2.5999974400000004e-05,64.16277498624,0.0001370000128,32.371229018137605,0.0,1.2999987200000002e-05,94.12073429951681,72.48274879227046,66.59521739130427,43.15721256038643,64.1681932367149,43.32000483091783,43.1964444444444,23.298570048309152
1408.0,84.72264087414244,91.35842029133276,79.29691394179955,116.83162038419026,94.94419301702648,119.08155842205674,,75.09914732827157,0.0039,0.0004423675984303985,8.587746718986719e-05,64.52996345277252,8.587746718986719e-05,32.27865166115545,0.0,0.00014236759843039846,94.122149758454,72.4829468599033,66.60987922705307,43.17901932367145,64.20860386473423,43.303082125603815,43.203618357487876,23.330541062801906
1410.0,84.71171271633736,91.31522942682724,79.27043885517473,116.83709152316992,94.93339408134794,119.07468994288963,,75.08099382768626,0.003350100279518072,0.0001,0.0004342369156626506,64.18142930081929,0.0,32.302120899739755,0.0,8.684738313253013e-05,94.12246376811585,72.48568115942021,66.63536231884052,43.20610628019318,64.24852173913037,43.282584541062754,43.21069565217387,23.357198067632822
1412.0,84.70034062226168,91.27266399353583,79.24448582962309,116.843933187302,94.92216366849239,119.07659392589026,,75.06306653199555,0.0017862764892818412,8.627648928184125e-05,0.0001725529785636825,64.35356034201185,0.0001725529785636825,32.419626286935944,0.0,8.627648928184125e-05,94.12410628019315,72.5005700483091,66.67030917874388,43.23391304347821,64.28727053140089,43.26041062801927,43.21803864734295,23.37825603864732
1414.0,84.68861089745533,91.229670768983,79.21885775253386,116.86187627213239,94.91062425849861,119.09956766406819,,75.04514196291106,0.0028158116043854003,0.001836020671931599,0.00024963354473660015,64.14833396521993,0.0004003664552633999,32.497075748183406,0.0,0.0001,94.12585507246368,72.50526086956513,66.70682125603858,43.26205314009657,64.32542995169075,43.23668115942024,43.22540579710141,23.39387439613524
1416.0,84.67689790503866,91.18762172948003,79.19357606877271,116.87562283478678,94.89919189143144,119.09469011440115,,75.02752585062062,0.00178687691479133,0.0,0.0001393692556260098,64.55910286183502,0.00017375382958266015,32.25032693447963,0.0,0.0003606307443739902,94.1270579710144,72.4734396135265,66.74241062801926,43.29431400966179,64.36118357487916,43.211565217391254,43.23133333333329,23.408975845410602
1418.0,84.6654373916797,91.14554905195244,79.1684158247444,116.88643923235253,94.88769508262105,119.09027147589134,,75.00926195113935,0.002221442793241806,0.00012785572067581938,5.5711441351638805e-05,64.05668328004704,4.874751118268393e-05,32.3305308052225,0.0,0.0,94.125188405797,72.4289661835748,66.77693719806756,43.327830917874344,64.39450724637675,43.185280193236665,43.23857971014488,23.426086956521715
1420.0,84.65399939544291,91.10418275621508,79.14376582803375,116.90704719280801,94.87693662888492,119.08658069925266,,74.99150813166172,0.0018,0.0005800770611884464,0.0001,64.16221048769857,5.8565924200825264e-05,32.34213267074328,0.0,0.00015139554520495155,94.12127536231874,72.37295169082118,66.80476811594195,43.35546859903376,64.41924637681153,43.157473429951644,43.24507729468594,23.445386473429927
1422.0,84.64192407063395,91.06292897437348,79.11911080466697,116.92263089262391,94.86668555270559,119.0912995127694,,74.9737890798209,0.0010128104222245611,0.0003858986972219299,0.00017179739444385974,64.27010853234981,0.00023267149583815712,32.56713596138798,0.0,8.589869722192987e-05,94.11628502415448,72.30879227053131,66.82565217391297,43.376599033816376,64.43392753623182,43.12961835748787,43.24936231884053,23.46832367149756
1424.0,84.62963258675005,91.0216710275486,79.09453465889801,116.93130175010484,94.85604262624761,119.10759919070667,,74.95630126776824,0.002787212786395223,1.2787213604776893e-05,0.0005744255727904462,64.35441158542012,5e-05,32.28116893208353,0.0,8.721278639522311e-05,94.11053140096608,72.26661835748784,66.84294202898543,43.39284541062797,64.44053623188398,43.10198067632845,43.25297101449271,23.496410628019298
1426.0,84.61707687242475,90.97966174888607,79.0701692871407,116.92667985057422,94.8442048903338,119.12569949702012,,74.93889116479502,0.002659683703479221,0.00027193674069584425,0.0002,64.18926165940574,0.0005210474444781168,32.315058111428776,0.0,0.0007737153331312991,94.10794685990328,72.25118357487915,66.85764251207722,43.402685990338114,64.43851690821249,43.07482608695648,43.25743961352652,23.525173913043453
1428.0,84.6043740327593,90.93806290320988,79.04582930999595,116.93533023076952,94.83312878201373,119.13467959319966,,74.92150140136853,0.0014282128192771085,0.00045793179759036134,0.00044257025542168677,64.12556147176868,4.282128192771084e-05,32.3470916512,0.0,0.0,94.10767149758443,72.24259903381633,66.87272946859896,43.40998067632845,64.43452173913036,43.04902415458932,43.26313043478257,23.54831400966181
1430.0,84.59134831751126,90.89606854100812,79.0219532668782,116.93832934031556,94.82150310020371,119.14788590468031,,74.90365558600547,0.002397394802738943,0.0006486974013694716,0.0,64.37114168890207,0.0007102204523965753,32.274717735539205,0.0,5.1302598630528446e-05,94.10949758454096,72.23344444444436,66.88714975845403,43.41619323671492,64.43163285024147,43.0254444444444,43.265579710144884,23.56303864734297
1432.0,84.5790305136869,90.85456231260514,78.99762074812679,116.93823536010305,94.80980828850149,119.1850704734351,,74.88610911400134,0.0011470231929268575,0.0003862764892818413,1.3723510718158747e-05,64.37614631739761,2.7447021436317494e-05,32.52646019365585,0.0,1.3723510718158747e-05,94.11383574879216,72.2235700483091,66.9000434782608,43.42043961352652,64.42880676328495,43.00313043478256,43.26449758454101,23.574888888888864
1434.0,84.56635961812925,90.81282851624425,78.97356927728586,116.94627941825959,94.79901981086101,119.2185537390711,,74.86896909889835,0.0026255384532979887,0.0,0.0,64.456625025088,0.00013487179258277464,32.12615907397848,0.0,1.3948717033109854e-05,94.12171497584531,72.210265700483,66.91069565217383,43.42493236714971,64.42444444444438,42.98352173913039,43.263149758454055,23.59061352657002
1436.0,84.55330129232598,90.77087155355315,78.94916085269989,116.95821479383638,94.7872699969149,119.25365361596248,,74.8518592752688,0.0011024097921517,0.00013795183602844375,5.060244803792502e-05,64.25653373390298,0.0,32.30283041366608,0.0,0.00020120489607585007,94.13360869565207,72.20035748792263,66.91604347826079,43.43015458937194,64.42239130434776,42.96928019323667,43.2654057971014,23.608009661835723
1438.0,84.54038711985092,90.72940762467664,78.92526051892511,116.97509650432528,94.77606805896926,119.28560945796943,,74.83480118532377,0.002568737427656923,0.00017374748553138463,8.687374276569232e-05,64.48130791032203,0.00017374748553138463,32.32614319132432,0.0,8.687374276569232e-05,94.1470386473429,72.19219323671489,66.91542028985499,43.43790821256034,64.42531884057964,42.9570676328502,43.27157971014488,23.626811594202874
1440.0,84.5273591513891,90.68833385857276,78.90126716139602,116.99102399448657,94.76441219875842,119.31838705717009,,74.8175223533594,0.0018,0.0,0.0001712809785123967,64.35975379001653,0.00015717975537190082,32.44825220079339,0.0,0.00025692146776859503,94.16017874396125,72.18421739130426,66.90563285024146,43.44709178743957,64.43355072463761,42.945371980676285,43.27720772946854,23.646850241545867
1442.0,84.51469185739019,90.64726893420777,78.87777858918399,117.015584460433,94.75258505205733,119.32286849469378,,74.80024451602432,0.0015259999744,1.2999987200000002e-05,0.0004480000512,64.42630002048,0.0,32.232674976,0.0,0.000435000064,94.17302898550714,72.17500483091779,66.8869468599033,43.45730434782604,64.44868115942022,42.93445893719802,43.28387439613521,23.668053140096593
1444.0,84.5016905546003,90.60615368130873,78.85412701680393,117.05740820294967,94.7407498786168,119.33555385417147,,74.78256530286488,0.0015265734154852133,0.0003265734154852134,0.0002,64.35421610485618,4.335664612869666e-05,32.364137410297694,0.0,8.671329225739332e-05,94.18314492753613,72.14924154589364,66.86613526570041,43.466367149758405,64.46809661835742,42.92271980676324,43.29133816425115,23.695951690821232
1446.0,84.48894460205415,90.56478621838546,78.8308632388952,117.10533069257698,94.72872208397321,119.35169067385503,,74.7651560715864,0.0018433053723849373,0.0012566946276150628,8.598322343096236e-05,64.43435629121339,8.566946276150629e-05,32.469801264642676,0.0,0.00034267785104602515,94.18920772946849,72.11078743961345,66.8511932367149,43.47571980676324,64.49280193236707,42.91149758454102,43.29813526570043,23.728507246376786
1448.0,84.47534109018703,90.52436664245866,78.80820415693871,117.15052457482585,94.71732717279971,119.36509767868577,,74.74747462673336,0.004874900927464778,0.0,0.0007834662204854108,64.2274013751589,0.0,32.39565756982504,0.0,5.1792790895372985e-05,94.19586473429942,72.06999516908205,66.84183091787432,43.48924637681154,64.52319806763278,42.90086473429947,43.305801932367096,23.75797101449273
1450.0,84.46157512200966,90.48410916613635,78.78542417844167,117.19876916933164,94.70572350104801,119.37629707763415,,74.72977140497773,0.003737288145975632,0.0002271186423373947,6.779660584348676e-05,64.21299660732384,0.00035,32.30782033974746,0.0,8.644067883130266e-05,94.20231884057961,72.01777294685982,66.83312560386466,43.50305314009657,64.55851207729462,42.89084541062797,43.314048309178695,23.78048792270529
1452.0,84.4484491776329,90.44331424985388,78.76340122976949,117.23851515132117,94.69481244684354,119.38567321496461,,74.7119338359571,0.002646248705200326,0.0008742034860729939,1.3977390436334012e-05,64.49648930777647,0.0001,32.404367266135566,0.0,0.0001,94.20720289855062,71.96664734299509,66.8281739130434,43.51389855072459,64.5974009661835,42.88141545893715,43.32380676328498,23.794222222222196
1454.0,84.43486089083778,90.40296494243978,78.7415101723207,117.27178556343657,94.68370250378175,119.39186258924937,,74.69449017572931,0.001144959793548387,1.3608877419354835e-05,0.00018639112258064518,64.36939009981936,2.721775483870967e-05,32.28624348830967,0.0,0.0003591733677419355,94.20976811594193,71.92607729468592,66.8278357487922,43.52214492753618,64.63791787439607,42.87067632850236,43.33423188405793,23.795086956521715
1456.0,84.42187538617067,90.36271163366462,78.71904482847282,117.29852500031602,94.67183531409646,119.38580725615815,,74.67736275441278,0.0014,0.000140060221686747,0.0005465863710843374,64.37176627585542,0.00011335340722891567,32.32858674162892,0.0,0.0001,94.209265700483,71.88626570048301,66.82833816425114,43.52688405797097,64.6780821256038,42.85968115942024,43.34330434782604,23.782125603864706
1458.0,84.40852229461171,90.32271749772342,78.69730824735399,117.32238136906379,94.65984234994106,119.39970153760315,,74.66039046675593,0.0017,0.00044467210491803277,1.383197377049181e-05,64.46992672304262,9.149592131147542e-05,32.47516941198689,0.0,0.0002106557901639345,94.20615458937188,71.8526086956521,66.82848309178736,43.530159420289806,64.71526086956514,42.84881642512072,43.34960869565212,23.75868599033814
1460.0,84.39477318714836,90.28292303502047,78.6752487813204,117.34615035220995,94.64745560658092,119.41197685725282,,74.6436917117072,0.0028318318426053674,0.00042992993441890316,0.0,64.31240030143421,4.299299344189031e-05,32.26884949850654,0.0,0.0,94.20149758454097,71.82151690821249,66.82716908212552,43.535806763284974,64.74859903381635,42.83902415458932,43.3565555555555,23.724560386473403
1462.0,84.38148707649817,90.24316776414084,78.65319342108242,117.38134537845922,94.63513447880614,119.41352653616444,,74.62698867796982,0.0023870967741935483,0.0004717741935483871,0.0004,64.2214064516129,5e-05,32.335273588709676,0.0,8.588709677419356e-05,94.19757971014482,71.77913043478253,66.82456521739122,43.542884057970966,64.77906763285017,42.82937198067628,43.3639516908212,23.681429951690795
1464.0,84.36887354756217,90.20415548477531,78.63137346329484,117.40980000733946,94.62325966510453,119.3991886235145,,74.61014705747004,0.0011571428571428572,0.0004714285714285714,0.0002,64.59891428571429,7.142857142857144e-06,32.33867142857143,0.0,0.0001,94.19430434782599,71.73627536231876,66.82088888888882,43.55114975845405,64.80895652173906,42.82005314009657,43.3710483091787,23.63167632850239
1466.0,84.3561092991822,90.16472483337829,78.60955259368451,117.4256078473087,94.6118626349025,119.40421266787737,,74.59355820314184,0.002398320113833992,0.0015402173217391303,0.00015810279209486168,64.45296984279526,4.273715098814229e-05,32.31387124204269,0.0,0.0001,94.1910193236714,71.7019855072463,66.81457971014487,43.556806763284975,64.83774879227046,42.80994202898546,43.378971014492706,23.57171497584538
1468.0,84.34329585863993,90.12553751780806,78.58861663691243,117.44099090433356,94.6011861443628,119.39519126538279,,74.57737988758747,0.0015295049415610224,0.0004262376460974443,0.0002295049415610223,64.39747744031398,2.950494156102229e-05,32.479599909740976,0.0,1.4752470780511145e-05,94.18467632850232,71.66299516908205,66.80469565217385,43.55850241545889,64.86156521739123,42.79837198067628,43.38406763285019,23.5033913043478
1470.0,84.33016472583974,90.08637692133367,78.56774965312613,117.45515602295781,94.58999882948581,119.39211831015278,,74.56120558579029,0.0022484575557175615,0.0003,0.0,64.16464559346393,8.42785972323476e-05,32.29646901241587,0.0,6.288561107060962e-05,94.1764347826086,71.63439130434776,66.79212077294679,43.56036231884053,64.8792125603864,42.7924057971014,43.38695652173908,23.433328502415435
1472.0,84.31662276514086,90.0466809492433,78.54681320501605,117.45782396057169,94.57837294295935,119.39480434547835,,74.54532559625386,0.0023698699729880228,0.00021711702431077948,0.0001,64.33094622069356,0.00017397399459760456,32.496253961914675,0.0,0.0001,94.17105797101439,71.62824154589364,66.77716908212552,43.5629903381642,64.88672463768108,42.79118357487918,43.38646376811589,23.36571980676326
1474.0,84.30382977009843,90.00722011630135,78.52596443362235,117.46252972242485,94.56657224801623,119.3864035984682,,74.52957947151009,0.0017,0.0,0.000446906206391212,64.60417745692327,5e-05,32.518690880867496,0.0,0.0001,94.16910144927526,71.62585990338157,66.75959903381634,43.56348309178739,64.88031400966176,42.79319323671493,43.380797101449225,23.301169082125575
1476.0,84.29064735147558,89.96821020221142,78.50562361506974,117.47358671809992,94.55531473607725,119.36002523969701,,74.51365079102877,0.0017,1.7094018132969768e-05,0.0003658119637340605,64.14993162088854,0.0,32.44204658120853,0.0,0.0001,94.16935748792261,71.62117391304339,66.73861352656996,43.563256038647296,64.86171980676322,42.80109661835744,43.372338164251154,23.240342995169055
1478.0,84.27743287849341,89.9288328958261,78.48484845613558,117.4720638026584,94.54356799432914,119.36941942780706,,74.49773630475313,0.0019718226492643847,0.0001408867536780767,1.4088675367807662e-05,64.5032286412782,0.00018591132463219236,32.21310582403746,0.0,0.00035773397389657704,94.17127053140086,71.6194927536231,66.71163768115935,43.56077294685985,64.83028502415452,42.81450724637676,43.3615942028985,23.184608695652148
1480.0,84.26437347798884,89.88959223701269,78.46379109119744,117.4700384444079,94.5320336478502,119.3766928609382,,74.48249238865957,0.0017611336032388664,8.704453441295547e-05,0.0008834008097165992,64.53996842105263,0.00013704453441295547,32.279566194331984,0.0,0.0001,94.17431884057962,71.62811594202891,66.67914492753616,43.5569903381642,64.78835265700476,42.83303864734295,43.35085024154584,23.134241545893694
1482.0,84.25114068031552,89.85020919167202,78.44308680710374,117.4821621735971,94.52099956487123,119.34992464780485,,74.46701403474349,0.0014094687344869575,0.0001314975949605352,0.00018425120251973242,64.43488809387358,6.57487974802676e-05,32.4840140544857,0.0,1.5748797480267592e-05,94.18042512077284,71.63839613526562,66.64043478260861,43.55418357487918,64.74126570048301,42.85630434782603,43.34239130434777,23.091439613526546
1484.0,84.23820370753756,89.81099590857183,78.42230235346308,117.49344434392054,94.50906965800247,119.34067052661227,,74.45100614770385,0.0008132602121150015,8.673978788499859e-05,6.63010605750071e-05,64.19348493247394,5e-05,32.39079542318992,0.0,1.3260212115001421e-05,94.18730434782599,71.63400966183568,66.59545893719799,43.54750241545889,64.69014492753615,42.88209178743956,43.33550241545889,23.056067632850212
1486.0,84.22557353150074,89.77267993282352,78.40169469109023,117.50270089900916,94.49766340747414,119.32582571008828,,74.43523583867548,0.0035010001920000003,6.649996800000002e-05,0.0001132999936,64.392472026624,0.0001800500096,32.359744397644796,0.0,1.3299993600000002e-05,94.1896231884057,71.61596618357478,66.54969565217382,43.53824154589367,64.63611111111103,42.90753623188401,43.32824637681155,23.028038647342967
1488.0,84.21255385619533,89.73423845915394,78.38112766322948,117.51698216779315,94.4860202208944,119.3056416879082,,74.41942249618502,0.002388974868676225,0.0003,0.00043655706781498585,64.54524217359324,4.206963347687323e-05,32.27921653566681,0.0,0.0,94.1886038647342,71.5903623188405,66.50516425120765,43.525362318840536,64.58390338164244,42.93272463768111,43.32103381642508,23.007265700483067
1490.0,84.19944647409093,89.69545642789633,78.36101377522114,117.54003156211567,94.47496513924813,119.27944877687719,,74.40336793767887,0.004695107555236375,0.0003140672661572936,0.00042966366921353197,64.21805226395611,0.0003866973022921788,32.48874939588171,0.0,0.0,94.18597584541052,71.55147826086949,66.46352173913036,43.50792270531396,64.53648309178737,42.95829951690817,43.31844927536226,22.997884057970985
1492.0,84.18613243366842,89.65682442336592,78.34092829064976,117.56014587153852,94.46324342110736,119.27697056015698,,74.38732975378832,0.002044400297761763,1.357779432009796e-05,0.00043211102839951017,64.44924163564981,0.0001728444113598041,32.33417398808953,0.0,0.00014073338296029386,94.18097584541053,71.50478260869556,66.4260966183574,43.48628502415454,64.49385990338156,42.98490338164247,43.319028985507195,22.997980676328474
1494.0,84.17295123606159,89.61854914672413,78.32099457772924,117.57995879347793,94.45174595933935,119.28654107805431,,74.37176787702292,0.0016694552653696497,0.0001458171019455253,0.00033891053073929967,64.225319927807,0.00016945526536964983,32.30814683407937,0.0,8.472763268482492e-05,94.17944444444434,71.45736231884051,66.39023671497577,43.461512077294636,64.45609178743955,43.01140096618352,43.322531400966135,22.998289855072436
1496.0,84.15998262280516,89.58083014077633,78.30137396144532,117.60725541373276,94.4405726754465,119.27520172178177,,74.35578482381246,0.0026724275962391273,0.0,0.0004310689905978176,64.13239218240909,0.00015,32.41574174163384,0.0,0.0001,94.18361835748782,71.4047004830917,66.35222705314001,43.43415942028981,64.42323671497577,43.0354830917874,43.330541062801885,22.996541062801906
1498.0,84.14736409912187,89.54262773114752,78.28179617703904,117.64001697415422,94.42916777969695,119.27114837416352,,74.34004065493441,0.0011368630816775596,0.00027262738366448804,1.3686308167755966e-05,64.50633286099071,0.00035,32.29475419860486,0.0,0.0,94.1867004830917,71.360342995169,66.3101932367149,43.40062318840575,64.39592270531394,43.05666666666662,43.34164251207724,22.994396135265674
1500.0,84.13454975951385,89.50447515817638,78.26226723056767,117.66950561193079,94.41876450486447,119.26643434974508,,74.32443496095966,0.0014642239942806105,1.6007723940710704e-05,0.0002,64.51992207573748,5.6027033792487455e-05,32.318481187484295,0.0,1.6007723940710704e-05,94.1909420289854,71.33859903381635,66.26586473429943,43.36157004830913,64.37595169082118,43.07569082125599,43.355642512077246,22.990879227053114
1502.0,84.1216637713765,89.46694488502284,78.24269979054932,117.71311038029512,94.40742131309882,119.26277796396228,,74.30922600127793,0.0036474947780354024,0.0004953906142384756,0.0001739479181015366,64.27125269740155,0.0002586171842715426,32.105876235911985,0.0,5.210416379692684e-05,94.19859420289845,71.31714492753615,66.21730434782602,43.318922705313966,64.36572946859896,43.09151690821251,43.37052173913038,22.982425120772923
1504.0,84.10846955866423,89.42974718427408,78.22323534394596,117.75325303049061,94.39576739566654,119.25166063103912,,74.2938411213435,0.0016621622286502678,0.0001,0.00041351351905418896,64.36749730377434,9.324324047290552e-05,32.189008108869956,0.0,0.0,94.20285990338154,71.28437198067626,66.16187439613519,43.272859903381594,64.36343961352651,43.10193236714971,43.38543478260865,22.969531400966158
1506.0,84.0958036047305,89.39192327705453,78.2042662206115,117.78760866689593,94.38399741833882,119.26798959166129,,74.27828884636496,0.0015317120747081713,6.34241494163424e-05,9.513622412451364e-05,64.38093541827237,0.00035,32.35160870827082,0.0,8.414396264591441e-05,94.20537198067622,71.26388888888881,66.10284057971006,43.22726086956518,64.3684396135265,43.10777294685985,43.40131400966178,22.954362318840552
1508.0,84.08343106223023,89.35469164222302,78.1847304254074,117.83360409093154,94.37219931561826,119.27472229541333,,74.26274836296734,0.001714243034262948,0.00025727089721115534,8.57569657370518e-05,64.71532306998566,7.121517131474106e-06,32.386952542661355,0.0,0.0001,94.21198550724628,71.25424637681151,66.04275362318833,43.18427536231879,64.38243478260863,43.10992270531396,43.419695652173864,22.93958937198065
1510.0,84.07112622419741,89.31720146763922,78.16616719498789,117.87978656704402,94.36054045583593,119.28927954162764,,74.24705170108057,0.002641451342053451,8.558648564122282e-05,0.00015765405743510872,64.33669712549624,0.0003067594569236685,32.362920423674964,0.0,0.0002711729712824456,94.22077777777768,71.25514975845402,65.98289371980668,43.1400676328502,64.40403381642506,43.10691787439609,43.439115942028934,22.925405797101423
1512.0,84.05870512000214,89.27989986361519,78.14772524691794,117.91376544251037,94.34934614436108,119.291284510371,,74.23120273559425,0.0026,0.0001834774245365564,0.00014956772639033091,64.60018751374064,0.0003004322736096691,32.32999822440258,0.0,0.0,94.22747826086946,71.27733816425113,65.92449275362311,43.095024154589325,64.4329710144927,43.099169082125556,43.457507246376764,22.910748792270503
1514.0,84.04549860550432,89.24192068454931,78.12970628298494,117.96183477569323,94.33863473528766,119.2964581441943,,74.21605048924893,0.001249108879320855,0.0004267326825526897,0.00030257424442623436,64.38003108354141,0.00011465346348946206,32.37456118903621,0.0,8.534653651053795e-05,94.23081642512068,71.2985700483091,65.86873429951683,43.05253140096613,64.46707246376805,43.08713526570043,43.47397584541058,22.896951690821226
1516.0,84.03293871542846,89.20437405752811,78.11210274845517,118.00246424269625,94.32764536426274,119.28927933145756,,74.200660890344,0.001785019834920635,0.0004,0.00017003966984126986,64.43776736355555,0.00011498016507936508,32.26764945533968,0.0,0.00021984132063492068,94.2330917874395,71.31299033816417,65.81797584541056,43.01481642512073,64.50408212560379,43.07437198067628,43.48757971014487,22.886603864734273
1518.0,84.02002430525886,89.16747844151435,78.09424002255867,118.03703227402997,94.31620608825243,119.29949338837557,,74.1849896960365,0.004555555344855967,0.0001,0.0,64.54643886975472,0.00015277785020576133,32.4255861051786,0.0,4.166668641975309e-05,94.23904830917864,71.35657487922697,65.77336714975837,42.97937681159416,64.54048792270524,43.06335748792266,43.497328502415414,22.879980676328472
1520.0,84.00679567398343,89.1305503868466,78.07619807732621,118.06602027790223,94.30476456036179,119.31523205209777,,74.16940055918066,0.001348429594428071,0.0003,4.133738333779884e-05,64.60488703057916,0.00011377912777926629,32.29105526750442,0.0,0.0001,94.25179710144917,71.41929951690814,65.73550241545885,42.945632850241495,64.57034782608689,43.050666666666615,43.503405797101394,22.87928019323669
1522.0,83.9937765722608,89.09446205272549,78.05854010723672,118.09705403404622,94.2934179850071,119.30629228167533,,74.15352622636408,0.0018,0.00035915916177558924,0.0001727727745170595,64.53277537408286,0.0005615115171804433,32.522778179345536,0.0,0.0001,94.2668647342994,71.47352657004824,65.70385024154581,42.91310144927532,64.59075362318832,43.03719323671493,43.507821256038596,22.883763285024123
1524.0,83.98040432330717,89.057694895849,78.0414231677613,118.12089696780667,94.28174508576045,119.29997852727824,,74.13797745613572,0.0009869565273662466,0.0003,0.0,64.69141306288618,0.00013260868158438384,32.34932173819352,0.0,0.0001,94.27330434782597,71.51522705314002,65.67737198067626,42.88017391304343,64.60248309178736,43.02510144927532,43.50961835748787,22.887260869565193
1526.0,83.96706542480072,89.02132354275871,78.02354890442525,118.13393257447551,94.27004894502304,119.30826158127162,,74.12238475671886,0.004440330957413463,5.460185781332068e-05,0.00025460185781332067,64.4242451968632,7.047569667999526e-05,32.274243020095604,0.0,0.00027745603789329216,94.2673768115941,71.54681159420282,65.65452173913036,42.847115942028935,64.60706280193229,43.01177777777773,43.50849275362313,22.887729468599005
1528.0,83.95319085415358,88.9843472987441,78.00607545428018,118.15422890462746,94.25864336191621,119.30538989590794,,74.10680557857398,0.0020073368051562257,0.00027206029044034313,0.0001860301452201716,64.56996662424014,0.00010698492738991422,32.23843356975382,0.0,0.00014190956433948528,94.256072463768,71.57058937198059,65.63262801932359,42.81424154589367,64.60259420289847,42.99765700483087,43.505362318840525,22.8872028985507
1530.0,83.93929790518995,88.94810733643148,77.9889270457398,118.17373149907503,94.24729113506415,119.29660734129232,,74.09089381695026,0.001038190875131441,0.0003005024546410481,0.0004371859658493449,64.22628489178148,0.000324874386339738,32.28219119119494,0.0,1.2562806830131014e-05,94.24328502415449,71.56218357487914,65.61089371980668,42.778864734299475,64.58735748792265,42.98561835748787,43.501144927536174,22.88577777777775
1532.0,83.92541364597894,88.91208032354857,77.97144162010912,118.18143556547018,94.23613691848489,119.30470583437713,,74.07544657038694,0.0018586100315352695,0.00042790453112033196,0.00042790453112033196,64.7583342170025,0.00022162864066390043,32.34581670065394,0.0,0.0,94.22503381642501,71.5235700483091,65.58979227053132,42.73947342995164,64.56155555555549,42.97376328502411,43.49737681159415,22.884057971014467
1534.0,83.91082518029455,88.87605717457633,77.95402503581508,118.19159207969626,94.2250642105898,119.31165016263685,,74.06022257837816,0.0025,0.00015646127631506622,0.00011411531907876656,64.7489128895729,2.8230638157533113e-05,32.267985483427694,0.0,0.0,94.20273429951679,71.48384057971006,65.56744927536224,42.7005555555555,64.52726570048301,42.960845410627975,43.49381642512073,22.8843913043478
1536.0,83.89639542597423,88.83986445475261,77.9367656755441,118.19989703128216,94.21416848468188,119.31577336145877,,74.04517313754982,0.0017,8.497562130579489e-05,1.5024378694205111e-05,64.63469576898159,0.0001,32.213139951462395,0.0,0.0001,94.17957971014482,71.43489855072455,65.541420289855,42.659328502415406,64.48477294685983,42.948666666666625,43.49147826086951,22.88607729468596
1538.0,83.88241353668698,88.80429034135875,77.9200070752183,118.20759708022192,94.20267371371966,119.31718902582833,,74.03023377172165,0.0031844155578447508,0.0003,0.0,64.66794585300433,7.192807652687003e-05,32.417707793244055,0.0,8.401598299402888e-05,94.15514492753611,71.360381642512,65.51105314009654,42.61418357487918,64.43309178743954,42.93725120772942,43.4914251207729,22.89024154589369
1540.0,83.86777389720629,88.76887490145957,77.90307138965925,118.20987172329002,94.1911755442632,119.32667470390935,,74.01565736674928,0.0017415752906671798,0.00017228313955521343,0.0001,64.37912283139555,0.00014307078488880334,32.34601145902379,0.0,1.3858430222393286e-05,94.13327536231873,71.27156521739123,65.47443961352649,42.566463768115895,64.37653623188399,42.92544927536227,43.492338164251166,22.8931835748792
1542.0,83.85352390699792,88.73337086007247,77.886301868943,118.23877495843492,94.17974800928444,119.33150458277034,,74.00090617623977,0.001,0.0002726000128,0.0001863000064,64.57885752576,2.0549990399999994e-05,32.3432465998848,0.0,0.0,94.11608695652164,71.1746086956521,65.4290048309178,42.51684541062797,64.31867149758448,42.913333333333284,43.49412077294681,22.893584541062772
1544.0,83.83980748143836,88.69820579318716,77.86980945065466,118.2644544902647,94.16840523592448,119.32119406514308,,73.98659132453045,0.002973572155928505,8.42207130974086e-05,0.00035266213929222587,64.64177473681941,0.00013944821725647848,32.25635183534371,0.0,8.42207130974086e-05,94.10034782608686,71.08704830917867,65.37388888888881,42.46656038647338,64.26296618357482,42.90037198067628,43.49545410628014,22.893062801932338
1546.0,83.82581748671727,88.6624531751836,77.85338374764478,118.28255922981499,94.15763685321724,119.31505374306579,,73.97234998280082,0.0014867943483870968,0.0,0.00011320565161290323,64.70483669068388,0.00013301412903225806,32.324105139690325,0.0,0.0007075604387096774,94.08282608695643,71.00959420289848,65.30929468599025,42.41374396135261,64.21039613526563,42.88541545893715,43.496797101449225,22.89314009661833
1548.0,83.81154175509245,88.62665247446068,77.8366761637595,118.30662456129458,94.14680397654419,119.32374873428918,,73.95786202242493,0.003108634604628975,9.13653953710253e-05,0.0008955824052902568,64.28353252784129,8.915659801615374e-05,32.42431697542605,0.0,1.3052199338717905e-05,94.06990821256028,70.92300483091779,65.23705797101441,42.35943478260865,64.16184057971007,42.86847342995164,43.50100483091782,22.894033816425093
1550.0,83.79741160793927,88.59069484716237,77.82010361441885,118.33089689043126,94.13542807843676,119.33118060216627,,73.94348998884374,0.0006743745297697999,0.0003,0.00042682685073381537,64.40382412672999,0.0001140141156187153,32.34560016838598,0.0,8.658657463309232e-05,94.06255072463757,70.834304347826,65.15942512077287,42.303304347826035,64.12170048309171,42.85068115942024,43.50855072463763,22.89648309178741
1552.0,83.78297108888911,88.55493341895739,77.80318572063082,118.34007757255145,94.12358683559664,119.34426625213946,,73.92889745705007,0.0029093751466666663,0.0,1.4062506666666666e-05,64.382887488,2.1093759999999995e-05,32.277999219626665,0.0,0.0001984375466666667,94.05510628019314,70.77876811594196,65.08087922705306,42.2484830917874,64.09312077294679,42.833695652173866,43.51695652173908,22.90362318840577
1554.0,83.76910267244587,88.51836885178164,77.7863886707359,118.35314477802677,94.1119735887292,119.36304399709874,,73.9148883238405,0.0016059176815083301,0.0025177530445249906,0.0004327983439345215,64.4771516950432,0.00035,32.39389427910722,0.0,0.0,94.05162801932357,70.76616908212553,65.00331400966176,42.20100483091783,64.07624637681153,42.81912560386469,43.52317391304343,22.911971014492728
1556.0,83.75502783783395,88.48190520474753,77.76932135958954,118.38400339595447,94.10065231819736,119.37801635111445,,73.90102940959895,0.0023897103849565083,1.3786201880436484e-05,0.00017242759623912703,64.39430078866418,1.3786201880436484e-05,32.37304088742239,0.0,0.0001,94.05259903381632,70.76642995169074,64.92903381642505,42.1620289855072,64.07065217391298,42.80553140096614,43.52898067632845,22.921681159420263
1558.0,83.7405491248648,88.44484482770598,77.75304897369922,118.41578274752506,94.08950419655284,119.39858554798914,,73.88705583300357,0.0036,0.00044799589873765404,1.4799589873765424e-05,64.72388766495622,1.4799589873765424e-05,32.274580521490186,0.0,8.520041012623458e-05,94.05312077294676,70.78174879227046,64.86437198067625,42.13088888888885,64.0771352657004,42.790202898550675,43.53555072463763,22.93468599033814
1560.0,83.72616575109579,88.4081109018149,77.7365758896594,118.44640653854607,94.07888282823072,119.41380801627591,,73.8733157384448,0.002467881805155967,0.00014403939828134431,0.00034128080229154094,64.40794571848116,0.00038394090257798353,32.27420157378236,0.0,1.4679799427114765e-05,94.050072463768,70.806381642512,64.81186473429945,42.106869565217345,64.09771497584534,42.775763285024105,43.54105797101444,22.949217391304323
1562.0,83.71189992383013,88.37165741012814,77.72003279091717,118.47914610498655,94.06814929680985,119.42495940025786,,73.85959173983554,0.0017,0.0006033763270942553,0.00037239323631264436,64.68208619110158,0.0001,32.002671510049076,0.0,0.0001,94.04809661835738,70.82587922705305,64.77390338164244,42.09281159420286,64.13385507246369,42.764739130434734,43.544280193236666,22.963362318840556
1564.0,83.6977944903995,88.33516466184035,77.70409164489696,118.4916471391996,94.05667241769024,119.4401702773917,,73.84556863825237,0.002634174753034594,0.0007170873765172969,0.0004487378704481093,64.48777572886671,0.0002829126234827031,32.4087825296177,0.0,0.0007633009878616248,94.05178743961342,70.84899999999992,64.75395652173906,42.08541062801928,64.18103381642506,42.7577826086956,43.54455072463763,22.977410628019296
1566.0,83.68343600897494,88.29907929032937,77.68785800662549,118.52773216596486,94.04528893537571,119.44400720904216,,73.83165153252625,0.0011433365318593662,0.0001,0.0001,64.53818221795584,0.0001001973954715038,32.35140612200157,0.0,0.0,94.05848309178734,70.88971014492746,64.75174396135259,42.08178743961348,64.23290338164244,42.75367149758449,43.54415458937193,22.995077294685967
1568.0,83.66874731704594,88.2625247931573,77.67192156752381,118.5479805637856,94.03341964645013,119.43578039273773,,73.81786008613659,0.0017408,0.0003544,0.0001728,64.5303248,0.00022960000000000002,32.3791028,0.0,0.0001,94.06426570048298,70.9267584541062,64.76563285024147,42.08304347826083,64.28419323671491,42.752309178743914,43.54472463768111,23.02242512077292
1570.0,83.65397816259733,88.22661891252652,77.65672171823118,118.56834124644112,94.02189552615067,119.43376119465098,,73.8038659386714,0.0027389584625779574,5.1205384838133666e-05,0.00044879461516186635,64.75284417676492,0.00043293153838728875,32.42433061730565,0.0,0.0001,94.06142028985496,70.95242512077287,64.7931932367149,42.088816425120726,64.33305797101443,42.75532850241541,43.54424154589367,23.057135265700456
1572.0,83.63937283108488,88.19024522120803,77.64166396213142,118.59656278686472,94.00975892123677,119.43468620787499,,73.78984669688204,0.0018083250054178523,0.0002593781229683053,8.645937432276844e-05,64.46276499728337,0.00030260781012968955,32.3464570796183,0.0,0.00034583749729107376,94.04981642512067,70.98399033816418,64.83357971014486,42.10094685990333,64.38172946859896,42.76309178743956,43.54185990338159,23.094603864734278
1574.0,83.62456975375456,88.15412600738897,77.62626961841393,118.63013873381729,93.99859511257826,119.441311111935,,73.77598124155287,0.0013703188908366533,0.0,1.4243034262948213e-05,64.64269210918246,0.00014287848286852588,32.283530980003185,0.0,0.0001,94.03816425120762,71.01805314009654,64.88510144927528,42.12052657004827,64.42756521739123,42.77530917874392,43.54033816425115,23.132753623188382
1576.0,83.60965894314215,88.11786674330641,77.61140822967944,118.66447826141076,93.98668449642906,119.44121518930955,,73.76193671458813,0.0029304014892051716,0.0003,0.0001,64.58121395376043,0.00012829832464418209,32.36916499609147,0.0,8.260037230129288e-05,94.03333333333322,71.04444927536224,64.94399999999993,42.14677294685986,64.46309661835743,42.79286473429947,43.53881642512072,23.169589371980653
1578.0,83.59477069754713,88.0824626716458,77.5969837562699,118.68293721414607,93.97489188596992,119.44047252473659,,73.747844158226,0.0009843564249528492,0.0,0.0,64.42167091751655,0.00024217821247642457,32.24723386468957,0.0,0.00014693072514145267,94.03630434782599,71.07705314009654,65.01232367149751,42.17585507246372,64.48872946859896,42.815420289855034,43.53826086956518,23.208053140096595
1580.0,83.57954074342678,88.04675291409356,77.58246479123498,118.71308804849629,93.96341684114738,119.42331139855924,,73.73373939286374,0.001811904711111111,0.0003860119111111111,0.0001,64.72749733813333,0.00019300595555555555,32.46318260186667,0.0,8.601191111111112e-05,94.04099516908201,71.11783091787431,65.08954589371974,42.208768115941986,64.50557004830911,42.83898550724633,43.540859903381595,23.250072463768092
1582.0,83.56461507033552,88.01132523307253,77.5681325837313,118.7488501116129,93.95116982067192,119.41175164893103,,73.71925259622402,0.00464901185770751,1.4624505928853759e-05,0.00014387351778656125,64.60678300395257,5.118577075098816e-05,32.35990948616601,0.0,8.537549407114625e-05,94.04445410628009,71.14496618357481,65.16961352656998,42.243507246376765,64.50947342995163,42.863743961352604,43.54459420289851,23.290594202898525
1584.0,83.55043907592335,87.97628173870761,77.55425614003637,118.77729213733559,93.93881068267865,119.4027292905558,,73.70509242977325,0.00171381444436263,0.00027237111127473995,0.0,64.59028676583102,0.0,32.260152914797146,0.0,0.0,94.04738164251198,71.15380676328495,65.25247342995162,42.2750676328502,64.49891787439607,42.889212560386426,43.549888888888844,23.320536231884034
1586.0,83.53597864646821,87.94149857209955,77.54042959559773,118.80224555041181,93.92547517335638,119.38116690924002,,73.69075630075479,0.001105577587250996,0.0002614542023904382,0.000448605603187251,64.69139673309323,0.0001743028015936255,32.44763897353945,0.0,0.0001,94.04987439613517,71.13487439613519,65.33567632850234,42.30571497584537,64.47560869565211,42.91363768115937,43.55904347826082,23.336898550724616
1588.0,83.52083071336538,87.90630379364374,77.52632378939674,118.83331023312213,93.91352678441233,119.3586519546977,,73.67626317092846,0.002275936709940928,8.402373377215196e-05,0.00044398417748523205,64.51959072628756,0.000307988133113924,32.46844683274517,0.0,0.0,94.05263285024144,71.10163768115936,65.41077294685982,42.331714975845365,64.44392270531394,42.937613526570004,43.569628019323616,23.34023671497582
1590.0,83.50637562268867,87.8708380969302,77.51203091386382,118.85710955195206,93.90091884215052,119.33715318500232,,73.6615646761295,0.0017143003055002863,0.0011140960284962758,0.00044279877799885414,64.35381368564406,0.00022150152750143224,32.405791064253904,0.0,1.4300305500286468e-05,94.05453140096607,71.06829951690814,65.47353623188398,42.34876328502411,64.4024782608695,42.96168599033812,43.579309178743905,23.33345410628017
1592.0,83.49238357761664,87.83606920376928,77.4976907782987,118.86651653470598,93.88889789263553,119.31692454864933,,73.64761465560429,0.0013470121951841415,0.00038665337710830225,0.00043326688554151124,64.70954006332684,5e-05,32.47176173310935,0.0,0.0001266932457833955,94.05623671497573,71.03055555555548,65.52456521739123,42.35798550724633,64.35135748792264,42.98335265700478,43.587628019323624,23.320057971014467
1594.0,83.47769294079785,87.80089978868014,77.48355578623786,118.8848292806844,93.87692965478661,119.32132730225177,,73.6333850264131,0.0011288136531963373,0.00012691925331721613,0.0,64.80032921684679,0.00011345962665860807,32.30669055001456,0.0,1.345962665860807e-05,94.06146376811583,70.99028985507239,65.56515942028979,42.36050724637677,64.29450241545887,43.000062801932316,43.595999999999954,23.303033816425096
1596.0,83.46305652292486,87.7661188969004,77.46865742993656,118.89140632922806,93.86431475452564,119.32589789290792,,73.61925357231227,0.00159684963902439,0.0004263211707317074,0.0001473576585365853,64.4944588472195,0.0002984248195121951,32.32362505272195,0.0,7.367882926829265e-05,94.06796135265688,70.95008212560379,65.5931932367149,42.35750241545889,64.23309661835741,43.01464734299512,43.605937198067586,23.28001932367147
1598.0,83.44865992353076,87.73204377454047,77.45394976283383,118.89876706547496,93.85169976137735,119.31708597944211,,73.60538442074987,0.0016902585371303108,0.00012743536571742226,0.0001725646342825777,64.61845267801226,0.00045198810999451107,32.24710157889165,0.0,1.3717682858711143e-05,94.07108212560377,70.91385507246369,65.60738647342988,42.34657487922701,64.1704396135265,43.031763285024105,43.61361835748787,23.25170048309176
1600.0,83.4346224022952,87.6976023005299,77.43937390874018,118.89763244903327,93.83855557426747,119.31166545557224,,73.59163190939032,0.0026,0.0002590772290681471,0.0005454363054241961,64.5917139401381,0.00017953861453407356,32.44977111215702,0.0,0.0001,94.06847826086945,70.89175845410621,65.60852657004824,42.33202898550719,64.10469082125597,43.04951207729463,43.61588888888884,23.220555555555528
1602.0,83.42030839337924,87.66356695328719,77.42513289124048,118.90751391000715,93.82647705294647,119.30883506473702,,73.57818633626509,0.0016767250931921667,5.478884747014807e-05,0.000458908364397389,64.83624479701786,0.0,32.29224119153096,0.0,0.0001,94.06243478260859,70.87294685990331,65.59524637681152,42.316439613526526,64.02937681159413,43.063043478260816,43.60897584541058,23.182980676328476
1604.0,83.40606683149596,87.62968083505035,77.41117249542863,118.91752729413045,93.81493142574097,119.31311668529007,,73.5645685518417,0.0017868110614173227,0.0,0.00017106297952755906,64.76839350223622,0.00036446851023622047,32.417692856050394,0.0,1.4468510236220472e-05,94.0574879227052,70.84541062801924,65.56885024154582,42.295826086956474,63.94899516908205,43.07111111111106,43.596917874396084,23.14442028985505
1606.0,83.39144345710446,87.59680011050709,77.3974550916993,118.9263347784912,93.8036226315167,119.32839308687016,,73.55125967531008,0.0025154297,0.0003308594,0.0001617188,64.4386322483,5e-05,32.3631223006,0.0,0.0001,94.05386956521728,70.81467149758446,65.53209178743954,42.270478260869524,63.866917874396066,43.07419806763281,43.58070531400961,23.108574879227028
1608.0,83.37719572210021,87.56421907174489,77.38381439850504,118.93486816118053,93.79225251368356,119.32805190067621,,73.53803371837449,0.003360000189046191,0.0012066667401846299,0.00033999996849230145,64.58513997570756,0.0006100000315076984,32.39816997966178,0.0,1.3333322830767162e-05,94.05120772946849,70.76992270531393,65.48491787439606,42.24190821256034,63.782391304347755,43.07756521739125,43.55767632850236,23.07262318840577
1610.0,83.3630318018824,87.53147505754553,77.36982821434434,118.94512187552732,93.78054333479771,119.3069791920019,,73.52508619104294,0.0014029939732702308,1.317365101174917e-05,5.269460404699668e-05,64.7055467044092,0.00032365269797650164,32.33209820547089,0.0,1.317365101174917e-05,94.05283091787429,70.7080241545893,65.42986473429944,42.21167632850237,63.697758454106214,43.083473429951646,43.52994685990333,23.04049275362316
1612.0,83.34862178411731,87.49779406968285,77.35664598136447,118.9561547498688,93.76853121419063,119.285401813849,,73.5123477684982,0.0026,1.3413425366907682e-05,0.0001,64.73026965618612,0.0002164664365827308,32.40363222709223,0.0,0.0007926925970647385,94.05737198067622,70.642420289855,65.36961352656998,42.177772946859854,63.609314009661766,43.0894057971014,43.49896618357484,23.015589371980653
1614.0,83.33375396420372,87.46394940520732,77.34360937745173,118.9703765678861,93.75684512145781,119.25882329901721,,73.49939994837257,0.0019163935475409836,4.3647580327868846e-05,0.00017090161311475408,64.81716166064263,0.0003136270163934426,32.40137549009836,0.0,8.545080655737704e-05,94.05811594202889,70.58818840579703,65.30394202898543,42.14366666666662,63.51685990338157,43.097115942028935,43.46856521739125,22.998971014492728
1616.0,83.31876389875677,87.42917836674856,77.33090025285158,118.9717191514494,93.74497032981488,119.26005657381143,,73.4863628205769,0.0017606606439616805,0.0006475475252822406,0.00043443440660280083,64.75310970457755,5.6556559339719925e-05,32.29011538831533,0.0,1.3113118679439843e-05,94.05739613526558,70.54654589371972,65.23450241545886,42.111652173912994,63.42603864734292,43.107801932367096,43.439526570048265,22.99109178743959
1618.0,83.30371435319537,87.39427361747715,77.31861796827414,118.98330141992137,93.7338026136744,119.26070247136428,,73.47334023919609,0.0017,0.000347064698718548,0.000460298524038911,64.62460757408526,4.63183886212705e-05,32.324190647542494,0.0,0.0001,94.0593381642511,70.51516908212552,65.16172463768109,42.08285024154585,63.340458937198,43.120932367149706,43.41198067632846,22.989275362318814
1620.0,83.2890887276435,87.35899788311217,77.30623770122502,118.99382443564537,93.72255945143527,119.24104775395196,,73.4602650236397,0.0011818181266259294,0.00017272729112469026,0.00018636364556234514,65.13311366509122,0.00032954546834351766,32.31277727979188,0.0,0.0001,94.06511594202887,70.49294202898542,65.08959420289847,42.061429951690776,63.26226570048302,43.137294685990284,43.3884057971014,22.994888888888863
1622.0,83.2742781909617,87.32332267285277,77.29385911283768,119.0070619090553,93.71146371466199,119.24363745889025,,73.44749928514963,0.0019029939740351583,0.0,1.2874246754394799e-05,64.04364489218617,0.00014356287662280258,32.366662582452705,0.0,0.0001257484935087896,94.07054106280182,70.4810966183574,65.02382608695645,42.044908212560344,63.193884057970955,43.15477294685986,43.3694057971014,23.006676328502394
1624.0,83.25914285618293,87.28841777344128,77.28241160034723,119.0152186604018,93.69940758645103,119.2410349395324,,73.43421202909434,0.0018225645706642793,1.361828562936438e-05,0.0002408548568880931,64.48140030177976,0.00037042742844404657,32.349040507437365,0.0,8.638171437063563e-05,94.07685507246366,70.49480193236708,64.96643478260862,42.03437198067628,63.13736714975839,43.1713478260869,43.355536231884,23.025618357487897
1626.0,83.2437519429334,87.25374022654621,77.2711181643265,119.02117888988593,93.68803903338176,119.24484740226583,,73.42069888725517,0.001083781194168899,0.0,0.00016756238833779818,64.81860461212801,5e-05,32.379272309592,0.0,1.6218805831100913e-05,94.0888840579709,70.53680193236707,64.92360869565209,42.03082608695648,63.094381642512005,43.18627053140092,43.350352657004784,23.053758454106255
1628.0,83.22864405677626,87.21910157196447,77.25990845078245,119.03994126455434,93.67636452440006,119.23360050021732,,73.40727705262886,0.002432043682539683,0.00018154758095238098,0.0001,64.7662272951873,0.00013834321269841276,32.32575069262222,0.0,0.0001,94.09933816425111,70.57557971014485,64.89483574879219,42.03095652173908,63.06376328502408,43.197618357487876,43.35196618357483,23.085739130434757
1630.0,83.21396881218563,87.184534111605,77.24853357873678,119.05811555718869,93.66490772673629,119.22763043521586,,73.39372631420088,0.002391956312725716,0.00025948361727214347,0.00027298907818142895,64.9144902708312,0.00017428003500107028,32.47571206639526,0.0,0.0,94.10692753623178,70.5981352657004,64.87707729468592,42.03251207729463,63.04630917874389,43.206516908212514,43.361487922705265,23.119642512077274
1632.0,83.19880514845465,87.15020834364594,77.2373521863759,119.071739392993,93.65312845604458,119.22238343172786,,73.38065467688853,0.0024539130525116563,8.376811694573963e-05,0.00011623188305426038,64.66648144907865,0.00012565217541860943,32.270069998891906,0.0,0.0,94.11517391304338,70.6201545893719,64.87254589371973,42.03849275362314,63.045999999999935,43.21231400966179,43.37999516908208,23.15275362318838
1634.0,83.18348369160113,87.11602709591702,77.22600166829017,119.08678804582141,93.64110169205725,119.21526555182975,,73.36773461147696,0.002586526941441668,0.00047305388288333634,2.6946117116663677e-05,64.66399849849121,9.041917567499555e-05,32.27051018766177,0.0,0.0,94.1209806763284,70.62513043478252,64.87960869565211,42.05114975845406,63.064652173912975,43.2150096618357,43.406135265700435,23.185246376811573
1636.0,83.1683481716341,87.08225699416198,77.21431248196168,119.11820569608014,93.63004557149937,119.2185051821913,,73.35500689358337,0.0025135270587861086,0.00017585176421941302,0.0002135270587861087,64.60532866814863,9.058117635832611e-05,32.351999802331086,0.0,0.000359418823641674,94.12429951690811,70.62368599033809,64.8988357487922,42.06476328502411,63.103840579710074,43.21403381642507,43.43672946859899,23.223328502415434
1638.0,83.15331565977435,87.04879880378486,77.20242758425178,119.13623169878326,93.61820809782286,119.22709622615253,,73.34230198362773,0.0021749526628944828,0.00042693035955469494,0.00018173258988867373,64.64893767091075,0.0,32.50468333682059,0.0,8.173258988867374e-05,94.12690821256028,70.6265120772946,64.93304830917866,42.08073913043473,63.16134299516901,43.20881642512072,43.46855072463763,23.264256038647318
1640.0,83.1380805983,87.016297661734,77.1908280432771,119.16730246745506,93.60668474473995,119.24201265022377,,73.33003370638338,0.0013090908432690626,0.0006045454216345313,0.0,64.71430909022267,0.0002613636575206584,32.41070454123255,0.0,1.363636833792409e-05,94.12636231884048,70.62641062801926,64.98014492753616,42.10221256038642,63.236014492753554,43.20118357487918,43.500705314009615,23.303603864734274
1642.0,83.12267856168295,86.98389702248865,77.17944693237924,119.20684406440981,93.59456295333786,119.25336933852587,,73.31787411303262,0.002491308684359396,0.000877722269904321,8.641358554492456e-05,64.81230089853193,0.00025924075663477365,32.3430441556296,0.0,1.358641445507545e-05,94.12139130434771,70.63523671497576,65.03614975845403,42.126874396135214,63.324169082125536,43.19113526570043,43.532806763284974,23.338821256038624
1644.0,83.10770366598709,86.95242987527095,77.16739442956099,119.23040804557571,93.58248716095846,119.25483548400562,,73.30583512393649,0.0017,0.00026982249402098544,3.017750597901457e-05,64.84500740973664,3.017750597901457e-05,32.34364186567471,0.0,1.5088752989507285e-05,94.11124637681148,70.63613043478254,65.09883091787432,42.153637681159374,63.420149758454045,43.18171980676323,43.565594202898495,23.3691835748792
1646.0,83.09285394754579,86.92161688239116,77.15565565087165,119.25647102858198,93.57050223017394,119.25416405671182,,73.29411024466582,0.0021285716014682247,0.00044285711278813485,7.142860901483138e-05,64.46581432502951,0.00014285713909851683,32.328921433397504,0.0,1.428572180296629e-05,94.09995652173902,70.62326570048302,65.16530434782602,42.18203381642507,63.523550724637616,43.173033816425075,43.594884057970965,23.3976183574879
1648.0,83.07818698095146,86.89094164587294,77.14385513788316,119.27753222316974,93.55848431563766,119.25917472013207,,73.28258756740392,0.0010617528253074934,0.0008982072346026416,0.00023087641265374673,64.48457331275814,0.00015,32.406624406571964,0.0,0.0,94.08975845410616,70.60595169082119,65.22901932367142,42.21224637681155,63.62772463768109,43.16039613526565,43.61939613526565,23.423483091787414
1650.0,83.0627218013216,86.86119566158193,77.13192370946824,119.30069707492791,93.54695513685705,119.27327491925023,,73.2708852395416,0.0017857852837171806,0.0,0.0,64.77454682707635,0.0001571073581414097,32.27477345728211,0.0,0.00035735585115154184,94.08358937198057,70.5753236714975,65.28453623188399,42.23966666666662,63.72638647342988,43.14457004830913,43.63892753623183,23.4455797101449
1652.0,83.04718709714132,86.83166046180682,77.11959640103767,119.32797739834022,93.53534649478756,119.27911561285735,,73.25933517460655,0.001713817102019295,0.0003,0.0004447315919228193,64.86748550546505,0.00013618289798070481,32.26379413770254,0.0,8.618289798070483e-05,94.08453140096607,70.52222222222214,65.3304782608695,42.261463768115895,63.81959903381635,43.1293671497584,43.65683091787435,23.465772946859875
1654.0,83.0321282890252,86.80229843175158,77.10754898034949,119.35504438103845,93.52288308342756,119.28817681379746,,73.24824240785102,0.0018126985142857142,0.0009295634285714286,2.817462857142858e-05,64.6725430336,0.0001140873142857143,32.42814522925714,0.0,0.00012817462857142857,94.08855555555544,70.44963768115934,65.36770531400958,42.27953623188401,63.90529468599026,43.116299516908164,43.6728405797101,23.481768115942
1656.0,83.01681290149811,86.77218431129707,77.09502277562434,119.38160868267016,93.51054814764247,119.27764021460867,,73.23717034717102,0.0024785714285714285,1.3492063492063495e-05,0.0,64.5088761904762,0.00017301587301587302,32.39322341269841,0.0,0.00025952380952380953,94.09229951690811,70.37588888888881,65.39753623188399,42.29568599033812,63.98595652173906,43.105850241545845,43.68491304347822,23.489541062801905
1658.0,83.00138322071018,86.74165265126548,77.08266116295789,119.40349491810188,93.49760894999712,119.26070850141862,,73.22602090211488,0.0015516252453231657,0.00036558316978455615,1.720841510772193e-05,64.65706061260856,0.0,32.43638249995044,0.0,0.00046883366043088775,94.09235265700472,70.30967632850233,65.4211932367149,42.31045893719802,64.06144444444438,43.09564734299512,43.694053140096564,23.49181642512075
1660.0,82.98569002957183,86.7104256808934,77.0706598772465,119.42813694315824,93.48503418119661,119.26459555742997,,73.21432339888258,0.002385601613961545,0.00025710060523557933,0.0003143983860384551,64.96465533973401,5.004929389182409e-05,32.27194639697627,0.0,0.00014289939476442066,94.0894299516907,70.2546618357487,65.44046859903375,42.32319323671493,64.12847342995163,43.08463768115937,43.70009178743956,23.487241545893696
1662.0,82.9698058014383,86.67892417015463,77.05849017829604,119.44170688955114,93.47259808407496,119.2679662857878,,73.20294394925895,0.0024914171517977997,0.0,6.786428012637509e-05,64.54478743417964,0.00035,32.3642393209663,0.0,1.3572856025275026e-05,94.08537198067621,70.20343478260861,65.45477294685982,42.33632367149754,64.18853623188399,43.07608695652169,43.70473429951686,23.475260869565194
1664.0,82.95473502303845,86.64692311043474,77.04653112329858,119.4508534188923,93.46026819384298,119.28337653718843,,73.19154983687078,0.0015855899711368629,8.172144918795506e-05,0.0,64.70453065954422,8.172144918795501e-06,32.374933993882735,0.0,0.0,94.08322705313998,70.15360386473424,65.4648357487922,42.348207729468555,64.24133333333326,43.06730917874391,43.70856038647338,23.457942028985478
1666.0,82.93977171697927,86.61512210256745,77.03482844887124,119.45657271723981,93.44825348773826,119.27683644238658,,73.17983999720579,0.0011456888364992503,0.00027086223270014997,7.284441824962509e-05,64.76948759242575,0.0001072844418249625,32.42614210973391,0.0,0.0001,94.08247342995158,70.10941062801925,65.47280193236708,42.356173913043435,64.28909178743955,43.05688888888884,43.71224637681155,23.4363719806763
1668.0,82.92454581338212,86.58363350593731,77.02298923097496,119.46157322819383,93.43621736883685,119.28452043197939,,73.1679989069884,0.0010936128519137276,0.0009598802063226882,2.674652911820785e-05,64.78647780490503,9.011979367731182e-05,32.308438709264514,0.0,8.662673544089608e-05,94.07715942028973,70.07079227053133,65.47810628019316,42.36012560386468,64.3342318840579,43.04707729468594,43.716565217391256,23.41065700483089
1670.0,82.90916260835598,86.55195881270296,77.0114978070522,119.47813635781337,93.42384370321118,119.30266525020542,,73.15613027521735,0.0011177820123555472,1.682600176507818e-05,0.0001,65.08636616497851,0.0008985659841142964,32.31485133712259,0.0,0.0001,94.07095169082113,70.045497584541,65.48117391304339,42.36011111111106,64.37701932367143,43.03474396135262,43.72056038647338,23.378048309178713
1672.0,82.89420194387617,86.52064452834746,77.00057552766648,119.49678652635012,93.41161376027044,119.30561477081318,,73.14391747184978,0.0010322740730232963,8.53028807751893e-05,0.0006118172846511358,64.79780367310404,7.348559612405349e-06,32.34371583814954,0.0,0.0001,94.0711690821255,70.03340096618349,65.47859420289848,42.358768115941984,64.41556521739123,43.018632850241495,43.72454589371976,23.340115942028955
1674.0,82.87936257124812,86.48929558550934,76.98920941546696,119.50816286067224,93.39951626877873,119.29938444811235,,73.13156565380132,0.0004968318356490347,0.0002421782504962217,0.00034376233267170437,64.87303144031918,6.326737574433257e-05,32.38509307995335,0.0,0.0001,94.07499033816414,70.02886473429943,65.46912077294678,42.352879227053094,64.4469516908212,42.998140096618314,43.728884057970966,23.300304347826057
1676.0,82.8647017954675,86.45727184540932,76.97797180143844,119.51064648595569,93.38737394420902,119.28056836668169,,73.11917070637416,0.0015321884179979796,0.00019656525399393894,0.00016781158200202039,64.65815642370283,0.0001339057910010102,32.291557997286255,0.0,0.0,94.07603864734288,70.02967632850233,65.4517971014492,42.33754589371976,64.47623188405791,42.97148792270527,43.732159420289804,23.26093236714973
1678.0,82.84961071153546,86.42551128563656,76.96653016828459,119.52496748367179,93.37571308365995,119.27427116880723,,73.10671878883635,0.0012032357461867914,0.00029807909440729424,4.064714923735826e-05,65.06337069398506,0.0,32.29254985613269,0.0,0.0001,94.07512560386462,70.03699999999992,65.42590821256032,42.3188405797101,64.50982608695645,42.93932850241541,43.73783091787434,23.22258937198065
1680.0,82.83419160770441,86.39413537468359,76.95546846436683,119.53910119285767,93.36319639811994,119.27159471027728,,73.09472936685647,0.0018,0.00027362637194014764,0.00017362637194014767,64.97802967150159,0.0,32.4360983499891,0.0,8.681318597007384e-05,94.07296618357478,70.05364734299509,65.39336231884052,42.30058454106276,64.54896618357482,42.90109178743957,43.74518357487917,23.18226086956519
1682.0,82.8193850873021,86.36294909646158,76.94434814813035,119.5541437548754,93.35122797858483,119.26345284854703,,73.08258296664249,0.0015601718794164277,1.7478515072946545e-05,1.7478515072946545e-05,64.62556420293781,8.739257536473272e-06,32.30294440951782,0.0,8.252148492705346e-05,94.07022705313999,70.08122222222214,65.35626086956515,42.27896618357483,64.5933623188405,42.85860386473425,43.751120772946805,23.139884057970985
1684.0,82.80441157925625,86.3320981240674,76.93329681752041,119.57357209197926,93.33953554969197,119.2519841837775,,73.0702258342588,0.0017,0.0,0.0001,64.80616868670965,4.286447403834428e-05,32.43104075356507,0.0,0.0,94.06879710144916,70.11786956521732,65.31873913043472,42.251541062801884,64.63998067632842,42.81369082125599,43.754942028985454,23.100125603864708
1686.0,82.78923323045694,86.30128256647741,76.9222717571508,119.57773374364803,93.32776142171913,119.23368524871816,,73.0578571005891,0.0018077844684666546,4.041917567499553e-05,0.0002,65.04541167124802,0.00011347305855833184,32.386330690538195,0.0,0.0001,94.0651690821255,70.15040579710139,65.2809661835748,42.219565217391256,64.68420289855065,42.76760869565213,43.75467632850236,23.060903381642483
1688.0,82.77397517782684,86.27100802361831,76.91128750785224,119.58095555995655,93.31643254996283,119.21192846479326,,73.04576932414936,0.002448011877787753,0.0003,0.0002,64.60317751592493,0.0007325546328359909,32.34372078363473,0.0,8.618289798070483e-05,94.0594879227052,70.18506280193229,65.23914492753617,42.183120772946815,64.72155555555547,42.72226570048304,43.75190821256034,23.019990338164224
1690.0,82.75878930359573,86.24071012370845,76.90012158483273,119.58365631334956,93.30530039445844,119.18156499171118,,73.03387912713865,0.0017574974373528065,0.0,0.00045749743735280665,64.71598499051186,0.00010667008352959117,32.37314960824325,0.0,1.4167520882397792e-05,94.05494685990328,70.21605314009653,65.1908937198067,42.141685990338125,64.74821739130427,42.677792270531356,43.74999999999995,22.980396135265675
1692.0,82.74334978170674,86.2106100666277,76.88884117538663,119.5928903792309,93.29412984574817,119.14864315836215,,73.02231750295198,0.0010644511622606993,0.00013867069735641957,8.710976754786015e-05,64.50073091876936,0.00015644511622606993,32.264770946937105,0.0,8.710976754786015e-05,94.04934299516897,70.2254782608695,65.13335748792264,42.096516908212514,64.76457487922698,42.635541062801884,43.74809178743956,22.945541062801905
1694.0,82.7281138273021,86.18080122025087,76.87789465291574,119.59131300975817,93.28270658177973,119.11728876624262,,73.01063461711571,0.0023899009533590873,0.0003137623808301141,0.0001789109507914834,64.4506945686692,2.064357124517117e-05,32.28754454779633,0.0,0.00034495047667954356,94.0422995169081,70.2145507246376,65.06128502415453,42.047599033816375,64.77279227053131,42.595038647342946,43.746545893719755,22.91870048309176
1696.0,82.71255189545705,86.15101234544225,76.86663333219843,119.59268733977146,93.27125986535559,119.09425876825964,,72.9988942786278,0.0034894844450989596,0.00027237111127473995,0.0002585566669121099,64.43711325623248,0.0001,32.34107329668311,0.0,8.618555563736999e-05,94.03705797101438,70.17928985507238,64.97537681159413,41.9942173913043,64.77260386473422,42.55698550724633,43.74694685990333,22.903671497584515
1698.0,82.6970373411239,86.12123119561414,76.85529613769135,119.59372962836207,93.25955809462081,119.08692923385813,,72.98680319003488,0.002064192581853887,0.0,0.00017432296725844524,64.85358585598625,0.00010135406548310954,32.3325092274012,0.0,1.2838516370777381e-05,94.03203381642501,70.13597101449267,64.87861835748785,41.93733816425116,64.76252173913036,42.522637681159374,43.74848309178739,22.903647342995143
1700.0,82.68146224987066,86.09145628954877,76.84388428187859,119.6053709934618,93.24808745708543,119.06874783009914,,72.97509566911258,0.0015527161758024854,0.00018611671129068315,0.00043058355645341574,64.81627265868138,0.0001291750669360247,32.26179907072503,0.0,0.00035835013387204947,94.02502415458927,70.09837681159414,64.77571014492747,41.88326086956518,64.74586956521732,42.49198067632845,43.75034299516903,22.9145990338164
1702.0,82.6654894317954,86.06132911300291,76.83273599243057,119.6203502153943,93.23715315661288,119.05619218614912,,72.9635518774205,0.0023936169373946466,0.00025440725888341986,0.0005,64.9941385614046,6.838911167487016e-05,32.29065912288492,0.0,0.0003544072588834199,94.01677777777768,70.0714009661835,64.67373429951684,41.837062801932326,64.7290048309178,42.466743961352606,43.75288888888884,22.93244927536229
1704.0,82.64923438911993,86.03125934395027,76.82144639168553,119.6337952417311,93.22591066523592,119.03586145314453,,72.95167219208392,0.001540718568075825,0.0002592814319241749,8.642714397472498e-05,64.85581696672153,0.0,32.269680139890475,0.0,0.0,94.00856521739121,70.05841545893712,64.57799516908206,41.79964734299513,64.71349275362311,42.44740096618353,43.75765700483087,22.959038647342968
1706.0,82.63362350860145,86.0014644488477,76.81092486132374,119.66143665813337,93.2142043272228,119.02800546906967,,72.9397680232677,0.0017133732645591038,5.34930582364157e-05,0.0004331336772044804,64.88937486550421,4.680642595686375e-05,32.425036019450886,0.0,4.011979367731179e-05,94.00160869565207,70.0430434782608,64.49206763285017,41.770743961352615,64.69785024154582,42.431376811594156,43.76435748792265,22.99123671497582
1708.0,82.61799243282944,85.97140637795215,76.80000054729956,119.6871925444761,93.203249947867,119.02811214134,,72.92831477683046,0.001528684463607732,0.0003,0.0003569733045884021,64.72907111954822,0.00029980218868646906,32.22616127342173,0.0,0.0007709199137652061,93.99773429951681,70.02036714975837,64.4177971014492,41.750652173913,64.68651207729461,42.419700483091745,43.77392270531395,23.02514975845408
1710.0,82.60217062966127,85.94134036141695,76.78925122651786,119.70089242182891,93.19173779159274,119.02587273621549,,72.91711653110002,0.0013176118076887121,1.3233825320363006e-05,0.000433830873398185,64.90700675840043,0.00018676617467963701,32.31631760625466,0.0,0.000360298524038911,93.99576811594193,69.99075362318834,64.35342512077288,41.739589371980635,64.68378260869558,42.412178743961306,43.78550724637676,23.060913043478237
1712.0,82.58664562692218,85.91087608547429,76.7788936436506,119.71633179981032,93.1806552758296,119.03657796717717,,72.90545308188238,0.0016063428634350279,0.00048731427312994393,2.6759181875706294e-05,64.94137898064803,6.020815922033912e-05,32.280283211016574,0.0,0.00025986122718644057,93.99515458937186,69.95627053140089,64.29831884057963,41.73402415458933,64.6884396135265,42.40557004830913,43.79709178743957,23.09846859903379
1714.0,82.57110125548037,85.88021301964831,76.76845351132405,119.7379950495393,93.16892148063006,119.04433843157724,,72.89375632402142,0.0034399424000000002,0.0008456895999999999,0.0,64.88244464639999,0.00025143679999999996,32.3938820896,0.0,1.7145599999999997e-05,93.99778260869554,69.92622705314001,64.25042995169075,41.73205797101445,64.7022125603864,42.40141062801927,43.80970531400961,23.140057971014468
1716.0,82.55489859921944,85.84997100598245,76.75821351622152,119.7841459949702,93.15739301465686,119.06313857733664,,72.8823229608325,0.0010104536628580561,0.00011045366285805609,0.000458579876428229,64.93558678199123,0.00043786981464234346,32.344256216243785,0.0,0.0,94.00136714975835,69.89789855072456,64.20859420289848,41.73520289855068,64.72495652173906,42.40118840579705,43.822599033816374,23.181222222222196
1718.0,82.53891642213549,85.8192682232026,76.74789596117849,119.85187166457685,93.14557670841782,119.08826308527024,,72.87079870499107,0.0015381381549140721,3.813815491407216e-05,0.0004618618450859279,64.61129630540003,0.00019364364084765464,32.2694506129393,0.0,1.2712718304690718e-05,94.00610144927526,69.87771980676321,64.17365700483084,41.746603864734254,64.7552705314009,42.40091304347821,43.833850241545846,23.217439613526544
1720.0,82.52326922805567,85.7884014340074,76.73753888946159,119.91929827387696,93.13453406567203,119.10033563604283,,72.8592910581384,0.0018010587410319928,0.00033262750597867145,0.0,64.78427344006323,0.00032473531474200176,32.55317081762798,0.0,0.0003494706294840036,94.00917874396126,69.86988888888882,64.14602898550717,41.76565700483087,64.7929275362318,42.397719806763234,43.843362318840526,23.251347826086928
1722.0,82.50753764361963,85.75803587948808,76.72671992841208,119.97286697089046,93.12301267477324,119.11951598847054,,72.84763158973959,0.0023937625891331878,0.0,0.0,64.70064949473488,0.00013008048546247269,32.14661961525059,0.0,0.00026016097092494537,94.00836231884047,69.86919323671489,64.13117874396129,41.78800966183571,64.83830434782601,42.39225120772942,43.851038647342946,23.284932367149736
1724.0,82.49174955260858,85.72710804872794,76.71635975951084,120.01665939755097,93.11130082696141,119.12446582454054,,72.83572621592239,0.0025,0.00035876496797194405,0.0004,64.94114106562321,0.0001,32.610582497907885,0.0,1.3745010676018661e-05,94.0080193236714,69.87793236714968,64.13190338164245,41.812768115941985,64.89303381642505,42.38383091787435,43.8567826086956,23.320241545893698
1726.0,82.47540559360412,85.69727682164486,76.70611320457316,120.04651325030521,93.09910946974512,119.14009183118081,,72.8243607331183,0.003250574712643678,0.0008160919540229884,0.0002,64.75351494252874,0.00014597701149425288,32.33086551724138,0.0,8.160919540229886e-05,94.00889855072454,69.89198067632842,64.1472512077294,41.84494202898546,64.95640096618351,42.37473429951686,43.860497584541015,23.356483091787414
1728.0,82.45903718649582,85.66753126138626,76.69566444542431,120.03854604692908,93.08691454601627,119.15078526553606,,72.8128002835947,0.0012149345895501376,5.731589054670335e-05,0.00032865794527335167,64.50802204369101,0.0003070130820899725,32.23870328240544,0.0,0.0001,94.00997101449265,69.90185024154582,64.17622222222215,41.88345893719803,65.0265314009661,42.36601449275357,43.86086473429947,23.387057971014467
1730.0,82.44291531256704,85.63802211870161,76.68544757933157,119.99651231778057,93.07496862063917,119.14979894492146,,72.80102313318356,0.0023866203583188333,0.0007291377239492708,5.66898208405833e-05,65.00235904634032,7.086227605072913e-06,32.19898646576882,0.0,0.0004,94.01142995169072,69.91062318840572,64.22086473429944,41.921816425120724,65.10156521739123,42.356328502415415,43.857120772946814,23.407371980676302
1732.0,82.42665605839422,85.60874024019911,76.67530493624902,119.9122887264876,93.06290390330275,119.1544061639208,,72.7892504419416,0.000983832324620222,0.00121916162310111,0.00018602794589662967,64.83402754360367,0.00023602794589662967,32.292911274460835,0.0,0.00012574848693033304,94.01286473429941,69.90962801932359,64.27911594202892,41.95956038647338,65.17538647342987,42.34433333333329,43.85267632850237,23.419009661835723
1734.0,82.41046050239913,85.57967416196195,76.66461806977378,119.77850410579315,93.05028449466309,119.15305837580203,,72.77789959733695,0.0017150769286513605,0.0011643076421377547,0.00036984614269727886,64.71080831409176,0.0001281538935365649,32.231939396165615,0.0,0.0001,94.01265700483081,69.89525120772939,64.34180193236708,41.996285024154545,65.24422705314002,42.329859903381596,43.848512077294636,23.420652173913016
1736.0,82.3939929383507,85.55102008395062,76.65414977616885,119.60016891115984,93.03810711827617,119.14662345406154,,72.76664352291509,0.002265166369920455,0.0009060665479681819,0.0002,64.87160509014105,9.217221233068183e-05,32.32101585065633,0.0,8.434442466136364e-05,94.00979227053129,69.88410144927529,64.39857487922698,42.02928502415455,65.30604830917868,42.31573913043473,43.844434782608644,23.409855072463742
1738.0,82.37722126817502,85.5217920529653,76.64357201343921,119.37546019007704,93.02533131517593,119.1331756994607,,72.75532360206178,0.002740140131162194,0.0004140140131162194,2.8028026232438757e-05,64.7229322319611,0.00035,32.3515836839602,0.0,8.598598688378063e-05,94.0032415458936,69.86846376811586,64.444420289855,42.05293719806759,65.35692270531393,42.3018019323671,43.84090338164246,23.389033816425094
1740.0,82.3612664343774,85.49291118105593,76.63338295396085,119.10771922477359,93.01231452705403,119.11913640638855,,72.74387455751817,0.0028047937542860987,0.000846404684285426,1.7066146190508215e-05,1.7066146190508215e-05,0.00031586770761898354,32.29612342488792,0.0,6.826458476203286e-05,93.993149758454,69.84844444444437,64.47900483091782,42.06587439613522,65.39890821256031,42.287927536231834,43.83659903381638,23.363033816425094
1742.0,82.34530047374199,85.46417146358505,76.62322189944625,118.78101053948151,92.99929637628,119.10131057779552,,72.7322912646235,0.0017869433263157893,0.00036082997894736844,0.0002,0.00012611334736842105,2.6113347368421054e-05,32.40783643856842,0.0,8.694332631578948e-05,93.98143961352646,69.83028019323663,64.50128019323664,42.07155555555551,65.43588888888881,42.27526570048305,43.83325120772942,23.33858937198065
1744.0,82.32922530080315,85.43508422077517,76.61292910114919,118.41607515916229,92.98639796434085,119.09094598989284,,72.72073570397146,0.0016059701226405338,0.0004328358018860956,0.0001134328396227809,0.0001,9.328358018860957e-05,32.228165670839594,0.0,0.0001,93.97063768115932,69.80776811594195,64.51440579710139,42.07166183574874,65.46641545893713,42.26201449275358,43.829589371980624,23.31654589371978
1746.0,82.31335228827669,85.40657872855267,76.60283336541792,118.0076417716566,92.97334472436576,119.08934787259004,,72.70924460261386,0.0010346080141206255,0.0001673040070603127,8.317399823492183e-05,0.00026634799646984365,1.682600176507818e-05,32.36485134304534,0.0,0.00023460801412062546,93.95906280193226,69.79444444444437,64.51858937198061,42.06736714975841,65.48675362318833,42.247024154589326,43.826787439613476,23.29368599033814
1748.0,82.29718859619966,85.3777360890727,76.59271006654977,117.56496603683,92.96152901686507,119.07019058532296,,72.69812741429155,0.0017586519254602078,0.0001137826915132641,2.7565383026528197e-05,8.62173084867359e-05,0.00017932596273010387,32.26369873648273,0.0,1.3782691513264098e-05,93.94747826086946,69.78439130434775,64.51418357487916,42.05999033816421,65.4981400966183,42.23279710144923,43.82484541062797,23.267507246376784
1750.0,82.2808214632677,85.34903750914303,76.58284884925688,117.08902817678127,92.94949616326015,119.04554670269084,,72.68672525439695,0.0016094704346107784,0.00013879838516680926,0.0001,0.0001,0.0003241344098887938,32.207798836373264,0.0,0.0,93.93790338164241,69.7580772946859,64.50233816425114,42.04799516908207,65.5026086956521,42.22066183574875,43.82319323671493,23.240429951690793
1752.0,82.26488093207448,85.32040770120322,76.57317772528778,116.58064088755516,92.93635423300202,119.02179398418588,,72.67550292240384,0.002213446349003984,0.0002590637641434263,0.0,0.00017270917609561753,0.0001568227059760956,32.26914686635856,0.0,1.364541195219124e-05,93.92878743961343,69.72733816425112,64.48139613526563,42.028164251207684,65.50065700483084,42.20834299516903,43.82430917874391,23.210734299516883
1754.0,82.24918610691641,85.29201680176116,76.56397184732701,116.0655237136566,92.92390797223875,119.00764472025341,,72.66470995013762,0.0019155420773114664,0.00118312879075615,0.0004480572403360667,0.0,5e-05,32.39040740499535,0.0,5.194275966393328e-05,93.92224637681149,69.69481159420282,64.4492898550724,42.00220289855068,65.49128019323665,42.19413526570044,43.827067632850195,23.171859903381616
1756.0,82.23349993236448,85.263330337336,76.55443736004278,115.52697015066589,92.91177852423377,118.98660855333584,,72.65410933805089,0.003469261429874787,0.00048692614298747873,1.3073857012521257e-05,1.3073857012521257e-05,0.0003173153574686969,32.33733891908485,0.0,0.0001261477140250425,93.91557004830908,69.65032367149752,64.40287439613519,41.972516908212505,65.47617874396127,42.17928502415454,43.83156521739125,23.132246376811565
1758.0,82.21779441790656,85.23446465329299,76.54529887123843,114.98460647377387,92.89947054051206,118.97984582366816,,72.64339444225234,0.0064751498571049716,1.2874246754394799e-05,2.5748493508789598e-05,0.0,4.35628766228026e-05,32.2706576351882,0.0,0.0001,93.90842995169074,69.59246376811586,64.34148309178737,41.93616425120767,65.45607246376804,42.163768115941984,43.83607246376806,23.097236714975818
1760.0,82.2022864079362,85.2054622840581,76.53611059923783,114.45272536023187,92.88760578755911,118.97330396169413,,72.63274841031748,0.0017134095585409808,0.00044636176583607695,0.00035977132437705776,0.00010727646832784614,6.704779270490384e-06,32.33509318765814,0.0,1.3409558540980768e-05,93.90467149758443,69.53330917874388,64.26810144927528,41.892028985507196,65.4281739130434,42.14751207729464,43.84003381642507,23.06734782608693
1762.0,82.18679640089873,85.17644503405641,76.52716324033914,113.94830884535105,92.87588942133691,118.96627348773008,,72.62227463768991,0.0019116649978598605,8.604187526751744e-05,1.395812473248257e-05,0.00027208375053503484,0.0,32.25434451482388,0.0,0.00034416750107006975,93.90388405797091,69.49137681159412,64.18392270531393,41.84377294685986,65.39452173913035,42.1334444444444,43.84344927536227,23.04554106280191
1764.0,82.17067456070389,85.14751909749403,76.51814592938646,113.47080724209246,92.86454226197324,118.96930746935983,,72.61204322311576,0.001836443157174307,8.483964920285477e-05,0.0,4.54810523914357e-05,5e-05,32.31606239021418,0.0,0.0001454810523914357,93.90322705313999,69.46410144927529,64.09499999999993,41.79561352657001,65.35888405797094,42.12149275362314,43.84382608695647,23.025077294685968
1766.0,82.15490138315913,85.11772093655041,76.5091413070899,113.008886859284,92.853488458039,118.97038355359827,,72.60184294228219,0.0011062117808504155,0.0005124235617008308,0.0003696537768998813,0.001881364657448754,0.00032724033267491097,32.390017216667005,0.0,0.0001,93.90041545893709,69.45212560386466,64.0068164251207,41.75054589371976,65.32310628019317,42.108584541062754,43.84279710144922,23.008169082125576
1768.0,82.13930948440881,85.08813999101962,76.50018904825338,112.5580141152988,92.84263356067223,118.95898184123831,,72.59156211285747,0.0013769610124890906,0.0007695134956768532,0.00018550149951965036,8.550149951965035e-05,5e-05,32.17593971842028,0.0,0.0004,93.8985458937197,69.45020289855064,63.92490338164244,41.709739130434734,65.28828502415452,42.09586956521734,43.84312077294681,23.002362318840554
1770.0,82.12139525596105,85.0567361305969,76.49072918682995,112.11560046288216,92.83096905040003,118.96131363126926,,72.57956826836661,0.0005749751465619049,0.0001403788799758242,0.0,0.00021345962665860808,8.654037334139194e-05,32.36047805974218,0.0,0.0001,93.89888888888879,69.4489275362318,63.85606280193229,41.674932367149715,65.25776811594196,42.08449758454101,43.844507246376764,23.00793236714973
1772.0,82.10610607653163,85.02840716757841,76.4819371528474,111.69146707310458,92.81955294216375,118.95495414346944,,72.56949722591989,0.002554507960655738,0.0006010246819672131,0.000214139331147541,4.241799344262295e-05,0.00017172133770491804,32.41997664173115,0.0,0.0001,93.89821794871794,69.43987123745816,63.81635005574134,41.65912597547378,65.2550802675585,42.07296878483834,43.84913210702339,23.011125975473796
1774.0,82.0909387150847,85.00028870501072,76.47323220622572,111.27797246211023,92.80817243834716,118.94868773833662,,72.55956253776495,0.0010707921019194168,0.0004716831592322333,0.0,4.247526115165007e-05,4.2920789808058326e-05,32.158314463085695,0.0,1.4158420383883358e-05,93.89816666666667,69.43351003344479,63.7831348940914,41.648245261984364,65.25667056856184,42.06195930880712,43.854314381270875,23.018668338907464
1776.0,82.07589317162032,84.97238074289389,76.46461434696499,110.87511662989918,92.79682753895034,118.94251441587087,,72.54976420390186,0.0017,4.2436154648160886e-05,0.0004575638453518391,4.2436154648160886e-05,2.829076976544061e-05,32.18483192539183,0.0,0.00012730846394448268,93.89873504273504,69.42984392419172,63.756417316982514,41.6422902266815,65.26253901895203,42.051469156447396,43.86005406911926,23.030559457450757
1778.0,82.06096944613847,84.94468328122792,76.45608357506521,110.48289957647145,92.7855182439733,118.93643417607223,,72.54010222433064,0.0017,8.041230256987085e-05,0.0007463917982867528,0.00011340205042831182,0.0004164948739292205,32.38010209033265,0.0,0.00025979384871506456,93.89992307692307,69.42887290969895,63.73619732441469,41.64126086956519,65.27268561872906,42.04149832775918,43.86635117056853,23.04679933110367
1780.0,82.04616753863915,84.9171963200128,76.44763989052637,110.10132130182704,92.77424455341603,118.93044701894064,,72.53057659905127,0.001713572856025275,0.00038143713615165005,0.0001542914241011001,0.00025429142410110007,0.0002017964201895627,32.38160618385707,0.0,8.642714397472498e-05,93.90173076923077,69.43059698996652,63.72247491638794,41.64515719063542,65.28711036789294,42.03204682274245,43.87320568561869,23.067387959866213
1782.0,82.03148744912238,84.88991985924856,76.43928329334848,109.73038180596593,92.76300646727854,118.92455294447616,,72.52118732806376,0.0010913347059760957,8.695218486055777e-05,0.0006086652940239044,0.0001,9.347609243027888e-05,32.285676740793626,0.0,1.3047815139442237e-05,93.9041581196581,69.43501616499438,63.715250092902245,41.653979189892205,65.30581326644365,42.02311464139723,43.88061761426975,23.092325343738377
1784.0,82.01692917758815,84.86285389893516,76.43101378353153,109.37008108888813,92.75180398556083,118.91875195267875,,72.51193441136812,0.002203885546520808,0.0007879345980118901,0.0001,0.00012801635049702745,0.0001350204381212843,32.3406195792909,0.0,0.0001,93.9072051282051,69.44213043478256,63.71452285395761,41.66772686733553,65.32879431438121,42.014701783723496,43.8885869565217,23.12161148272017
1786.0,82.00249272403647,84.83599843907263,76.42283136107552,109.02041915059365,92.7406371082629,118.91304404354842,,72.50281784896433,0.002300298760159362,0.00018545820557768926,0.00044302786294820717,0.0,0.0002,32.41942610238725,0.0,0.0007860557258964143,93.91087179487178,69.45193979933104,63.72029319955404,41.6864002229654,65.35605351170562,42.00680824972127,43.89711371237454,23.155246376811583
1788.0,81.98817808846732,84.80935347966096,76.41473602598047,108.68139599108248,92.72950583538474,118.90742921708518,,72.49383764085239,0.0026,0.00043204368253968255,0.0001,0.00025922620952380953,4.3204368253968255e-05,32.21648110460952,0.0,0.00034563494603174604,93.9151581196581,69.46444425863984,63.73256112969154,41.70999925678183,65.38759085841687,41.99943403939053,43.90619788182827,23.19323002601262
1790.0,81.97398527088072,84.78291902070013,76.40672777824636,108.35301161035463,92.71841016692636,118.90190747328901,,72.48499378703232,0.0017,0.0,0.0001281025491296788,0.0002578461763054817,4.2974362717580295e-05,32.30919213557549,0.0,0.00014215382369451825,93.92006410256407,69.47964381270897,63.751326644370096,41.7385239687848,65.42340635451497,41.992579152731295,43.91583946488289,23.235562430323284
1792.0,81.95991427127665,84.75669506219018,76.39880661787319,108.03526600841008,92.70735010288776,118.89647881215994,,72.47628628750411,0.0017,0.000271171173018063,0.0,2.8828826981937007e-05,0.0002,32.41603108126808,0.0,0.0007702702785812835,93.92558974358971,69.4975384615384,63.77658974358972,41.77197435897432,65.46349999999991,41.98624358974356,43.92603846153841,23.282243589743576
1794.0,81.94596508965512,84.73068160413106,76.39097254486097,107.72815918524884,92.69632564326892,118.89114323369795,,72.46771514226776,0.00040270031811141636,0.00021812933897701728,1.677917992130902e-05,1.677917992130902e-05,8.38958996065451e-06,5.444407625786822,0.0,0.0,93.93173504273501,69.51812820512814,63.808350427350405,41.810350427350386,65.5078717948717,41.98042735042731,43.93679487179482,23.33327350427349
