t_s,Tm_HIP_X,Tm_HIP_Y,Tm_SHIN_ANKLE,Tm_SHIN_KNEE,Tm_SPN_X,Tm_SPN_Z,Tm_TALUS,Tm_THIGH_U,P_HIP_X,P_HIP_Y,P_SHIN_ANKLE,P_SHIN_KNEE,P_SPN_X,P_SPN_Z,P_TALUS,P_THIGH_U,Ts_spine,Ts_pelvis,Ts_hip,Ts_thigh_u,Ts_thigh_l,Ts_shin,Ts_ankle,T_amb,T_torso
0.0,26.823347054475825,27.067523512488442,25.99270978808075,25.660877182035364,28.472142290089625,29.28745999235299,,26.39654654995827,58.8989755909875,47.8877104159623,58.629003297972204,47.53457823070467,24.09773688685553,24.103360343753003,0.0,58.53749701884139,25.457162393162395,23.282880341880347,22.287333333333336,21.939726495726497,21.725188034188044,21.20155555555555,23.023931623931627,21.482786324786325,21.482786324786325
2.0,27.62194527599768,27.56259291315656,26.776527288408356,26.14758235507668,28.9619873878551,29.770172002477736,,27.16981168292049,58.93419087608592,48.005531777771864,58.826668238186585,47.73952277820075,24.104675042389644,24.28429550320665,0.0,59.114918245833344,25.533564102564103,23.288141025641032,22.299269230769234,21.943102564102563,21.73375641025642,21.20935897435897,23.03567948717949,21.479205128205127,21.479205128205127
4.0,28.408528383096773,28.049924946005977,27.548844067649174,26.627281616095825,29.444993538937943,30.24633549104267,,27.932639712843365,59.27415239697946,47.83777971985534,58.82588139503152,47.49323538999728,24.056150768974867,24.25855454952432,0.0,58.780367180919285,25.613596432552956,23.293651616499446,22.31095986622074,21.946628205128206,21.742357302118183,21.216823299888514,23.047395763656635,21.475778149386844,21.475778149386844
6.0,29.183096375773104,28.529519611036694,28.3096601258032,27.09997496509281,29.921160743338156,30.715950458047793,,28.685030639726893,59.131403390469934,48.10777607268932,59.13126129572786,47.715501900524984,24.233915078037153,24.199098836118303,0.0,59.31978672547728,25.697259383128948,23.299412114455595,22.32240523968785,21.95030341880342,21.75099070977333,21.22394853214418,23.059080453363062,21.472505388331474,21.472505388331474
8.0,29.94564925402667,29.001376908248712,29.058975462870436,27.565662402067623,30.39048900105574,31.179016903493103,,29.42698446357108,59.475345058209804,48.12433009154475,59.058980651668506,47.8978119689372,24.17666993921921,24.125099360768925,0.0,59.273283305279534,25.784552954292085,23.30542251950948,22.33360535117057,21.954128205128203,21.759656633221862,21.230734671125973,23.070733556298773,21.46938684503902,21.46938684503902
10.0,30.696187017857476,29.46549683764203,29.796790078850883,28.02434392702027,30.85297831209069,31.6355348273786,,30.158501184375925,59.600151892778214,48.30916519083326,59.37500754000401,48.0486221763871,24.187943064998024,24.38068861805479,0.0,59.568936836101805,25.87547714604236,23.311682831661095,22.344560200668894,21.958102564102564,21.76835507246378,21.237181716833888,23.082355072463766,21.466422519509475,21.466422519509475
12.0,31.43470966726552,29.921879399216646,30.523103973744536,28.47601953995075,31.30862867644301,32.085504229704284,,30.879580802141422,59.871066666666664,48.3574,59.6074,48.314766666666664,24.338766666666665,24.27865,0.0,59.847233333333335,25.97003195837978,23.318193050910445,22.35526978818283,21.962226495726494,21.77708602749908,21.24328966926793,23.093945001858042,21.463612411742847,21.463612411742847
14.0,32.161217202250796,30.370524592972565,31.2379171475514,28.92068924085907,31.757440094112702,32.528925110470155,,31.59022331686758,59.93633112418697,48.40085122365387,59.88004424244607,48.16873467036473,24.306436921105714,24.420545754132018,0.0,59.76454826511815,26.068217391304344,23.324953177257527,22.36573411371237,21.966499999999996,21.78584949832777,21.249058528428094,23.1055033444816,21.460956521739128,21.460956521739128
16.0,32.87570962281332,30.811432418909785,31.941229600271477,29.358353029745217,32.19941256509976,32.96579746967622,,32.29042872855439,60.133855766492765,48.59933401583164,59.8901900455125,48.50117157190256,24.392769468667755,24.553262303759666,0.0,60.15671911411417,26.17003344481605,23.33196321070234,22.37595317725752,21.97092307692307,21.794645484949843,21.25448829431438,23.117030100334443,21.458454849498324,21.458454849498324
18.0,33.57818692895307,31.244602877028303,32.63304133190476,29.7890109066092,32.63454608940419,33.39612130732246,,32.98019703720186,60.221537127739595,48.606370894259136,60.07780226387253,48.29912137109475,24.385292193515724,24.47648151595037,0.0,60.162742539978396,26.275480118914896,23.339223151244887,22.38592697881828,21.975495726495723,21.8034739873653,21.259578966926792,23.128525269416567,21.456107395020435,21.456107395020435
20.0,34.26864912067006,31.670035967328122,33.31335234245125,30.212662871451016,33.06284066702598,33.819896623408894,,33.659528242809984,60.441163899392,48.467922937344,60.485604288512,48.314039016192,24.414236470272,24.498865613184,0.0,60.231079021312,26.384557413600884,23.34673299888517,22.395655518394644,21.980217948717943,21.812335005574145,21.264330546265327,23.139988851727974,21.45391415830546,21.45391415830546
22.0,34.94709619796429,32.08773168980924,33.98216263191095,30.629308924270664,33.48429629796515,34.23712341793552,,34.32842234537876,60.58943483554575,48.69979391120415,60.43469243118703,48.21957578703889,24.363871223189477,24.568624244961125,0.0,60.62039542031219,26.497265328874015,23.354492753623184,22.405138795986616,21.985089743589736,21.82122853957637,21.268743032329986,23.151420847268664,21.451875139353394,21.451875139353394
24.0,35.613528160835735,32.49769004447164,34.63947220028383,31.038949065068117,33.89891298222167,34.6478016909023,,34.98687934490817,60.86440430908235,49.00025447654902,60.57308389496471,48.57140589264314,24.474002192941175,24.569873490572547,0.0,61.00561332831372,26.613603864734273,23.362502415458913,22.414376811594177,21.990111111111087,21.830154589371958,21.272816425120745,23.162821256038622,21.449990338164223,21.449990338164223
26.0,36.300277984730116,32.92465170906311,35.32114501951135,31.462164313505376,34.32133718921763,35.063511127198886,,35.67658370822418,60.82261223080712,48.78643510866522,60.851978939741215,48.66430526341791,24.515211370587558,24.718451744317477,0.0,60.828661457043665,26.74068115942026,23.366618357487894,22.424888888888866,21.995739130434757,21.836009661835725,21.27618840579708,23.17466666666664,21.445352657004804,21.445352657004804
28.0,36.95937916308331,33.32846056402772,35.97887669618597,31.8683006902547,34.734571482969095,35.46535463793229,,36.32882680273494,61.015598505503995,49.13563740209299,60.86601206767705,48.6400691671472,24.453233348503694,24.697977009727992,0.0,61.078383355744094,26.87265700483089,23.37170048309176,22.433405797101425,22.00079710144925,21.840425120772924,21.277468599033792,23.18600483091785,21.43929951690819,21.43929951690819
30.0,37.60067827733658,33.718554735381936,36.61145407948647,32.26197719571531,35.12711340525033,35.86234779917679,,36.96987402306006,61.199828000000004,49.027396,61.516052,48.607252,24.785308,24.681442999999998,0.0,61.166008,27.00443961352654,23.379647342995142,22.44009661835746,22.008043478260845,21.847077294685967,21.277019323671475,23.19630434782606,21.434212560386445,21.434212560386445
32.0,38.21146770766481,34.094196126405386,37.219970215562334,32.639808472352875,35.51438252827615,36.25278914196503,,37.58206964164177,61.276145556851354,49.0663089566326,61.42485346129877,48.81801522009521,24.66676871035558,24.717175274424065,0.0,61.297345316883835,27.136792270531373,23.388753623188382,22.448130434782584,22.015410628019296,21.85724637681157,21.278202898550703,23.207463768115915,21.432473429951663,21.432473429951663
34.0,38.81598873262844,34.45254572699311,37.807539218411925,33.01253302963604,35.897351745401465,36.61831374844145,,38.185673320309824,61.2118693877551,49.25845102040816,61.41274897959184,49.01261632653061,24.651097959183673,24.679838775510202,0.0,61.763526530612246,27.27028502415456,23.397314009661805,22.45767632850239,22.02143478260867,21.86800483091785,21.281381642512056,23.218985507246348,21.43285990338162,21.43285990338162
36.0,39.38999026091012,34.81066927407772,38.38355363390669,33.37077981588654,36.27580653457209,36.988635962987516,,38.76757915658888,61.4156624521267,49.36360098293923,61.23318712369877,49.04583657405882,24.803941052033935,24.732159389249514,0.0,61.6139711753956,27.405946859903352,23.406004830917848,22.46712560386471,22.027652173913022,21.880043478260845,21.285140096618335,23.230990338164226,21.4353719806763,21.4353719806763
38.0,39.96090295392303,35.151673480528075,38.941172549352316,33.73027037611097,36.63086865875342,37.34531007673779,,39.34111018283614,61.806873409024,49.381438505984,61.550295593472,48.792836932608,24.848056503296,24.845764008576,0.0,61.534152648959996,27.540439613526537,23.416057971014467,22.474869565217364,22.03255072463766,21.892212560386447,21.28806280193234,23.24177294685988,21.43696135265698,21.43696135265698
40.0,40.51597610622064,35.495582656847134,39.488787987085736,34.077877685866355,36.985681591272886,37.691738913136376,,39.883376391191455,61.98535898429159,49.07987956519948,61.404295665106936,49.105894618378805,24.823441452531966,24.865376576741955,0.0,61.954461989607644,27.67510628019321,23.428053140096594,22.479855072463746,22.03639613526568,21.902091787439584,21.290512077294665,23.251405797101423,21.437531400966158,21.437531400966158
42.0,41.0528538289184,35.81699361269502,40.01728904531398,34.41528772982084,37.32030117462809,38.03418247471942,,40.42528821086404,62.11741312062492,49.797255757060285,61.663018047014454,49.08388851889363,24.86024098460643,24.90926883963494,0.0,61.932604923591725,27.814193236714946,23.443140096618333,22.4852028985507,22.04062801932365,21.91260869565215,21.29402415458935,23.259913043478235,21.439937198067607,21.439937198067607
44.0,41.579334657036995,36.13828816907393,40.542718312328354,34.74279211245537,37.65360388677371,38.363514993673434,,40.94791696515447,62.31608491991309,49.6593683355996,62.09472361750218,49.21592261639971,24.75314673471042,24.838454774790538,0.0,62.186775880145575,27.955246376811562,23.460642512077268,22.49038164251205,22.04668599033814,21.925420289855047,21.297086956521717,23.26849275362316,21.443985507246353,21.443985507246353
46.0,42.09057799488015,36.44211352629534,41.046538639968944,35.059029674381115,37.983296375314815,38.69866650568845,,41.4503641569888,62.29474352207898,49.715315028511476,62.21661295769903,49.31777720700298,24.877267878000865,24.976010620872334,0.0,61.885849216282644,28.098811594202868,23.47866183574877,22.495463768115915,22.054835748792247,21.940357487922682,21.30118840579708,23.278342995169055,21.449483091787414,21.449483091787414
48.0,42.58611535751873,36.74675711552557,41.550138267280616,35.37180707178573,38.29726228993938,39.01186809305735,,41.9402813719646,62.44652042723528,49.565548411378806,62.256354798962555,49.309038427385254,25.05166101962924,25.023429876861496,0.0,62.32487694165531,28.246038647342964,23.498903381642485,22.50295169082123,22.06356521739128,21.957251207729442,21.309038647342973,23.288265700483066,21.458062801932343,21.458062801932343
50.0,43.08095732293419,37.039159835307366,42.03499068155815,35.67578763542108,38.61646503367266,39.322459513052145,,42.41874729230182,62.374640225967546,49.73768451430733,62.212304422682344,49.47671192423936,24.944073387297063,24.985852968832983,0.0,61.951863720249584,28.392632850241515,23.520024154589343,22.513570048309152,22.07258454106278,21.976536231884037,21.317951690821236,23.298888888888865,21.46835748792268,21.46835748792268
52.0,43.55619352103924,37.31981217820854,42.51012315608432,35.96866264395224,38.92509358454771,39.63373503230071,,42.87303969407277,62.51935276420832,49.6177645873347,62.033006074155956,49.41567950005186,24.96400692952388,24.93721767692548,0.0,62.61301237936824,28.540299516908178,23.538806763285,22.525661835748764,22.080381642512055,21.996821256038622,21.32706763285022,23.31084057971012,21.47839613526568,21.47839613526568
54.0,44.02520828690827,37.6087277083291,42.95868719346521,36.269272128158235,39.22948629814386,39.92346646762534,,43.30508991326725,62.91424269729386,49.60860673876086,62.195092157954385,49.43710780178156,25.020905841270157,24.99398739871851,0.0,62.40344272413656,28.690091787439584,23.557985507246354,22.537570048309153,22.08844444444442,22.017888888888862,21.33914492753621,23.32536714975843,21.4904299516908,21.4904299516908
56.0,44.48410481022981,37.88662174090993,43.40191357535726,36.551720760142594,39.5360617328563,40.21560969144943,,43.7373520818306,62.96439201204467,49.6749682823805,62.54042260884112,49.51836434277111,25.015661421521475,25.115853485843335,0.0,62.5873418008448,28.83818840579707,23.578420289855046,22.550637681159397,22.096434782608675,22.039473429951666,21.351512077294664,23.340111111111085,21.50188405797099,21.50188405797099
58.0,44.921309359663354,38.15765615536789,43.83667881819154,36.83852589610306,39.823900526066424,40.49869126418486,,44.15945362779066,62.634875503292335,49.817623454520785,62.68330442390847,49.4670408815642,25.19068108892442,25.146919970049368,0.0,62.41710096832451,28.985545893719774,23.599748792270507,22.564381642512053,22.102792270531378,22.06003864734297,21.36149758454104,23.354541062801907,21.508961352656982,21.508961352656982
60.0,45.35203898574234,38.41726042925154,44.25710396512636,37.11567646969152,40.11963914251202,40.776950269156856,,44.5587699529816,62.88134751160238,49.832616335218276,62.828774753187965,49.641333128575454,25.06163787325964,25.04912326420484,0.0,62.80029902289047,29.131850241545862,23.620990338164226,22.577096618357462,22.11078260869563,22.0828260869565,21.368811594202874,23.368125603864705,21.515072463768092,21.515072463768092
62.0,45.77386756784803,38.674169775064705,44.6697854874959,37.39130444417324,40.40514325953996,41.05182591008535,,44.945362957407774,63.01964330691781,49.9681772717184,62.64808371132253,49.45013140681591,25.16429725234814,25.18189951044683,0.0,62.73249351978894,29.277961352656973,23.642338164251182,22.588855072463744,22.118845410627994,22.106202898550702,21.37554589371978,23.379111111111083,21.5205797101449,21.5205797101449
64.0,46.1844716637443,38.92624400234861,45.06299097537544,37.6608893167859,40.678357263973936,41.330035291196324,,45.332373292660776,63.038047758661975,49.98694478931576,63.0137791282242,49.70379699091646,25.100163423956513,25.205062686013992,0.0,63.47449241348216,29.424739130434748,23.66515942028983,22.600903381642485,22.12664251207727,22.128487922705293,21.383792270531377,23.389347826086933,21.525241545893696,21.525241545893696
66.0,46.58708439784607,39.16810128131481,45.45778600753403,37.91927519128931,40.947716580448514,41.59995482022541,,45.70629304102306,63.21800453582969,50.23830351028631,62.845609565134616,49.893964330335095,25.166828644268175,25.134976635633645,0.0,63.230590953426024,29.570647342995134,23.6895990338164,22.61326570048307,22.135661835748767,22.152777777777754,21.39203864734297,23.401289855072438,21.530642512077268,21.530642512077268
68.0,46.97768098266629,39.40458511085081,45.84227988450018,38.17101535588754,41.21766847451087,41.85179127362876,,46.07246671051752,63.07650933631622,49.95085712462546,62.86227338429798,49.76712267607268,25.18747409832427,25.293418223686203,0.0,63.00849451629826,29.71719806763282,23.715198067632826,22.626570048309155,22.143169082125578,22.17729468599031,21.3999951690821,23.41561352657002,21.536589371980654,21.536589371980654
70.0,47.36737933494985,39.64379835018622,46.20439206110316,38.41904655411117,41.47362886744108,42.11180424076095,,46.43644813328423,63.487113475584,50.194433901056,63.223004585728,49.978511497216004,25.251760286335998,25.28104500608,0.0,63.131105510912,29.864125603864704,23.739671497584517,22.64084057971012,22.149429951690795,22.202038647342974,21.407371980676306,23.430613526570024,21.54233333333331,21.54233333333331
72.0,47.745871788365044,39.87362460962236,46.55838701035241,38.66537513563892,41.71937840264317,42.36650051590866,,46.79337958818842,63.45531460682331,50.142198309561245,63.45767380631298,50.09910005315845,25.357905754262468,25.23091888328083,0.0,63.27038197592761,30.011212560386443,23.76311594202896,22.655497584541035,22.154661835748765,22.2287874396135,21.413879227053116,23.443980676328476,21.545951690821234,21.545951690821234
74.0,48.12459025681524,40.10088880347629,46.91643118362163,38.897170596453435,41.96729163954793,42.62278032755283,,47.14865169430326,63.894374801600186,50.20272591328868,63.30784992071649,50.06845659122952,25.32998106900913,25.289283567490322,0.0,63.5561488638578,30.157067632850207,23.78740579710142,22.66873913043476,22.159033816425097,22.25566666666664,21.41922705314007,23.456405797101425,21.54734782608693,21.54734782608693
76.0,48.4902001238374,40.32020244113095,47.2620140670166,39.13349067549473,42.20747672641027,42.87131542181852,,47.485257837354396,63.693630906874,50.331532470058534,63.38749020258322,50.12207162172148,25.207655933793607,25.28534408626414,0.0,63.218378867318016,30.298473429951656,23.812589371980653,22.679318840579683,22.165714975845383,22.282579710144905,21.423125603864708,23.467961352656978,21.546425120772923,21.546425120772923
78.0,48.84899163020305,40.529087515400455,47.59209593070005,39.356817666993464,42.44040834389615,43.119906690099754,,47.829358815915086,63.727789773608514,50.30865707965099,63.35057613092718,50.17722488433167,25.263604633663885,25.373561468491385,0.0,63.35183807557871,30.437608695652145,23.837492753623163,22.690768115942003,22.17487439613524,22.309985507246353,21.425888888888863,23.477497584541037,21.543690821256014,21.543690821256014
80.0,49.200607806579264,40.73830603653698,47.918317841214595,39.584362347774835,42.675531374080805,43.35351284036025,,48.16228172291293,63.86901341440427,50.25967460733918,63.55758904166815,50.131763685687936,25.341448264039247,25.422345247059184,0.0,63.439940345103395,30.576033816425088,23.86211594202896,22.70479227053137,22.183077294685965,22.339516908212534,21.42843478260867,23.48626086956519,21.540256038647318,21.540256038647318
82.0,49.55373563363665,40.93974143881881,48.23869205693155,39.80827353241835,42.90912545173698,43.57806188143822,,48.50156719668322,63.894711711551956,50.381005363257415,63.583097556638386,50.073831705258115,25.30759024303743,25.436478048957145,0.0,63.63843121373857,30.71413526570045,23.885806763285,22.719492753623165,22.191111111111084,22.37098067632848,21.431077294685963,23.495497584541038,21.536628019323647,21.536628019323647
84.0,49.886862466177895,41.1435879838832,48.550189377402816,40.02857212742961,43.14602500349506,43.80366680710811,,48.83114070220526,63.74197203287843,50.456744166023526,63.68349709741177,50.321025024,25.443992680596075,25.507979441882352,0.0,63.77648795871372,30.852966183574843,23.908468599033792,22.73297101449273,22.200367149758428,22.402357487922682,21.433526570048283,23.50528019323669,21.532710144927513,21.532710144927513
86.0,50.223117118375015,41.33890479039758,48.855424774707735,40.24320211821412,43.369446855401314,44.024515645574844,,49.161046353415124,64.03441496659492,50.45789828082632,63.94275920386884,50.23629078634725,25.454454297934195,25.509394247057834,0.0,63.7827356218377,30.990628019323637,23.933608695652147,22.74510628019321,22.2080144927536,22.431579710144906,21.435492753623162,23.512681159420264,21.528405797101424,21.528405797101424
88.0,50.54443594169653,41.53143405125415,49.16065248956527,40.44591143254091,43.5886147104821,44.237032844827134,,49.47514352130611,64.02600047928209,50.472415621499515,64.0312892413781,50.20085317796002,25.429927308964622,25.424975610247994,0.0,63.72309655586234,31.12770048309175,23.961734299516884,22.75755555555553,22.214826086956496,22.46196135265698,21.43851207729466,23.519599033816398,21.52544444444442,21.52544444444442
90.0,50.86318046557609,41.7152428502663,49.460793573915886,40.646015500046175,43.80907618571766,44.4489136163845,,49.79332413323493,64.32306835216066,50.74089619024782,63.951931632716985,50.26590253364183,25.445102539258702,25.49603860595691,0.0,63.624035451974656,31.265415458937166,23.991574879227027,22.772579710144903,22.223352657004806,22.494371980676302,21.44294685990336,23.527932367149734,21.523159420289833,21.523159420289833
92.0,51.174088040834036,41.90434006782285,49.74818653564097,40.85165554763847,44.034398372546676,44.66775729874251,,50.099800470715394,64.10667137784634,50.639173427011684,63.90024090600803,50.38251879922601,25.333176882598966,25.56750424636197,0.0,64.1146882396162,31.40140096618354,24.021256038647316,22.788835748792245,22.233714975845388,22.527855072463744,21.44615942028983,23.536579710144903,21.52210628019321,21.52210628019321
94.0,51.48850474806637,42.08679036988683,50.03690742098468,41.05074782035535,44.25708835909178,44.885374484416936,,50.40227224541609,64.08362149273927,50.673442853037905,63.95343565814118,50.23081429967112,25.509753548468833,25.543546410518974,0.0,63.87325718823551,31.535681159420257,24.04885507246374,22.804376811594178,22.245429951690795,22.563850241545868,21.450338164251185,23.544439613526546,21.523458937198043,21.523458937198043
96.0,51.789631715775144,42.271829562008264,50.318802578722355,41.25370611455625,44.473965406112576,45.08988328478461,,50.69863716245236,64.10300095186571,50.69229113357521,63.82244617683667,50.2352221785467,25.53717214790238,25.659874614959726,0.0,64.13658230573957,31.66823188405793,24.077227053140067,22.820859903381614,22.256792270531378,22.598922705313985,21.455845410627994,23.552806763285,21.525391304347803,21.525391304347803
98.0,52.08972747368693,42.45367114470241,50.591725092606225,41.44577539811597,44.69316912928103,45.29537495422689,,50.985512689995836,64.55829696612378,50.67145507566959,64.42714903318468,50.51613935616572,25.480141152376476,25.451919804420488,0.0,64.34409485562047,31.800202898550687,24.106178743961323,22.839942028985483,22.26665217391302,22.6356376811594,21.459391304347804,23.5629758454106,21.52790338164249,21.52790338164249
100.0,52.37823307473689,42.632888218644034,50.86122551147425,41.64042095942906,44.91035491454337,45.494949940573385,,51.26823784450836,64.62872489371557,50.431701399121906,64.24464229254744,50.434272899652406,25.47537256337482,25.62546722451504,0.0,64.34370629597458,31.935792270531362,24.134294685990312,22.858454106280167,22.278033816425097,22.67351207729466,21.46551207729466,23.57506763285022,21.5309951690821,21.5309951690821
102.0,52.65196099401972,42.81208404743408,51.12760311742722,41.82696527406857,45.136450270667176,45.681984060793376,,51.54991204366475,64.5851,50.736466666666665,64.4169,50.4845,25.544416666666667,25.5557,0.0,64.3357,32.073246376811554,24.163763285024128,22.87622705314007,22.29213526570046,22.7096183574879,21.475743961352638,23.589251207729443,21.535888888888863,21.535888888888863
104.0,52.93065602932035,42.9835797428236,51.38919419655805,42.0081371105725,45.34831906819308,45.885762624517085,,51.83542717965671,64.78842020511017,50.74078987662877,64.45407321026379,50.61796870389094,25.691693433474953,25.621442947851023,0.0,64.34903334721076,32.20908212560383,24.193724637681136,22.894869565217366,22.305932367149737,22.745806763285003,21.48379710144925,23.600869565217366,21.538980676328478,21.538980676328478
106.0,53.20214996619898,43.164897718652725,51.64642430310627,42.194712307299746,45.55585691961104,46.084342395512635,,52.108817572899326,64.74589896759502,50.88741010358438,64.17917703720403,50.56274079413417,25.6370345754416,25.726622110546042,0.0,64.87707238832489,32.34346859903378,24.22266666666664,22.912942028985483,22.320623188405776,22.783275362318815,21.489381642512054,23.611265700483063,21.53844444444442,21.53844444444442
108.0,53.467739246128396,43.340033672183296,51.90577387667685,42.376842360184654,45.769321073288765,46.27541321738129,,52.37689743530338,64.72694464050534,50.63549285729707,64.31321313278987,50.58627103439342,25.736323430921694,25.637074049176636,0.0,64.63180472396743,32.478400966183536,24.252028985507224,22.93140096618355,22.337405797101425,22.821999999999974,21.495159420289834,23.621734299516884,21.53905797101447,21.53905797101447
110.0,53.72995476219914,43.51162662154615,52.15847682474806,42.55899313004831,45.97883339501077,46.47622638709609,,52.642026484927634,64.98915025934464,50.98063723705335,64.59440968014161,50.73660662924008,25.692003064023137,25.73091663999465,0.0,64.44500291968549,32.61409661835745,24.285028985507225,22.949980676328476,22.35447826086954,22.861956521739103,21.502570048309156,23.631743961352633,21.541376811594176,21.541376811594176
112.0,53.99466757003053,43.67442803576306,52.41480614623897,42.735741586451454,46.18320877095597,46.67235564990669,,52.90399878044901,64.65438721715478,50.90597586324308,64.61669407316049,50.69922162203062,25.600866518615483,25.779644574062793,0.0,64.30790932306307,32.74777294685987,24.320057971014467,22.969019323671475,22.371260869565194,22.902516908212537,21.510657004830893,23.642589371980648,21.54417874396133,21.54417874396133
114.0,54.24508197836095,43.83460612778006,52.66590876417441,42.90003550626963,46.38378799233099,46.859571871814154,,53.157345947951136,64.89717842397435,50.743793753385894,64.3265224032989,50.59970413827828,25.682357071975325,25.817887333414063,0.0,64.97606433547269,32.88086956521736,24.355507246376785,22.988251207729444,22.38717391304345,22.943657004830893,21.518463768115918,23.6543913043478,21.54868599033814,21.54868599033814
116.0,54.49948768719457,43.99699810590197,52.91280748888124,43.06957727807175,46.57880003560709,47.050690283635944,,53.41845256285983,64.86153111829206,50.75078859480365,64.6524222531705,50.706720332555115,25.703179923828415,25.74058110495552,0.0,65.39288838433156,33.01482608695648,24.39154589371978,23.007410628019297,22.40041545893717,22.984130434782582,21.527429951690795,23.66609661835746,21.553120772946837,21.553120772946837
118.0,54.75256443742478,44.16118982192962,53.15919797170355,43.23909145317111,46.76803388552739,47.24041296501114,,53.67907880274396,64.998408399872,51.067649043968004,64.841246063872,50.88049007488,25.695935994752,25.703955525376,0.0,64.71061229440001,33.1468599033816,24.42769082125601,23.026835748792244,22.4127874396135,23.023864734299494,21.53716908212558,23.677874396135238,21.55570531400964,21.55570531400964
120.0,54.999276441989224,44.31214315398011,53.397823416479284,43.40057734858737,46.95759837631257,47.4267214320877,,53.92509195303881,64.87500004279033,50.8149695577756,64.74504351726577,50.7058521960341,25.677643474104435,25.703526060297257,0.0,64.72830430549818,33.27841062801929,24.464632850241518,23.04381642512075,22.424869565217367,23.065787439613498,21.54607246376809,23.689289855072435,21.555835748792248,21.555835748792248
122.0,55.24983118719312,44.46646733936318,53.645445208666835,43.56382002296294,47.1505784446494,47.62364690166986,,54.18214015523391,65.3574305822408,51.05316501620306,64.85774896695234,50.80136705967989,25.73368531423237,25.760807380821173,0.0,64.81897433296047,33.40909178743958,24.501222222222196,23.0573719806763,22.437241545893695,23.10677777777775,21.554309178743935,23.698685990338134,21.55346376811592,21.55346376811592
124.0,55.48747493543512,44.61786314666435,53.88090412241909,43.726895625085504,47.33292721410093,47.811620551840136,,54.42158222707002,65.35417708000085,50.91828852173799,64.65290954260772,51.01472806609043,25.7516888521738,25.80501081217256,0.0,64.98091972521568,33.54034299516904,24.536864734299495,23.072473429951664,22.451705314009637,23.145492753623163,21.563222222222198,23.706183574879198,21.55031884057969,21.55031884057969
126.0,55.722257068000836,44.76479197228426,54.106505888048304,43.87995109571756,47.51410484334077,47.99433861353036,,54.67212378824715,65.45714454828068,51.04957026422478,64.77067927453194,50.959002475974664,25.811940816259284,25.85046657915781,0.0,64.82119407018197,33.673652173913005,24.574536231884032,23.09226570048307,22.46523671497582,23.185367149758427,21.572328502415438,23.714903381642486,21.546304347826066,21.546304347826066
128.0,55.95894755203444,44.912036702928965,54.33614322301105,44.033476878944526,47.69438527737113,48.17744363877399,,54.91572551107054,64.9684769575132,51.17902301071655,65.25187224041937,50.95890760188468,25.746088350231517,25.76220377928081,0.0,65.13213565028573,33.80572946859899,24.615386473429925,23.113893719806736,22.477811594202873,23.226787439613503,21.58297101449273,23.726188405797075,21.543149758454085,21.543149758454085
130.0,56.18703551678872,45.04850099714973,54.5589875217393,44.18436660144043,47.86411771434215,48.353975040537854,,55.1592752323949,65.02563428582773,51.09775548221531,65.27146365269255,51.036844503887544,25.85661817762434,25.806465922107016,0.0,65.30210365348667,33.9369371980676,24.656342995169055,23.135724637681136,22.490579710144903,23.26831400966181,21.595318840579687,23.73538164251205,21.54018840579708,21.54018840579708
132.0,56.415145600806476,45.19295304190539,54.776906220737125,44.3311650108,48.03772953916995,48.53836522875522,,55.39514278131813,65.49093106120905,51.15087583946729,65.2980827105712,50.99762414067063,25.805908632797156,25.765175878088,0.0,65.06052071924283,34.06763768115938,24.696111111111083,23.157299516908186,22.501642512077268,23.31090338164249,21.60776328502413,23.742652173913015,21.536753623188382,21.536753623188382
134.0,56.64556387297346,45.33748846748458,54.99452803789315,44.47849907587649,48.19672613525547,48.718980355971844,,55.62423270750879,65.63812910867692,51.18117684873846,65.031574784,51.02809717489231,25.909509786092308,25.796390837292307,0.0,65.54084149587692,34.19698550724634,24.73695169082123,23.178714975845384,22.510879227053117,23.352463768115914,21.618695652173894,23.748120772946834,21.53457487922703,21.53457487922703
136.0,56.87185004667397,45.467883689967366,55.20961948946126,44.63480766761716,48.3584436327125,48.89090879914068,,55.84563548962011,65.62894272497118,51.235279419407625,65.0513406592191,50.951400506596826,25.886374870456322,25.995430640745923,0.0,65.37756331482588,34.322913043478216,24.778028985507216,23.20062318840577,22.519946859903357,23.393285024154565,21.627062801932343,23.75368599033814,21.53233333333331,21.53233333333331
138.0,57.10552135531993,45.60642069230845,55.4169553547282,44.78889762357786,48.526927761686174,49.06702407606226,,56.06792589537679,65.48465502771843,50.9649559236069,65.39206593835205,51.085669440522466,25.856431227481217,25.858928173255038,0.0,65.2556445212072,34.447560386473384,24.82085507246374,23.223628019323648,22.53110628019321,23.434212560386445,21.634763285024132,23.76124637681157,21.53048792270529,21.53048792270529
140.0,57.34022856841624,45.74251742214864,55.622781030252234,44.93496165749006,48.696330531461356,49.2428363973895,,56.28975175042469,65.80732051236971,51.33983138434207,65.51796385714594,50.94703018731167,25.73138989679815,26.06621319694404,0.0,65.4405892316613,34.5730676328502,24.866289855072438,23.248285024154566,22.544840579710115,23.476043478260845,21.641821256038618,23.769096618357466,21.532497584541037,21.532497584541037
142.0,57.57817113160448,45.87496507822744,55.836631169881365,45.08428236825307,48.86142872046934,49.414491961680504,,56.51088532074088,65.78168530364056,51.1695600347185,65.3714943182594,51.22268431182282,26.05470736865973,25.857429511697987,0.0,65.49151808775197,34.699797101449235,24.912144927536204,23.274497584541038,22.55802898550722,23.520748792270506,21.65003864734297,23.77735748792268,21.536995169082104,21.536995169082104
144.0,57.8032669401162,46.00984822078045,56.03630014619181,45.234549049302835,49.01711293455339,49.57897496742389,,56.73538157196032,65.62256889537804,51.28659327528215,65.50470427863098,51.092920573342184,26.01857463523051,25.94633229765582,0.0,65.80766119651253,34.82938164251204,24.959835748792244,23.303342995169057,22.570550724637656,23.566647342995147,21.661217391304323,23.78675362318838,21.54323188405795,21.54323188405795
146.0,58.028939522685135,46.14540376784925,56.24196152015121,45.382712243531195,49.18332462208935,49.740903033026164,,56.95960086503964,65.83372041164777,51.12626130105806,65.42027908414381,51.43060563644904,25.990716287712676,25.959914122955617,0.0,65.4545039918169,34.9605024154589,25.007729468599006,23.33467632850239,22.58528502415456,23.61505797101447,21.673555555555527,23.798628019323647,21.551681159420266,21.551681159420266
148.0,58.250624793411895,46.27406408118373,56.44502018421003,45.53017757151004,49.35120628895543,49.89789321595103,,57.17657773940691,65.95568277322106,51.165840554442106,65.34257125658948,51.38643302602105,26.247177779873684,26.07824345431579,0.0,65.50254462585264,35.091888888888846,25.05536714975843,23.365304347826058,22.60271497584539,23.664251207729446,21.687077294685963,23.81071980676326,21.56042028985505,21.56042028985505
150.0,58.47032221279303,46.398716027033984,56.644915035211795,45.6719017787474,49.52503848650691,50.05487516926753,,57.39269573961289,65.99290291915572,51.212064577429885,65.4345753566659,51.35080985233975,25.98790664357623,25.99883373694306,0.0,65.61988273513845,35.22166666666662,25.104067632850214,23.396811594202873,22.62032367149756,23.71489371980674,21.700584541062774,23.8213719806763,21.568130434782585,21.568130434782585
152.0,58.6923170642311,46.53153275817864,56.830801386484026,45.81435782420406,49.69023904500091,50.22277094249936,,57.61175520213678,66.11426720554884,51.53191501194066,65.55720331225639,51.30277887158051,25.78100044072877,26.018142703877622,0.0,65.83326719713568,35.347913043478215,25.15392753623186,23.43073429951688,22.637990338164226,23.76825603864732,21.713449275362294,23.83192753623186,21.574666666666644,21.574666666666644
154.0,58.90658421315026,46.66226786096661,57.03400952670851,45.966896367170776,49.855766600754045,50.3754099972563,,57.81652782258814,66.08266339122758,51.56770782344827,65.5785000448,51.39181171917241,25.96697190510345,26.041935803144828,0.0,65.95329449302069,35.47470531400962,25.205043478260844,23.465560386473403,22.657371980676306,23.823212560386448,21.728043478260844,23.843729468599008,21.58228019323669,21.58228019323669
156.0,59.10932632220111,46.78370122639257,57.234120641058176,46.112046635540906,50.02281841322057,50.52771068140268,,58.0257225558269,66.16146002455056,51.32839581908902,65.67549718590696,51.023277186733786,25.99355027682992,26.110562374504298,0.0,65.73112090805303,35.60434299516904,25.257512077294663,23.50155555555553,22.678299516908186,23.878033816425095,21.74312077294684,23.856946859903356,21.5908260869565,21.5908260869565
158.0,59.31815271762686,46.91015229665448,57.426632720754185,46.25664547570886,50.19365941833511,50.683065101118025,,58.23048703619409,66.23184841946667,51.40088437386667,65.38007949253334,51.268053251733335,26.0222883108,26.1084726996,0.0,65.9632360376,35.73195169082121,25.31142995169079,23.53833333333331,22.698777777777757,23.932768115942004,21.75743478260867,23.869971014492723,21.598985507246358,21.598985507246358
160.0,59.52311488736606,47.03745901250145,57.6145756361572,46.39637757687538,50.36147336711926,50.83791258191237,,58.43992219574314,66.56751420005925,51.351707642827066,65.35097412557242,51.20701424788053,26.048985536014097,26.130387029909087,0.0,65.77566198910506,35.85753140096614,25.366289855072438,23.576681159420264,22.718589371980652,23.98741545893717,21.77213526570046,23.881193236714946,21.60666183574877,21.60666183574877
162.0,59.722457656435985,47.16228031612948,57.79436236948137,46.529923961412216,50.53135935940949,50.99045326578807,,58.65035881710543,66.24655712696854,51.72338566173347,65.49148573498393,51.29007149298635,26.02030717354335,26.09793570787803,0.0,66.111685680557,35.982908212560346,25.422202898550697,23.616164251207703,22.738690821256014,24.04254589371978,21.78714975845408,23.890782608695623,21.61498067632848,21.61498067632848
164.0,59.918485421195044,47.29016795985981,57.98371173078216,46.670206814297636,50.69822747810193,51.14640581871664,,58.86274567242245,66.47572986663685,51.50424298972597,65.60203922117608,51.5294708849992,26.018740806595083,26.160132277737542,0.0,66.00967030348987,36.10690821256035,25.475661835748767,23.653299516908188,22.756990338164226,24.09750724637679,21.803009661835723,23.900082125603838,21.620241545893695,21.620241545893695
166.0,60.11885208097587,47.41892121206914,58.162923479733585,46.81135932049841,50.86626464947059,51.30473620475439,,59.07091167894404,66.18126503808313,51.50156019893449,65.91184804327645,51.46473932982638,26.192095871438212,26.142711176830247,0.0,66.01655294393969,36.23080193236711,25.52736714975843,23.689381642512053,22.774999999999974,24.15102898550722,21.819642512077273,23.910434782608668,21.62357004830916,21.62357004830916
168.0,60.3073962764089,47.54183040233308,58.33176567504812,46.94146596209467,51.04188529895888,51.46810109008943,,59.27137778920484,66.4105436145463,51.56412908860225,65.94755250436762,51.48670352218646,26.136703058139492,26.13939685750536,0.0,66.06415551105734,36.35468599033812,25.577367149758423,23.725657004830893,22.794231884057947,24.20484057971012,21.835149758454083,23.920183574879196,21.62609178743959,21.62609178743959
170.0,60.49681486509819,47.66558926780771,58.50773368572953,47.07318268920505,51.209396111091785,51.62853727873646,,59.47099551600302,66.32720156067202,51.65740472021711,65.8185025289625,51.35131926526649,26.07848369146817,26.220655963475554,0.0,66.3555632296334,36.478705314009616,25.623835748792242,23.760927536231858,22.814420289855047,24.25701932367147,21.851236714975823,23.927671497584512,21.62715458937196,21.62715458937196
172.0,60.68647168334116,47.786744066243344,58.68325506110121,47.20108261570649,51.366673240843205,51.78217895283599,,59.66206808522344,66.3974294420448,51.665634260623385,66.10947254547143,51.40085982777704,26.105315672615745,26.203666714687643,0.0,66.54298325808095,36.6036714975845,25.672772946859876,23.799425120772923,22.835347826086927,24.308642512077267,21.868386473429926,23.93362318840577,21.62675845410626,21.62675845410626
174.0,60.87322893677769,47.90952960134773,58.852661991039625,47.32291492425076,51.52533866342862,51.92974742557525,,59.85956719175599,66.30055846377286,51.721108914624054,65.95782469270515,51.4000920689476,26.130657919202903,26.227316351736174,0.0,65.92850095556375,36.726222222222184,25.724178743961325,23.83995169082123,22.855019323671474,24.362613526570023,21.885256038647317,23.94176328502413,21.62250724637679,21.62250724637679
176.0,61.06716085989525,48.02596039716456,59.030626712599606,47.442414972526244,51.680857324138856,52.08875364469254,,60.05223790558574,66.31406681068239,51.59090106662429,66.15653076715483,51.5522605422154,26.16981969887852,26.158917788589466,0.0,66.39174628957753,36.84482125603861,25.77205314009659,23.880101449275337,22.873265700483064,24.41705797101447,21.902898550724615,23.951608695652148,21.61500483091785,21.61500483091785
178.0,61.24975519693216,48.14545350228372,59.20451241635638,47.56780550601619,51.82396905760787,52.24362787007439,,60.245482728593494,66.36231138871217,51.81030795729613,65.99285347311111,51.51192278097285,26.127117064438536,26.22752821413273,0.0,66.50862773698391,36.96093236714972,25.816396135265673,23.920468599033786,22.889299516908185,24.47014975845408,21.919318840579685,23.959072463768088,21.604806763285,21.604806763285
180.0,61.44477415130976,48.27221729392527,59.378136246613565,47.68796514444099,51.97773881915538,52.40082539181252,,60.43741949965519,66.37460571831205,51.67903516759477,66.15516757965263,51.39041700986942,26.206862416617092,26.17884046326276,0.0,66.2930002196725,37.07540096618354,25.860159420289826,23.9592028985507,22.904729468599008,24.523111111111085,21.933077294685965,23.965497584541037,21.596690821256015,21.596690821256015
182.0,61.6359030776763,48.39150440473448,59.55003942835059,47.81103831748629,52.12585052366827,52.55480928133287,,60.627937295431416,66.49113663522786,51.61864378166108,66.09456412533152,51.581838007917085,26.239450559038247,26.296572914577997,0.0,66.49522086411953,37.18907246376808,25.905072463768086,23.99745410628017,22.91933816425118,24.571115942028957,21.94568599033814,23.970386473429926,21.590657004830895,21.590657004830895
184.0,61.8256980046753,48.501471546282154,59.71489053952087,47.94003994797013,52.274727218171954,52.70074463185174,,60.810426549497876,66.64475226484264,51.88946308909932,66.23305368734465,51.71465819206047,26.25587093310079,26.13426531856857,0.0,66.42688870851192,37.30036231884054,25.950468599033794,24.03514975845408,22.93228985507244,24.615942028985483,21.95860869565215,23.976241545893696,21.583753623188382,21.583753623188382
186.0,62.01268819125318,48.61894662176366,59.87862239222741,48.06142148056948,52.41906908804818,52.852430206862195,,61.00232578088121,66.80181557195228,51.772401495066475,66.51263478105496,51.61505829147883,26.233255581971356,26.294455119351916,0.0,66.47945015197568,37.41128985507242,25.997507246376784,24.071599033816398,22.94697101449273,24.66236714975843,21.973913043478237,23.984961352656978,21.576681159420268,21.576681159420268
188.0,62.2032745369174,48.731377378920776,60.05223015027558,48.178162342247674,52.56518790449329,53.00062142963459,,61.18947691176439,66.9398297803705,51.77659735643435,66.53254985661343,51.63468655906705,26.38065058389242,26.344726260700934,0.0,66.59609649638018,37.52570048309175,26.046743961352625,24.109111111111083,22.963164251207704,24.707946859903352,21.990666666666645,23.99484057971012,21.570743961352633,21.570743961352633
190.0,62.39080728238816,48.8462833096675,60.22517907438947,48.306606168601036,52.71022030566871,53.14977439034477,,61.37460218132725,66.89413073902931,51.622869470916356,66.01473072153384,51.77276687746995,26.182201586684915,26.302152519090647,0.0,66.66670748291618,37.64205797101445,26.09630434782606,24.148169082125577,22.977652173913018,24.75388888888886,22.00793719806761,24.004173913043452,21.56664251207727,21.56664251207727
192.0,62.575628347466946,48.95547356417763,60.391206684121435,48.433473119368486,52.851897387623126,53.29295058117288,,61.56274081232144,67.01165104550996,51.61268041915409,66.21739686940825,51.81568302520942,26.163939441774478,26.38302759120996,0.0,67.03842011250812,37.75887439613523,26.146091787439588,24.187429951690792,22.992043478260843,24.800797101449245,22.027792270531375,24.016082125603837,21.564473429951665,21.564473429951665
194.0,62.75843097257665,49.06693871428315,60.56595802741798,48.55758876629329,52.997649047596916,53.431695249242935,,61.73995694538308,67.1790334951633,51.859784767884896,66.20220405441229,51.67388172499649,26.397640608317783,26.40332081083048,0.0,66.61018628309154,37.87466183574875,26.195342995169053,24.226724637681134,23.006724637681135,24.84867149758451,22.048647342995146,24.03068599033814,21.561285024154568,21.561285024154568
196.0,62.93642922804337,49.16908262554209,60.73271316417278,48.67469416652455,53.144567157801056,53.567871850239214,,61.91796002042817,66.876807238144,51.853923979008,66.32990312217599,51.690687029504,26.18613252544,26.398284477824,0.0,66.314575764992,37.99093236714972,26.247468599033787,24.265835748792245,23.020256038647318,24.89628985507244,22.07009178743959,24.043280193236686,21.557077294685968,21.557077294685968
198.0,63.115080630120616,49.28024330065928,60.90199506118901,48.797069612618344,53.288741156429644,53.71033049698713,,62.09487231052245,66.96008811449545,51.926141061031956,66.78845993432708,51.82445295464742,26.337316571384758,26.376085136529195,0.0,67.0316163717173,38.1091980676328,26.303449275362293,24.30632367149756,23.034198067632822,24.944207729468573,22.09471497584539,24.05638164251205,21.554801932367127,21.554801932367127
200.0,63.29135679821456,49.38983801186543,61.07193865794634,48.91749619241191,53.43400535036317,53.84902253363568,,62.26857948843336,66.86536853567954,51.844652244394744,66.54649711089262,51.97709987875021,26.329810395386396,26.381962643347308,0.0,66.66959538996072,38.22797101449271,26.36004347826084,24.348526570048282,23.048888888888865,24.99110628019321,22.120884057970994,24.071285024154562,21.55618840579708,21.55618840579708
202.0,63.46809215092338,49.50367491557244,61.24617917867114,49.039292251088746,53.57318860479057,53.98125769443024,,62.431259240782616,67.29435041733096,51.84979209770589,66.54947728061926,51.97459606596186,26.425993577817714,26.316179224826442,0.0,66.94021782749645,38.348193236714934,26.417613526570022,24.390956521739106,23.06466666666664,25.038618357487895,22.146966183574854,24.08506280193234,21.559966183574854,21.559966183574854
204.0,63.63799652497551,49.60793782294,61.40616898784922,49.15878248802482,53.70968113887769,54.1153982179261,,62.60253250353144,67.01710826405721,51.837694671826625,66.69522292149789,51.793668792466356,26.32036976776422,26.403956590253767,0.0,66.78251707970094,38.46898067632846,26.47647342995166,24.435125603864705,23.081869565217364,25.089550724637654,22.173724637681136,24.099009661835723,21.564260869565192,21.564260869565192
206.0,63.81979366371523,49.717114188256495,61.569607114301945,49.27691953668581,53.85501167153076,54.253839829780276,,62.78016166841664,67.28065121529988,51.876793083030634,66.61791741042545,51.983831343962215,26.40073084788246,26.358619660105763,0.0,66.92112139205457,38.58819323671493,26.538111111111082,24.481323671497556,23.100231884057944,25.141884057970987,22.200700483091765,24.112594202898524,21.570198067632827,21.570198067632827
208.0,63.99972823453332,49.82208529587486,61.72989090431489,49.39062399624032,53.992864361936576,54.39940585222663,,62.95146606590092,67.38589423154656,51.906830557100264,66.50063879319848,51.7745688885187,26.24680454896216,26.509877741221892,0.0,66.9810669686406,38.709690821256,26.603410628019294,24.528014492753595,23.11948792270529,25.196028985507223,22.228038647342974,24.12406280193234,21.57645893719804,21.57645893719804
210.0,64.16784405705653,49.92225085729388,61.887610351087645,49.51153010591269,54.130626869187566,54.53663316237332,,63.12867270609669,67.03765503394753,51.80782153227496,67.07562632032797,51.92798564857969,26.407971054449558,26.496032771338317,0.0,67.05843732427576,38.833111111111066,26.667207729468572,24.574835748792243,23.139975845410603,25.251173913043452,22.25405797101447,24.135265700483064,21.583502415458916,21.583502415458916
212.0,64.33812225151954,50.03130304985462,62.04248797081668,49.629285663095956,54.26703325208692,54.67427558372061,,63.30219843645236,67.04566171902107,52.15161612462656,66.76665288961718,51.86227812186903,26.36579199772329,26.349471368339938,0.0,67.36414513125527,38.95691787439609,26.727289855072435,24.620154589371953,23.160207729468574,25.30585507246374,22.280077294685967,24.148053140096593,21.59113526570046,21.59113526570046
214.0,64.51562624384425,50.13808030145818,62.18664400277916,49.74716375546003,54.40988172344317,54.8112450919525,,63.46936569591352,67.35175456578881,52.12215454639486,66.92234692651114,52.08826971957639,26.49325984831344,26.40195907921395,0.0,67.10142576667523,39.08262318840575,26.789222222222193,24.66589371980674,23.180473429951665,25.361560386473403,22.307415458937175,24.161893719806738,21.600338164251184,21.600338164251184
216.0,64.68453983609206,50.2409741543144,62.33155101288746,49.866397574712764,54.55473117473148,54.94840624214989,,63.635994456937055,67.16465882352941,52.06339411764706,66.60862352941176,51.989770588235295,26.475126470588236,26.474867647058822,0.0,67.22824705882353,39.208135265700435,26.853125603864704,24.71514975845408,23.202840579710124,25.420333333333303,22.332565217391277,24.174478260869538,21.61086956521737,21.61086956521737
218.0,64.85888588257612,50.34700944790799,62.477766893406994,49.985147352299514,54.69912242344176,55.07588124079185,,63.80214454843173,67.1222866694936,52.183104575177985,67.17450616421542,52.10673489856495,26.43506202602272,26.390283845158123,0.0,67.43619892650702,39.3356328502415,26.918565217391276,24.765589371980646,23.226946859903357,25.483613526570018,22.356845410627994,24.184101449275335,21.62066183574877,21.62066183574877
220.0,65.0343062653436,50.45365978813544,62.63439634211173,50.10450814418472,54.83465209922874,55.21172540602259,,63.97184214362887,67.55298568152507,52.03672255769953,66.94762530862538,51.889628509057346,26.577906341489125,26.502799530487145,0.0,66.91888055012063,39.46129468599029,26.986376811594173,24.817309178743937,23.250603864734273,25.54923671497582,22.381574879227028,24.192661835748765,21.628821256038623,21.628821256038623
222.0,65.20417988054315,50.55528270056983,62.77859579937949,50.22121308676077,54.97326734836268,55.339036537282325,,64.1384621194426,67.47626786685217,52.019772346573916,66.81308089001739,52.01441796605217,26.46419400278261,26.524901047930435,0.0,67.11207946852174,39.58129951690817,27.050173913043448,24.869787439613496,23.273400966183548,25.61564251207727,22.40507246376809,24.20388405797099,21.636231884057946,21.636231884057946
224.0,65.37701709797827,50.663579544421665,62.927878071264296,50.340255194074274,55.11466325675864,55.47473987669114,,64.3042958381598,67.57908330194586,52.08390985625971,66.89154931779758,52.088654408145366,26.49063510408561,26.577453483756663,0.0,67.32733257107806,39.69842995169078,27.10957004830915,24.923072463768086,23.294879227053116,25.682444444444418,22.42626086956519,24.21366666666664,21.64438164251205,21.64438164251205
226.0,65.54813347660705,50.766760070882114,63.06610615195303,50.45799671478266,55.25147132425144,55.60352056019751,,64.4752467699448,67.72904753005105,52.03316546085131,66.88095440525689,52.215993525646304,26.527498719228554,26.521765765349706,0.0,67.1973812914231,39.81302415458933,27.167734299516876,24.97656038647341,23.31513526570046,25.747381642512046,22.44523671497582,24.220304347826062,21.653584541062777,21.653584541062777
228.0,65.71841518366179,50.8702648761098,63.20048177285901,50.57422576342242,55.39821427656072,55.73231132790879,,64.64071944622422,67.60477601377045,52.08844230682716,66.94145846524292,52.12247794051804,26.71035212147893,26.523369930183783,0.0,67.1891189304987,39.926642512077244,27.226613526570016,25.0295990338164,23.337869565217368,25.811748792270503,22.464492753623162,24.226265700483065,21.6642028985507,21.6642028985507
230.0,65.88298700191302,50.97156224479804,63.336384668915,50.696814123627085,55.53493981761632,55.860683220989344,,64.81022071042312,67.49493638087229,52.2227302849669,67.02758487473838,52.160969706344616,26.71230150070361,26.529340903463137,0.0,67.0408394294456,40.04089371980672,27.28455072463765,25.08331400966181,23.360130434782583,25.873743961352627,22.48412560386471,24.23279710144925,21.6729951690821,21.6729951690821
232.0,66.0375541474623,51.070838706970385,63.467893107300874,50.81859473862336,55.67364966485326,55.987879569405756,,64.97642824207409,67.3597024619315,52.228079382423175,67.00285373805826,52.25851533242574,26.457575686375158,26.565215356581625,0.0,67.4186720008297,40.15321256038643,27.33988888888886,25.135782608695628,23.381966183574853,25.936342995169053,22.503057971014467,24.24179710144925,21.679115942028957,21.679115942028957
234.0,66.19703753624617,51.17793331215869,63.60665592825562,50.937691302122836,55.8112256587669,56.12286785804978,,65.14686158567247,67.95187494043732,52.430879169786074,66.96849777291314,52.181707049218005,26.605448121073245,26.49646109333649,0.0,67.47656441712766,40.26530434782604,27.395797101449247,25.188082125603838,23.405806763285,26.000077294685962,22.52143478260867,24.25221256038645,21.683497584541033,21.683497584541033
236.0,66.36433874988158,51.27637534973285,63.748728945650385,51.05051505595155,55.94899694211655,56.24847653594945,,65.30318072011988,67.89625949668442,52.16786753357435,66.96071187332642,52.046433368906904,26.656488830727785,26.55648459743719,0.0,67.41227470082016,40.37892270531396,27.451222222222192,25.241893719806733,23.430429951690797,26.061826086956493,22.53817874396133,24.261212560386447,21.687676328502384,21.687676328502384
238.0,66.51883520994774,51.376731127006686,63.88863682441456,51.168890570531374,56.07932682111497,56.37531574490075,,65.4636605806375,67.74789628514162,52.15010489185514,67.02473903966943,52.36121982507684,26.614875913806372,26.627403630378442,0.0,67.70759044985189,40.489821256038596,27.505111111111084,25.295898550724612,23.455183574879204,26.12569082125601,22.555212560386448,24.270188405797075,21.692014492753593,21.692014492753593
240.0,66.67882272605472,51.47730955226923,64.02560202460302,51.28009922764864,56.20145421694114,56.503000289004035,,65.63000185104943,67.66380809847642,52.41635144589398,67.2107552521855,52.39606733032385,26.606299478874917,26.62389405217841,0.0,67.68454454706982,40.59797584541058,27.560028985507216,25.349999999999973,23.48119323671495,26.19155072463765,22.574458937198045,24.28175362318838,21.69509661835746,21.69509661835746
242.0,66.8343471366667,51.57941583723397,64.16591279500349,51.391056652058346,56.33783871353225,56.634063791555526,,65.78500364675187,68.15946993829519,52.414890577437454,67.20767430984061,52.453972874853875,26.5699034641329,26.603777600700656,0.0,67.80406794036085,40.705140096618315,27.615541062801903,25.402879227053113,23.508362318840554,26.257507246376782,22.59484057971012,24.291299516908186,21.696729468599006,21.696729468599006
244.0,66.9912640603398,51.67094225135578,64.30210334224039,51.500614947123715,56.46688665819449,56.766115196769036,,65.94571522796086,67.89274731263663,52.612885066591886,67.27605143880537,52.4908647159674,26.60140499083286,26.52277698580634,0.0,67.75635599135761,40.81428985507242,27.672468599033785,25.45621739130432,23.535371980676302,26.322884057970988,22.617724637681135,24.300265700483063,21.698545893719782,21.698545893719782
246.0,67.15554603364848,51.77123600511821,64.44238763547817,51.613612330145735,56.59283409710694,56.88971919069999,,66.10111756995562,67.85913905663081,52.45964652024737,67.43013708059824,52.23679122385859,26.66459059947544,26.63213647505285,0.0,67.61620129803428,40.924845410627974,27.72863285024152,25.511091787439586,23.563903381642483,26.387608695652144,22.64147826086954,24.311314009661807,21.70100483091785,21.70100483091785
248.0,67.31218201639587,51.86992923262414,64.5729619257213,51.71674546876555,56.72458946775307,57.0138930288312,,66.25069197463499,67.84751639266592,52.240477120470324,67.20206269836822,52.469438815216336,26.569708975541168,26.686043788495535,0.0,67.73842738360275,41.03327536231879,27.782425120772917,25.56435748792268,23.593811594202872,26.452212560386446,22.664468599033793,24.31988405797099,21.702787439613502,21.702787439613502
250.0,67.47459683448605,51.975427431720654,64.70317739891846,51.82856823303712,56.842210450623504,57.1507235407699,,66.41304439222566,67.86534810916557,52.17329305208137,67.15711243116017,52.23232332835768,26.709969425948476,26.68853554529291,0.0,67.52495528124348,41.142144927536194,27.83701449275359,25.617695652173886,23.62495169082123,26.518449275362293,22.689285024154564,24.326241545893698,21.70379710144925,21.70379710144925
252.0,67.63166918184172,52.06570952445872,64.83778283361652,51.940127537126415,56.96733532161486,57.280129549590185,,66.57050807597015,67.96131326495001,52.28248677782604,67.31205211511678,52.34720514723821,26.61046175832519,26.68662158171811,0.0,67.7839533824255,41.251671497584496,27.893125603864704,25.670961352656978,23.657178743961325,26.585072463768086,22.715516908212535,24.333652173913016,21.703937198067607,21.703937198067607
254.0,67.78856747882878,52.16638686936245,64.9765833733315,52.04479716041263,57.09127962495439,57.41313292820229,,66.73088788341798,67.55999502073179,52.39190481195897,67.38935556485052,52.503804753764456,26.656304817414707,26.767664643194877,0.0,68.22148481123153,41.35972463768111,27.95270531400963,25.722787439613498,23.690347826086928,26.65023188405794,22.73975362318838,24.339333333333304,21.703111111111085,21.703111111111085
256.0,67.93784430799312,52.268300937957996,65.10721987789152,52.1470187231991,57.212036943062294,57.55102213641824,,66.89130824842098,68.32233077120961,52.424271204361744,67.17771419239467,52.36386148310212,26.813850506942597,26.694250235083,0.0,67.76929508479847,41.467222222222176,28.014096618357456,25.774806763284996,23.722487922705287,26.714473429951664,22.762188405797076,24.34350241545891,21.701222222222196,21.701222222222196
258.0,68.08374941878824,52.36381449445442,65.23806657557424,52.252398176104066,57.335530431263074,57.67867020291573,,67.05132022524123,68.24404682840876,52.65888874935844,67.84117071021915,52.56622289989398,26.60919757068412,26.694334631940567,0.0,67.78835945108588,41.57447826086952,28.073816425120743,25.826826086956494,23.754628019323647,26.77772463768113,22.786014492753598,24.350599033816398,21.699999999999974,21.699999999999974
260.0,68.23438973250803,52.46480200611503,65.36704566360478,52.35469509903032,57.45968443516295,57.804051144038986,,67.20382366995153,68.25952390307573,52.5888830953414,67.5639111611226,52.44097330159573,26.746744425207712,26.622483056400544,0.0,67.8417351622716,41.682425120772905,28.134985507246345,25.878652173913014,23.78657487922703,26.841739130434757,22.810821256038622,24.359062801932343,21.699999999999974,21.699999999999974
262.0,68.38510279344052,52.565215086952215,65.49743369111343,52.46037692074455,57.585874532284976,57.93636440884747,,67.36800162169224,68.06783783194687,52.60463912901433,67.57696295945932,52.21042839261159,26.72858233537971,26.77930094476248,0.0,67.95894281687943,41.790821256038605,28.20072463768113,25.931917874396103,23.816913043478237,26.905270531400937,22.835024154589345,24.36615942028983,21.699999999999974,21.699999999999974
264.0,68.54240128013888,52.6652954937058,65.62846320995531,52.5748619108562,57.712699820282744,58.06385891625899,,67.53254676645095,68.18271165530743,52.5374275628159,67.57683187957353,52.632366605078204,26.6337093989807,26.73697900692932,0.0,68.06498276413474,41.898251207729416,28.267550724637648,25.987082125603838,23.847830917874372,26.96889855072461,22.85826086956519,24.371550724637654,21.701222222222196,21.701222222222196
266.0,68.69583147815675,52.77715685340066,65.76617356875306,52.6790101830547,57.83660953127481,58.19172515851856,,67.68829842378075,68.07675779501844,52.48843545154824,67.6100529346193,52.489145619725434,26.721223790181774,26.777621850669888,0.0,68.1592120738871,42.003299516908164,28.332584541062772,26.040999999999972,23.87846859903379,27.03442512077292,22.878946859903355,24.374850241545868,21.701888888888863,21.701888888888863
268.0,68.84070102148132,52.87144060144077,65.8983533525739,52.79465313345358,57.96046098073589,58.31769550503234,,67.84972824059923,68.31112439003773,52.336166374279244,67.58453304295848,52.4000630821434,26.82096729322264,26.665374764618868,0.0,68.14234298976605,42.10450241545889,28.395898550724606,26.09292270531398,23.90853623188403,27.098222222222194,22.897879227053114,24.378053140096593,21.702048309178718,21.702048309178718
270.0,68.99793206761942,52.977506341638204,66.02944221630901,52.89889021538022,58.08843242118109,58.43931356364296,,68.00468302572543,68.55248495276521,52.66279461593043,67.59993146824348,52.497566379408696,26.63541143582609,26.689052797634783,0.0,67.96081232751304,42.20457004830913,28.458086956521708,26.144483091787407,23.938917874396108,27.160884057970986,22.91642512077292,24.38315458937195,21.70297101449273,21.70297101449273
272.0,69.15055385975388,53.078837575472306,66.1630039978006,53.00852730282793,58.21840744670764,58.56604173218046,,68.16416680932456,68.4948414375267,52.69027821638242,67.40539117529241,52.66217823548293,26.697621251721035,26.789821002220435,0.0,68.28113672367643,42.3049903381642,28.52029951690818,26.197917874396108,23.969275362318815,27.22238647342992,22.93412560386471,24.387323671497555,21.701705314009637,21.701705314009637
274.0,69.30453338799272,53.17302153973633,66.2904119645648,53.10895608620744,58.33878835684238,58.68034214386314,,68.33060925416387,68.2330450303018,52.79824058261582,67.4554242271203,52.488942526696256,26.711826734781297,26.96087005412756,0.0,68.15209261490226,42.40607729468594,28.583067632850206,26.251859903381614,23.99927053140094,27.281483091787408,22.95295169082123,24.39255555555553,21.70012560386471,21.70012560386471
276.0,69.44859630419641,53.28073844043862,66.42303964661441,53.216436054973336,58.46627521496199,58.80575784031418,,68.48815513769509,68.19370256704711,52.69299794039244,67.74388749849716,52.63439741201687,26.82557631347658,26.80172896789533,0.0,68.22966386193,42.50819323671493,28.6481449275362,26.304942028985476,24.029169082125577,27.33992753623185,22.971874396135238,24.40084541062799,21.699502415458912,21.699502415458912
278.0,69.59531315111974,53.38425781214427,66.5571034675199,53.325789753788015,58.58492314461142,58.923253327363156,,68.6494755726494,68.26307174927972,52.74584039355945,67.93842005694152,52.54064452640723,26.916948162570417,26.896462098890023,0.0,68.07473544062351,42.60992270531396,28.712458937198036,26.358797101449245,24.05923671497582,27.39825120772944,22.989260869565193,24.410584541062775,21.698106280193212,21.698106280193212
280.0,69.74993926122877,53.479864823191285,66.68607264307717,53.437345064855045,58.712771396168144,59.036404775882595,,68.80444795960275,68.40821680534378,52.68864887029038,67.5860165430998,52.61141610590161,26.785753520250854,26.90399005139982,0.0,68.0970005106265,42.71107246376807,28.774714975845377,26.413231884057943,24.09035748792268,27.45820772946857,23.005256038647317,24.4201642512077,21.696033816425093,21.696033816425093
282.0,69.90868282282392,53.57502418674882,66.82385768119069,53.54883101070201,58.83676619626562,59.14863927901611,,68.95156285424153,68.62806732257533,52.740247229540586,67.9927381030792,52.657897970525276,26.821284951835995,26.807491731845875,0.0,68.29306043965092,42.812053140096566,28.83839613526567,26.46805314009659,24.122241545893694,27.519772946859874,23.020560386473406,24.430975845410604,21.69338164251205,21.69338164251205
284.0,70.06303664717844,53.67080607054197,66.9512741298432,53.65276001742334,58.95241235790609,59.26318920304025,,69.09785779273989,68.57955694498462,52.52986967138462,68.03991132603078,52.77278653883077,26.953942253046154,26.931551479753846,0.0,68.29429894523076,42.91327536231879,28.903333333333304,26.52184541062799,24.15402898550722,27.582971014492724,23.03704830917872,24.442584541062775,21.690246376811565,21.690246376811565
286.0,70.2069732032595,53.76787301376644,67.08256664412419,53.7630264480244,59.07711664708787,59.37698220961146,,69.24978863793665,68.12772964051294,52.72928495065121,67.98496507942188,52.84932472972062,26.865128215240798,26.913083864303577,0.0,68.35947526243423,43.01576811594198,28.970579710144897,26.574971014492725,24.18608212560384,27.647874396135236,23.056594202898527,24.45515942028983,21.68550241545891,21.68550241545891
288.0,70.35517760243857,53.86267237183454,67.21217982247781,53.86870944227196,59.19531063007552,59.49462068156288,,69.40078329721372,68.66626666666667,52.55106666666667,67.82496666666667,52.7177,26.788266666666665,26.933566666666668,0.0,68.44536666666667,43.11816425120768,29.038792270531367,26.628966183574853,24.21938164251205,27.71277777777775,23.07807246376809,24.468869565217364,21.679801932367123,21.679801932367123
290.0,70.50668464474595,53.9555260467905,67.3486055308262,53.97013324679247,59.328050942821825,59.607645531852185,,69.5487989433282,68.73214433764575,52.75505454070403,68.02212056235584,52.874229905570246,26.944441251392167,26.909613959926737,0.0,68.67102364016405,43.22152657004826,29.103579710144896,26.6835410628019,24.251908212560362,27.7759758454106,23.1015797101449,24.481454106280168,21.674971014492726,21.674971014492726
292.0,70.6500577295695,54.041754180120854,67.4794620628106,54.077414111635505,59.45233407810431,59.71083627577569,,69.70134781317276,68.93594133173366,52.599860757530024,67.82417497239406,52.92700492971469,26.783119175336907,26.828238564452715,0.0,68.18372827727448,43.32691787439609,29.16772463768113,26.739009661835716,24.28224637681157,27.8375410628019,23.125990338164225,24.49425603864732,21.671009661835722,21.671009661835722
294.0,70.80329903725439,54.13932695961539,67.60712624184804,54.17842680357984,59.580192383882746,59.81667836364603,,69.84976972009544,68.7469161114353,52.69559262406275,68.47337798738823,52.76634396762353,26.960788218980394,26.959106596956865,0.0,68.52055279698824,43.4329710144927,29.23396135265697,26.795685990338136,24.313806763284997,27.89994202898548,23.151352657004804,24.507396135265672,21.667917874396107,21.667917874396107
296.0,70.95213227587084,54.2334812782347,67.72933551922148,54.27793343849472,59.707882856388856,59.92748423310883,,69.99555722807185,68.50651796007487,52.89468416052402,67.99595454365677,52.866468204019604,26.867850325214484,27.03972189881373,0.0,68.42547201584219,43.54011111111107,29.30324637681156,26.851454106280165,24.346396135265675,27.96264734299514,23.180111111111085,24.5197874396135,21.665695652173884,21.665695652173884
298.0,71.1009346711927,54.327642161420336,67.86271330788063,54.38176325008997,59.82443547891139,60.04182072681367,,70.14312666752001,69.00902944835919,52.95913668127347,68.37967646785306,53.015006564963265,26.8048999904,26.877020394840816,0.0,68.47156324832653,43.647541062801885,29.37358454106277,26.90780193236712,24.378043478260846,28.024555555555523,23.21048792270529,24.532169082125577,21.664342995169058,21.664342995169058
300.0,71.24216028186036,54.41613304670642,68.00217538365588,54.480530941820746,59.95104802541351,60.146540980331494,,70.27820127627524,68.9097931064053,53.127380793676416,68.23455959181203,53.002714290614506,26.979154921510073,26.883870936279898,0.0,68.82618965103258,43.75324154589367,29.443632850241514,26.963772946859873,24.408603864734275,28.085787439613494,23.240705314009638,24.54471014492751,21.663859903381617,21.663859903381617
302.0,71.37972101546697,54.50291716805021,68.13244392441771,54.58125838115024,60.07813931476752,60.24924304405384,,70.42384293094763,68.86463251559918,52.88368000305131,68.37630487615039,52.90099786666804,26.91137272257117,26.94415404531456,0.0,68.5666182980407,43.85941545893715,29.513874396135233,27.019584541062773,24.437932367149735,28.146463768115915,23.27015942028983,24.555801932367125,21.663024154589344,21.663024154589344
304.0,71.52017104545743,54.591268246565015,68.26069064589673,54.67390904162278,60.20187938227699,60.35808048441428,,70.56446018382591,68.87550676264681,53.079832617063666,68.25294147440133,52.86971292495351,26.939557504184872,26.88580157101814,0.0,68.48468497810072,43.967091787439564,29.581743961352625,27.078454106280166,24.464661835748764,28.20670531400963,23.300024154589348,24.566884057970984,21.662391304347796,21.662391304347796
306.0,71.66028231958211,54.67297229710659,68.39325299859352,54.77527212316468,60.32388285540125,60.46395562207828,,70.70281939324094,68.89440964606358,52.83067737613898,68.0675518459676,52.879585398594955,26.925975401077775,27.089725320675687,0.0,69.05418436764722,44.07372946859899,29.64762801932364,27.137550724637652,24.490425120772922,28.26602898550722,23.33085507246374,24.576999999999977,21.66369082125601,21.66369082125601
308.0,71.79894463053614,54.76544466166536,68.52677696551976,54.87394639704963,60.45504141339586,60.56966792322121,,70.84813766412073,68.88083795572255,52.78325454707017,68.32188357748552,53.04097113841779,27.105004906316644,26.951988426043464,0.0,68.82928934891336,44.17983574879222,29.71486473429949,27.19582125603862,24.515028985507218,28.324555555555524,23.36138164251205,24.583367149758427,21.666826086956494,21.666826086956494
310.0,71.93792100544671,54.85410491417696,68.6597502186179,54.971399731272896,60.58403313680324,60.681535035591,,70.99947221998212,68.8661109904108,52.977681733643,68.13355671937796,53.00306773939837,27.011513372134267,26.976847623211473,0.0,68.65057980346617,44.28348792270527,29.783743961352624,27.255164251207702,24.537057971014466,28.382405797101416,23.390903381642485,24.587376811594176,21.670478260869537,21.670478260869537
312.0,72.08452749795856,54.94539132665083,68.78538856596109,55.07225563714221,60.705617610979566,60.798178659699445,,71.14269517518098,69.05200787973568,53.062465831455576,67.949697492339,52.85761535810874,26.991541574933276,27.033192578403217,0.0,68.89533361510249,44.38454106280188,29.85090338164248,27.31560386473427,24.558700483091755,28.440922705313977,23.419275362318814,24.58975362318838,21.67632850241543,21.67632850241543
314.0,72.21601955051985,55.04285779517172,68.91889059179555,55.17379842307023,60.820951696462686,60.91531185863971,,71.2948542180641,69.28733600465173,52.9358080103532,68.20720539941134,52.99387732381031,27.000728193695455,27.105077156316895,0.0,68.81299488308909,44.48462801932362,29.919599033816397,27.377115942028958,24.582144927536206,28.50027536231881,23.44630434782606,24.592396135265677,21.683628019323642,21.683628019323642
316.0,72.34882961573425,55.127111003637246,69.04548308837106,55.27399086735805,60.947433250424965,61.0265760715628,,71.45458657535802,68.99182928513598,52.78705606417896,68.10550732846447,52.88679749890211,27.085886589249256,26.99731461540703,0.0,69.1291171605244,44.58660386473426,29.991913043478224,27.440850241545867,24.609024154589346,28.55885507246374,23.47479710144925,24.59782125603862,21.692850241545866,21.692850241545866
318.0,72.48258635459142,55.21961022550709,69.1726127203488,55.3680887373686,61.05913098774527,61.144492047296325,,71.60231510110923,69.27145194596925,53.08072725784074,68.4993589675836,53.06969998867125,26.935161924900726,27.162686192247314,0.0,68.58771349621223,44.69037198067628,30.06335748792267,27.50613043478258,24.63619323671495,28.61627536231881,23.50394202898548,24.603149758454084,21.70329468599031,21.70329468599031
320.0,72.60921724117887,55.308960421324976,69.29358692397457,55.46909788061358,61.17035949013386,61.26433588631507,,71.75451142620742,69.06512347125921,52.978620375823404,68.48642180865967,53.05295630957415,27.021533430808653,27.099304200693876,0.0,68.8055468276368,44.792884057970966,30.132492753623158,27.574106280193206,24.662333333333308,28.67214975845408,23.533545893719783,24.607328502415434,21.71126086956519,21.71126086956519
322.0,72.745881679217,55.40540517400657,69.41184840086298,55.5627194370902,61.28650374453522,61.371635896812556,,71.901879766758,69.28732224626667,53.077164995333334,68.73869572586668,53.20918803266667,27.011695051266667,27.064994735733332,0.0,68.52118962506667,44.89414009661831,30.20210144927533,27.64292753623186,24.68912560386471,28.727917874396105,23.564033816425095,24.614748792270504,21.720922705313985,21.720922705313985
324.0,72.876795456773,55.50573519417336,69.52972212152181,55.662079575774854,61.40761127373596,61.493664078865166,,72.04649008730989,69.38508589096841,53.02463382302093,68.38733518835389,52.68472081334835,27.08297475508232,27.018148694511186,0.0,69.12305958969085,44.9941400966183,30.273188405797068,27.710743961352627,24.716425120772918,28.783845410627983,23.59221256038645,24.623801932367122,21.73045410628017,21.73045410628017
326.0,73.01741662944539,55.59702020874379,69.64711296863042,55.76368293758462,61.53154434411466,61.602025386354136,,72.18851741785886,69.49932345650491,53.039870681085944,68.46954868253452,52.99965235208172,27.10438169722021,26.99946340005994,0.0,68.6867839237993,45.09410628019319,30.34442512077291,27.780531400966154,24.745913043478236,28.84146859903378,23.619714975845383,24.632927536231858,21.736251207729445,21.736251207729445
328.0,73.15766215263737,55.68886629786995,69.75935397803356,55.86978274227053,61.65169301250451,61.710565733014455,,72.32969759116932,68.89624594638367,53.15184849789387,68.39101679516735,53.13286727026939,27.069413800555104,26.947397177338775,0.0,68.69024024346122,45.19348309178739,30.413357487922674,27.851661835748764,24.777492753623164,28.900594202898517,23.64634782608693,24.641787439613502,21.73953623188403,21.73953623188403
330.0,73.29451065174837,55.789471117320566,69.87330343138916,55.96426113483618,61.77232918743079,61.83274480143081,,72.46931440651453,69.12381257962906,52.91135446683313,68.37395013449287,53.21404109991059,27.084831342220376,27.10536375667363,0.0,69.12517143816481,45.290541062801886,30.47816908212557,27.921729468599008,24.806241545893695,28.956855072463735,23.673743961352635,24.650647342995143,21.740309178743935,21.740309178743935
332.0,73.43137015797755,55.88296114781602,69.9878938879638,56.06615149802481,61.89243250639486,61.95425923539279,,72.60765270742529,69.3051090607809,53.195660677114404,68.38270812921864,53.16207320003568,27.160298716177003,27.122419454036404,0.0,69.35950539013369,45.387202898550676,30.540647342995133,27.99015458937195,24.833840579710117,29.0107101449275,23.703584541062778,24.658550724637653,21.738570048309157,21.738570048309157
334.0,73.56361420624164,55.975402643896274,70.10136064141594,56.165642706885286,62.01229829016148,62.061952443583465,,72.75203068690571,69.14408,53.159855,68.58138749999999,53.235172500000004,27.065036250000002,27.15714125,0.0,69.16397,45.48239130434777,30.601323671497553,28.0581835748792,24.864971014492728,29.06379227053137,23.73277294685988,24.665714975845383,21.733096618357465,21.733096618357465
336.0,73.69747745836459,56.06839330211819,70.21791884751252,56.26796634401776,62.13032963055897,62.17430080685621,,72.89406205802071,69.17976107716173,53.08522535088568,68.29996712984426,53.45179099592947,27.00625444389395,27.12897316571484,0.0,69.032700001401,45.574425120772894,30.661299516908183,28.12588888888886,24.896487922705287,29.115908212560356,23.76003864734297,24.675357487922675,21.726270531400942,21.726270531400942
338.0,73.83502110671176,56.16311211361018,70.32993302743945,56.37053861869005,62.25169023237243,62.28198040220002,,73.03292238099344,69.34736315036496,53.14897416362182,68.71539904189945,53.19967415382279,27.0890466522825,27.157718180147892,0.0,69.32659235430367,45.666449275362275,30.7228985507246,28.191565217391275,24.926468599033793,29.166864734299487,23.787111111111088,24.685869565217367,21.721695652173885,21.721695652173885
340.0,73.97144499334773,56.256930487981265,70.43658934229984,56.46999168747531,62.36689482242288,62.39152382957327,,73.17115739292943,69.730433724672,53.24440252928,68.767249037568,53.478602180864,27.120411009152,27.143840808704,0.0,69.353642060544,45.75921256038643,30.784874396135233,28.254729468599002,24.955990338164227,29.21829468599031,23.81389371980674,24.696864734299492,21.716371980676303,21.716371980676303
342.0,74.11696021188533,56.3553631900979,70.54740193118424,56.56923104390075,62.4867137054993,62.498578588621925,,73.31027774207018,69.59542855529533,53.197125706085345,68.60083145365736,53.24747711123432,27.10079284684015,27.17521429095968,0.0,69.28883143288476,45.85228985507241,30.846632850241512,28.31672463768113,24.98673429951688,29.270657004830884,23.842115942028958,24.709782608695626,21.70912560386471,21.70912560386471
344.0,74.26167884385595,56.44361185704299,70.65502541875847,56.671028006666916,62.60181497454262,62.600232982221044,,73.44419866303664,69.45766879461416,53.32691210829066,68.91246167832674,53.3895676709286,27.253035315481416,27.102098484815183,0.0,69.07106769950235,45.94647826086952,30.906975845410596,28.375893719806733,25.01860386473427,29.320806763284992,23.871729468599003,24.723062801932336,21.700560386473406,21.700560386473406
346.0,74.39912944865556,56.53567568559855,70.7726884818026,56.776600965211095,62.70883233083081,62.708207850534734,,73.5754565945181,69.320200491469,53.18216138533932,69.06906731756527,53.35829110742742,27.16955866578461,27.2111351529599,0.0,69.55149402493844,46.04136714975841,30.964053140096585,28.4305797101449,25.04789855072461,29.371043478260837,23.89785990338162,24.733318840579678,21.691231884057945,21.691231884057945
348.0,74.5370118327031,56.629064454896145,70.88190942670398,56.88518621334584,62.82877032176145,62.807284480821416,,73.6983721861163,69.42846610711757,53.1634313471463,68.89777065194687,53.50277163519097,27.203110178104733,27.29025872055999,0.0,69.18283588178656,46.13532367149754,31.018966183574847,28.483951690821225,25.07452173913041,29.422492753623157,23.92223671497582,24.741942028985484,21.682869565217363,21.682869565217363
350.0,74.68188215633225,56.715514087465316,70.9935982840427,56.98422693029359,62.95281597473328,62.90661552501195,,73.83098767038449,69.69637536853334,53.266750336609526,68.61865023329524,53.422575217066665,27.031587127009523,27.18097495542857,0.0,69.30347531885714,46.23031884057966,31.07214975845407,28.536178743961322,25.100154589371954,29.470884057970984,23.946541062801906,24.750275362318813,21.676599033816398,21.676599033816398
352.0,74.82950304380306,56.807581051109445,71.10558974387459,57.086121469824484,63.068003600144,63.01327126187582,,73.9530973045659,69.53875664995309,53.16733941193087,68.80623694877977,53.36472265967858,27.225980050392952,27.156440884625862,0.0,69.49907486102843,46.32467149758448,31.123371980676296,28.58625603864731,25.124652173913017,29.519821256038615,23.969405797101427,24.75661352657002,21.672371980676303,21.672371980676303
354.0,74.97027912734926,56.899626112958714,71.22493828950745,57.18751619867419,63.18132126023978,63.11861859781457,,74.08916937476042,69.43105945517465,53.24510965990974,68.69626602203161,53.300173122070454,27.19904110451691,27.195870817744833,0.0,69.43647160426286,46.416652173913,31.17717874396132,28.634400966183545,25.14847342995166,29.56808212560383,23.992463768115915,24.76225120772944,21.670792270531376,21.670792270531376
356.0,75.1064312543784,56.99870057577842,71.34637088883026,57.28037120393936,63.299871905086995,63.226161557580674,,74.21995372353545,69.71810387311567,53.37388168083795,68.56705131413375,53.61116377662528,27.211360308015223,27.16596141849518,0.0,69.61034053232734,46.51235748792266,31.23751207729465,28.68205314009659,25.17085507246374,29.614444444444413,24.01857004830915,24.769705314009638,21.67190821256036,21.67190821256036
358.0,75.24742822523804,57.09141378442855,71.46007536493586,57.37525798462394,63.41243108086659,63.3380505467296,,74.3540557833714,69.75015120546492,53.482690907353806,68.85542105959405,53.392931581061895,27.241584930004276,27.23407990414095,0.0,69.56775072151513,46.61005797101444,31.302932367149722,28.728859903381615,25.192207729468574,29.662512077294654,24.045801932367127,24.77609661835746,21.672768115942002,21.672768115942002
360.0,75.3955115100875,57.18477518477756,71.575384260564,57.475358819180734,63.519386008088034,63.44783177305717,,74.4956721772802,69.97911571698793,53.3476247201776,68.86409745784077,53.415592487817364,27.131361610189323,27.235403783566085,0.0,69.92150101158853,46.70807246376807,31.373270531400934,28.775072463768083,25.214719806763256,29.709840579710114,24.07228502415456,24.782198067632823,21.67585024154587,21.67585024154587
362.0,75.53272465716282,57.276502937579764,71.691869354638,57.57724621928395,63.62881925148754,63.547303775558845,,74.63351674529326,69.71345722794541,53.62070444513626,68.78092006962169,53.383898104571465,27.239693229509715,27.27456604913655,0.0,69.70716526891569,46.8095942028985,31.44840579710141,28.8245603864734,25.239357487922682,29.756985507246345,24.098574879227026,24.79183091787437,21.681806763285,21.681806763285
364.0,75.66991726196294,57.37060563366446,71.80831877886763,57.672593140996106,63.73544769668931,63.664042170889175,,74.77150594752578,69.78525471911047,53.42847753339392,69.13041567362826,53.379575252716144,27.309212065771874,27.288781574707745,0.0,69.58985625537801,46.913038647342944,31.524613526570015,28.876367149758423,25.266483091787414,29.805676328502383,24.12400483091785,24.802212560386447,21.688859903381616,21.688859903381616
366.0,75.79456224552523,57.460966394416,71.91931642804316,57.77304649753862,63.841095756162005,63.77315086553159,,74.89741715930882,70.58224146341463,53.35324146341463,69.0677,53.41299756097561,27.031689024390246,27.333580487804877,0.0,69.9019536585366,47.01504347826082,31.598120772946825,28.92953623188403,25.29525120772944,29.85581642512074,24.15030434782606,24.811178743961328,21.696405797101427,21.696405797101427
368.0,75.93130516867681,57.55787165533784,72.04163385762737,57.87350035288932,63.9554868994552,63.88223493225459,,75.02805672153225,69.87406672485633,53.491630607724,68.67417468299065,53.53073968042421,27.13899016052116,27.26160202651854,0.0,69.25012491178283,47.114024154589316,31.672314009661797,28.98550724637678,25.324816425120744,29.90730917874393,24.18042512077292,24.8213913043478,21.705014492753598,21.705014492753598
370.0,76.07167513776501,57.644950124560054,72.16568364950022,57.96614246836219,64.06644371565316,63.98688459821795,,75.15842901873565,69.85011260608,53.524099867136,69.021100062464,53.287075027456,27.356818773824,27.370037467136,0.0,69.83353741248,47.21317391304343,31.74930917874393,29.04267149758451,25.355541062801905,29.958835748792236,24.209492753623163,24.831893719806736,21.71525603864732,21.71525603864732
372.0,76.20948564062213,57.73375147366617,72.28423043571073,58.06282546089521,64.18678785878318,64.09780649869467,,75.29351058855637,69.86848682140449,53.454669944629465,69.25220845064666,53.45785070183683,27.24881479884764,27.217898605520706,0.0,69.8671600984819,47.31385990338159,31.827570048309145,29.10119806763282,25.387787439613497,30.010855072463738,24.23563285024152,24.839903381642486,21.721033816425095,21.721033816425095
374.0,76.35130953446608,57.82278692994398,72.40710053722269,58.154993113566356,64.30414453662418,64.19394392711547,,75.4242995468789,70.00702168737692,53.381981467515125,69.19247350551686,53.47799884217684,27.37348333766772,27.296269563527215,0.0,69.77059270793545,47.414449275362266,31.90490821256035,29.16303381642509,25.42131400966181,30.06622222222219,24.2623526570048,24.846811594202872,21.722806763284996,21.722806763284996
376.0,76.49823414865014,57.904694300303,72.52466962120806,58.25231511864156,64.41455780695505,64.3016762022176,,75.55914565898551,70.18543462611147,53.42767838087128,69.33412611456446,53.49529544989091,27.295141209425942,27.31749824582167,0.0,70.04845074522991,47.51330917874391,31.979657004830877,29.22707729468596,25.454657004830892,30.122362318840548,24.290111111111084,24.853961352656977,21.72515942028983,21.72515942028983
378.0,76.64137094529077,57.987651217743306,72.64554979094571,58.34506870561403,64.53464441786946,64.41327519996861,,75.69424948329102,70.08986115990588,53.33681959830588,69.39770374174118,53.418867618635296,27.372473586447057,27.361214692329412,0.0,69.83253185204705,47.61120289855067,32.05554589371977,29.29157487922702,25.48630434782606,30.17792270531398,24.31998550724635,24.862091787439585,21.727801932367125,21.727801932367125
380.0,76.78559345800377,58.06455403724601,72.77218174527012,58.43834299978177,64.64094843390981,64.51010891315975,,75.82431682158285,70.08114610386572,53.47439028760338,68.96758073062588,53.447144669747324,27.44851652160014,27.370209877691895,0.0,69.43711838104198,47.70889371980671,32.133338164251164,29.357724637681127,25.52074396135263,30.23398067632847,24.351275362318816,24.869545893719778,21.73166666666664,21.73166666666664
382.0,76.91873858863823,58.16055703690835,72.8808377242578,58.52630313104656,64.7468413045293,64.60742709150873,,75.96740027728005,70.55398969666203,53.423713079560954,69.2096157603264,53.61906147450055,27.36347173444874,27.425908776379178,0.0,69.79016260581683,47.80719323671492,32.20965700483088,29.426676328502385,25.558241545893694,30.288599033816393,24.38028019323669,24.87709661835746,21.735908212560364,21.735908212560364
384.0,77.05349520336654,58.245050807184796,72.99477034252597,58.6222867344639,64.85443807492605,64.71020709894282,,76.09319770205279,70.10355873778721,53.69727938670805,69.36513501528084,53.47318914150211,27.388333516492217,27.390194344111734,0.0,69.42272054203418,47.905183574879175,32.285396135265664,29.496531400966152,25.59545893719804,30.344062801932335,24.40690338164249,24.886739130434755,21.740333333333307,21.740333333333307
386.0,77.19305918525818,58.33377919698393,73.10753517943036,58.7175993809286,64.96352293955977,64.80795720172758,,76.22377051606786,70.12257901036612,53.66847463276476,69.27932830736493,53.62389609631097,27.367694864326204,27.490951440843375,0.0,69.93665949641662,47.99837681159415,32.35901932367146,29.567169082125574,25.63328019323669,30.401449275362285,24.433429951690794,24.895642512077266,21.745400966183546,21.745400966183546
388.0,77.32844236543627,58.43117912570994,73.22046969469957,58.80785867701167,65.07892309528698,64.90774198282155,,76.35580148537898,70.306272,53.482416,69.184436,53.550624,27.491788,27.392296,0.0,70.146064,48.087714975845365,32.42711594202895,29.63842028985504,25.671367149758424,30.458835748792243,24.45909661835746,24.903975845410603,21.747966183574853,21.747966183574853
390.0,77.46161805248855,58.51682249132713,73.32575292136467,58.90704797321543,65.19523295782415,65.00218089793444,,76.49094415181706,70.66514890629796,53.50660709605093,69.5095494227869,53.59022555218941,27.41272745265518,27.472904657742664,0.0,69.71793548025464,48.17653623188401,32.49283091787436,29.708845410627987,25.70938164251205,30.517347826086926,24.485536231884033,24.91308212560384,21.75032850241543,21.75032850241543
392.0,77.5943823018426,58.606241496125435,73.42892713468315,59.004173793967105,65.30416969874402,65.10140210267447,,76.62423686963025,70.19717389655068,53.74083348836271,69.48646009725488,53.40846453627385,27.466916260176955,27.33865123586324,0.0,69.79964976291603,48.26762318840575,32.556816425120736,29.7799565217391,25.745763285024125,30.576333333333302,24.51377777777775,24.922478260869536,21.75361352657002,21.75361352657002
394.0,77.7232829752211,58.698491279028126,73.53495960652042,59.098336054608524,65.41259884331552,65.2122382632411,,76.75095206665277,69.97858235294119,53.37401764705882,69.20961764705882,53.741617647058824,27.42546470588235,27.448070588235296,0.0,69.90855294117647,48.35780676328497,32.61845410628016,29.851391304347796,25.780125603864708,30.63396618357484,24.540024154589346,24.93168115942026,21.755376811594175,21.755376811594175
396.0,77.85070380214536,58.79750735654971,73.63981050514397,59.19410417120232,65.52308196957297,65.30836019866703,,76.88387157719819,70.27360503942656,53.653774023952224,69.42099149275144,53.79006640503579,27.50027433570014,27.33293198450487,0.0,69.94331064257237,48.442743961352605,32.68007729468596,29.923342995169047,25.81447826086954,30.688420289855042,24.56713043478258,24.94081159420287,21.756826086956494,21.756826086956494
398.0,77.98641029782797,58.88481825149585,73.74850209429815,59.27783673896295,65.6382636298411,65.41690850736721,,77.02418015671331,70.27498089713426,53.797197989873496,69.27954585405634,53.83158553125903,27.475705427262398,27.389229892071,0.0,70.20645824537188,48.52896618357482,32.74458937198064,29.994734299516875,25.848434782608667,30.737821256038615,24.595555555555528,24.95059420289852,21.75856521739128,21.75856521739128
400.0,78.11364041270119,58.9776009205246,73.85017710609509,59.36499630545897,65.74742257756205,65.52297735139861,,77.15380027150519,70.3264964731452,53.762608122445656,69.49621671047545,53.66936619453168,27.487857812271717,27.365602004817458,0.0,69.83959088251531,48.6151787439613,32.81067149758451,30.06561352657002,25.880434782608667,30.785676328502383,24.622758454106254,24.961149758454077,21.757545893719783,21.757545893719783
402.0,78.24119046436307,59.07537824494375,73.95440862696009,59.45156325981452,65.85463001220012,65.63011232253508,,77.29203155346798,70.51121891544852,53.609616633409104,69.32635361452033,53.821101036531225,27.505976885070744,27.315858792730133,0.0,70.22895043823188,48.69891304347821,32.88126086956518,30.13898067632847,25.91014009661833,30.832444444444413,24.652246376811565,24.973821256038622,21.755497584541036,21.755497584541036
404.0,78.36625702295028,59.166603839154284,74.05388610724859,59.537621433774014,65.96509961377612,65.73274274004912,,77.42923702107748,70.4514464005876,53.59563680769447,69.2910660780009,53.9930124188105,27.479820432546035,27.426163168581976,0.0,70.17422191520103,48.785574879227,32.95873913043474,30.212961352656972,25.93903864734297,30.876758454106245,24.68270048309176,24.98695169082123,21.754101449275336,21.754101449275336
406.0,78.49804975446358,59.25775076473095,74.1477870459933,59.63219496388747,66.0728931775318,65.82892557286634,,77.57298349112169,70.37109586807742,53.709940455225805,69.646974976,53.65664429914839,27.44420453295484,27.54458345527742,0.0,69.75430732738064,48.870917874396085,33.039502415458905,30.286855072463734,25.967444444444414,30.922077294685955,24.710975845410598,24.99828019323669,21.75260869565215,21.75260869565215
408.0,78.63034058158935,59.346903343541776,74.24960526411816,59.72765496970878,66.17867218004976,65.92913576757704,,77.70902559499363,70.38595048586062,53.726183690782605,69.6169258629597,53.74666086759392,27.56521510046466,27.480007792044564,0.0,70.06073183069442,48.956140096618306,33.124835748792236,30.363565217391272,25.995719806763255,30.96703381642509,24.736879227053112,25.0103719806763,21.753318840579688,21.753318840579688
410.0,78.75124066706644,59.4468093265728,74.34997510433492,59.8272674766926,66.29465141337063,66.03248648149442,,77.84557494925714,70.25002107929528,53.78383477339973,69.27703474968607,53.74555629705681,27.46042105342582,27.455415517766387,0.0,70.03276999331706,49.043661835748736,33.20880193236711,30.442376811594173,26.023053140096586,31.012086956521706,24.76316908212558,25.02339613526567,21.754961352656977,21.754961352656977
412.0,78.875495173978,59.53638624691167,74.45425367705973,59.92482882419407,66.401995531338,66.14670503598396,,77.98124701375146,70.57182121462837,53.80082992679877,69.51927439960524,53.84249468447043,27.512233055381387,27.425586672590537,0.0,70.40924181411415,49.12745893719801,33.28600483091784,30.521971014492724,26.050458937198037,31.0595217391304,24.791381642512047,25.034521739130405,21.75631400966181,21.75631400966181
414.0,79.00302365698722,59.623996042172536,74.56253669532347,60.02807831873952,66.52038486893261,66.24272002609545,,78.11245370590525,70.63189423300955,53.957315800947086,69.24748641542585,53.91379028553578,27.589073999316582,27.377079804988956,0.0,70.48612915444465,49.20811111111106,33.36177777777774,30.603425120772915,26.07834782608693,31.108019323671463,24.820657004830892,25.043917874396108,21.757376811594177,21.757376811594177
416.0,79.14093517477471,59.71539733697416,74.6697797883643,60.11937822677137,66.63837096999166,66.33937093193852,,78.24878460232826,70.5145184368327,53.832954050977165,69.60331428902722,53.891530521848864,27.479461135255445,27.608631216211737,0.0,70.48267170143751,49.289149758454045,33.44197584541059,30.685371980676297,26.103478260869537,31.156260869565184,24.850135265700455,25.052927536231856,21.75692753623186,21.75692753623186
418.0,79.27936679238577,59.796786596165326,74.77584103684775,60.21207070982174,66.75389437998615,66.43996479478415,,78.38463271414103,70.69074635251954,53.81809689723029,69.57182517926452,53.80128894313442,27.574087395886938,27.45246218145475,0.0,70.5187051740411,49.37288405797096,33.52523188405793,30.76761835748789,26.127386473429922,31.20470531400963,24.879526570048277,25.059845410627993,21.75369565217389,21.75369565217389
420.0,79.41329169645044,59.88366846225025,74.87714987884335,60.310876707857226,66.87045321982588,66.53910302649805,,78.51563504182062,70.40034471017924,53.83699712770307,69.72869508678531,53.968494187802214,27.497750466392525,27.546200980319053,0.0,70.31965431267065,49.45862318840574,33.60900483091784,30.85236714975842,26.152164251207704,31.256811594202865,24.909714975845386,25.067792270531374,21.748758454106255,21.748758454106255
422.0,79.55558939652278,59.973333846808046,74.98547876207466,60.402409827643844,66.9813371677337,66.63696001956933,,78.6470251322153,70.38664630540015,53.89287430447811,69.90422574472707,53.740836749177696,27.4913566882475,27.577626403234245,0.0,70.60659105596092,49.54629468599028,33.696198067632814,30.93759903381639,26.176855072463738,31.31181642512074,24.940966183574854,25.07688888888886,21.74679710144925,21.74679710144925
424.0,79.70165931783502,60.05260072550692,75.09004150217385,60.495198219196524,67.09241698631439,66.74216483188428,,78.77245880741152,70.46030315970121,54.078876539356806,69.36817168136558,53.91110055687857,27.551465158585554,27.44238210039933,0.0,70.27566169279076,49.63704830917869,33.786111111111076,31.02312077294683,26.202898550724612,31.367130434782574,24.9753719806763,25.086082125603838,21.747700483091762,21.747700483091762
426.0,79.83015848032213,60.14653324240291,75.19500957964253,60.58075043368617,67.1943546707539,66.84583972758082,,78.89935226627023,70.46676467228143,53.75124598739654,69.794330321241,54.01189846529392,27.617843694387915,27.60211364944572,0.0,70.38199495913054,49.72963768115937,33.8738212560386,31.109961352656974,26.23173429951688,31.422512077294655,25.011420289855042,25.095541062801903,21.750801932367125,21.750801932367125
428.0,79.97418694404165,60.232086874378886,75.3022289270326,60.66712887142418,67.30386882498618,66.94293358619815,,79.01512494510987,70.48957372170794,53.65469810236775,69.7032516364748,53.85105048671098,27.59530291616492,27.51862379962644,0.0,70.86781182049666,49.82281642512071,33.95675362318837,31.196149758454073,26.263628019323647,31.477623188405765,25.045772946859877,25.103004830917847,21.757275362318815,21.757275362318815
430.0,80.10010883373432,60.33101184098013,75.40689058173359,60.756374495710055,67.41815965438336,67.05045586674787,,79.13486938493178,70.88477069584233,53.784532003422434,69.77242978043158,53.82658443906402,27.525037782652525,27.629849770055046,0.0,70.85386884171913,49.91651207729463,34.037681159420245,31.2815410628019,26.29706763285021,31.53629951690818,25.07804347826084,25.111038647342966,21.76224637681157,21.76224637681157
432.0,80.23703825175345,60.419537643484404,75.51399536392702,60.85214318047359,67.52713310426608,67.14388705072079,,79.24820191147592,70.54606113086822,54.14055807745552,69.99650442113811,53.93555157244395,27.690862089401108,27.530175452361966,0.0,70.55436149187729,50.00999999999994,34.11998067632846,31.36538647342992,26.331763285024127,31.601202898550692,25.110797101449247,25.118589371980647,21.768062801932345,21.768062801932345
434.0,80.37189949443777,60.51213823050987,75.62660471669568,60.944169360458325,67.63600958112224,67.25153474231038,,79.36983561034123,71.1579,53.85723333333333,69.7784,54.13023333333334,27.506833333333333,27.63965,0.0,70.4613,50.10068115942023,34.20107729468595,31.448159420289823,26.367425120772918,31.667821256038614,25.145376811594172,25.124603864734272,21.77646859903379,21.77646859903379
436.0,80.50627614944415,60.613867523269384,75.72956988597625,61.03149110434526,67.74721293165123,67.35655955926009,,79.48921257330423,70.91210078853119,53.90465945388322,69.84133877439288,54.06456840805919,27.612716401119304,27.64770200896761,0.0,70.83177130086102,50.19316425120767,34.27849275362315,31.52915942028982,26.403763285024127,31.734086956521704,25.18195169082123,25.132251207729443,21.783811594202874,21.783811594202874
438.0,80.63180505879124,60.70179338682603,75.83679600142646,61.11704141601362,67.85044702033304,67.46122153770266,,79.61315354378978,71.06093378693025,53.98800389995822,70.03786623301782,53.96182596019474,27.636431821435973,27.64767403105028,0.0,70.4830090744872,50.290884057970956,34.34978260869561,31.606512077294653,26.439265700483066,31.80093236714972,25.220739130434755,25.14170048309176,21.788869565217368,21.788869565217368
440.0,80.76223895230578,60.79496858449512,75.94948414140042,61.201561788785895,67.95705235998479,67.56596694818973,,79.73775039341373,71.0580861740353,53.84886771000855,69.71119702436201,54.21215691849619,27.598099185329495,27.595316167051106,0.0,70.90397261641104,50.38889371980671,34.415487922705275,31.681995169082093,26.472975845410602,31.86501932367146,25.2589565217391,25.15012077294683,21.78914975845408,21.78914975845408
442.0,80.88483763844883,60.88385590072322,76.05968031255291,61.28405798595388,68.06432739532261,67.67061483528798,,79.86473735135365,71.13262492928779,54.00234537307953,70.05395846542312,54.07482243384895,27.61502124232468,27.574209541372735,0.0,70.91353890651752,50.48224637681153,34.482768115941994,31.754386473429918,26.509937198067604,31.925961352656973,25.29621739130432,25.15768115942026,21.786285024154566,21.786285024154566
444.0,81.01134642926921,60.98131433247044,76.1761857188404,61.36056767298863,68.1632175287747,67.75761579340097,,79.99246610727099,70.70017231153787,53.87907837887512,69.9255692642159,53.97606147576925,27.727459220735234,27.681330770442607,0.0,70.44607838727718,50.57255072463762,34.55340096618354,31.82246376811591,26.548541062801903,31.986323671497548,25.33330917874393,25.16572463768113,21.78485990338162,21.78485990338162
446.0,81.13367255371482,61.07119440768232,76.28273698701864,61.43846448578714,68.27114401733083,67.86322007824047,,80.1201516628655,71.19577730549841,53.90681199095873,69.80122860038095,54.20432253023492,27.70754110064762,27.660544063187302,0.0,70.79926552787302,50.66497101449269,34.625038647342954,31.88983091787436,26.586574879227026,32.04562318840576,25.369797101449247,25.175594202898523,21.78523671497582,21.78523671497582
448.0,81.25790049689647,61.1598429488018,76.39449777711653,61.52160894082002,68.37270747308573,67.95741582345912,,80.24466873745192,71.40085792955313,54.09007215283637,69.72856102109044,54.26218456336902,27.76700648921393,27.681181929071418,0.0,70.89660294127003,50.756797101449216,34.69722222222218,31.958314009661798,26.624826086956492,32.10398067632846,25.40646859903379,25.18745893719804,21.785999999999976,21.785999999999976
450.0,81.38003262200424,61.25055346688238,76.50695012835791,61.60494450161176,68.47947588747962,68.05152617066703,,80.38115286383245,70.951374387328,54.1492250496,70.02170655833599,54.19972005888,27.707959261632002,27.745702265024,0.0,71.012193006592,50.84771497584534,34.76954106280189,32.026787439613486,26.66163768115939,32.1608985507246,25.442937198067607,25.198487922705283,21.78878260869563,21.78878260869563
452.0,81.49902205121002,61.33839084527866,76.61714059254766,61.68520867922125,68.58143240466144,68.14346063614897,,80.51344512060568,70.88444510186511,53.94027815516916,69.90641926699917,54.321729816749794,27.555423434833333,27.70235420043915,0.0,70.8684245612337,50.9422367149758,34.83917391304344,32.092951690821224,26.698352657004804,32.21705314009658,25.476420289855046,25.20885024154586,21.794043478260843,21.794043478260843
454.0,81.62190926113185,61.425919677649354,76.73318102658823,61.76897228345059,68.68942507305371,68.23440334888551,,80.64734010111657,71.15964181818181,54.015345454545454,70.00547272727273,54.559476363636364,27.639709090909093,27.623156363636365,0.0,70.7579309090909,51.038270531400904,34.908695652173876,32.158729468599,26.735710144927506,32.27551690821252,25.508357487922673,25.219888888888864,21.801685990338143,21.801685990338143
456.0,81.74160465059069,61.51653215928405,76.84821910324266,61.851190250774316,68.79659767958464,68.33003913286038,,80.7765804575851,71.1626828018313,53.944367625676044,69.7965418812392,54.129695938777175,27.728008589258078,27.65988435334746,0.0,70.72863479068107,51.134995169082075,34.978821256038614,32.22543961352653,26.771449275362293,32.33453623188403,25.541410628019296,25.231120772946834,21.808009661835726,21.808009661835726
458.0,81.85546257410624,61.60587244640668,76.96139630646636,61.938591534874995,68.89787182805522,68.41713176935625,,80.91193548988198,71.107868967936,54.131846074624,69.924948211584,54.135423910656,27.909584263232002,27.708967749056,0.0,71.128700447872,51.22919323671491,35.04356521739127,32.29140096618354,26.80391304347823,32.3935797101449,25.575289855072434,25.242062801932338,21.81109178743959,21.81109178743959
460.0,81.98228748723488,61.686648323312,77.07790970028515,62.02537635998377,69.00183343907956,68.50088607124374,,81.04548413164049,70.95191910169599,53.950150016,70.149443895296,54.155453433344,27.785286476416,27.52940248896,0.0,71.425342842112,51.31882125603859,35.107768115941994,32.35858454106277,26.835048309178713,32.45394202898547,25.607975845410603,25.25223188405794,21.813787439613506,21.813787439613506
462.0,82.10782318968165,61.78357997257924,77.1905160197279,62.11761763941914,69.10811587206692,68.59006424946773,,81.1777357509173,71.45179001293475,54.22944600088681,70.05128378147637,54.113765501600916,27.622752367082064,27.63849478335534,0.0,70.9306224046614,51.40843961352651,35.17813043478257,32.42596135265697,26.86680193236712,32.5139178743961,25.637497584541038,25.261748792270506,21.81590338164249,21.81590338164249
464.0,82.23201743120626,61.8680589839729,77.30128597517333,62.20105274726947,69.2125885756616,68.67253215172587,,81.31216160253425,71.4796228928904,54.05446668392951,70.17248386654445,54.35689767672473,27.932268397659513,27.682214405160025,0.0,70.80994610460402,51.4989903381642,35.25000483091784,32.493724637681126,26.897516908212534,32.57180193236711,25.665536231884033,25.27133816425118,21.81724637681157,21.81724637681157
466.0,82.35106231670126,61.95654129784591,77.41401087810841,62.287836791801936,69.31630440098517,68.76964783362496,,81.44564519639172,71.34438169434088,54.30488366883718,69.969273713219,54.262627201031094,27.83354677572865,27.65761434551404,0.0,71.15040791623473,51.58963768115936,35.319410628019284,32.565115942028946,26.927362318840547,32.629492753623154,25.6925990338164,25.28112077294683,21.8194492753623,21.8194492753623
468.0,82.4707810930781,62.04491876256212,77.51937392213365,62.37522171700864,69.41470114017054,68.86615600563782,,81.58051183042676,71.61167853847863,54.22423804556046,70.25040146306985,54.165420974747185,27.76317682590268,27.766685852079593,0.0,71.50013268530012,51.68199033816419,35.39081159420286,32.63859903381639,26.958333333333304,32.688888888888854,25.717415458937168,25.292439613526543,21.82297101449273,21.82297101449273
470.0,82.60558306813971,62.131173360028136,77.62924378890573,62.457986769297875,69.51181578290915,68.96073010525733,,81.7154310445112,71.45584561403508,54.31951403508772,70.15624912280703,54.32488947368421,27.765856140350877,27.818309649122806,0.0,71.0223350877193,51.77710144927531,35.46689371980673,32.71208212560383,26.99064734299514,32.748285024154555,25.741159420289826,25.303637681159394,21.826492753623167,21.826492753623167
472.0,82.73676086172765,62.216301280773926,77.739146992535,62.5402937620785,69.61061484185804,69.06036601565137,,81.84414370596599,71.52091082879166,54.05194403273713,70.21904587454776,54.19797950366881,27.824837068694308,27.718848197051994,0.0,70.94896266134927,51.87124637681154,35.542565217391264,32.7865217391304,27.023347826086926,32.810246376811556,25.76505314009659,25.31428019323669,21.831140096618334,21.831140096618334
474.0,82.8650941921936,62.30569713206312,77.84734022804052,62.6268480242137,69.7171876839262,69.16169849705524,,81.97464857082157,71.42981909347728,54.22972011773423,70.43276033570723,53.99566374346493,27.735413059469167,27.777187937451114,0.0,71.54332061674111,51.962526570048254,35.617004830917836,32.86170048309175,27.056700483091756,32.874386473429915,25.787367149758424,25.325758454106253,21.836864734299496,21.836864734299496
476.0,83.003763856185,62.38863627028512,77.94978484635509,62.7168058984622,69.8191841441333,69.26270323006193,,82.10033440182062,71.31857060020155,54.32247829106834,70.13662427255392,54.40452386682501,27.683246962465393,27.764277747286712,0.0,71.33750134306383,52.05264734299511,35.69304347826083,32.93562318840576,27.091589371980646,32.939193236714935,25.806420289855048,25.337685990338137,21.842444444444418,21.842444444444418
478.0,83.12933642240256,62.48184555699687,78.05141178658178,62.80898863561728,69.9216150418157,69.36908754335069,,82.22056952439632,71.33701907456,54.20474508288,70.4809124288,54.41198704384,27.853104169599998,27.79654211136,0.0,70.99537027328,52.14209178743956,35.76933816425117,33.008120772946825,27.124676328502385,33.00502898550721,25.82296135265698,25.346676328502387,21.846053140096597,21.846053140096597
480.0,83.26379510609463,62.56887753529386,78.14772072566426,62.90614582282231,70.02000419120498,69.46013897624863,,82.3457559474822,71.86635957101501,54.30528179856833,70.36923399066808,54.258762180281884,27.767337149610206,27.692210056609788,0.0,70.91635602662399,52.23256521739124,35.843990338164204,33.07962801932364,27.156227053140068,33.06865217391301,25.839565217391275,25.351724637681134,21.84946859903379,21.84946859903379
482.0,83.39243045006471,62.66367243296514,78.24761755029292,62.99387771504993,70.10969972079188,69.56746393845594,,82.47420229232425,71.26759428624275,54.268293700525675,70.48459843156492,54.50488754687748,27.82829658742732,27.78589369623667,0.0,71.60392461218024,52.32216908212555,35.914497584541024,33.14875362318837,27.18768115942026,33.12799516908209,25.85642512077292,25.359048309178718,21.85142028985505,21.85142028985505
484.0,83.52191891835376,62.757797138384014,78.34405160476008,63.08391267155213,70.21451396469064,69.66557212994347,,82.60067706944301,71.31559020687058,54.3461200410353,70.25005156592941,54.35585257788235,27.94070832,27.704931111905882,0.0,71.1497248512,52.41205314009657,35.97953140096614,33.21528019323668,27.217429951690793,33.18454589371977,25.871956521739104,25.36703864734297,21.849381642512054,21.849381642512054
486.0,83.63840858449701,62.84738201535009,78.44309501935315,63.168538552852475,70.31437479204834,69.76348131569874,,82.73176821435108,71.65319199404766,54.432823558015464,70.26488137347376,54.45811394912036,27.845262300179748,27.810079671964175,0.0,71.59928124205133,52.502193236714916,36.037096618357445,33.280164251207694,27.244420289855043,33.2385217391304,25.885178743961323,25.37169082125601,21.845603864734276,21.845603864734276
488.0,83.75636403733498,62.93771838727384,78.5363036804238,63.2565030160441,70.42133442286796,69.85845677642936,,82.86398478644747,71.37306488411022,54.302795148175626,70.44866320358102,54.370736942811305,27.804959629272002,27.839641716717182,0.0,71.20657286708993,52.58773913043473,36.094231884057926,33.34314009661832,27.27115458937195,33.29009178743957,25.89688888888886,25.37499999999997,21.841719806763262,21.841719806763262
490.0,83.8734398441511,63.03432907179855,78.6276119630671,63.34138271118686,70.52534359464973,69.95605378502,,82.9950915277984,71.58684342525562,54.380548716942876,70.42151893432643,54.506664240482145,27.916891803667042,27.906283358466343,0.0,71.60693881521634,52.66984057971009,36.15807246376808,33.40454589371977,27.301913043478233,33.34242512077291,25.90966183574876,25.380135265700453,21.8400144927536,21.8400144927536
492.0,83.99417521263332,63.130884068713556,78.71579266598869,63.42901424837188,70.62087921499578,70.04564992249976,,83.11558658903525,71.58997134069142,54.39496942310056,70.50714553299292,54.57687415136687,27.846746500406176,27.77780794182467,0.0,71.6598525170994,52.75202898550719,36.21959420289851,33.46471980676325,27.334323671497557,33.395690821256004,25.923024154589342,25.386043478260845,21.838599033816404,21.838599033816404
494.0,84.11175929878362,63.21805270553882,78.79626913364882,63.52454694371836,70.72600649233651,70.14948714758454,,83.25300335473301,71.70494825128675,54.423140700308615,70.43876783967951,54.503954775433755,27.889137690440386,27.796989446614944,0.0,71.37489950099248,52.83666183574873,36.27586956521735,33.525826086956485,27.367188405797073,33.44705797101446,25.93889855072461,25.391671497584515,21.836806763284997,21.836806763284997
496.0,84.24277339120417,63.30912158670153,78.88157127400065,63.608535416392115,70.8404461780186,70.23770338736306,,83.37813301442952,71.8989678891311,54.44820300794589,70.67089139235472,54.6330411797538,27.90108003215932,27.863701958455472,0.0,71.67297308164754,52.922541062801876,36.32935265700479,33.58702898550721,27.401038647342965,33.49669565217388,25.958603864734272,25.39836231884055,21.836367149758434,21.836367149758434
498.0,84.3673129835056,63.4014503909331,78.96329765357619,63.69424455387227,70.95061657318814,70.33146476418364,,83.50916633036738,71.6669310348734,54.497788448359316,70.78362629445613,54.63098727943892,28.065420102488353,27.82275405642597,0.0,71.4087609833644,53.009739130434724,36.376352657004794,33.64688888888885,27.43875362318838,33.54777294685986,25.978632850241517,25.405632850241517,21.8371835748792,21.8371835748792
500.0,84.48334447613912,63.48259760112197,79.04997832718038,63.77752851434605,71.0545614346797,70.42654417443077,,83.63326836963383,71.90659089234158,54.5185560315837,70.73372574210957,54.504218179761246,27.997912886569946,27.77319468515212,0.0,71.93922273035813,53.09837681159414,36.419685990338124,33.70696618357484,27.481386473429925,33.60106280193233,25.999082125603834,25.41360386473427,21.83915942028983,21.83915942028983
502.0,84.60046279535928,63.56775109770339,79.13923487971076,63.86292824012682,71.15589820255987,70.52847400248484,,83.76468741397838,72.12812649145174,54.764223654770866,70.34127692898461,54.56714778509627,28.023166257192905,27.867752725831654,0.0,71.73177385509396,53.185574879227,36.469328502415415,33.76820289855069,27.525768115942,33.657386473429916,26.02242995169079,25.42299999999997,21.842198067632825,21.842198067632825
504.0,84.71799998362333,63.65604338828082,79.22685592565846,63.949954376232945,71.2585819923275,70.62573712323795,,83.89404878737376,71.89107005118903,54.40371072781636,70.70350849066202,54.477383762060164,27.755408131551107,27.904670294279494,0.0,71.12983166707328,53.26962801932361,36.524999999999956,33.83031884057967,27.569903381642483,33.71518357487919,26.04932850241543,25.43394202898548,21.84437681159418,21.84437681159418
506.0,84.83733608499666,63.73312304629393,79.3164672503017,64.03837088789768,71.36320502523333,70.71790847903388,,84.02470841218496,71.73620428521909,54.320849706633425,70.70083795320762,54.71948151265849,28.019883558592223,27.976358422085337,0.0,71.7163957147809,53.35300483091781,36.58832367149754,33.89360386473426,27.615971014492725,33.77411594202895,26.079222222222192,25.445946859903355,21.84677294685988,21.84677294685988
508.0,84.95703458016935,63.82064542627351,79.41367353153247,64.12677541142838,71.47623161453757,70.81948747857166,,84.16221737912072,71.62668809281213,54.505556648360326,70.4539597078797,54.420173167370564,28.065063437711743,27.994153704996204,0.0,71.6099253712638,53.43572946859897,36.65619323671493,33.959521739130395,27.666149758454075,33.835067632850205,26.11095169082123,25.45853140096616,21.851067632850217,21.851067632850217
510.0,85.07398588386296,63.902173573870385,79.49940790954952,64.21189022222882,71.58110776110239,70.92590433160734,,84.28193822439671,71.62214999999999,54.606426,70.827422,54.65023,27.938495,27.913351000000002,0.0,71.798524,53.51720772946854,36.72131400966179,34.02831400966179,27.717222222222194,33.894700483091746,26.142135265700457,25.471212560386444,21.855942028985485,21.855942028985485
512.0,85.19956870740644,63.98344776300013,79.59773658269783,64.29338766218412,71.69022176592603,71.01909846708364,,84.4148236438603,71.71188019274516,54.652629124999194,70.5433405127773,54.55378777228332,28.001749364537222,27.976883538889286,0.0,71.55687932623447,53.59984541062796,36.78843961352652,34.101444444444404,27.766574879227026,33.95328019323668,26.172772946859876,25.48533333333331,21.861299516908186,21.861299516908186
514.0,85.31418146030744,64.07139368535533,79.68137489899702,64.37946902706979,71.7901998027319,71.1279058837402,,84.53670223147343,71.99924761904762,54.529961904761905,70.6315380952381,54.5636380952381,28.087054761904763,27.944719047619046,0.0,72.051,53.68422222222216,36.85989371980672,34.17737681159416,27.816990338164217,34.01407246376808,26.203420289855043,25.499840579710117,21.867043478260843,21.867043478260843
516.0,85.44075484189891,64.1506273579027,79.76979021144396,64.4661133065291,71.89413772932942,71.2281599669738,,84.67116883197136,72.20752836064429,54.68858486265221,70.68790809476648,54.56330803684329,28.099794928358833,27.944422732914596,0.0,71.71068379391755,53.7721400966183,36.935652173913,34.254574879227015,27.869425120772917,34.07612077294682,26.235806763284995,25.51368115942026,21.873077294685963,21.873077294685963
518.0,85.57363201522779,64.22705650319757,79.86878542865738,64.55128022635287,71.993399688519,71.33251024817503,,84.79290307072142,72.08607038094267,54.652221304157635,70.73766065294872,54.740574726353564,27.95390584984491,27.863088360333446,0.0,71.95460535300639,53.86301932367144,37.01151690821252,34.3338985507246,27.92061352657002,34.139690821256,26.271057971014464,25.52819806763282,21.880526570048282,21.880526570048282
520.0,85.69284501154074,64.30753170130644,79.96487555780354,64.63773048749137,72.10650239334062,71.437601917087,,84.91453391561896,72.15357084836825,54.695624701000945,70.56280181926184,54.75064285460977,28.041015200411376,28.009526835441914,0.0,71.97035328256186,53.95389855072458,37.086908212560346,34.41438164251204,27.971512077294655,34.20566666666663,26.305473429951665,25.541685990338138,21.88996135265698,21.88996135265698
522.0,85.81611065623355,64.39098816729796,80.06205620357622,64.7321844513252,72.21077726921426,71.53413663404577,,85.03168141067769,72.17465916537444,55.00674793202463,70.77282476580882,54.64543621439438,28.233771709705668,28.06165478997393,0.0,71.99876733454974,54.043642512077234,37.16364251207725,34.493835748792236,28.02307729468596,34.26888405797098,26.338352657004798,25.55543961352654,21.897173913043453,21.897173913043453
524.0,85.93301222665907,64.46895055296991,80.15475507595482,64.82560778109337,72.30987594118498,71.63364548028326,,85.1531426518683,72.15378350047634,54.594185091752465,70.90026717607711,54.70023880655564,28.02855224191116,28.04658356842462,0.0,71.74811051408892,54.132323671497524,37.23809178743957,34.57185024154585,28.073265700483063,34.33017874396132,26.368946859903353,25.568927536231858,21.90160869565215,21.90160869565215
526.0,86.04675905471643,64.54913465269881,80.25693808010166,64.9147014854133,72.413393999478,71.7322146716918,,85.26644995343715,72.07737328095946,54.929516997780915,70.72959518569995,54.624331779849925,28.15933167670062,27.904863388367104,0.0,71.92723902665023,54.22184057971008,37.31023188405793,34.64796618357484,28.11820772946857,34.39033816425117,26.39828502415456,25.57857004830915,21.902091787439588,21.902091787439588
528.0,86.16660896803751,64.64239695878801,80.35381745723319,65.00466852819693,72.51015327639094,71.81968602705301,,85.39531818640376,72.19022852562206,54.827628581877555,70.89664288766004,54.67415713955342,28.05699283984825,27.929292883088607,0.0,72.29225714557695,54.31109178743955,37.37999033816421,34.72472463768112,28.15941545893717,34.44892753623185,26.427999999999972,25.588613526570022,21.900449275362295,21.900449275362295
530.0,86.28184175995507,64.72995762824202,80.45388279042886,65.09487472654664,72.60698194426905,71.91120932183611,,85.51713166593343,72.46618824342225,54.60419377564821,71.02628910456991,54.713402541650154,28.05441856163359,28.09613732428902,0.0,72.00449721407014,54.39897584541056,37.44724637681155,34.80166666666663,28.1989565217391,34.506734299516864,26.456724637681134,25.600908212560356,21.89972946859901,21.89972946859901
532.0,86.39661745770434,64.82218720196323,80.55339455063414,65.17971796237204,72.71960659646048,71.99922246383656,,85.63764004899929,72.04097184423523,54.63354962316257,71.08640473507307,54.750936744899235,28.076784902892403,27.858686521927137,0.0,72.03931796351269,54.486787439613465,37.511830917874356,34.8759371980676,28.236468599033785,34.56214975845407,26.482487922705285,25.610700483091758,21.89698067632848,21.89698067632848
534.0,86.5066590062081,64.91294454982265,80.65242572115154,65.2633143124686,72.82123220176733,72.09035616066204,,85.76818743602517,72.0146344358985,54.8817656670059,70.89505180063786,55.063868877850204,28.016981038918292,27.98531381945574,0.0,72.19420666986981,54.575217391304285,37.57108212560382,34.949507246376776,28.272811594202867,34.61721739130431,26.50631884057968,25.618681159420262,21.89229951690819,21.89229951690819
536.0,86.61587930201571,65.00785663342889,80.75530053433214,65.35296403622723,72.92634540738779,72.17709904299382,,85.89268687423836,72.40640597297158,54.94316458876526,70.68735894622712,54.93341161486434,27.984702967124456,28.218917628494722,0.0,72.04728218370033,54.664400966183514,37.63316425120769,35.021917874396095,28.30949758454103,34.67464734299513,26.529850241545866,25.627971014492726,21.885782608695628,21.885782608695628
538.0,86.73498930012778,65.10696846616133,80.85342512447919,65.44144794392373,73.02434609899049,72.26565719701965,,86.01698098555399,72.48172113170419,54.827375879266796,70.90333554881114,54.865378892353625,28.110219022944367,28.13395209272128,0.0,71.85036867672777,54.75090338164245,37.696589371980636,35.092710144927494,28.34691304347823,34.73119806763282,26.55231884057968,25.637516908212532,21.87630434782606,21.87630434782606
540.0,86.84699640751545,65.19658595734406,80.95047160922427,65.53515003529621,73.13115539751071,72.34651807824946,,86.13714063050034,72.5363877246147,54.85001644213077,70.85400402310809,54.94525063842344,28.178054955679226,27.987588697918834,0.0,72.11733753084924,54.83432367149752,37.751995169082086,35.162028985507206,28.381270531400936,34.78428019323668,26.574787439613495,25.644487922705288,21.864516908212533,21.864516908212533
542.0,86.96738623570458,65.28716786079555,81.05129011541011,65.62162476143611,73.2319057091369,72.43816026761411,,86.26193047527427,72.30489660787784,54.94251261408148,70.91474129600542,54.69442382438908,28.11710534567435,28.03526552999423,0.0,72.27469853657567,54.91848309178738,37.80501932367145,35.23124154589368,28.41360869565214,34.83552657004827,26.599541062801904,25.65087922705311,21.85407246376809,21.85407246376809
544.0,87.09661528828008,65.38826817535832,81.14383346602946,65.70408022973429,73.34253939989479,72.52333467653814,,86.38581194210443,72.28871840939424,54.92160586903943,71.2028426787233,54.916318817815885,28.029676566633892,28.036456058682898,0.0,72.27628619067818,55.00299516908207,37.860028985507206,35.299937198067596,28.44918840579707,34.88779227053137,26.625260869565192,25.658685990338135,21.846845410627996,21.846845410627996
546.0,87.20531394182662,65.47576084567692,81.24504367321904,65.79352057247002,73.43330099148326,72.61612150558383,,86.50584878238288,72.3523537968726,54.792853969114596,70.88570744828473,54.94025383153105,28.123992413344027,28.14746153975416,0.0,72.43787717412852,55.085695652173854,37.91599516908209,35.367753623188364,28.489714975845384,34.940980676328465,26.650024154589342,25.666299516908182,21.841154589371957,21.841154589371957
548.0,87.31916867220262,65.56592072876312,81.34559010344617,65.87614590462957,73.53638290763045,72.71173831978085,,86.62996446101289,72.17198882593576,54.90691928912638,71.20425533077247,54.92705584381156,28.214632235956397,28.11001802316213,0.0,72.30415684286034,55.16502415458932,37.97558937198063,35.43437681159416,28.530338164251177,34.99082125603861,26.674908212560357,25.673333333333304,21.83536714975843,21.83536714975843
550.0,87.43759838314652,65.6604524630344,81.44812897456197,65.95793046252157,73.6369179198344,72.81756636909506,,86.75527741172162,71.98246666666667,55.09936666666666,71.12576666666666,54.89693333333334,28.296166666666664,28.06768333333333,0.0,72.52973333333333,55.24242028985501,38.04218357487918,35.49831884057967,28.56925603864731,35.040917874396094,26.7003719806763,25.68000483091785,21.82967632850239,21.82967632850239
552.0,87.55211406482591,65.74914281177048,81.55272243150371,66.039166367316,73.74023048288267,72.91380418248428,,86.8769191731444,72.40531666666666,55.03794833333333,71.07802333333333,55.005669999999995,28.221409166666668,28.164270833333333,0.0,72.582855,55.31932367149752,38.11319806763281,35.56174396135262,28.60949275362316,35.09127053140093,26.728700483091757,25.687135265700455,21.82427536231882,21.82427536231882
554.0,87.67246269744757,65.84009513522683,81.6508759350963,66.12351667777025,73.84278268747575,73.01283203035338,,86.99852635123698,72.22797249999999,55.0256525,71.27791,55.038045,28.28004875,28.20202625,0.0,72.59464000000001,55.39599999999994,38.1866714975845,35.625642512077256,28.651072463768084,35.14010144927533,26.759797101449244,25.694942028985476,21.81935748792268,21.81935748792268
556.0,87.78660533694703,65.93698022402452,81.75584151833338,66.20001406375866,73.94947613625182,73.1155820539987,,87.12318969134814,72.5230958182902,55.085547086682354,71.12670443557647,54.942536722070585,28.185132442227452,28.087063888125492,0.0,72.41119838707452,55.47215942028979,38.259956521739085,35.68922705314006,28.69224154589369,35.18745893719803,26.7911835748792,25.703038647342964,21.815115942028964,21.815115942028964
558.0,87.90960576261213,66.02600159795088,81.85228382872162,66.27900376903284,74.05621652784068,73.20690450211582,,87.23388176169722,72.657927927552,55.058286518016,71.217112936192,55.177341646336,28.111291521536,28.181992732416,0.0,72.28661980928,55.54633816425115,38.33392753623184,35.75293236714972,28.729420289855042,35.23156521739127,26.82038164251205,25.711038647342964,21.811743961352633,21.811743961352633
560.0,88.03253646467861,66.122730772869,81.94778564906231,66.3682484866397,74.15573901507881,73.30909295452498,,87.36049592084817,72.54914411200163,54.9186168815884,71.10742854321633,55.01391426662116,28.147444154557466,28.18336428823154,0.0,72.39129739101718,55.6213285024154,38.41182608695648,35.81719323671493,28.76441062801929,35.27546859903378,26.84851690821253,25.718555555555522,21.810657004830894,21.810657004830894
562.0,88.14782889156973,66.20890465780627,82.03605985610119,66.45842612974155,74.25238276549256,73.41073914978818,,87.47966151114548,72.62405060097028,54.97390484469339,71.14962685844743,55.167521921985774,28.325504306394123,28.214093036102984,0.0,72.55481569097593,55.699367149758395,38.49144927536227,35.880618357487876,28.802618357487894,35.31982125603861,26.878541062801904,25.725202898550698,21.811492753623163,21.811492753623163
564.0,88.27338306088284,66.29940417183819,82.1326685799377,66.54017417517383,74.36581286129137,73.50419305293585,,87.6029668202994,72.5675350223604,55.02396287632965,71.20939790990654,54.98348348339234,28.30773507283459,28.112480904985794,0.0,72.63033297713288,55.77913526570042,38.57300483091783,35.944816425120734,28.841019323671464,35.36349758454102,26.910454106280167,25.732420289855042,21.812714975845388,21.812714975845388
566.0,88.39348140341349,66.38739133777402,82.22450026142182,66.62733944341163,74.46902878836293,73.6025466264493,,87.7184868033518,72.6133081632653,55.106126530612244,71.36369795918367,55.07651428571429,28.365955102040818,28.102158163265305,0.0,72.21997142857143,55.85936231884052,38.656096618357445,36.01017391304344,28.87903381642509,35.40842028985504,26.94130434782606,25.739251207729442,21.81216908212558,21.81216908212558
568.0,88.51361906964591,66.47376912927714,82.31242295873874,66.71339066649271,74.5791135114315,73.68976360560633,,87.83621864884354,72.66474555461821,55.01715825049337,70.94602803989281,55.057200042126595,28.2683240409989,28.095518368437027,0.0,72.63940373209215,55.93817391304341,38.73853623188402,36.07525120772943,28.917908212560356,35.45473429951687,26.969362318840552,25.744739130434752,21.809429951690795,21.809429951690795
570.0,88.64467672967558,66.5624543791844,82.40359919494426,66.79565984124031,74.67968947751609,73.77494671336223,,87.95315025467971,72.77745934021478,54.88839257220154,71.29477165003192,55.1120314448841,28.204534521311228,28.113001607033368,0.0,72.56186296372383,56.01364734299511,38.818739130434736,36.13978260869561,28.954666666666633,35.49898067632846,26.997120772946833,25.752149758454074,21.805768115942005,21.805768115942005
572.0,88.75999693289327,66.64221103865953,82.49232535597042,66.8776783236833,74.77953833735431,73.86077636990834,,88.0803086679761,72.0838677342335,55.06724226082661,71.15606729375925,55.09570094681377,28.273120066276963,28.300075356084307,0.0,72.75346731434217,56.08741545893713,38.89691304347822,36.20405797101445,28.990555555555524,35.54313043478257,27.022850241545864,25.75992270531398,21.802975845410604,21.802975845410604
574.0,88.8838753775715,66.73067615170052,82.58197200742612,66.95958344651807,74.8747804109633,73.94982062372418,,88.2011157917887,72.894334804224,55.064520128768,71.606409826304,55.256814941696,28.274304849792,28.168907429247998,0.0,72.61110010112,56.161666666666605,38.97204347826083,36.270144927536194,29.024995169082096,35.58793236714972,27.045425120772915,25.766497584541032,21.800400966183552,21.800400966183552
576.0,89.01707802191522,66.82994538783159,82.66775750824961,67.0481381829413,74.98316793262951,74.04028806657064,,88.32745842729106,72.85285098909027,55.11576665149631,71.60565146243137,55.301130291245066,28.37790959753723,28.20680278955779,0.0,72.82123128343837,56.23676328502409,39.044323671497544,36.33950724637677,29.05800966183572,35.632309178743924,27.066719806763256,25.773917874396105,21.7985990338164,21.7985990338164
578.0,89.1439017022094,66.91919339099799,82.76496192953826,67.13323530300195,75.09372356945998,74.12260425414364,,88.44103965615369,72.87811329613913,55.123955220591306,71.47654269885217,55.20666203186087,28.189704493913045,28.1645000672,0.0,73.00975368403478,56.31551207729462,39.11639130434778,36.40878260869561,29.09205314009659,35.67696135265697,27.088004830917843,25.782400966183545,21.79812560386471,21.79812560386471
580.0,89.26633937992352,67.01158752031716,82.86159159712344,67.20703392392794,75.20865308184857,74.21365217412361,,88.57185414728278,73.07198815099447,55.26359010039769,71.57162921544821,55.224763370939165,28.26661533276219,28.24055346423982,0.0,72.8057356410523,56.397768115941965,39.186106280193194,36.47760869565213,29.1265797101449,35.72315942028981,27.108772946859876,25.791560386473403,21.797106280193212,21.797106280193212
582.0,89.38879107523653,67.09321730148957,82.95896973372393,67.29118316811574,75.30794881287954,74.30989539492533,,88.6974281256775,72.62772426257133,55.23458346091901,71.65198047541408,55.25582334271171,28.328861603130655,28.34943742891655,0.0,72.74859223177182,56.48165700483085,39.25320289855068,36.55044927536227,29.159217391304317,35.77339613526566,27.12734299516905,25.7997874396135,21.796666666666642,21.796666666666642
584.0,89.51052163214052,67.18456459123036,83.06510374588073,67.37363770816827,75.4172387905243,74.39960961032776,,88.81763147544346,73.02342719662776,55.09337716966079,71.4329713624411,55.30417424778299,28.385921574759408,28.322992457760026,0.0,72.84846508013044,56.563526570048246,39.32233816425117,36.62576811594199,29.191768115941997,35.82476811594199,27.14385990338161,25.807251207729443,21.795487922705288,21.795487922705288
586.0,89.63828759740949,67.26417552399177,83.16293245659516,67.45532193936994,75.51927937733309,74.49329207278147,,88.9406447266961,73.0558533552,55.069350928,71.42574756959999,55.0351085984,28.302676976,28.385885844,0.0,72.7716052336,56.63967632850235,39.38616908212556,36.701473429951655,29.225381642512048,35.87376811594199,27.15846859903378,25.815294685990313,21.795251207729446,21.795251207729446
588.0,89.765901118859,67.34336902040936,83.26052064102903,67.53892623163381,75.62525903942114,74.58396131032576,,89.05417094191523,73.18509387755103,55.35958979591837,71.6106612244898,55.09203469387755,28.286036734693877,28.277368367346938,0.0,72.84352448979593,56.71356521739124,39.442178743961314,36.77729951690817,29.258159420289825,35.92288888888885,27.17314009661833,25.82465700483089,21.79885990338162,21.79885990338162
590.0,89.9027141104058,67.42492697493103,83.3564463416396,67.62088672883449,75.72418984302978,74.67059903757784,,89.17116914223693,72.81470602158977,55.21020305172891,71.57935839985653,54.96531066584712,28.385372559000224,28.381054294238957,0.0,73.02147056232951,56.78981159420284,39.49805797101445,36.853584541062766,29.293632850241515,35.974004830917835,27.189893719806737,25.834903381642484,21.80504347826085,21.80504347826085
592.0,90.03018892172067,67.5163266677397,83.45458623971513,67.70120471932924,75.82962272266313,74.76370170758572,,89.29491621076977,72.96040269508833,55.19746146413573,71.40447679656145,55.04163339564853,28.385057566438544,28.247387257637,0.0,72.9816689318502,56.86882608695645,39.55362318840575,36.93006280193233,29.334159420289822,36.02599033816421,27.20597101449272,25.84502898550722,21.81135748792268,21.81135748792268
594.0,90.14981253113821,67.60041691580572,83.56295392522566,67.77972399669505,75.93594144279093,74.85257555644448,,89.41072132562246,72.74013153798478,55.228283189491506,71.78778467625177,55.23164114619442,28.513755724357736,28.297137547249775,0.0,72.4936627508862,56.94681159420284,39.61114975845406,37.00586473429948,29.376714975845378,36.07711594202895,27.22043961352654,25.85525120772944,21.81653140096616,21.81653140096616
596.0,90.2789974108264,67.68669546200192,83.6602148060382,67.86007896754195,76.04515815988493,74.95827591110164,,89.53846161221995,72.80685528852092,55.26589190011115,71.63543406059608,55.52944359614276,28.32319471675346,28.32231255981908,0.0,73.12028704074386,57.02479710144922,39.66935748792265,37.08012077294682,29.417671497584507,36.1280483091787,27.235367149758424,25.8651835748792,21.821642512077272,21.821642512077272
598.0,90.3984653435642,67.77510304879586,83.7672467594762,67.9382874854683,76.14904208938762,75.0672035850231,,89.66200163923148,73.12959688160001,55.190764647466665,71.60130113333334,55.5239999168,28.495943788800002,28.258415118133332,0.0,72.88811324826668,57.103193236714915,39.722777777777736,37.15073913043474,29.456956521739098,36.18005797101445,27.250995169082096,25.87321739130432,21.826497584541038,21.826497584541038
600.0,90.52551526399262,67.86769544918349,83.86580093992299,68.0259280702487,76.24576570811847,75.1639058719453,,89.78050388761733,72.98784410357551,55.31744036506122,71.89786022204082,55.22327097038367,28.3960013013551,28.257500797453062,0.0,72.8415474068898,57.18118840579704,39.77314975845406,37.219231884057926,29.49683091787437,36.230797101449234,27.269391304347792,25.881347826086927,21.831458937198047,21.831458937198047
602.0,90.65104967699708,67.9603875570377,83.96059884067385,68.1133182826296,76.34477302030604,75.25932781175648,,89.90465856767602,73.15199180360929,55.14456893496658,71.64680493400945,55.10687144523009,28.457243251472523,28.38978163100255,0.0,73.00180201383236,57.260367149758395,39.82394202898546,37.28588888888884,29.537681159420256,36.280314009661794,27.28840096618355,25.890347826086927,21.838062801932345,21.838062801932345
604.0,90.7731356892618,68.05497603082104,84.05856801989334,68.19497743118036,76.44352016671378,75.35239234658955,,90.02246017158402,73.23177571562246,55.371382686173654,71.81923669271784,55.26065527418463,28.481594930909477,28.213358676922354,0.0,72.76696213468533,57.33804347826081,39.87857487922702,37.34977777777774,29.58046376811591,36.329830917874354,27.30704347826084,25.899164251207697,21.846019323671474,21.846019323671474
606.0,90.89797660548962,68.15085910660467,84.1483090344364,68.28205553791608,76.5364107422323,75.44419686217836,,90.13491724393667,73.25080339244685,55.44783328714294,71.97912029813185,55.26548368782764,28.478699746547182,28.42529030587552,0.0,73.14931372567999,57.414483091787375,39.93621256038642,37.41296618357484,29.62553140096615,36.37812560386469,27.327908212560356,25.909140096618323,21.855038647342973,21.855038647342973
608.0,91.01873251609484,68.24506262835087,84.23589133383106,68.37828860171446,76.63209141088133,75.5406355861592,,90.25626368866722,73.38290261248,55.433059381504,71.910667864576,55.499760951552,28.340215057280002,28.25964747392,0.0,73.1556749504,57.49657004830912,39.99536714975841,37.47569565217387,29.672062801932334,36.42575362318836,27.350536231884032,25.919792270531374,21.86483091787437,21.86483091787437
610.0,91.1407561240088,68.33558087659166,84.31910146621382,68.46497257798735,76.72271411264202,75.62939172210582,,90.37555104861006,73.37194714732719,55.24539481633676,71.86223678477583,55.29351761861874,28.50660492467904,28.391279276886937,0.0,73.07276943217134,57.580966183574816,40.05993236714971,37.53820772946855,29.720492753623155,36.4744444444444,27.373850241545863,25.930637681159396,21.872057971014467,21.872057971014467
612.0,91.27173907808786,68.43915292833847,84.39261073202566,68.55677634600694,76.82644350806805,75.71817674356656,,90.48497591123476,73.33314160700378,55.411545699501886,72.35530191915471,55.3785363405283,28.470246665479245,28.275768183064148,0.0,72.92758791909434,57.66438164251202,40.129531400966144,37.60074396135261,29.76825603864731,36.522879227053096,27.39794685990335,25.941193236714945,21.87755555555553,21.87755555555553
614.0,91.3892499681067,68.52359480456026,84.46686471590863,68.64754424653373,76.92442056016681,75.80874452119527,,90.60072553007467,73.77222653061224,55.37632857142857,71.66445510204082,55.33547959183673,28.573616326530612,28.32367551020408,0.0,73.38984489795918,57.750193236714914,40.20742028985503,37.66476811594199,29.815183574879192,36.57396135265696,27.42471497584538,25.949753623188375,21.883333333333308,21.883333333333308
616.0,91.51799075505346,68.61275408409627,84.54769034752353,68.73726362669963,77.01838165426648,75.88670812926973,,90.72006846477501,73.29667915497048,55.63492983177865,71.87090749328796,55.46318658635991,28.462035073030073,28.42748507914351,0.0,73.0502672149229,57.83455555555549,40.29026570048305,37.72996618357484,29.86105797101446,36.626990338164205,27.45182125603862,25.95821739130432,21.88960869565215,21.88960869565215
618.0,91.63781324099328,68.71039570868145,84.62551777953502,68.82239834566836,77.11062485474207,75.97074327048591,,90.84116435531638,72.86302001895385,55.261003713476924,71.67131140283077,55.46101328836923,28.490909079507695,28.34844173846154,0.0,72.74110460184616,57.91483091787433,40.374816425120734,37.79362801932363,29.90561352657002,36.67704347826083,27.47814009661833,25.96726086956519,21.897855072463745,21.897855072463745
620.0,91.75295702391102,68.7977916892984,84.70849318183225,68.91224764945058,77.19917795615275,76.05749168731613,,90.95819223963088,73.08819382024855,55.388778722302,72.12675812626107,55.56050151812602,28.53976166133459,28.366619887420548,0.0,73.47608594938166,57.993763285024095,40.46090338164247,37.859091787439574,29.94914009661833,36.72702415458933,27.50494202898548,25.976956521739098,21.90838647342993,21.90838647342993
622.0,91.87729436202902,68.89111451607376,84.78471103584113,69.00352046573693,77.29614263992387,76.15263342269694,,91.07147705918013,73.60536675618053,55.22746657736829,71.85866654607938,55.56443336897511,28.39451658260466,28.48206668377644,0.0,73.2116664827258,58.0752705314009,40.54353140096614,37.92914009661832,29.99310144927533,36.778613526570005,27.532893719806733,25.987995169082097,21.919753623188377,21.919753623188377
624.0,92.00342744998082,68.98550481455237,84.86226361831325,69.09553288544654,77.3996114568038,76.2404795779776,,91.17998047685431,73.58586123209716,55.596907339459854,71.92443653820457,55.60089037139992,28.511689015286326,28.34531954129781,0.0,73.22179019307401,58.16088888888882,40.630420289855024,38.00060386473426,30.040198067632815,36.83049275362314,27.56209178743958,25.99867149758451,21.92933333333331,21.92933333333331
626.0,92.112339896111,69.07365533694802,84.94749757179413,69.17388902058968,77.49962752007015,76.32039617884625,,91.29687950992762,73.58324841534693,55.251118896587755,71.9637698388898,55.54998665247347,28.548212544000002,28.344520979591834,0.0,73.23339812179591,58.248599033816355,40.71362318840575,38.07280676328499,30.0859565217391,36.88439130434779,27.590236714975813,26.009710144927507,21.937536231884035,21.937536231884035
628.0,92.22180951853743,69.15956146301156,85.02358239717165,69.25332334028842,77.60404782970357,76.40931567817557,,91.41595596935788,73.62258523667249,55.335296177067725,71.74763334958729,55.649775369925436,28.60201558873334,28.3816614696834,0.0,73.54253814421108,58.33215942028979,40.786956521739086,38.145120772946825,30.128985507246345,36.940864734299474,27.616202898550696,26.02123188405794,21.944772946859878,21.944772946859878
630.0,92.33969556682908,69.23894014831757,85.1065802180776,69.34704883333987,77.70042383554828,76.49870898935808,,91.52101840270154,73.15249939764661,55.54827761955962,71.68063466182375,55.59597066538968,28.574093278489055,28.389430594131273,0.0,73.5124947667537,58.41310628019317,40.85980676328498,38.21634782608692,30.170942028985476,36.99686473429948,27.641212560386442,26.032753623188377,21.95085024154587,21.95085024154587
632.0,92.45555586846042,69.31896342579455,85.19075856813653,69.42904966803764,77.80457331357476,76.58846014509147,,91.62243260942299,73.33031134065614,55.47472293311547,71.97420966700426,55.65323286311419,28.640005743071217,28.503420352692338,0.0,73.66330850535222,58.49471980676322,40.92998550724633,38.286512077294645,30.212309178743926,37.05173913043474,27.667661835748763,26.045618357487893,21.955574879227026,21.955574879227026
634.0,92.57786355928208,69.3955343264038,85.26700515905138,69.51538837239742,77.9020000508214,76.67182788334941,,91.72933726197019,73.87255965515133,55.46472538425485,72.14963878184717,55.486898537106,28.520911193699085,28.415629866548812,0.0,73.37717168231536,58.5742318840579,40.99770048309174,38.355033816425085,30.251173913043445,37.10661352657,27.69372463768113,26.0599951690821,21.95935748792268,21.95935748792268
636.0,92.69633847607115,69.47592461362089,85.3467429382059,69.59654260426926,78.00819552734323,76.75616938603227,,91.82960831380588,73.70937663482734,55.45363637064841,71.8962922120524,55.631697402539835,28.49026817690169,28.421626619201344,0.0,73.65691818931383,58.65313043478254,41.06438164251203,38.42133333333329,30.28801932367146,37.162613526570006,27.71817874396132,26.07427536231881,21.962608695652147,21.962608695652147
638.0,92.8127357420589,69.55265104993092,85.43498138384791,69.67781252852527,78.11724824608316,76.8448620709523,,91.93488083290228,73.44236666666667,55.53386666666667,71.85366666666667,55.63263333333334,28.6078,28.453766666666667,0.0,73.24983333333334,58.73599999999993,41.13031884057966,38.48543478260865,30.324502415458902,37.21908695652169,27.742801932367115,26.08624637681157,21.96453140096616,21.96453140096616
640.0,92.91874403916394,69.63631593226998,85.52479481799762,69.7618373988466,78.214369988647,76.93268316462047,,92.04848962782435,73.8255402554456,55.5570917540343,71.86431706885472,55.676215418843434,28.714332496671343,28.41460981185332,0.0,73.51688769049885,58.81969565217385,41.19528019323667,38.547966183574836,30.359835748792236,37.27420772946856,27.765719806763254,26.095473429951664,21.964328502415434,21.964328502415434
642.0,93.03263922667573,69.71384566820674,85.60487819153578,69.84810621363683,78.32231494222955,77.02122540509936,,92.15677766405038,73.65251506668862,55.58760604725836,72.3410607566277,55.712602469948955,28.565703015396014,28.54305878272682,0.0,73.50244672731763,58.89934299516902,41.259700483091734,38.61017391304343,30.394405797101417,37.327975845410585,27.788057971014464,26.103903381642485,21.964855072463745,21.964855072463745
644.0,93.1410570809916,69.79340022345954,85.6815164307479,69.93302562829517,78.41579035890048,77.12109491600091,,92.27004754998066,73.78836981187163,55.530977670864225,71.83055160581902,55.78067808342642,28.496612621229815,28.43700702625165,0.0,73.7726061985884,58.97611594202892,41.316758454106235,38.669700483091745,30.427946859903347,37.379169082125564,27.811545893719774,26.111657004830892,21.964792270531376,21.964792270531376
646.0,93.25702484642422,69.88202297378834,85.76876227944169,70.01183192930783,78.50726077680996,77.20446076629744,,92.3796348843178,73.76479662498753,55.50803966774755,72.43468749432454,55.9612187971547,28.61906797682798,28.464717007087494,0.0,73.50828623912001,59.04996618357481,41.36558454106276,38.72479227053136,30.46197101449272,37.42651690821251,27.83491304347823,26.118251207729443,21.962869565217368,21.962869565217368
648.0,93.3685551385088,69.97421223124738,85.85387939143851,70.09314432273058,78.59244323993634,77.2814016619557,,92.48528787855295,73.798163049472,55.263990370432,72.082595527552,55.693171431296,28.66988624352,28.398089017216,0.0,73.495401554816,59.123893719806695,41.413072463768074,38.77729951690817,30.499816425120738,37.47292270531397,27.859333333333304,26.125028985507218,21.96086473429949,21.96086473429949
650.0,93.47721768073293,70.06296718317145,85.94442393230558,70.17483797887066,78.69262067350425,77.36177757940587,,92.59476859869544,73.96246561804278,55.48749998930149,72.11152089062556,55.74807453499687,28.52735079270871,28.435231332372165,0.0,73.5966281044786,59.19550241545887,41.460053140096576,38.82662801932363,30.541869565217358,37.5200676328502,27.882980676328472,26.130937198067603,21.95815942028983,21.95815942028983
652.0,93.59889627089667,70.16015009224803,86.03389126805304,70.24791130958765,78.79407523207071,77.44838450118105,,92.69956783954106,74.4165511512276,55.740351748855176,72.26618054057931,55.7024564022069,28.694847612524136,28.462844612027588,0.0,73.75149276656552,59.26299999999993,41.510405797101406,38.87518357487918,30.584342995169045,37.566632850241504,27.90645893719804,26.13552657004828,21.95535748792268,21.95535748792268
654.0,93.71211583154728,70.24702283456858,86.12737037085994,70.32043708806061,78.89354106149632,77.53895138744303,,92.80965245015275,73.67292096455245,55.78648625096575,71.83734428047165,55.789986215095105,28.57858860164269,28.39862243846805,0.0,73.58221551635333,59.33242028985501,41.56685024154585,38.92659420289851,30.626449275362283,37.61252173913039,27.930975845410597,26.142570048309146,21.952458937198042,21.952458937198042
656.0,93.8353708370235,70.33628394489642,86.21765230563844,70.40140717691182,78.98842995128985,77.6248632063049,,92.93016268470402,73.85038747484576,55.704086997233674,72.23321158037383,55.904797061220954,28.55423399579192,28.535821653403907,0.0,74.21208375838687,59.40374879227046,41.62550241545889,38.97848792270527,30.666700483091752,37.660685990338116,27.955309178743928,26.150410628019294,21.949463768115915,21.949463768115915
658.0,93.95215031657092,70.4302136931027,86.30710687099186,70.48832274628042,79.08694396043241,77.71900379640945,,93.0485603753806,74.1717343442577,55.72498226237843,72.11751591785581,55.688508409539,28.713649064135026,28.574768365776993,0.0,73.9735189205712,59.47271497584535,41.68790821256034,39.03154106280189,30.707734299516872,37.70990338164247,27.980632850241516,26.157391304347797,21.946371980676304,21.946371980676304
660.0,94.07893820315788,70.52366563345967,86.39498122358525,70.57274590253651,79.19894804766247,77.80341449354738,,93.15420314159738,73.796568346286,55.63899359224578,72.24011743407996,55.814859163161344,28.645307316437325,28.53196537838701,0.0,73.76617157482367,59.54222222222216,41.76228019323666,39.086429951690775,30.75214009661832,37.75777777777773,28.008724637681127,26.164855072463737,21.945009661835723,21.945009661835723
662.0,94.18856573597623,70.60168276370352,86.4952603981164,70.64845983400082,79.29217038823344,77.88448068457859,,93.27802721908832,73.9446632132744,55.79163671358265,72.25541934892324,55.81102962132848,28.719352562354366,28.525183165365767,0.0,74.13162267745003,59.61390338164245,41.84789371980671,39.143830917874354,30.79828502415456,37.809183574879185,28.038362318840548,26.17231884057968,21.9442028985507,21.9442028985507
664.0,94.30978889651776,70.694286205172,86.59214730182211,70.72915675799503,79.38343575995307,77.96912798470102,,93.39921335453305,74.16399115463531,55.678980610884196,72.30956925481146,55.807319376888955,28.650392342741643,28.637809978641215,0.0,73.5804190960534,59.68513526570042,41.93019806763281,39.2025942028985,30.846362318840548,37.86056521739126,28.065893719806734,26.181125603864704,21.942173913043455,21.942173913043455
666.0,94.42734372717219,70.78687074950138,86.6870736098653,70.80966091687522,79.48413813633209,78.05399916290776,,93.51493384411901,74.1061,55.8044170212766,72.5110085106383,55.87060425531915,28.612456382978724,28.78330744680851,0.0,73.72595957446808,59.75629468599027,42.00781642512073,39.26152173913039,30.897787439613495,37.908367149758405,28.093666666666635,26.191444444444414,21.94197101449273,21.94197101449273
668.0,94.5461591173317,70.8733720531952,86.78637695653178,70.89273933740533,79.5782395330535,78.14200133302658,,93.63205497474682,74.36616520151405,55.810388246366784,72.38359827404277,55.725999158534,28.61026301583221,28.625137191172943,0.0,73.57929492162417,59.82957004830911,42.08583091787435,39.32601932367145,30.950975845410596,37.9574637681159,28.122188405797072,26.203492753623156,21.943024154589345,21.943024154589345
670.0,94.66748220251631,70.9632899541309,86.87874305113698,70.97833576779904,79.6824365584579,78.22765128402504,,93.74767916309837,74.04966743620626,55.7269639548824,72.50241655048731,55.88783599195907,28.664969676488404,28.488264717497408,0.0,73.46475883082019,59.90657971014486,42.16622705314005,39.3948405797101,31.00677294685987,38.00790338164247,28.15014009661833,26.21448792270528,21.94415942028983,21.94415942028983
672.0,94.78639588619409,71.04667077025246,86.977728694092,71.06005519066626,79.78350299789263,78.30820829317291,,93.86183114806164,74.04246843816894,55.85597237362094,72.4337579367693,55.911900061748725,28.696593211756955,28.647062271529723,0.0,73.77959393215873,59.986560386473364,42.251657004830875,39.465531400966135,31.065420289855037,38.05795652173909,28.17677294685987,26.222821256038618,21.94416908212558,21.94416908212558
674.0,94.91247227006006,71.13919828056235,87.07291183830472,71.13207456297958,79.88540604800853,78.39103533618402,,93.98658220963335,73.93148571428571,55.71005510204082,72.54303673469387,55.95194081632653,28.715402040816326,28.667873469387754,0.0,74.36524489795919,60.067541062801865,42.32789855072459,39.537415458937154,31.119251207729437,38.106497584541025,28.20189371980673,26.232884057970985,21.943623188405773,21.943623188405773
676.0,95.03916939880034,71.2287528250684,87.17015669276049,71.21777762077713,79.99404547041118,78.47888657222359,,94.10515296587471,74.3198422975512,56.04332422777027,72.6285546259352,55.896367843891746,28.859955947888732,28.64478282046829,0.0,73.93169912147944,60.147502415458874,42.400637681159374,39.608545893719764,31.170154589371947,38.155400966183535,28.22891304347823,26.24362318840577,21.943077294685967,21.943077294685967
678.0,95.16376821282151,71.30746357414421,87.26320214181831,71.30489000819044,80.08819675116418,78.56749697386303,,94.2123246247247,74.26475514063446,55.588535817595485,72.33459397928564,55.917137271064604,28.906945557570726,28.595223199211365,0.0,73.689068838804,60.23163285024148,42.47675362318836,39.679927536231844,31.221130434782573,38.20593719806759,28.25824154589369,26.253985507246348,21.941864734299493,21.941864734299493
680.0,95.28530551738278,71.39306467172243,87.35101588578664,71.38298570390891,80.18200600755527,78.65848177209924,,94.3240850520375,73.8318018972026,55.83278605117964,72.42133389492025,56.06867215126675,28.96725822486232,28.585100489584235,0.0,74.1014034189384,60.32089855072458,42.5480289855072,39.753120772946815,31.271526570048277,38.25637681159416,28.287289855072434,26.265314009661807,21.941714975845386,21.941714975845386
682.0,95.40257689862928,71.48056671934411,87.43498879546895,71.46423265326396,80.28349852879812,78.74437290574686,,94.4406487918086,74.44320799190943,55.98136926236981,72.4259558320302,55.90347549693585,28.703190576483017,28.510098851260377,0.0,73.90172802415094,60.41023188405791,42.617642512077246,39.82663768115938,31.321913043478226,38.30681642512073,28.314642512077263,26.275903381642483,21.94253140096616,21.94253140096616
684.0,95.51131495132238,71.56757100000006,87.5260134507389,71.54020869489682,80.38258010234301,78.83208294926676,,94.55554324282855,74.20984118783852,55.868426447778575,72.41773052018131,55.744015689768545,28.790620526154633,28.585995627174114,0.0,73.9740097656348,60.500565217391234,42.68742028985503,39.900164251207684,31.372289855072435,38.35735265700478,28.34305797101446,26.287048309178715,21.946043478260844,21.946043478260844
686.0,95.6255820036101,71.65660653280098,87.61194567275774,71.62457556669094,80.48433506434674,78.92088121551875,,94.67222958176221,74.27938339808372,56.15810554014696,72.31200099930018,55.810803492919476,28.91367716056212,28.71211609300387,0.0,73.72535923194879,60.594608695652106,42.75972463768111,39.97333816425117,31.421483091787405,38.4062560386473,28.37407246376808,26.29821739130432,21.950980676328477,21.950980676328477
688.0,95.7434447757888,71.75112529536185,87.69346486694468,71.71039317747154,80.57488583666199,79.0036368531015,,94.79149604570698,74.5390538628923,55.948536430276924,72.67645672246154,56.042022036430765,28.63342449513846,28.59717884209231,0.0,74.20352000418461,60.689038647342926,42.83269565217386,40.047574879227014,31.468318840579673,38.45297101449271,28.40622222222219,26.30765700483089,21.955468599033793,21.955468599033793
690.0,95.85898941862507,71.84544918127118,87.78313718261948,71.78551182610997,80.67764141486781,79.09424694104806,,94.90295802727076,74.1658277983497,56.24130959546854,72.62607626765171,56.147902488757985,28.84943963349357,28.719861873414548,0.0,74.28684142051463,60.78053140096611,42.90328502415454,40.1230676328502,31.516449275362284,38.49871980676324,28.439265700483062,26.31721739130432,21.96063285024152,21.96063285024152
692.0,95.9804077638622,71.93184708255316,87.8661637359621,71.85774637782104,80.77630113427593,79.17750015995206,,95.02602516301069,74.52436654159887,56.02375597162122,72.23952067137391,56.03828455779114,28.778063684605833,28.76859406085806,0.0,74.3976982677714,60.867526570048234,42.967777777777734,40.19635748792266,31.565922705313973,38.54350241545889,28.471739130434752,26.32752657004828,21.964550724637657,21.964550724637657
694.0,96.10132892747534,72.02645976539293,87.9581200211788,71.93208199159525,80.86094539360174,79.25823011821612,,95.13478972684568,74.7222060763035,56.11611866781198,72.47285353858587,56.011836728317476,28.828199993522887,28.689063249012626,0.0,74.65648198159575,60.95568599033809,43.030188405797055,40.270603864734255,31.617454106280157,38.59036714975841,28.505178743961324,26.339830917874366,21.96829951690819,21.96829951690819
696.0,96.2152993328225,72.12254960214952,88.04216855354342,72.00834246380767,80.96207284883315,79.34092731689195,,95.24962851602679,74.81468584872157,56.08944660944314,72.77650740216471,56.2206927834353,28.798001953003922,28.7662875008,0.0,74.3094274252549,61.04346376811588,43.09687922705309,40.34474396135262,31.670028985507212,38.639410628019284,28.54051690821253,26.352995169082096,21.971734299516882,21.971734299516882
698.0,96.33205267528263,72.21165113229162,88.12487940434838,72.08634938764199,81.06434476731587,79.43944776475222,,95.36819003124072,74.45868998847358,55.986946797299524,72.45996488144245,56.13475278692574,28.991633626296725,28.756280594434383,0.0,74.43300056808826,61.123917874396064,43.1663864734299,40.4183671497584,31.718458937198033,38.68777777777773,28.573859903381607,26.364710144927507,21.974710144927514,21.974710144927514
700.0,96.45501946155419,72.31189793185621,88.20777408575576,72.15474627182955,81.16120201769252,79.53219131604845,,95.48019091700861,74.60619473684211,56.11845263157895,72.54563684210527,56.280205263157896,28.947502631578946,28.71457105263158,0.0,74.02898947368422,61.20158454106273,43.23972463768111,40.49293719806758,31.761159420289818,38.73443961352652,28.606140096618326,26.37509661835746,21.978908212560363,21.978908212560363
702.0,96.57141103673607,72.4018780786791,88.28352166526513,72.23080086034498,81.25879717766458,79.62342254370823,,95.6026448351913,74.32846947746035,56.16360520378614,72.45652664131045,56.04654029476596,28.872119473138262,28.74546849634784,0.0,74.04124534295717,61.277381642512005,43.31795652173908,40.56574396135261,31.803149758454072,38.780144927536185,28.638893719806735,26.386705314009628,21.983009661835723,21.983009661835723
704.0,96.6914062071758,72.4935555472154,88.3612994393718,72.31051745752795,81.35380332914681,79.70940348716152,,95.72482861199649,74.33621512027402,56.17834867766197,72.83221289359987,56.10237946224264,28.89643342400544,28.767319250077783,0.0,74.40332289046223,61.35227536231877,43.39671497584536,40.63652173913039,31.847671497584507,38.82681642512073,28.671260869565188,26.39970531400963,21.98691787439611,21.98691787439611
706.0,96.80622526680324,72.58544495502817,88.43649726062624,72.3956698446454,81.45741257888285,79.80057916507097,,95.83913067918583,74.37208791809032,56.320066319673145,72.53297538978882,56.14395978717273,28.98148567545385,28.71898268450004,0.0,74.71704019198707,61.426676328502346,43.48068115942024,40.70500483091783,31.89323671497581,38.87272463768112,28.70238164251205,26.411884057970987,21.98931400966181,21.98931400966181
708.0,96.92893292831874,72.66522148472109,88.50854743818194,72.47141481187926,81.55570254551574,79.88565237661389,,95.94738687983772,74.55181096734707,56.230626433089846,73.03032652892855,56.18448777545561,28.843993677710884,28.732788033391884,0.0,74.28046217081662,61.49982125603858,43.574584541062755,40.772753623188365,31.937231884057937,38.919140096618314,28.733792270531367,26.42345893719804,21.990657004830894,21.990657004830894
710.0,97.04214267652918,72.74722315133182,88.5894902468256,72.54642881958738,81.6490077290735,79.96887185783415,,96.0601256499088,74.43728705200053,56.415325923305595,72.11556324651065,56.06123515512031,28.874046632595434,28.727165997033506,0.0,74.42528399986347,61.57277294685984,43.66812077294681,40.83832850241541,31.979487922705278,38.96793719806759,28.763980676328472,26.43342512077292,21.992579710144902,21.992579710144902
712.0,97.15834216007612,72.83868885467986,88.66929924214098,72.62682618640468,81.7468087412698,80.05054800091197,,96.16527739746128,74.54921553421947,56.1664426838725,72.82417680268625,56.21306318424035,28.827484949197704,28.708570850689956,0.0,74.48767760175372,61.645990338164175,43.75882608695647,40.89967149758449,32.02105797101446,39.016164251207684,28.793212560386443,26.441951690821227,21.994888888888866,21.994888888888866
714.0,97.27638547816154,72.92325706548493,88.75293571057551,72.70707186676458,81.84430677785375,80.12392313068051,,96.26934851586662,74.6752913215945,56.02493954264684,72.74914161852935,56.28670886090067,29.027902567478854,28.801414278599147,0.0,74.5204961523936,61.71872463768109,43.8514444444444,40.96072463768111,32.06182125603861,39.06326570048305,28.82292753623185,26.45038164251205,21.9973913043478,21.9973913043478
716.0,97.39620766070448,73.01191218056873,88.83318869958674,72.78429511467434,81.9384172291379,80.20256599762811,,96.3795060048306,74.41324450189923,56.18766870850054,72.6332146330087,56.274872819510676,28.97093899522044,28.797866197154782,0.0,74.36215705795784,61.79144927536225,43.94470531400961,41.02360386473425,32.09865700483088,39.11228985507242,28.85273913043475,26.45823188405794,21.998671497584517,21.998671497584517
718.0,97.51532085457032,73.09377913512697,88.91057634982523,72.86573809182008,82.03019310041944,80.28077868284866,,96.48251449802675,74.8704457259449,56.333204432240215,72.48047682498765,56.30396217668846,28.913103658890716,28.807261570184778,0.0,74.4679084008783,61.86528985507239,44.0373864734299,41.086202898550674,32.13327053140093,39.16206280193232,28.884086956521703,26.463797101449245,22.002140096618334,22.002140096618334
720.0,97.6288120650347,73.17452919928138,88.99284750069475,72.94845673268334,82.11821337763774,80.35807646115913,,96.58889001683964,74.76031744633278,56.499077267454375,72.6177899284437,56.15746958325192,28.93726780893749,28.794780118452525,0.0,74.36036735642362,61.939024154589305,44.127057971014445,41.148811594202854,32.170415458937164,39.21080676328498,28.91418840579707,26.468975845410597,22.007603864734275,22.007603864734275
722.0,97.74883344724915,73.26344262756787,89.06361477770336,73.0294624366224,82.2139016761744,80.44459746766827,,96.70560846276729,74.69569749220138,56.36424384539113,72.80071210441794,56.21135604096995,29.087917046337203,28.70090489321688,0.0,74.28688530786157,62.01025603864728,44.20820772946854,41.21228985507242,32.205241545893685,39.25974396135262,28.944483091787408,26.475666666666637,22.01248792270529,22.01248792270529
724.0,97.85973754500336,73.3548369886406,89.14780987059818,73.11538251461018,82.30898570729534,80.53792259602486,,96.8163840301394,75.20399746819817,56.35031930240627,72.49677556745601,56.57792239545905,29.039297946281565,28.822474613368403,0.0,74.37590709237185,62.080811594202835,44.28737198067628,41.27627536231879,32.23777294685987,39.31070048309174,28.976410628019295,26.482164251207703,22.01848792270529,22.01848792270529
726.0,97.97573718400447,73.43871365280388,89.22119443918974,73.20478642886877,82.4003416975818,80.62626218286843,,96.91320621190421,74.71885475958567,56.585939053263814,72.84949381906662,56.34990476891138,29.021803330984635,28.859505002175997,0.0,74.47829623875276,62.153739130434715,44.36329468599028,41.3410096618357,32.27168599033813,39.3625024154589,29.00841062801929,26.489811594202873,22.024951690821233,22.024951690821233
728.0,98.09585903438263,73.53477992804494,89.30408799434231,73.28873777281696,82.50181246993401,80.7147955425804,,97.01863316799734,74.8362181785741,56.23382725338036,72.7357453662737,56.317254446510255,29.1055817761734,28.788963604322518,0.0,74.5588092185799,62.227913043478196,44.4318019323671,41.406734299516856,32.305879227053104,39.41337198067628,29.0401449275362,26.49877777777775,22.029483091787412,22.029483091787412
730.0,98.21076502834295,73.6258749057895,89.38634796964675,73.37586635088932,82.60473523546072,80.80393311145049,,97.13055896990203,74.9149309776994,56.2317766002929,73.02829992268018,56.37160252231554,29.050072333343298,28.90655659336661,0.0,74.83119036659991,62.30103381642505,44.49662801932362,41.47369082125599,32.33747342995166,39.46453140096614,29.073101449275327,26.507454106280168,22.03151207729466,22.03151207729466
732.0,98.33296124833532,73.71537227553668,89.47435327148327,73.46293830549295,82.70714874978239,80.89023563846015,,97.23880415669778,75.06212829444635,56.42889385238377,73.14816565309695,56.23619408407655,29.124005350525835,28.773571340818528,0.0,74.84765849880662,62.37380193236708,44.55971497584536,41.54334299516904,32.36658937198064,39.51720289855068,29.10759420289852,26.516057971014465,22.032864734299494,22.032864734299494
734.0,98.45928471928752,73.81238444744952,89.56237222436498,73.55292150445784,82.8157203710494,80.97619995259546,,97.34866678701893,74.6509506992762,56.365250680076194,73.25329239100952,56.555245279390476,28.888526508190473,28.799829109333334,0.0,75.05629662354286,62.44869565217384,44.621797101449225,41.61293236714972,32.3951256038647,39.56960869565213,29.1409371980676,26.52358454106277,22.032318840579688,22.032318840579688
736.0,98.58807024714636,73.90529539471848,89.65157405669501,73.63784446645764,82.91843078540929,81.06804685080385,,97.45897795666752,75.16835581733334,56.37386212453333,73.05416927706666,56.54504116666667,29.081077358,28.833872136133333,0.0,74.4823110328,62.524541062801866,44.67809661835743,41.68208212560382,32.42498067632847,39.62057487922701,29.174666666666635,26.531425120772916,22.0304299516908,22.0304299516908
738.0,98.71061225217495,73.99414733945449,89.74588163346698,73.71816094516005,83.02403234430687,81.14766187931028,,97.56579855495367,75.227801413376,56.43435997184,73.193766825728,56.433356458496,29.037001991168,28.982626777472,0.0,74.860466516736,62.60135265700477,44.73218357487917,41.754589371980636,32.458101449275325,39.67070531400961,29.20971497584538,26.5397487922705,22.027705314009637,22.027705314009637
740.0,98.83150160646862,74.07317325680194,89.82558415373784,73.80566671581101,83.11582975447928,81.23719016664819,,97.6853484371929,75.27923371446126,56.559770713715736,73.05010157084146,56.3704179918105,28.934024130380216,28.89918071083105,0.0,74.76845513117819,62.67792270531394,44.78696135265695,41.831821256038594,32.49226086956518,39.72177777777773,29.245236714975817,26.550550724637652,22.024603864734274,22.024603864734274
742.0,98.94910904424768,74.17350970919894,89.92106102024006,73.89347457223064,83.20732156956635,81.32426901508309,,97.79312453620749,75.12903414057674,56.58488672372093,73.28025391330233,56.235992277581396,29.139120036018603,28.81178926935814,0.0,74.84225415650232,62.756681159420225,44.84658937198062,41.91214492753618,32.526454106280156,39.77496618357483,29.28103864734296,26.564048309178716,22.022758454106256,22.022758454106256
744.0,99.06758014251284,74.26330970574479,90.0103895111307,73.98420861567661,83.31058613672133,81.40986959219767,,97.91272254534495,75.1400662575971,56.41419077179383,72.92053988322152,56.448238817306134,29.209279047653155,28.832505735197756,0.0,74.79282110422254,62.83462801932361,44.91354589371976,41.99210144927531,32.55902415458934,39.825396135265656,29.314531400966153,26.57563285024152,22.021975845410605,22.021975845410605
746.0,99.18828509363956,74.3594032629283,90.10027976946049,74.06860767449442,83.40819354868852,81.49506132253863,,98.02491519294038,75.0509546725719,56.608805913983915,73.02562461940457,56.48056453274281,29.09562512736958,28.893858864418235,0.0,74.88150295346092,62.90872946859896,44.98381642512073,42.0724057971014,32.58943961352653,39.87419323671494,29.34429951690818,26.584869565217364,22.020840579710118,22.020840579710118
748.0,99.31652807618227,74.45485169644898,90.19867554008182,74.15407821026156,83.503195817085,81.57335683273762,,98.13468639323834,75.35629442533877,56.40332654145306,73.09632903000816,56.60592956995919,29.098625773126532,28.91280053675102,0.0,74.92076520333062,62.980714975845345,45.055927536231835,42.15128019323667,32.621946859903346,39.92243478260865,29.373101449275328,26.593053140096586,22.01971497584539,22.01971497584539
750.0,99.43672457501408,74.54319062898573,90.28302613950206,74.23669821022959,83.59976203774538,81.64803100057935,,98.25409182684459,75.06827179918054,56.617964134017924,73.35826660225096,56.37563129461127,29.128932558134956,28.925201800860947,0.0,75.01011839050884,63.051647342995096,45.127265700483036,42.22989855072459,32.65839613526566,39.97057971014488,29.40186956521736,26.60325603864731,22.021357487922682,22.021357487922682
752.0,99.55585888799992,74.62856035263451,90.37626798308156,74.3167366772039,83.69268453843547,81.72907999438472,,98.35798785915435,74.88000634621004,56.42613643472392,73.24390800788169,56.532302933137494,29.185158053392772,28.855434819209812,0.0,74.90469700893931,63.126207729468526,45.198869565217336,42.3093864734299,32.696463768115905,40.02091304347822,29.4273140096618,26.615550724637654,22.024922705313987,22.024922705313987
754.0,99.67662616135891,74.72342014490224,90.47157166259936,74.3995413326137,83.78412360544695,81.8082246661105,,98.4680967426072,75.25123433674328,56.60057316851683,72.9303879730907,56.47358496846487,29.119732102537583,28.86873582294474,0.0,74.90794329878393,63.20247342995162,45.27422222222218,42.3878212560386,32.73444444444441,40.072115942028944,29.45157487922702,26.626405797101423,22.028391304347803,22.028391304347803
756.0,99.80007685332475,74.80396341813126,90.56902073419063,74.4698303905963,83.88510430031897,81.88041733116765,,98.57752860888168,75.28078686602448,56.52801902419591,72.91675404146939,56.44329803206531,29.224530254628572,29.001690776293877,0.0,74.80740201273468,63.28101449275355,45.35325120772942,42.46628019323667,32.77302898550721,40.12409178743957,29.47679227053137,26.636512077294658,22.033396135265676,22.033396135265676
758.0,99.91749182979625,74.8970993851756,90.66409461088895,74.54407509656835,83.97159980450073,81.94519915248904,,98.67926808754393,75.2971306122449,56.42874693877551,73.25230408163266,56.455532653061226,29.098672448979592,28.905764285714287,0.0,74.97595306122449,63.36249758454099,45.43294685990333,42.54279227053135,32.81351207729465,40.176743961352614,29.501502415458905,26.647164251207702,22.040396135265674,22.040396135265674
760.0,100.03699959770975,74.98992253819056,90.75225834424882,74.62275626915307,84.05792071074863,82.0157033595547,,98.78599730283207,75.53746400261977,56.64202898310789,73.40192186409645,56.629478594624516,29.165420849972254,28.955832462045063,0.0,74.87546791812156,63.44284541062795,45.51279227053135,42.61838647342991,32.85418840579706,40.229975845410586,29.528512077294657,26.65726086956519,22.04685024154587,22.04685024154587
762.0,100.15876589392005,75.07298821553968,90.83862893648677,74.6937542518684,84.14586003463893,82.08710863810518,,98.89393445576339,75.18813514444024,56.66118539375935,72.69215273576671,56.58197608147546,29.14619343472185,28.982191460399285,0.0,74.73104044738824,63.52163285024148,45.58625603864729,42.69652173913038,32.8933526570048,40.283690821255995,29.55645410628016,26.668748792270502,22.053217391304326,22.053217391304326
764.0,100.27948816612374,75.16169439385699,90.91898893997171,74.76563601143822,84.23850125123509,82.16322393724437,,99.00836291666127,75.55439696488112,56.53959110185118,73.3669277137567,56.559648025062636,29.12958786180571,28.983964593321446,0.0,74.69533021545809,63.5990048309178,45.64912560386468,42.77465700483087,32.93107729468595,40.33657004830914,29.58400966183571,26.679971014492725,22.061130434782584,22.061130434782584
766.0,100.39750991818647,75.24367383153765,91.00030205291327,74.84434896823014,84.32579077499047,82.24650339574704,,99.12359547444925,75.25251977750825,56.80128020994521,73.28432865208481,56.60120590941408,29.00882324871398,29.064422205261177,0.0,74.98279596838276,63.67445410628012,45.712140096618306,42.852695652173864,32.970434782608656,40.390294685990305,29.612304347826054,26.689270531400936,22.073444444444423,22.073444444444423
768.0,100.50706345714588,75.32404957195486,91.08564425388228,74.92331394519906,84.41362851903088,82.33121631475629,,99.23649694768122,75.21799168878324,56.52544676438361,73.09110917493823,56.55541411684974,29.16823462219606,28.95870270852863,0.0,75.17776098511737,63.747425120772874,45.77813043478255,42.93358937198063,33.011497584541026,40.44594202898546,29.63946376811591,26.699816425120744,22.088236714975825,22.088236714975825
770.0,100.61951939607279,75.41133456969989,91.15460617716944,74.99525459938593,84.50559506721187,82.4195070141863,,99.35554591246789,75.13417077819963,56.779136034518025,73.63173663225791,56.499274615627385,29.113310028566357,29.09722569624574,0.0,74.85121318806796,63.819140096618284,45.842101449275305,43.01428985507242,33.04951207729465,40.50158937198063,29.666043478260836,26.710555555555523,22.10058454106278,22.10058454106278
772.0,100.7411862327446,75.49504336616319,91.2396599560282,75.07417452582365,84.60205381306574,82.50997953057727,,99.4665264141167,75.7212561837142,56.54871526545667,72.87560298788962,56.18798055912563,29.132222372339424,28.92074438497226,0.0,75.0573184059016,63.89142512077288,45.90388405797096,43.092971014492704,33.085724637681125,40.55714009661831,29.692599033816393,26.720434782608667,22.11034299516906,22.11034299516906
774.0,100.86015897638782,75.575962189378,91.31604796835612,75.15401620274486,84.69021213860242,82.5895675989445,,99.57080121656878,74.9620818580408,56.587349741206005,73.36982905224092,56.56676856448928,29.27002615547652,28.993025127122884,0.0,74.86194506472124,63.96188405797094,45.95960869565212,43.17080676328498,33.1219371980676,40.61249758454102,29.719082125603833,26.730797101449248,22.116666666666646,22.116666666666646
776.0,100.97741143603461,75.66526156000751,91.39460671199424,75.22619825326805,84.78350721355507,82.67315906767897,,99.67863356408222,75.52821339322716,56.66286981939338,73.42183560983091,56.66102923885672,29.23292920755377,29.011591842983385,0.0,75.00651239546146,64.03051690821249,46.00953140096613,43.247748792270485,33.15690338164247,40.66756521739126,29.74544444444441,26.741159420289826,22.119835748792248,22.119835748792248
778.0,101.08417791399968,75.74574282262492,91.47188262449764,75.30781115960806,84.87788164780231,82.75551635897642,,99.79181227018002,75.76444238710795,56.820284855670394,73.23128233161546,56.68301865954349,29.06597374295031,29.03452627424564,0.0,75.19456013151668,64.09727536231877,46.05684541062797,43.32497101449271,33.191772946859864,40.72224637681155,29.771637681159387,26.751038647342966,22.12251207729466,22.12251207729466
780.0,101.19537916129272,75.83165337734275,91.54830085532456,75.38477613467248,84.97896301122323,82.83407621368755,,99.89653641908944,75.69024343696967,56.65644000494517,73.12009167150569,56.761132662488244,29.237005395108024,28.91938854499545,0.0,74.99890537487778,64.16571497584535,46.1059516908212,43.401869565217346,33.22769565217387,40.776444444444394,29.79639130434779,26.759951690821225,22.124961352656978,22.124961352656978
782.0,101.30214595800905,75.91922525067797,91.62498434745295,75.46747150662229,85.07236284346435,82.91247901013455,,100.00414116213832,75.3080835800589,56.767093863810366,73.25886148328607,56.55936711120139,29.308457935822105,28.955045098920593,0.0,75.3367853774679,64.23639130434776,46.16012560386468,43.476062801932315,33.26464734299513,40.82945893719803,29.821434782608666,26.76924154589369,22.12567149758452,22.12567149758452
784.0,101.40696998475,76.00001938014924,91.69874428645862,75.54362873160343,85.16777056806211,83.00320758365814,,100.10737383767409,75.5475284839727,56.841325472398125,73.33859450379516,56.91370457525428,29.41591171876117,28.98771954762056,0.0,75.62461567916043,64.3086859903381,46.21791304347821,43.55004347826082,33.30387439613523,40.88058937198063,29.848497584541033,26.777855072463737,22.12617874396133,22.12617874396133
786.0,101.50365382093749,76.08065204036366,91.77923867450198,75.62525287036978,85.2626279966266,83.07867029426251,,100.22035258930669,75.57451065627497,56.78894392933908,73.32103774502409,56.93929658815178,29.180070559514416,29.064605292396433,0.0,75.3391288936104,64.38442512077287,46.28157487922701,43.62456038647338,33.34184541062798,40.93156521739125,29.875086956521706,26.784739130434755,22.128067632850218,22.128067632850218
788.0,101.60175758946153,76.17035671439568,91.86203469015807,75.7136360182706,85.36169836068183,83.1676053351283,,100.3419691445447,75.74658801539043,56.93551884693472,73.29294457900646,56.5733574324958,29.274211901346156,29.105093068098576,0.0,75.09973059886296,64.45940096618351,46.34981642512072,43.698632850241495,33.37807729468595,40.98416425120768,29.901106280193204,26.793062801932336,22.13119323671495,22.13119323671495
790.0,101.70674068367774,76.2684510039137,91.95133640732092,75.7984867656556,85.4623029692013,83.24535286489323,,100.4476953321323,75.53315471729721,56.6766322005245,73.66161603419779,56.78586762770791,29.227377422353616,29.062924140955598,0.0,75.44393860665339,64.5342318840579,46.420169082125554,43.77134299516903,33.412690821256,41.03416425120768,29.924584541062767,26.799946859903354,22.134285024154565,22.134285024154565
792.0,101.80957537625561,76.36245878153768,92.03403752723045,75.88510035736189,85.55722140290423,83.33238942808777,,100.55370289276027,75.5668911156509,56.749168673995996,73.5578075246193,56.843705937164074,29.43707010861536,29.067643311520257,0.0,75.66134772274555,64.61074396135258,46.49132367149754,43.84182125603859,33.443966183574844,41.08034299516903,29.945884057970982,26.805512077294654,22.136120772946835,22.136120772946835
794.0,101.91131703939408,76.45677534053613,92.11811321698183,75.96521573982616,85.6437375086229,83.40976941389897,,100.65684105697511,75.43852483379099,56.789059654896604,72.96599652400288,56.756998596457265,29.330217657382736,29.00699700543586,0.0,75.6473223451136,64.68715942028979,46.56549275362313,43.90862801932363,33.47618357487919,41.127478260869516,29.970144927536197,26.81287922705311,22.13670048309176,22.13670048309176
796.0,102.01698549530661,76.55004107195933,92.20476284285921,76.0501820090165,85.72844617820702,83.49399392319548,,100.76714444732406,75.69586421169403,56.85247931803107,73.57579649939167,56.6782762197826,29.39813738365245,29.073010101986327,0.0,75.49028131741822,64.76292270531394,46.64726570048304,43.97337198067628,33.51119323671494,41.17552173913038,29.99890338164248,26.82216908212558,22.13907246376809,22.13907246376809
798.0,102.12264964778234,76.64314454357398,92.27961605269834,76.1269536330383,85.82030412163515,83.57474492959952,,100.8779887447581,75.82831856865063,56.890377257776315,73.6884661347128,56.930793912375655,29.256304285088138,29.093596983080737,0.0,75.38179595468544,64.84051207729462,46.7298019323671,44.038932367149705,33.54601932367146,41.222647342995124,30.02769565217388,26.832328502415432,22.142111111111085,22.142111111111085
800.0,102.23247383117861,76.73609114648922,92.35975262200917,76.2028296338441,85.91654501993864,83.65959049193616,,100.98181057257383,76.05599904260912,57.0111286605848,73.1115790600569,56.679833007989444,29.284733506257712,29.052357774699978,0.0,75.4685305902792,64.9212318840579,46.80871014492749,44.10345893719801,33.580685990338125,41.269458937198024,30.05505797101446,26.84230434782606,22.140468599033788,22.140468599033788
802.0,102.34411234969018,76.83419733781732,92.44689114528379,76.27867175439675,86.01615833553427,83.73365540565246,,101.09613712868486,75.9887171741432,56.98370503124104,73.45117748677225,56.94578740774664,29.237279928808775,29.174907203319513,0.0,75.37330403631344,65.0034009661835,46.8886328502415,44.16642028985502,33.61821739130431,41.316560386473384,30.086748792270498,26.853439613526543,22.13597101449273,22.13597101449273
804.0,102.46824623353402,76.91941296663788,92.51977251296509,76.34634501764252,86.11748774228077,83.81365650354152,,101.20399662753647,76.01995283018867,56.989543396226416,73.42760943396226,56.719071698113204,29.32348679245283,29.080658490566037,0.0,75.57681886792453,65.08473429951684,46.96201932367145,44.226159420289804,33.656811594202864,41.36395169082121,30.12252657004828,26.86525120772944,22.132792270531375,22.132792270531375
806.0,102.58393376570285,77.02099894364038,92.59675203610982,76.41759599884584,86.2068489564758,83.89755067884926,,101.31540326458722,76.1555339249491,57.0777903246263,73.5222766113386,57.079444151177796,29.362152313162174,29.147299492223187,0.0,75.68076802883834,65.16167632850235,47.029555555555504,44.28411594202893,33.694666666666635,41.4116328502415,30.15919806763282,26.877256038647317,22.13028019323669,22.13028019323669
808.0,102.71075862368752,77.10881740273301,92.67219525118769,76.48695343584413,86.29920697138742,83.98647816742785,,101.43938007899357,75.99007407407407,57.073181481481484,73.75436296296296,56.89052592592593,29.461096296296297,29.100326851851854,0.0,75.72003148148147,65.23357487922698,47.101985507246326,44.339999999999954,33.73175845410625,41.459603864734255,30.196618357487885,26.888971014492725,22.125386473429927,22.125386473429927
810.0,102.82888631707006,77.19447218608956,92.7579205869472,76.55423913442624,86.38932475908591,84.07221973933709,,101.55868994144733,75.83950310368515,56.94064851710005,73.5927554197262,56.805682099758954,29.2177717356811,29.154015342900813,0.0,75.48586642950744,65.30511111111103,47.17488888888884,44.39239613526565,33.76923671497581,41.509086956521685,30.232816425120742,26.900516908212527,22.120492753623168,22.120492753623168
812.0,102.95308888118036,77.28421812811217,92.8397666006036,76.62865687441726,86.48574274072298,84.16146663957878,,101.67543639939913,75.97365821523593,56.95965523392137,73.292011922711,56.7233537273437,29.328926864181305,29.03157015272105,0.0,75.71476716121744,65.37974396135259,47.24753140096613,44.4417632850241,33.80947342995165,41.56074879227049,30.268821256038613,26.912014492753592,22.117980676328482,22.117980676328482
814.0,103.07696037796472,77.37323433700622,92.92355054689678,76.70183869585436,86.57923528821166,84.25153051420885,,101.7971916564996,76.10848852635596,57.095788682854256,73.50396786809705,56.89342262076694,29.372828787355516,29.14519953835416,0.0,75.75333589269239,65.45677294685983,47.325946859903326,44.488608695652125,33.85066666666663,41.612908212560335,30.304439613526537,26.922980676328468,22.11662801932365,22.11662801932365
816.0,103.19480057991416,77.45895173399875,93.00258957457636,76.77332333848454,86.66954688937803,84.33735605042037,,101.91297965908188,76.09445025888193,56.71583030989434,73.89707282671195,56.97916651409408,29.276963073571256,29.19362591359254,0.0,75.76930627884191,65.53376811594195,47.40666183574874,44.532265700483045,33.8898405797101,41.66331400966178,30.33765217391301,26.934758454106248,22.11460869565215,22.11460869565215
818.0,103.32221111308428,77.54358233457995,93.07505593389443,76.84270095045964,86.77037538000148,84.41830367173723,,102.02760844716907,76.21015725341677,57.11760597727647,73.67224974477195,57.1343079820517,29.247665608019098,29.0283523032274,0.0,75.55443124897086,65.61139613526562,47.483884057970954,44.57206763285019,33.92701932367146,41.71333333333329,30.370661835748756,26.946913043478233,22.111270531400944,22.111270531400944
820.0,103.45403340698435,77.63314041933037,93.15636608308138,76.92126874879519,86.86105218021895,84.49990901903564,,102.1311909919347,76.10387288806601,56.86170903084668,73.70003638843708,57.0670546246758,29.518027291133873,29.26400913014359,0.0,75.56938172083606,65.68737198067626,47.56091787439608,44.61034782608691,33.96522705314006,41.76372946859899,30.404497584541026,26.957835748792238,22.109565217391282,22.109565217391282
822.0,103.58137340128303,77.7240606760753,93.2328995161134,76.99222155406927,86.94874972881333,84.57227083572569,,102.23525584624855,76.26694303055737,56.954887777783604,73.70825150226885,56.92794776456393,29.414730941324592,29.253828910688522,0.0,76.17407959763935,65.76128502415452,47.63933816425115,44.64577294685985,34.00448792270527,41.81164734299513,30.43601449275359,26.967125603864705,22.11004830917872,22.11004830917872
824.0,103.70213295673365,77.81383401985558,93.30862443451774,77.06966817405863,87.04670646912604,84.65614799847516,,102.34366559889538,76.11840004787537,57.17695456893886,73.94373247213088,56.957850673081076,29.53733893364275,29.17868180553293,0.0,75.72130648145993,65.83337681159412,47.714816425120716,44.680565217391255,34.043652173913,41.859057971014444,30.46511594202895,26.975555555555527,22.112719806763263,22.112719806763263
826.0,103.81693686674048,77.89654203572765,93.38513975326903,77.1479235001352,87.15546357003272,84.73582903382342,,102.46220368619979,76.20347322214401,57.128218357504,73.689002137856,57.048998831872,29.350952877184,29.162495466624,0.0,75.8014500864,65.89904830917867,47.7843285024154,44.719294685990285,34.08339613526566,41.90732850241541,30.491705314009625,26.984468599033786,22.115801932367127,22.115801932367127
828.0,103.93248028970201,77.98365668556977,93.4620851309529,77.22279694258678,87.26435810731994,84.81742076890744,,102.5813411815288,76.312448,56.935808,74.084896,56.813852,29.337014,29.245386,0.0,76.301356,65.96452657004824,47.84910628019318,44.761053140096564,34.12379227053136,41.95482608695648,30.51568599033813,26.993381642512045,22.118120772946835,22.118120772946835
830.0,104.04974904790174,78.06273777250642,93.54344776465929,77.30106690805896,87.36318961571051,84.90167840144221,,102.69574544850573,76.10110151168,57.211508441599996,73.96208860544,57.11702752192,29.57752341952,29.20315751296,0.0,75.70197311872,66.03056038647335,47.91038164251202,44.806106280193184,34.16430917874392,42.00174396135261,30.540009661835715,27.00058937198065,22.12028019323669,22.12028019323669
832.0,104.15966577526409,78.15181074587142,93.62287492104899,77.36703735965119,87.47271118872254,84.98774254905558,,102.8132684615761,76.76658871178397,57.239740138945095,73.74668440362753,56.9782317679016,29.488030829286387,29.261543114369108,0.0,75.97343832149909,66.09729468599026,47.97000483091782,44.85467149758449,34.20197101449271,42.04644927536227,30.561628019323635,27.0061642512077,22.12405797101447,22.12405797101447
834.0,104.27804989514101,78.24624070723885,93.70698299013942,77.44862487540749,87.5720887466505,85.06971148981707,,102.93897106783108,76.00915594788873,57.29702863751497,73.50313744392241,56.78347709125111,29.410161675188732,29.283835684400227,0.0,76.19170749437815,66.16670048309172,48.031714975845354,44.90569565217387,34.23675362318836,42.090309178743915,30.579318840579678,27.013178743961323,22.130628019323648,22.130628019323648
836.0,104.39447566028721,78.33790269505631,93.78848408370865,77.52650731950898,87.68015506079857,85.15773386576231,,103.04677255455677,76.2271871062566,57.096839413314044,73.88417940740439,57.1087129457076,29.507603500705592,29.265463680083958,0.0,75.97821346993464,66.23714492753616,48.09091787439608,44.96290338164246,34.27220289855069,42.13346859903377,30.59668599033813,27.020483091787412,22.137560386473403,22.137560386473403
838.0,104.51413008786716,78.43422940257011,93.86287628467028,77.59865838879907,87.77649905870456,85.23841622863988,,103.15281135919501,76.617368900096,57.200050845184,73.875174673408,57.188995401472,29.550474262912,29.129587044608,0.0,75.8049877632,66.30761352656998,48.14371980676323,45.02636714975841,34.30703864734296,42.17546859903377,30.613729468598997,27.028149758454077,22.14364734299514,22.14364734299514
840.0,104.63354067544932,78.53023380920183,93.94355476679846,77.66940258994319,87.87172389192216,85.32526652711894,,103.25651543659482,76.58738548644385,57.10100700462575,73.93633997827702,56.91253180345141,29.479273096353555,29.280715611247413,0.0,75.4341312887884,66.38014009661829,48.192309178743905,45.09372946859897,34.340632850241505,42.22012077294681,30.63171980676325,27.03869565217388,22.148285024154564,22.148285024154564
842.0,104.74823603010016,78.61637256844294,94.02050731555879,77.74373274716247,87.96164020754854,85.40002787643866,,103.36417132596992,76.25121650987776,57.19853711469716,73.74963188609854,57.02028137983909,29.422376236485782,29.25918609544835,0.0,75.78993094312186,66.45380676328494,48.23828985507241,45.165632850241494,34.376661835748756,42.265888888888846,30.651405797101418,27.05046376811591,22.152695652173886,22.152695652173886
844.0,104.87476039395514,78.70672347654612,94.10043076816812,77.8149813543838,88.05912711878852,85.48404133577972,,103.47553209830649,76.23943842479969,57.14918207422947,74.06305694422747,57.12674716673734,29.528039458120382,29.303573877965498,0.0,75.8625943267793,66.52107729468592,48.28204347826082,45.24332367149753,34.412850241545854,42.31133333333328,30.67058454106277,27.061845410627992,22.156323671497557,22.156323671497557
846.0,104.99545490621952,78.79294918186919,94.17660290193788,77.8852300956395,88.1557978611021,85.56001351622474,,103.58249893158221,76.28931229350444,57.14766337538464,73.7285486015366,57.122640641774495,29.353731858987892,29.303344421751223,0.0,76.41871080176935,66.58706763285016,48.31596135265695,45.3250483091787,34.446367149758416,42.35445893719802,30.687671497584507,27.072454106280162,22.1543913043478,22.1543913043478
848.0,105.11933610724336,78.88333285917035,94.25366847659424,77.95162513728646,88.26019331498986,85.63594815148574,,103.68910073412461,75.99871161027019,57.43377683421109,73.85835782642602,57.00559653852358,29.51068469245214,29.24968699911658,0.0,76.30857573415055,66.65506763285016,48.34797101449269,45.40722705314005,34.47920772946856,42.39509661835744,30.705908212560352,27.083729468599007,22.148724637681134,22.148724637681134
850.0,105.24284180067937,78.96982732902327,94.33507012423891,78.02312488033465,88.35573863572836,85.70511885135147,,103.79173650420307,76.54820886078636,57.35909690412333,74.22305543051786,57.08046055211127,29.541873570445123,29.275698168604574,0.0,75.92717460240401,66.72236714975837,48.383541062801875,45.4880096618357,34.51214492753619,42.435507246376766,30.726140096618323,27.094714975845378,22.14475362318838,22.14475362318838
852.0,105.36093491421376,79.06047927122042,94.40811535478699,78.09260926441249,88.44150306045519,85.78228898184408,,103.89619360787853,76.19312930969167,57.46975449829786,74.1674665846087,57.09918588831411,29.58460100939055,29.347341880915963,0.0,76.09924348951499,66.78747826086949,48.41428502415454,45.56844927536226,34.54412560386469,42.47617391304343,30.745608695652137,27.104454106280166,22.14190821256036,22.14190821256036
854.0,105.48150192018548,79.15018937513854,94.490117661368,78.16511195341928,88.52509357232864,85.86776396696958,,104.00220042996362,76.57365908199111,57.349063468722875,73.99125638453931,56.97130540626955,29.510485907476788,29.377771782449038,0.0,76.09246047819911,66.85191304347819,48.4542173913043,45.64950241545888,34.57649275362315,42.515801932367104,30.765173913043444,27.11438647342992,22.136014492753596,22.136014492753596
856.0,105.59624611158851,79.23749864480935,94.57723813205789,78.25143814177551,88.60838692288559,85.94827861460915,,104.0959585818402,76.38075302412764,57.45359936621898,74.03647074049111,57.179675660321145,29.554661356569078,29.261500763805927,0.0,76.0602850495946,66.91656521739122,48.51267149758449,45.73025120772942,34.61181159420286,42.554922705313956,30.785695652173874,27.12290338164248,22.12707246376809,22.12707246376809
858.0,105.70759136638863,79.32766659425627,94.66746840041326,78.33490775110228,88.69831153178703,86.02913970923129,,104.19316463371588,76.30675700225201,57.23135017770564,74.24608591453756,57.33176970414448,29.507078912285536,29.28976219638975,0.0,76.32168307397623,66.98171014492746,48.57562801932362,45.810347826086904,34.64847342995166,42.595289855072416,30.805637681159386,27.130173913043446,22.118637681159395,22.118637681159395
860.0,105.8268123069567,79.41375911562936,94.75558642909627,78.41534633559135,88.791776000661,86.10653248074215,,104.28813843175604,76.82187117039491,57.44401608592111,74.17221318475339,57.15626292706745,29.55307536636109,29.296751959586956,0.0,76.40595314187026,67.05184541062793,48.63268599033811,45.88822222222217,34.68247342995165,42.63383091787435,30.82528985507243,27.13936714975842,22.114265700483067,22.114265700483067
862.0,105.94470538144671,79.50311458895321,94.83450786599528,78.49909615357855,88.88466714503753,86.18680423697296,,104.39057198254282,76.58615282008276,57.246100064000004,74.15423788601379,57.168670233048275,29.636982587641377,29.124787902013793,0.0,76.18925771784828,67.12665700483085,48.68709661835744,45.96168599033811,34.71275845410624,42.66864734299512,30.844942028985475,27.14760386473427,22.112130434782586,22.112130434782586
864.0,106.06029371121605,79.5908985020529,94.90566067214642,78.58735014288014,88.96974121684423,86.26460137677601,,104.48588667492103,76.77372880393847,57.61967802141538,74.15980384393846,57.491249281476925,29.59447975212308,29.375544205292307,0.0,76.54871340258462,67.20162318840572,48.74607729468593,46.03032850241541,34.74362318840576,42.70261835748788,30.86366183574876,27.155004830917836,22.109231884057948,22.109231884057948
866.0,106.18362836034328,79.67019714743738,94.98046324199234,78.6780337745542,89.06352387174104,86.33480921587672,,104.58449873363311,76.97300095838386,57.348749549639116,73.92556024695286,57.19587235997057,29.523010448770204,29.322545613703696,0.0,76.179245187203,67.27582608695644,48.81184057971009,46.09551690821251,34.776314009661796,42.73922705314005,30.883516908212528,27.162864734299482,22.106173913043456,22.106173913043456
868.0,106.30352008426438,79.75836590382467,95.06481792440307,78.76344164344695,89.14849806364865,86.41380840482616,,104.67399230661734,76.51040786689013,57.40545026350336,74.129461528887,57.156922164927,29.643329786473366,29.52470937300197,0.0,76.23855117450998,67.34707729468592,48.8865169082125,46.156173913043425,34.810903381642476,42.776574879227,30.902922705313976,27.16882608695649,22.10473429951689,22.10473429951689
870.0,106.422405408169,79.83723552748548,95.14745687679525,78.84242185430028,89.23577578767119,86.49189565406556,,104.77337993343964,76.68741499031825,57.34398501329057,74.40166784223638,57.061750217712714,29.556251102096606,29.38819492855121,0.0,76.64763086231376,67.41614009661828,48.966140096618304,46.212999999999944,34.845685990338126,42.81098550724633,30.92024637681156,27.175357487922675,22.106086956521718,22.106086956521718
872.0,106.53146873337337,79.91242786845989,95.22573987563872,78.93082006519302,89.32642583708855,86.5748742187299,,104.88786995839273,76.68540187631066,57.535481575978324,74.22715873404216,57.280132426449846,29.731965964276515,29.373087439755714,0.0,76.3773347528298,67.48128502415452,49.04604347826081,46.27152173913038,34.87895652173909,42.84603864734295,30.93863285024151,27.184357487922675,22.108405797101426,22.108405797101426
874.0,106.64598066880579,79.98756883413125,95.3072230108922,79.0117416369227,89.4260563762997,86.65124534314067,,105.0019436965854,76.89456496928001,57.53128448690673,74.03753445012228,57.5138213170819,29.633700248543533,29.44760921301175,0.0,76.24944324259837,67.54433816425113,49.12868599033811,46.33431400966179,34.91261352657001,42.88231400966178,30.95817874396132,27.19355072463765,22.111086956521717,22.111086956521717
876.0,106.7669380785578,80.07082318222936,95.39115600660817,79.09696888051555,89.51424400270005,86.73633883218162,,105.1103311415159,76.248515944704,57.692043464064,74.516040636032,57.31297249344,29.651575596672,29.357669985279998,0.0,76.237078347904,67.6137777777777,49.21708212560382,46.39739613526565,34.9473333333333,42.91678743961348,30.977758454106247,27.201884057970982,22.11352657004829,22.11352657004829
878.0,106.89118934606944,80.1522491746621,95.47100062484445,79.18012731672333,89.60336155700257,86.82187492327239,,105.21751434131497,76.70301956738165,57.61655044231135,74.16707267056283,57.31937438379454,29.748014522209655,29.342071786815335,0.0,76.57878545853563,67.68608212560379,49.31067632850236,46.46105797101444,34.98196618357483,42.951260869565175,30.99924637681156,27.209478260869535,22.115106280193213,22.115106280193213
880.0,107.01051246715674,80.24139967409533,95.5426524363812,79.25673321477238,89.70155154210873,86.90195090798737,,105.33188348387716,76.82546610541519,57.79367041427786,74.26728577824062,57.456368549743054,29.495446909824718,29.40657869517329,0.0,76.33737341406294,67.76022222222215,49.406565217391254,46.52681159420285,35.01653623188402,42.98631400966179,31.020864734299483,27.218231884057943,22.11881159420287,22.11881159420287
882.0,107.1283943952103,80.33229062942264,95.62650174000827,79.34278082672878,89.7994923794224,86.98075330861654,,105.44127186437726,77.00597749200486,57.530701011005405,74.18170069847739,57.53186280240822,29.621554298917133,29.38877334317916,0.0,76.37414535424824,67.83761352656997,49.504289855072415,46.59439130434777,35.0546714975845,43.02374879227048,31.043835748792233,27.230043478260836,22.125198067632827,22.125198067632827
884.0,107.25034713498235,80.41225825396333,95.70146131200785,79.41651224232912,89.90577128597661,87.05454314691762,,105.55292710302815,76.59043707835536,57.771068857248345,74.50315495090327,57.561616594604956,29.613558550279606,29.297679588096887,0.0,76.45806823242765,67.91789371980668,49.598531400966124,46.6654057971014,35.09699999999995,43.063589371980626,31.071207729468565,27.24320772946857,22.1323913043478,22.1323913043478
886.0,107.37712442689745,80.50282203480803,95.78167016883879,79.48464227312773,89.99152420685549,87.13126318814116,,105.66971380789498,76.76364225935154,57.588315297960605,74.09384929588802,57.43498334747482,29.773020915094055,29.418125767804582,0.0,76.91720145741176,67.99770048309172,49.6887632850241,46.73728985507242,35.139942028985466,43.10346376811589,31.100028985507212,27.25906763285021,22.13846859903379,22.13846859903379
888.0,107.50375709093157,80.58895553827196,95.85943125035233,79.55621467430566,90.08593143795245,87.2134803644611,,105.7826499598523,77.13010065542386,57.59660123706882,74.31799564481814,57.340365265397374,29.807478264796327,29.42005031880758,0.0,76.6763198656079,68.07544927536225,49.772618357487865,46.807478260869516,35.182314009661795,43.14277777777773,31.127347826086925,27.275966183574848,22.14323671497582,22.14323671497582
890.0,107.62933237376548,80.67016745391774,95.93499269490806,79.63198180249142,90.18198603927758,87.2881574681492,,105.90732312204754,76.78817028560903,57.6266259350763,74.58675599432195,57.52524725809379,29.784136502312126,29.38990422819465,0.0,76.60176253166134,68.15068115942022,49.8507632850241,46.87757971014487,35.223487922705274,43.181458937198016,31.15438647342992,27.291642512077267,22.149454106280164,22.149454106280164
892.0,107.75517467118232,80.75224301269448,96.01454718741643,79.70159084748123,90.27981885428136,87.36791133616443,,106.02573228767461,76.80635159729378,57.71659173160133,74.45061962146335,57.614439139735,29.727583495730478,29.585229432195014,0.0,76.6080616978067,68.22223671497578,49.92694685990333,46.94732850241541,35.26216908212557,43.22056038647338,31.182318840579676,27.30561352657002,22.15378260869563,22.15378260869563
894.0,107.87846526727641,80.84100622554088,96.08965979791506,79.77456270436006,90.37511655610842,87.43931127393728,,106.14175042514961,77.18162321246317,57.776542878652634,74.5110039703579,57.585839017094735,29.797348008421054,29.406323915789475,0.0,76.71216800505263,68.29738647342988,50.00017391304341,47.01518840579705,35.30001449275358,43.25986473429947,31.211096618357455,27.317951690821225,22.155835748792242,22.155835748792242
896.0,108.00825055073439,80.92707432514752,96.16352976770798,79.84878931912648,90.47048625183652,87.52117415116409,,106.25747145958722,77.26963252585918,57.56080858841748,74.3846619995037,57.48101541058993,29.728320539548122,29.390442329885445,0.0,76.7269235451173,68.3744009661835,50.07560869565212,47.082574879226996,35.33863285024151,43.299106280193186,31.241893719806725,27.329903381642485,22.16122705314007,22.16122705314007
898.0,108.12606753979979,81.01017122728344,96.24034118717992,79.92327060416903,90.55782086843661,87.59555742951758,,106.36585772163949,77.33847078321038,57.93028533667707,74.15453807562683,57.380739683703496,29.700198167985604,29.387185888692265,0.0,76.4367368194878,68.44799516908205,50.146444444444384,47.15085507246371,35.37963285024151,43.33979710144923,31.2741062801932,27.34088888888886,22.16834782608693,22.16834782608693
900.0,108.24287043851746,81.10241927922574,96.30714329155882,80.00001265797654,90.65312013909276,87.68022296860251,,106.48843311201311,77.22051590340429,57.55788336886034,74.28764063418593,57.601993885067465,29.7665763934325,29.430112400767744,0.0,76.99045733607943,68.51709178743954,50.20530434782603,47.22077777777773,35.42284541062798,43.383449275362274,31.3059565217391,27.35093236714973,22.175637681159394,22.175637681159394
902.0,108.3678448822086,81.19222259857318,96.39291146296601,80.06663395088154,90.74591539414334,87.77064787912983,,106.5927659092422,77.22297257885766,57.71110886731434,74.36373292286953,57.32928776515421,29.685793678425377,29.478392828117205,0.0,76.89328101583311,68.58539130434775,50.260483091787385,47.29309178743956,35.46814975845407,43.43285990338159,31.337492753623156,27.36066183574876,22.183980676328478,22.183980676328478
904.0,108.48168843983184,81.28623183353446,96.4767759725584,80.14687923065385,90.8424997982795,87.84035078845227,,106.70519193874624,77.0394813809831,57.84324583775669,74.53383552890776,57.507650740809304,29.6810288554771,29.40023304238031,0.0,76.78313723166995,68.65660869565211,50.31178260869559,47.36794202898545,35.51486956521735,43.48798550724633,31.36815942028982,27.37132367149755,22.193086956521714,22.193086956521714
906.0,108.59524741409531,81.37397069589413,96.5555394264861,80.21609058996614,90.94042085756075,87.91660183407532,,106.82367222936276,76.99087789182175,57.84752957618772,74.56025366325795,57.565704465370025,29.744934678593992,29.48969805969716,0.0,77.17844830705866,68.72850724637674,50.35287439613521,47.44364734299512,35.55994685990334,43.54235748792266,31.39679710144924,27.383608695652146,22.203318840579684,22.203318840579684
908.0,108.71754296127936,81.46708554783507,96.63202730477622,80.28861476990018,91.03525887436084,87.98875657957568,,106.93753586338747,77.1910477280948,57.718444744229174,74.52585523972306,57.536795538720966,29.739596281630657,29.379988829990474,0.0,76.70212542781307,68.79953623188398,50.38629951690815,47.51787439613521,35.60214975845407,43.59330434782604,31.42407246376808,27.395859903381613,22.216309178743938,22.216309178743938
910.0,108.83730940628743,81.56031795534848,96.70139162443313,80.36665943335652,91.12779122545193,88.0720331081745,,107.05466329204442,77.60244234604758,57.81626367293005,74.57070404415614,57.683603940851036,29.84506564885052,29.567808105896148,0.0,76.60040200559321,68.87241545893713,50.4229323671497,47.591241545893666,35.644502415458895,43.64007729468594,31.448256038647312,27.406468599033786,22.228309178743938,22.228309178743938
912.0,108.95170098721619,81.65199815097202,96.78241847038046,80.44368322519425,91.22189972868324,88.14131050415929,,107.17483177728747,77.37045553675688,57.65679208187432,74.33078425639017,57.68908617828995,29.960545577159237,29.43780694209461,0.0,76.87447637919912,68.94444927536226,50.470729468598975,47.664922705313955,35.68768115942025,43.68018357487917,31.468222222222185,27.415652173913013,22.236792270531378,22.236792270531378
914.0,109.07417664785936,81.73540132014496,96.86227521253238,80.5146805709827,91.32415293808471,88.20603275154238,,107.29303720154095,77.50263225524706,57.944578498635295,74.22464396348235,57.485983718776474,29.756375328188238,29.444973528470587,0.0,76.74979545261176,69.01171980676321,50.529458937198015,47.73886956521734,35.72758454106276,43.7147826086956,31.487671497584508,27.423009661835714,22.24466183574877,22.24466183574877
916.0,109.18432122191831,81.82820246354783,96.95136635139906,80.58877149138745,91.40695238611639,88.28651464496193,,107.39034481390736,77.45253074055016,57.92137920087394,74.49531981390562,57.623661872324355,29.703765081387772,29.59445568833628,0.0,77.03008516491732,69.07629468599026,50.596763285024096,47.814256038647294,35.76433333333329,43.74198550724632,31.505478260869527,27.429314009661802,22.252425120772923,22.252425120772923
918.0,109.2976833921804,81.91613022409962,97.02679307509858,80.6625808773829,91.49251139601033,88.36225431078108,,107.50487255979303,77.56425238336,57.928923993855996,74.497057233408,57.532306519936,29.876606987008,29.609399769664,0.0,76.63365251136,69.13897101449268,50.666270531400905,47.89230434782604,35.79799999999996,43.75980676328498,31.520516908212528,27.435908212560356,22.260033816425096,22.260033816425096
920.0,109.41732968273467,82.00123183122749,97.11289674303863,80.74793217600566,91.58991364296682,88.44307711163589,,107.62238327274954,77.49120729022745,57.99419566895686,74.61975149025882,57.600398619607844,29.818848526807844,29.623163245929412,0.0,76.8698309210353,69.20049758454098,50.73718357487917,47.973111111111066,35.82860869565213,43.773990338164204,31.53648792270528,27.442309178743926,22.265057971014468,22.265057971014468
922.0,109.52562796234797,82.09356486301759,97.19735976730394,80.82363589258166,91.68920160469783,88.51687439739175,,107.72535220704388,77.32557564758974,58.083201488401535,74.78948325837725,57.839769609593695,29.88373721145336,29.39959147957661,0.0,76.76866552414376,69.26462318840572,50.810628019323616,48.05504347826082,35.85918357487918,43.78718357487917,31.55348792270528,27.446811594202863,22.26689371980674,22.26689371980674
924.0,109.63240971405382,82.1832974096431,97.2722079390542,80.89985582471546,91.78371918606703,88.59618113809307,,107.83062132825616,77.8732015079029,57.87562436746126,74.38773015281332,57.70072733656268,29.848198266255068,29.53357659534879,0.0,77.14741526322427,69.33331884057962,50.88544444444439,48.134690821255994,35.89097101449271,43.798381642512034,31.56983574879224,27.451314009661807,22.262492753623164,22.262492753623164
926.0,109.73992335566079,82.26918102272938,97.34697893619581,80.97614394443609,91.8876975346552,88.6707971701912,,107.94250250717388,77.51081282814279,58.01350539235193,74.81753319751806,57.777877714932416,29.78399679093658,29.480134659126914,0.0,76.93589653956217,69.4031739130434,50.95085507246371,48.21346859903377,35.922265700483045,43.8108019323671,31.586280193236682,27.457714975845377,22.25358454106278,22.25358454106278
928.0,109.83846134284104,82.35803715818145,97.42270134180988,81.05150353620803,91.99031482232405,88.74127576293635,,108.04991762999713,77.74645517241379,57.855631034482755,74.69947413793103,57.831712068965516,29.86217844827586,29.542370689655172,0.0,77.24284482758621,69.47627053140089,51.00500483091781,48.29279227053135,35.95323671497581,43.827106280193185,31.60234782608692,27.466135265700455,22.24428019323669,22.24428019323669
930.0,109.94202554920044,82.44597716390642,97.50126263440988,81.1303538407499,92.08661976177657,88.81017627940177,,108.15744814042097,77.67196841919419,57.85065810933341,74.7200511703484,57.76715713918198,29.845292635966853,29.593328558871786,0.0,76.41229212730889,69.55173913043471,51.06094202898546,48.37169565217386,35.98532367149754,43.84644927536227,31.61996135265697,27.476743961352625,22.23446859903379,22.23446859903379
932.0,110.04844834496716,82.53381043931773,97.57031340413783,81.20800447365237,92.1875916890772,88.88413487744155,,108.26743117626252,77.30256078415734,57.958287436964845,74.77027686095217,57.4894256257204,29.930684186923678,29.51907334950807,0.0,76.97048141106126,69.62453623188398,51.11771014492748,48.44987922705309,36.01823671497581,43.863859903381595,31.639217391304314,27.486710144927507,22.224657004830892,22.224657004830892
934.0,110.15198392171799,82.62290904734341,97.64966633464462,81.28696233910901,92.2801565022439,88.97358113660056,,108.37527549109939,77.63480910507255,58.01209851998288,74.64578482681848,57.826142426338535,29.788980286888265,29.50667346293234,0.0,77.16796369090177,69.69444444444437,51.167589371980625,48.525314009661784,36.04873429951687,43.88046376811589,31.658386473429914,27.496202898550695,22.21474879227051,22.21474879227051
936.0,110.26023474707517,82.71561117923655,97.7176569569727,81.36679348931233,92.38261778687998,89.05276377692394,,108.48634279165604,77.64610968653142,57.81561961907236,74.63667078181078,57.7464585412759,29.830776895209933,29.636740186717482,0.0,77.04691211066182,69.76424637681153,51.21349275362313,48.597893719806706,36.076623188405755,43.89926086956517,31.67873913043475,27.506565217391273,22.206473429951664,22.206473429951664
938.0,110.36288646723266,82.7997948464376,97.80099443659728,81.45041139019688,92.48443658224815,89.13501405742686,,108.59821881677435,77.37754544196878,58.10578335908419,74.94586365857853,57.71641061030181,29.745133336457915,29.54442195737985,0.0,77.45067126682588,69.83432850241537,51.26659903381636,48.66581642512072,36.10293236714972,43.91972946859898,31.700927536231855,27.517314009661803,22.1991642512077,22.1991642512077
940.0,110.46895107393676,82.89083142539855,97.8772801540184,81.5316564363471,92.5749245920256,89.21577690712563,,108.70238107602901,78.00632681932242,58.05453607976806,74.69620004678174,57.79624167499425,29.94790329882747,29.58660608708421,0.0,77.22597874315655,69.90512560386466,51.32233816425116,48.72798067632845,36.12751690821252,43.94266666666662,31.725603864734264,27.527966183574854,22.192154589371953,22.192154589371953
942.0,110.58381521012628,82.98205427083265,97.95552776848439,81.61192666882829,92.66369738261398,89.30359416708599,,108.81173390201168,77.95483318744772,58.11320298718577,74.72738187130949,57.841321164361155,29.8823196988895,29.3393530828626,0.0,77.14917275847935,69.97651690821249,51.3779516908212,48.7845555555555,36.15271014492749,43.96714009661831,31.752816425120738,27.539864734299485,22.190222222222197,22.190222222222197
944.0,110.69725805917021,83.072204788194,98.02989196888791,81.69643612259905,92.75520837730947,89.3889090894508,,108.91371355378391,77.958822593664,57.948417601151995,74.737929955072,57.868089913856,29.884686245952,29.391316329664,0.0,77.336630054912,70.045381642512,51.43666666666662,48.83636231884053,36.17789371980672,43.99286956521735,31.78139130434779,27.553178743961322,22.193367149758426,22.193367149758426
946.0,110.80671721688991,83.16211959734825,98.10209448250623,81.7721040259295,92.84284183983542,89.47039816520959,,109.01286118986705,77.78742717373596,58.16536371344568,74.76964551935643,57.74189099811491,30.098190954026048,29.656581819098623,0.0,77.24389995733335,70.10977294685983,51.49069082125598,48.88549275362314,36.203719806763246,44.02140096618352,31.811328502415424,27.56507729468596,22.195589371980653,22.195589371980653
948.0,110.92858504022591,83.26539429477633,98.17196284439473,81.8489554873286,92.93401075527971,89.55786533819467,,109.1260064674316,77.86312551774762,58.16572549946187,74.47251024262562,57.8748867540725,29.867818858212388,29.59002863860067,0.0,77.57674404955958,70.17129951690814,51.5373864734299,48.930483091787394,36.22906280193232,44.055502415458896,31.841975845410595,27.575729468599004,22.197492753623166,22.197492753623166
950.0,111.05137855071482,83.36464797733821,98.24798102666618,81.9271123739343,93.02588811599314,89.63618259703817,,109.22323803981061,77.82038823529412,58.23777647058824,74.6996588235294,58.02897647058823,29.914917647058825,29.59200588235294,0.0,77.47628235294117,70.23699999999992,51.59013043478255,48.9723478260869,36.25279710144923,44.09556038647339,31.87323671497581,27.588304347826057,22.20263285024152,22.20263285024152
952.0,111.17738085885175,83.46478531153511,98.32297038612911,82.01487284547461,93.1197019764348,89.71129587915608,,109.34220813364048,78.00886783374712,58.14303019378681,75.09243169949674,57.938034165079344,29.981627986295138,29.699296032826275,0.0,77.30889302387769,70.30308695652167,51.652487922705255,49.01092753623184,36.27679710144923,44.13287922705309,31.90557004830914,27.601748792270502,22.210309178743934,22.210309178743934
954.0,111.2999781812181,83.56578256399506,98.39891416933426,82.08771604659646,93.20489101619435,89.79855858207827,,109.45499988097737,77.52806666666667,58.2192,75.0472,57.98056666666667,30.1312,29.69771666666667,0.0,77.21073333333334,70.363342995169,51.72742028985501,49.04728502415454,36.29928502415455,44.1622367149758,31.937560386473397,27.6131835748792,22.2185990338164,22.2185990338164
956.0,111.4298033559164,83.67088890039958,98.46766490085774,82.16525163349762,93.28854313284924,89.88010703926449,,109.57534892269766,78.0658891443258,57.848081680146805,74.86923414623946,58.08796535709488,29.901166081816132,29.639010147174748,0.0,77.10359107421216,70.4229468599033,51.8191594202898,49.08492753623183,36.31965700483087,44.18786956521735,31.9689178743961,27.622077294685962,22.227961352656976,22.227961352656976
958.0,111.55759588907198,83.7638821528079,98.53902775008845,82.24196456796054,93.36952702788459,89.95846449001978,,109.68757138181365,78.13407910300629,58.306600002292534,74.95187160818996,57.931891046110586,29.98866791389227,29.646389570225534,0.0,77.42862085954893,70.48523671497577,51.92782608695646,49.12380676328497,36.33786473429948,44.2084251207729,31.999256038647307,27.630850241545865,22.23942512077292,22.23942512077292
960.0,111.68395139029232,83.8616970786623,98.61565775422163,82.31657021184303,93.45455920138319,90.035538291752,,109.80472119079703,78.39604555876532,58.131959246996246,75.4758094795194,57.946445975280845,29.829697140808452,29.747931274454967,0.0,77.59864550246961,70.54510628019317,52.05920772946854,49.16152657004825,36.354415458937154,44.224280193236666,32.0299178743961,27.640096618357454,22.252811594202875,22.252811594202875
962.0,111.82079320097053,83.95660047337383,98.677426684243,82.39371331002104,93.54216904911166,90.11789780825607,,109.90585013361067,78.21482666721555,58.21350254404742,74.89717236950436,58.15592271118064,29.96289906965256,29.541601741314015,0.0,77.45208680223942,70.60346376811587,52.200647342995104,49.1981207729468,36.370990338164205,44.23697101449271,32.06402415458933,27.648014492753592,22.26799033816423,22.26799033816423
964.0,111.9421398274574,84.0594691699825,98.7567860676137,82.47082691985443,93.61602258543132,90.19619024034186,,110.01211462432475,77.89914146524997,58.19744048081424,74.95554853653428,57.984000980039774,29.988780269394574,29.731480297968293,0.0,77.52264850576259,70.6654396135265,52.3396666666666,49.236623188405744,36.389270531400925,44.24619323671492,32.099869565217354,27.657057971014464,22.282483091787416,22.282483091787416
966.0,112.06836626905285,84.1451111926,98.82680397359093,82.54123247959065,93.70863490457894,90.27628344645501,,110.11325720472074,78.17053334169428,58.40880002805658,75.02240020182639,58.23346667886331,30.083483383779157,29.65096667013603,0.0,77.97816663813602,70.7308164251207,52.471613526569996,49.27763768115937,36.40976328502411,44.25769082125599,32.1357487922705,27.66790338164248,22.29568599033814,22.29568599033814
968.0,112.19203252296451,84.23414964630649,98.90712330289915,82.61678456009574,93.79658006684626,90.35466299044525,,110.21390772309792,77.7815,58.29183,74.993874,57.858642,30.141641,29.594471,0.0,77.92828399999999,70.79952173913036,52.58985024154583,49.322386473429894,36.43180193236711,44.27547826086952,32.174782608695615,27.67884541062799,22.306439613526546,22.306439613526546
970.0,112.30838122182013,84.32222107369546,98.97722578863795,82.68498411957337,93.89293854141931,90.42564292697405,,110.3172778601361,78.16929907523105,58.477046673160125,74.92026099854569,58.07767042860469,29.887154278549772,29.686569538029996,0.0,77.79372998611505,70.86796135265692,52.69718357487916,49.37031400966178,36.45654589371977,44.29644444444439,32.21526570048305,27.688178743961323,22.309362318840552,22.309362318840552
972.0,112.4304447980818,84.40260692102639,99.04947127915837,82.7529891124766,93.97829229145358,90.50081892486182,,110.42673205186676,78.03100841492811,58.525662855517055,74.91907970159505,58.18482523464569,29.98539678079796,29.740761630074694,0.0,77.61481432219522,70.9361932367149,52.79624154589366,49.41969082125598,36.48332850241542,44.319352657004785,32.25366666666663,27.69902415458934,22.30505797101447,22.30505797101447
974.0,112.55303639276266,84.48476522564944,99.127732095443,82.82369650612087,94.07268648211762,90.57972429722298,,110.54063885739815,77.83076425225894,58.26439294329085,74.86515003957545,57.83326432958128,30.103078595946325,29.837182143370264,0.0,77.83290712671722,71.00484541062795,52.88291787439608,49.47366183574873,36.51083091787436,44.34718840579705,32.292454106280154,27.711502415458906,22.29890821256036,22.29890821256036
976.0,112.66453715926669,84.569506025292,99.20691619855312,82.8910826930108,94.16743936864297,90.65114261997687,,110.64876362236657,77.50370127675357,58.41000669771136,75.0973449845838,58.028245827510894,29.972737034844734,29.640856765894796,0.0,78.02187481109067,71.07389371980669,52.95729951690816,49.5311980676328,36.540685990338126,44.38050724637676,32.33409661835745,27.722734299516876,22.29146859903379,22.29146859903379
978.0,112.78440196660179,84.6524995483637,99.28383099997735,82.96567393571017,94.26046527653278,90.72613238243311,,110.75918891745243,78.21929689769796,58.164954124669386,75.21814296502856,57.87835605420408,30.05915157035102,29.746834699689796,0.0,77.57622254968163,71.14266183574871,53.0236859903381,49.59009661835743,36.574478260869526,44.41683091787435,32.37688888888886,27.734062801932332,22.283342995169054,22.283342995169054
980.0,112.90124338494178,84.73630189277783,99.35439799264833,83.04635438249906,94.35767694473806,90.79617289603904,,110.86241084084182,78.01115714285714,58.57821632653061,74.91380408163266,58.04774693877551,30.003985714285715,29.821876530612244,0.0,77.95034489795918,71.20982125603857,53.08761352656999,49.6493285024154,36.610140096618316,44.45425120772942,32.41795169082122,27.74378260869562,22.27396135265698,22.27396135265698
982.0,113.00850939438605,84.81450371302935,99.44051154589182,83.11706273850756,94.43224197127763,90.87628201733482,,110.97053516277082,78.30697242616041,58.25334675605225,75.11751872557439,57.87854825081435,30.110038401879518,29.841418468880878,0.0,78.06503890505178,71.2776473429951,53.14621739130429,49.705942028985454,36.64555555555552,44.49324154589367,32.45740579710141,27.75379227053137,22.26275362318838,22.26275362318838
984.0,113.12091776295813,84.89679363191264,99.51138032076612,83.18143490964663,94.52481080328114,90.93485378440664,,111.07955954184186,78.60716325208745,58.63091245036349,75.17714795392936,58.157475290045575,29.9564143351191,29.82763080327867,0.0,78.06334240703053,71.34601932367143,53.203971014492694,49.761062801932304,36.682164251207695,44.531830917874345,32.49532367149755,27.76599033816422,22.251545893719783,22.251545893719783
986.0,113.23168918347208,84.97951843284434,99.59867455938537,83.25878383967022,94.62243799221596,91.00755498915092,,111.19451681367687,78.16158436140408,58.56253729253878,75.26438103666939,58.19027955030204,30.07312372029388,29.881262726661223,0.0,77.93485667239183,71.41181642512069,53.25998550724632,49.81384541062796,36.72013526570044,44.56922222222217,32.532951690821214,27.77867149758451,22.241560386473402,22.241560386473402
988.0,113.34427553223351,85.06127421154861,99.67945864806923,83.33056604348948,94.7008486447074,91.08632275206169,,111.30097353462791,77.81878888521123,58.424642392021084,74.72078530535092,58.048928459941195,30.047638406698404,29.74685045161991,0.0,78.17989808594872,71.47674396135258,53.30790821256033,49.8669516908212,36.75776328502411,44.606396135265655,32.57153623188402,27.7913526570048,22.234067632850216,22.234067632850216
990.0,113.45259287376803,85.14434269954579,99.76128528975714,83.40219108305115,94.79750433707649,91.16844760740507,,111.40363397273964,78.43026662016428,58.603633231148756,75.39076696873823,58.126333354235705,30.010533308659916,29.878783379253903,0.0,77.86233337337107,71.53945893719799,53.35641545893714,49.920550724637636,36.796294685990304,44.642507246376766,32.60932367149755,27.803550724637656,22.226768115942004,22.226768115942004
992.0,113.5576896063473,85.2269640381503,99.84243546674395,83.47980833268451,94.88905343045596,91.23600226891637,,111.50967720072774,78.48910475362445,58.42618208098767,75.1196198361119,58.088451902971286,30.187840551437823,29.784153790727498,0.0,77.98458962766536,71.5985700483091,53.4045169082125,49.974763285024096,36.83692753623184,44.67671014492748,32.64578260869561,27.8135603864734,22.21491787439611,22.21491787439611
994.0,113.66037748462594,85.31402406530341,99.92220947766346,83.54802140387578,94.9772821107199,91.31308833056244,,111.62099048213022,78.18713545283612,58.2447197031662,75.11849511494144,58.3521344826847,30.175643373763666,29.882840141985376,0.0,78.06190786840342,71.65624154589364,53.455574879227,50.030265700483035,36.8802560386473,44.70814492753618,32.68098550724634,27.82023188405794,22.202120772946834,22.202120772946834
996.0,113.7789760337492,85.40606946085497,99.99461558367199,83.61618875121265,95.06790247925652,91.390967040467,,111.73595319655523,78.12563978623356,58.55530108513468,75.31151787772112,58.21092575590074,30.159775127490587,29.72591813270229,0.0,77.83603134918411,71.71458937198061,53.51558937198062,50.08219323671492,36.922652173913,44.73833333333328,32.71378260869562,27.82841545893717,22.193106280193213,22.193106280193213
998.0,113.88292896084121,85.49666197125809,100.07329021576378,83.69412384125778,95.1712189975934,91.46832916983519,,111.83469901524869,78.28369381007059,58.517848848564704,75.45073131632941,58.22391239454118,30.18119097562353,29.72074098842353,0.0,77.82214202051765,71.77695169082118,53.58300966183569,50.13702898550719,36.96409178743957,44.766922705313966,32.74542028985503,27.83813526570045,22.18898550724635,22.18898550724635
1000.0,114.00503577597479,85.5949843605468,100.1540686360461,83.75542108967117,95.26444641557082,91.55497706679158,,111.94762025941115,78.47804325802456,58.398840424183966,74.91524866789581,58.19208588587579,30.062049577341686,29.788665077355912,0.0,78.05145583459824,71.84006280193229,53.655956521739064,50.19755555555551,37.00755072463764,44.79652657004826,32.77836714975842,27.847637681159394,22.187869565217365,22.187869565217365
1002.0,114.10425536196557,85.68372964809944,100.22857058503911,83.82174846300123,95.34766525472043,91.63435163395168,,112.05780847373964,78.83604581773791,58.54041083675508,75.55498276147335,58.052411325551596,30.306494088033816,29.790929555669333,0.0,78.0909724180547,71.90614975845402,53.73758454106274,50.26233333333328,37.048734299516866,44.82855072463762,32.810917874396104,27.85943961352654,22.188439613526548,22.188439613526548
1004.0,114.21384550971491,85.76796782986268,100.30747669669697,83.89338071572861,95.42938691903139,91.70598800039204,,112.16217310710265,78.52470918688627,58.524981069301965,75.55365582770196,58.2727249344,30.194655184439213,29.902333880219608,0.0,77.89852219494902,71.97509178743952,53.82454106280186,50.3329710144927,37.08934782608691,44.85960869565212,32.84324154589368,27.87188405797098,22.19537681159418,22.19537681159418
1006.0,114.32830545634248,85.85321649789107,100.37944108906852,83.96424925494291,95.51996138557347,91.78749532850519,,112.26567795728697,78.30018597783703,58.66574592391111,75.22706961588148,58.23663192948148,30.19384652805926,29.89163266802963,0.0,78.1823761650963,72.04137198067625,53.915347826086894,50.40564734299511,37.131666666666625,44.88874396135262,32.875555555555515,27.885188405797066,22.20914009661833,22.20914009661833
1008.0,114.4361639763902,85.94443879841518,100.45009971763174,84.03715056759272,95.60817671417263,91.871197366094,,112.37651846057861,78.39862350237406,58.72422096154839,75.46497194535719,58.213241689536346,30.209375524773527,29.759223352724714,0.0,77.99531397801772,72.10729951690814,54.01398550724632,50.476492753623134,37.17496618357484,44.91617391304343,32.9081256038647,27.89657004830915,22.226584541062774,22.226584541062774
1010.0,114.54925953150448,86.03386784817476,100.51774754736468,84.10983591987781,95.7034853645897,91.94853407957487,,112.48110049878856,78.68347218503243,58.86070189758088,75.28311168727919,58.51365782517578,30.00200843607789,29.87876371460918,0.0,78.29301004156424,72.1757391304347,54.10628502415452,50.547574879227,37.21795169082121,44.94206763285019,32.94126570048306,27.90442028985504,22.24513526570046,22.24513526570046
1012.0,114.66504408080012,86.12554872543521,100.59529296679348,84.17767184922373,95.78900483892993,92.02565896348429,,112.58828128360878,78.5923,58.56223333333333,75.64606666666667,58.45066666666666,30.202366666666666,29.880316666666666,0.0,78.2279,72.24712560386466,54.18642512077289,50.624516908212506,37.26055072463764,44.967149758454056,32.972289855072425,27.91313043478258,22.26456521739128,22.26456521739128
1014.0,114.77544304909684,86.19919688022877,100.65840076764813,84.24941718159963,95.88852374627461,92.11228094325665,,112.69467994297162,78.47533547953233,58.70364120730679,75.6356147968048,58.25821468101999,30.21870096597798,29.81129165706125,0.0,78.1051299661742,72.31763768115934,54.261777777777716,50.705067632850195,37.30208695652169,44.994526570048265,33.00151207729465,27.921647342995136,22.2845990338164,22.2845990338164
1016.0,114.88799587338329,86.29614276544643,100.7334760527522,84.32456824927746,95.97474185548212,92.19175420631082,,112.80896029252037,78.76865761195286,58.537616006534094,75.48543248727758,58.28650473777184,30.037513403369445,29.814498037500112,0.0,77.80334109729772,72.38518357487914,54.33315942028979,50.788149758454054,37.33943961352653,45.02242995169077,33.03224637681155,27.928917874396106,22.302516908212535,22.302516908212535
1018.0,115.01670379537666,86.38056555347278,100.802976005011,84.39283850958047,96.06022339648779,92.26143673145556,,112.9182045323112,78.6590671720801,58.72165966693015,75.15032274899396,58.386869017078666,30.31806435907109,29.786281290720513,0.0,78.07547656354795,72.45057487922698,54.40105797101443,50.874429951690765,37.377314009661795,45.04961352656999,33.06420289855069,27.935062801932336,22.315550724637657,22.315550724637657
1020.0,115.13796893204753,86.46398233233855,100.879836206752,84.46221540997595,96.14285278472646,92.33716192267632,,113.02866733528411,78.83623729348054,58.60793780344289,75.60376715964725,58.404564687272334,30.1643587042575,30.036340304347164,0.0,78.42293874389294,72.51695652173905,54.463888888888825,50.962096618357435,37.41558937198064,45.0807826086956,33.09653623188402,27.94198067632847,22.32753623188403,22.32753623188403
1022.0,115.2559827246657,86.55104601347017,100.95371578457775,84.53218102276783,96.23771155857277,92.4116177678298,,113.1379782588945,79.0365093936,58.784595364,75.51774118586667,58.46206496133333,30.3489586508,29.932837817733333,0.0,78.21623216373332,72.5880772946859,54.51187922705308,51.05111594202893,37.451748792270486,45.118198067632804,33.12905314009658,27.949743961352624,22.34051690821254,22.34051690821254
1024.0,115.37024157413488,86.64305812568831,101.02420989136418,84.60681484617061,96.32934184225694,92.48037279297007,,113.24488758585314,78.88006110008888,58.81744500965926,75.4288384378074,58.334962608,30.33387251442963,29.90135135111111,0.0,78.11039058512593,72.66230434782601,54.539574879227,51.13718357487917,37.48810144927532,45.16112077294681,33.16038647342992,27.957821256038613,22.351758454106257,22.351758454106257
1026.0,115.49492237604287,86.7320198553408,101.08877782473387,84.68662104530104,96.41556297843545,92.55754060528899,,113.35490642008304,78.80286666666666,58.6109,75.14296666666667,58.25736666666666,30.23445,29.939866666666667,0.0,78.68503333333334,72.73927536231876,54.55665217391298,51.221995169082064,37.52635265700479,45.20820772946855,33.18978743961349,27.96750724637678,22.360971014492726,22.360971014492726
1028.0,115.62435842693263,86.80946445212736,101.15651776377871,84.76726598550688,96.49657879839481,92.62465436793464,,113.46636725803708,78.61556153846153,58.802934615384615,75.63236923076923,58.206265384615385,30.343573076923075,29.893978846153846,0.0,78.02518846153846,72.81807246376803,54.5723478260869,51.30602415458931,37.563381642512034,45.25624154589367,33.217729468598996,27.977096618357457,22.36786473429949,22.36786473429949
1030.0,115.74001678717806,86.9022063641852,101.23757756902678,84.84150531893391,96.58555870871973,92.70067931281285,,113.57734798188235,78.718217874176,58.6620873664,75.882204569344,58.373259052288,30.162968278784,29.940142800768,0.0,78.46429497984,72.8947777777777,54.57556521739124,51.38612560386467,37.59784541062798,45.304908212560335,33.24411594202895,27.986710144927503,22.373975845410605,22.373975845410605
1032.0,115.8743740063881,86.98665780846291,101.30282677157558,84.91326443337753,96.68612122928899,92.76676380400964,,113.69512384186262,79.03214404442353,58.62710878456471,75.45274728621176,58.43474457512157,30.396704750431372,29.942186800752943,0.0,78.22503752294902,72.9690772946859,54.56736714975839,51.46458454106274,37.63195652173909,45.35435265700478,33.268280193236684,27.997072463768088,22.37966666666664,22.37966666666664
1034.0,116.01075078888704,87.07671157255935,101.38881518682922,84.98816898239019,96.78004541579146,92.84536242046059,,113.81122978911667,78.72403114133334,58.66920317173333,75.56480946186666,58.44063434933333,30.237442161333334,30.0417015784,0.0,78.42434678666666,73.04183091787432,54.55362801932361,51.5430821256038,37.6678792270531,45.4051787439613,33.29260386473426,28.00830434782606,22.38352173913041,22.38352173913041
1036.0,116.14022914406286,87.16114277181418,101.46019137887154,85.05950807966512,96.87110807325783,92.92037370884947,,113.9170473657873,78.88400909549311,58.67213629198462,75.64030009438378,58.402736343701754,30.453122720243897,29.89050461472025,0.0,78.27442725286319,73.11267632850233,54.53903381642506,51.62091787439607,37.70717391304344,45.459067632850186,33.3170869565217,28.019922705313977,22.38474396135263,22.38474396135263
1038.0,116.26594069560976,87.24746669862925,101.53720893813161,85.13049167342815,96.97126947874767,92.98499390683702,,114.0203046734413,78.79681719524974,58.85924120413282,75.56181693042225,58.43215159028915,30.129320786689014,29.92659652584149,0.0,78.52935161904185,73.18185507246369,54.528318840579644,51.69621739130429,37.74962318840576,45.51577777777773,33.34117391304344,28.03022222222219,22.380710144927512,22.380710144927512
1040.0,116.3931858430717,87.33611159658173,101.6147915742409,85.19878254040769,97.06853079571017,93.04703454974539,,114.12954095331811,79.15516720896,58.86454252672,75.64408370816,58.40721918976,30.402517886080002,29.987771985280002,0.0,78.19110379904001,73.24960869565209,54.518975845410566,51.7689323671497,37.79505797101445,45.574367149758395,33.36435748792267,28.03927536231881,22.374227053140075,22.374227053140075
1042.0,116.51642066765982,87.42843904999825,101.69292811108213,85.26032691677273,97.16166006545892,93.12040918628108,,114.23722075286317,78.43533963798241,58.9828850618692,75.97745798781011,58.469401862820845,30.2617318347375,29.91650723054094,0.0,78.77314713954601,73.31800483091779,54.51756038647338,51.83901449275356,37.84030917874392,45.63501932367144,33.38495652173909,28.050154589371953,22.36935748792268,22.36935748792268
1044.0,116.65680164012187,87.5181220020138,101.76700691834486,85.32314190611702,97.26475499834913,93.19126303495247,,114.33679638846013,78.881668823296,58.832130470912,75.74122104166399,58.244424580608,30.303442285824,29.948838942976,0.0,78.333348455424,73.38793719806755,54.52402415458931,51.909463768115884,37.88215942028981,45.699077294685935,33.404942028985474,28.064758454106247,22.361768115942006,22.361768115942006
1046.0,116.76951099957658,87.6059826535816,101.84385613486707,85.39510230898735,97.37409001643742,93.27163301073746,,114.44957807525857,79.15591268085446,58.96989512301725,75.67171804835773,58.63259268165368,30.43271829474189,29.996193900836932,0.0,78.9649068363175,73.45729951690812,54.53111111111106,51.98398067632845,37.92394685990334,45.76726570048304,33.42511111111107,28.078985507246347,22.352570048309158,22.352570048309158
1048.0,116.89951389656001,87.69838323894089,101.92379787175938,85.4671913686288,97.46120264674609,93.33883923236013,,114.56939822570376,79.05085588135012,58.95932708234818,75.83113887478466,58.58298165742719,30.391004812354183,29.940783196278275,0.0,78.55886117999263,73.52515942028977,54.5369323671497,52.05731400966178,37.96651690821251,45.84153140096613,33.444483091787404,28.094178743961322,22.345270531400946,22.345270531400946
1050.0,117.01893436490676,87.7821294711302,102.00563004067203,85.54151553842176,97.56299005142864,93.40906482422034,,114.68203849555113,78.91152606834434,59.01732543016283,75.61054739236273,58.696348482103495,30.392690234671452,29.96270741255489,0.0,78.54881901365887,73.59293236714969,54.54669565217385,52.12787922705308,38.0088405797101,45.91656521739125,33.46147342995166,28.109855072463734,22.340376811594183,22.340376811594183
1052.0,117.14570074270203,87.8687637804389,102.0845688289059,85.61460495645261,97.65651299481004,93.48265332747587,,114.78940289425255,78.86052148020052,58.743714292618066,75.58553578901447,58.631364305287434,30.41550001580406,29.973635686745226,0.0,78.59968573376557,73.65955555555547,54.5593671497584,52.19831400966178,38.05588888888885,45.9888019323671,33.47749758454102,28.122483091787412,22.338444444444423,22.338444444444423
1054.0,117.26021312543897,87.95645116015072,102.15227429938702,85.68789411334276,97.76083199731679,93.55754181913005,,114.90335871984915,79.26743336975086,58.98690003038386,75.65510756622712,58.43634390635566,30.32412501212122,29.977366640269345,0.0,78.51812272647933,73.72514009661828,54.58154589371974,52.26520772946854,38.10658454106276,46.06123188405792,33.493971014492715,28.134531400966154,22.338251207729446,22.338251207729446
1056.0,117.37635464530483,88.04979478073358,102.22675290820273,85.76351706258298,97.84731847190778,93.62850665527355,,115.02690433033314,79.07740246859004,59.03207317668626,75.83513996985444,58.670013205982656,30.423906596622547,29.966119987050142,0.0,78.70881556205754,73.7910048309178,54.62146376811588,52.32814975845405,38.15742028985503,46.133178743961295,33.509309178743926,28.144198067632818,22.33979710144925,22.33979710144925
1058.0,117.49768115632416,88.14242540481975,102.30295832738813,85.8323858903015,97.9364476076593,93.70119808228063,,115.13981063977778,79.70839943388677,58.80784656630024,75.70472398707429,58.6721711639429,30.398409909894028,30.085644907970195,0.0,78.89106778504559,73.85789855072456,54.673299516908145,52.392777777777724,38.210285024154544,46.20396618357483,33.52375362318836,28.153285024154556,22.34308212560384,22.34308212560384
1060.0,117.62337127988998,88.22907889926185,102.36856037854129,85.90416624244004,98.01869260862546,93.7790030759168,,115.25475157593308,79.109120019873,58.90856649182119,75.85315255973778,58.527812458235026,30.367754913025923,30.029018801167044,0.0,78.3913577148422,73.92784057971006,54.736449275362254,52.459381642512014,38.265845410627975,46.27291787439608,33.53632367149754,28.164816425120744,22.34688405797099,22.34688405797099
1062.0,117.72649344262054,88.31503150717911,102.44041756719928,85.98388174192495,98.10851211584496,93.84723700348174,,115.3788587378072,79.397945351552,59.186870420352,75.36872728256,58.821005579392,30.352794519808,30.03573379936,0.0,78.862553835776,73.99746859903372,54.81856038647337,52.52290338164246,38.31932367149754,46.33996135265695,33.549642512077256,28.175212560386445,22.349932367149734,22.349932367149734
1064.0,117.84012832568558,88.41136318272561,102.52135188158623,86.06498031282051,98.19476393907077,93.92629887760506,,115.48957180698439,79.52426470682997,58.806276622821976,75.90800545954512,58.62259169698082,30.462649141338268,29.971122663687076,0.0,78.9707237933967,74.06769082125597,54.916927536231825,52.58860386473424,38.371942028985465,46.40562801932362,33.5663333333333,28.184545893719775,22.35208212560384,22.35208212560384
1066.0,117.95566852253783,88.50587521136968,102.59639935912917,86.13718287300951,98.28130637761382,93.99343790679151,,115.59339682690131,78.93083809523809,59.064190476190475,75.56441904761905,58.55416666666667,30.388861904761903,30.052330952380952,0.0,78.59878571428571,74.14006763285016,55.02033333333327,52.65818840579704,38.429144927536186,46.47167149758449,33.585415458937156,28.19471497584538,22.356140096618333,22.356140096618333
1068.0,118.05884512953025,88.60346734810183,102.6729801672236,86.20840642003218,98.37626592026243,94.06874791218699,,115.70401851609056,79.31953668534997,59.043592961922855,75.74535075327108,58.39008442862417,30.449677386945016,29.9156055312777,0.0,78.63732160346204,74.21320772946851,55.125289855072396,52.725584541062744,38.48555072463764,46.53806763285019,33.60530434782604,28.20461835748789,22.364309178743934,22.364309178743934
1070.0,118.16653024804052,88.69610299025807,102.73855567715215,86.27911338390834,98.46989519411801,94.1422329443036,,115.81315148374377,79.21284081632653,58.98296734693877,75.75772244897959,58.84160612244898,30.45760306122449,30.036906122448983,0.0,78.59319795918367,74.28759420289848,55.22937198067626,52.78954589371975,38.538826086956476,46.60301449275357,33.62314492753619,28.21498067632847,22.372792270531374,22.372792270531374
1072.0,118.27544029187112,88.79256011904492,102.80507134695794,86.352656193674,98.55294090815616,94.2188015311241,,115.92931277456437,79.42349951131851,59.04613514172524,75.90398416524937,58.81008370140749,30.435683662373805,30.133107171046127,0.0,79.10126187650653,74.35948792270524,55.330661835748735,52.850555555555495,38.59328985507242,46.664710144927476,33.642637681159385,28.225922705313977,22.380222222222194,22.380222222222194
1074.0,118.40394133999213,88.88401600813864,102.8755360276621,86.42335773592175,98.64526997611878,94.29786508379624,,116.04269138342589,78.95225813512647,59.06959238839321,75.80709897161205,58.7150390449743,30.356249514819343,30.093552409324246,0.0,79.01180482486562,74.43054589371972,55.42533816425115,52.91204830917868,38.64726086956517,46.72435265700478,33.66560869565213,28.236961352656973,22.388231884057944,22.388231884057944
1076.0,118.54524276310701,88.96767619187945,102.9456072582449,86.49528916780055,98.72634757968241,94.374977027684,,116.14884653574462,79.26691485026527,59.042262538258115,75.88080834168801,58.854903411608774,30.247228905669708,30.0690270339698,0.0,79.00270855607218,74.50299516908204,55.51246859903375,52.972584541062744,38.697280193236665,46.78131400966178,33.69023188405794,28.247613526570017,22.396628019323646,22.396628019323646
1078.0,118.7039322407102,89.07151828126264,103.01615793413548,86.5670082549927,98.8188088163252,94.45352484782312,,116.25000778031482,79.39014234642212,59.23245315163645,75.77219522024191,58.89954180630012,30.484642370634916,29.958356631848154,0.0,79.37912858699394,74.57363285024147,55.59337198067627,53.03189855072457,38.74471497584536,46.836792270531355,33.71707729468596,28.25739613526567,22.40766183574877,22.40766183574877
1080.0,118.88497244092405,89.15930429319113,103.0882682326785,86.64112316847172,98.9075273951701,94.53802160168037,,116.36724757813774,79.27993333333333,59.148066666666665,76.40863333333334,58.81446666666667,30.419233333333334,30.0653,0.0,78.83486666666666,74.64290821256031,55.670444444444385,53.0933285024154,38.79153623188401,46.89081159420285,33.74671497584537,28.26765217391301,22.420028985507223,22.420028985507223
1082.0,119.07482261193564,89.24718720951375,103.16560498394311,86.70615110691675,98.98962589941921,94.6145821852076,,116.47482235554448,79.70761117691883,59.13884107833485,76.08223188565646,59.103981392736536,30.292153681676968,30.097262538444884,0.0,78.76118499276859,74.71070048309171,55.742367149758394,53.156594202898496,38.83854106280189,46.94404830917869,33.78036714975841,28.278550724637647,22.430077294685965,22.430077294685965
1084.0,119.24482183882527,89.3335366215846,103.23566695886008,86.78367898598746,99.08472849246786,94.69452380507721,,116.58397773342925,79.60277341573251,59.2978940869063,76.12729013984153,58.74799412549545,30.46332119591056,30.071525618403744,0.0,78.67076655606967,74.77266666666658,55.81198067632844,53.21958937198062,38.88597101449271,46.99905314009657,33.81508212560382,28.287260869565184,22.437806763284996,22.437806763284996
1086.0,119.39264365021354,89.4143614551871,103.31835604242558,86.85587539103169,99.17685089052597,94.78179226209329,,116.6992621180167,79.70916666666666,59.137299999999996,76.11303333333333,58.804633333333335,30.3291,30.126250000000002,0.0,79.02353333333333,74.82984541062794,55.88512560386467,53.28377777777772,38.93168599033812,47.054821256038586,33.84790821256035,28.293951690821224,22.441391304347803,22.441391304347803
1088.0,119.5083498158337,89.50108286926132,103.39386709247215,86.92393886377151,99.27368577205945,94.86552951864911,,116.82011261714608,79.45137654414877,59.2893575782892,76.08523701985936,58.88997951125214,30.500226074732044,30.158233423932387,0.0,78.76945908993845,74.88622705314,55.96103864734293,53.35179710144922,38.973545893719766,47.11161835748787,33.880067632850206,28.30057004830915,22.44200483091785,22.44200483091785
1090.0,119.57476365984903,89.58238483297045,103.47507770742189,86.99720674069263,99.36712021400041,94.95436514402255,,116.94447283650281,79.66002053042129,59.12925399961851,76.07416168764023,58.5731264650962,30.644861783012665,30.124922549806996,0.0,79.0184734706529,74.94459420289849,56.035352657004765,53.42206280193231,39.01118840579706,47.1679323671497,33.91213043478257,28.309062801932335,22.4395990338164,22.4395990338164
1092.0,119.59044517117943,89.66193325303684,103.55112211089245,87.07316815701887,99.4633986892576,95.04620174214439,,117.04871926654519,79.91685578490981,59.05717639956079,76.19215433361569,58.94494557678431,30.605622811858822,30.111768423843138,0.0,78.72330155582745,75.00295169082118,56.11093719806757,53.49481642512072,39.0460289855072,47.222251207729414,33.94466666666663,28.318995169082097,22.434125603864707,22.434125603864707
1094.0,119.5305293007301,89.75033811207496,103.62394821418907,87.15331156809609,99.56000870197468,95.12753867910283,,117.17527977810708,79.72287590153138,59.21569548410999,76.22415131730611,58.73378744030957,30.471364844393214,30.088924648032275,0.0,79.008473435699,75.05995652173905,56.18586473429945,53.56847342995163,39.0800869565217,47.27788888888883,33.977072463768074,28.32693236714973,22.429188405797078,22.429188405797078
1096.0,119.41665022092879,89.83750258849871,103.70067052435338,87.23329685356948,99.65244644710046,95.2094048317993,,117.28749109026316,79.622568,59.216312,76.194176,58.946512000000006,30.543192,30.116794,0.0,79.344696,75.11914009661827,56.25470048309173,53.642623188405736,39.11542995169078,47.33638164251203,34.00757004830914,28.33486956521736,22.425439613526546,22.425439613526546
1098.0,119.21914363377947,89.92832414405618,103.77816851753843,87.30175535366536,99.75030719843802,95.29627369225986,,117.39760183215058,79.5609783764974,59.37629947912379,76.12077236654557,58.85512816526531,30.52487136197102,30.14836331006607,0.0,79.21629948131071,75.17863768115933,56.315159420289795,53.71985507246371,39.15361835748788,47.39693236714971,34.03620772946856,28.342975845410596,22.42364251207727,22.42364251207727
1100.0,118.94308402733441,90.01764056613837,103.85527184322285,87.37658446531997,99.82462097096628,95.37286470314613,,117.51146264228244,0.0019117647058823528,59.35061176470588,76.12525882352942,58.94750588235294,30.392229411764706,30.100876470588236,0.0,78.97055882352942,75.24085507246369,56.36623188405791,53.79975845410623,39.19575362318837,47.459458937198015,34.06303381642508,28.35081642512074,22.421053140096593,22.421053140096593
1102.0,118.58616207349941,90.0996386345071,103.93237222281519,87.44639200057777,99.90325844046372,95.45658000793756,,117.62410070490995,0.0038574155505961493,59.57775031148718,76.22782150792621,59.25428426861145,30.56972864322408,30.175295918697316,0.0,79.47660349458481,75.3052125603864,56.41294202898544,53.881367149758404,39.23825603864729,47.520975845410575,34.088096618357454,28.35978260869562,22.41196135265698,22.41196135265698
1104.0,118.16267121504428,90.19649752705814,104.00673046757863,87.52461531377618,99.98391234248481,95.53851550760211,,117.75544739846896,0.0009200008623152086,59.42934092709664,76.21340509682183,58.97599677548006,30.51808577422432,30.132933669097316,0.0,78.97677662802417,75.36813043478253,56.45598067632844,53.96620772946855,39.27824637681155,47.58164251207724,34.11084057971011,28.36826570048306,22.39786473429949,22.39786473429949
1106.0,117.6705692868452,90.27740391858728,104.0868366830979,87.59663016565729,100.06360642326554,95.61968423685492,,117.86682786119881,0.0011054183707055383,59.46135459683796,75.98864486518389,58.981725590281584,30.55240791058667,30.159419950779917,0.0,79.33548925897482,75.43145893719799,56.50311594202893,54.051681159420234,39.317719806763236,47.63993719806758,34.1307101449275,28.376483091787406,22.381386473429927,22.381386473429927
1108.0,117.11243404724439,90.36299819765482,104.16326250609005,87.67424674257794,100.15210638068555,95.70403546767183,,117.9896139131641,0.0036507681966709508,59.50993335993982,76.42297491397747,58.893438951371834,30.700628971116647,30.170100281271704,0.0,79.54296721100563,75.49704830917867,56.567444444444384,54.13345893719801,39.35628985507242,47.69326086956516,34.14653140096615,28.38525603864731,22.364497584541038,22.364497584541038
1110.0,116.48931001907269,90.45829391748656,104.2531875387229,87.75469187368815,100.24577531009177,95.7738271349382,,118.11346080241397,0.004623589538924459,59.56274255939526,76.2647651477776,59.10127637265185,30.64433871316063,30.096523325071317,0.0,79.31577693939629,75.56436714975837,56.64759903381636,54.21148309178737,39.39301449275358,47.7421594202898,34.16073429951687,28.392975845410596,22.350391304347806,22.350391304347806
1112.0,115.82271648277826,90.55245743919411,104.33365086085657,87.81564805000713,100.33482057268391,95.85803987551402,,118.22793936917223,0.0018345177777113592,59.60397514434116,76.36053504212306,58.84641728871222,30.52445584661307,30.177290389795864,0.0,79.30053756222947,75.62988405797093,56.73560869565211,54.2869516908212,39.42942995169077,47.78610144927531,34.17452657004827,28.399207729468568,22.33564251207727,22.33564251207727
1114.0,115.1193103827025,90.64292252211263,104.40178231188415,87.87985727722152,100.42842159758388,95.92608174250417,,118.32804672075298,0.0022638289528295616,59.48572760997376,76.21905530273898,58.80422985699953,30.615039324802908,30.249092484005452,0.0,79.42829119926708,75.69367149758445,56.828246376811535,54.35688888888884,39.46350241545889,47.825304347826034,34.18728985507242,28.405898550724604,22.32225603864732,22.32225603864732
1116.0,114.39508683556517,90.72120166408145,104.46129299701532,87.9424388556795,100.51692557307867,96.00040426856317,,118.43966823910421,0.00393960347856062,59.50731388230582,76.47214256116756,59.03851785563112,30.598586652886592,30.238691084350787,0.0,79.51590885076205,75.75575362318833,56.92026570048303,54.418937198067574,39.49259420289851,47.85830434782604,34.199579710144896,28.41316908212557,22.312806763285,22.312806763285
1118.0,113.66437699017418,90.81012686470284,104.53268255034332,88.00576403244006,100.60004918050004,96.06647830318725,,118.54970873452422,0.0019339808720895554,59.60903197065198,76.50326410633686,59.10567911041298,30.479617742031692,30.283597809834372,0.0,79.29951558268547,75.81488405797093,57.01587922705308,54.47556521739125,39.51701932367145,47.882512077294635,34.2131256038647,28.422362318840545,22.3037874396135,22.3037874396135
1120.0,112.93322123676296,90.8986196514396,104.60439273877246,88.07242115422085,100.68019029977772,96.13646505395091,,118.6631917029514,0.002309232013380262,59.456624458888385,76.11669214972976,58.910978625188555,30.680415275974475,30.276479216417076,0.0,79.4028077462949,75.87581642512069,57.11250241545888,54.52744927536226,39.54064734299512,47.898990338164204,34.2314830917874,28.433647342995137,22.297690821256015,22.297690821256015
1122.0,112.23266720582697,90.98038570712887,104.67898941455938,88.1392378693106,100.769759950467,96.20181765199187,,118.80361391563815,0.0006200001706665627,59.48090002023618,76.46755004577521,59.06747001924875,30.611824980769537,30.12353001488456,0.0,79.39453999729372,75.94152657004823,57.209898550724574,54.57469565217386,39.564917874396095,47.9094057971014,34.25403381642508,28.44541545893717,22.296391304347804,22.296391304347804
1124.0,111.56034979623304,91.05847567728125,104.75475243789026,88.2068249723254,100.84670588118969,96.27462875578802,,118.9630582770354,0.0023373789592985106,59.52456020917423,76.57570295070884,59.048504845604754,30.725830806474065,30.218682292764402,0.0,79.32278449088342,76.00903864734289,57.312086956521675,54.617410628019265,39.58766666666662,47.91420289855067,34.27960386473426,28.457280193236684,22.299985507246355,22.299985507246355
1126.0,110.92461059350053,91.13957798500847,104.82691564569319,88.28473290113698,100.93201740279792,96.35091676163258,,119.13273244670481,0.003128140951753664,59.35216330067512,76.38984773588012,59.27247632553927,30.723253976617816,30.315024084060596,0.0,79.61784062654372,76.07359903381634,57.41716908212554,54.65809661835743,39.609159420289814,47.91499999999994,34.30701932367146,28.467632850241515,22.3080144927536,22.3080144927536
1128.0,110.315758393204,91.21534540987622,104.90176385373397,88.3504741093409,101.02555777923197,96.42247817463009,,119.304438122516,0.0036415464373962705,59.629719261211434,76.46553191799593,59.08846699320055,30.691601187864364,30.209414278673844,0.0,79.27126101541688,76.13462801932359,57.52339130434776,54.69742995169076,39.63026570048305,47.9133671497584,34.33505797101446,28.475420289855037,22.313971014492726,22.313971014492726
1130.0,109.73214576732236,91.29235451538013,104.96752439891057,88.40933119434284,101.1015407534277,96.48972798890911,,119.44984125410333,0.0022438247857145773,59.48738924472803,76.5151996161017,58.8150884320549,30.711050004487653,30.21834661651375,0.0,79.70383467119784,76.19327536231877,57.62604830917868,54.73486473429946,39.651855072463725,47.91204830917869,34.36484541062798,28.4825410628019,22.31852173913041,22.31852173913041
1132.0,109.16425012683418,91.37500787843734,105.04639222424561,88.48784921563421,101.19414162428733,96.57335787625306,,119.57174923229674,0.0025899374329811592,59.51642005847746,76.28289163669268,59.00241431635147,30.666800316538236,30.296276504039646,0.0,79.59482528602756,76.2506425120772,57.7289130434782,54.774681159420226,39.673574879227004,47.912565217391254,34.395632850241505,28.490241545893692,22.324062801932342,22.324062801932342
1134.0,108.61336644233306,91.44930804800919,105.12742660901533,88.55429389074426,101.2847700797577,96.64514026728247,,119.65261655418003,0.0021837437529083734,59.27477680350682,76.42518818919781,59.04205171084872,30.670376129520825,30.141657137668684,0.0,79.57551969610414,76.30843478260861,57.835806763284964,54.818159420289795,39.695024154589326,47.91643961352652,34.427227053140065,28.499768115941997,22.32932367149756,22.32932367149756
1136.0,108.08005830070356,91.53069765061602,105.20006250662796,88.6232993514612,101.37175850881934,96.72066965435654,,119.67341402099173,0.001834000128,59.55920489856,76.19352978816,59.29225995392,30.78417257792,30.375802805376,0.0,79.520155620352,76.36839130434774,57.94828019323665,54.864801932367094,39.719371980676286,47.92458937198062,34.463038647342955,28.50997101449272,22.336033816425097,22.336033816425097
1138.0,107.56184830809613,91.61218133149258,105.2739058670015,88.69056810679919,101.45510830643276,96.79594687024759,,119.63153476480446,0.0006110174372881355,59.651343060284745,76.42773867943052,58.905235619905085,30.813941540555934,30.338333004311863,0.0,79.71019073909152,76.43291787439605,58.062043478260804,54.91350724637675,39.74796135265696,47.93671014492748,34.502874396135226,28.52152657004828,22.34409661835746,22.34409661835746
1140.0,107.0592694855398,91.69748448629905,105.34417013147926,88.76290897541958,101.54104007597498,96.8695119736894,,119.51859677839123,0.0027232558139534883,59.61914651162791,76.36194418604651,59.06245348837209,30.53005,30.24258953488372,0.0,79.79086976744186,76.4966086956521,58.17176328502409,54.9649516908212,39.779739130434734,47.95549758454101,34.54293719806759,28.53328502415456,22.352193236714953,22.352193236714953
1142.0,106.56956464402306,91.79513933067686,105.41349055470805,88.82724863928881,101.6412775696815,96.93616564377145,,119.34903957443211,0.0027292075537694712,59.5963668254626,76.44610848259263,59.0074881541778,30.729030430840123,30.26225372974021,0.0,79.76138909934949,76.56010628019315,58.27093236714969,55.02158937198062,39.81670048309174,47.986091787439555,34.582429951690784,28.544666666666636,22.36200483091785,22.36200483091785
1144.0,106.0930041241262,91.8704535767225,105.47755274113277,88.88477229081063,101.71446464367686,97.00509713722492,,119.09536532251755,0.0023616160571370945,59.759706075729405,76.23651924886028,58.995749985777785,30.65190378213897,30.495374484638717,0.0,55.968569386039995,76.62587922705308,58.35292753623182,55.0852705314009,39.86028502415454,48.027077294685945,34.62172946859899,28.559314009661804,22.37460869565215,22.37460869565215
1146.0,105.62627374898567,91.9596488439365,105.55312642102479,88.94943744129966,101.7965854730078,97.08162053293648,,118.76692711026378,0.0029066377312232977,59.604646817419905,76.49700857377158,58.89400875137826,30.79433838397036,30.23409975876508,0.0,0.0005215766629913129,76.69039613526562,58.414550724637614,55.15606763285018,39.90837681159415,48.07408695652168,34.66121256038644,28.575473429951657,22.386256038647314,22.386256038647314
1148.0,105.18009873763388,92.04679012645285,105.62002242543846,89.01358120943175,101.87503154440638,97.15375067313948,,118.37018222449625,0.0018874250395496854,59.69593112836172,76.30965925370664,59.04834909434286,30.836579951988522,30.30284820631446,0.0,7.185625988742135e-05,76.75682608695644,58.4590821256038,55.23227536231878,39.95830434782604,48.125753623188345,34.6988599033816,28.591439613526536,22.393768115942,22.393768115942
1150.0,104.73749699138104,92.13724563902385,105.69107421618006,89.08620297756949,101.95537918418941,97.23224215853979,,117.90420200937714,0.0015251280327784917,59.3876261165863,76.83940867892228,59.2936728297443,30.80111693498521,30.386909982355697,0.0,0.0,76.81989371980669,58.49337681159414,55.31463285024149,40.00557004830914,48.181231884057915,34.73447826086952,28.606729468599003,22.396314009661808,22.396314009661808
1152.0,104.31480355754015,92.234354726698,105.76602413461379,89.16359409309956,102.05302274627968,97.30279135723602,,117.37888095988711,0.0018670102875119423,59.814338127134434,76.3589545597061,59.28573921711453,30.836104626213363,30.422568533356557,0.0,6.597942497611546e-05,76.87971980676319,58.52743478260864,55.401497584541,40.05045410628014,48.24202415458932,34.76909661835745,28.620859903381614,22.39909661835746,22.39909661835746
1154.0,103.90492055720574,92.32897628610931,105.84603480170193,89.22953555960473,102.14425418155113,97.37400465085581,,116.78084069914914,0.0033562514133333335,59.58767492053333,76.84740616714667,59.17943128032,30.88288748906667,30.326637504213334,0.0,0.0,76.94304347826079,58.57159420289848,55.48884541062795,40.0968405797101,48.30598067632845,34.798917874396096,28.6321256038647,22.403797101449246,22.403797101449246
1156.0,103.50675760612769,92.42714206186604,105.91572391816142,89.30120252108739,102.23587031574667,97.45132576642638,,116.14087277804357,0.0012224842309999453,59.95730822078418,76.71852317997563,59.07923246232709,30.77635507152855,30.35210560231218,0.0,0.00017810653845454712,77.006381642512,58.61724637681152,55.5744782608695,40.14261352657001,48.37279227053135,34.82497101449271,28.642425120772916,22.408637681159394,22.408637681159394
1158.0,103.11975290893746,92.52248735472276,105.98403418087179,89.37179853565523,102.33501883004676,97.5177484329428,,115.45310703279108,0.001205504707819278,59.829074352073015,76.44917341426695,59.19549633896299,30.78826561671376,30.354306908598552,0.0,0.000141284369194492,77.06690338164243,58.656545893719745,55.65557971014487,40.185101449275315,48.439198067632795,34.848888888888844,28.653657004830887,22.408937198067605,22.408937198067605
1160.0,102.7442972798183,92.62009775484381,106.04978496368118,89.43904415129307,102.42167151589317,97.60084463727316,,114.72888118597321,0.0023439992319999998,59.958419064832,76.698607268096,59.2999999552,30.768579139712,30.323973563008,0.0,0.00018900019199999998,77.12295169082117,58.69178743961347,55.73111111111105,40.22285507246372,48.4983671497584,34.869908212560354,28.662893719806732,22.404285024154564,22.404285024154564
1162.0,102.37990673808858,92.70395330451818,106.11051257538787,89.5183064626169,102.52106098429867,97.67531064779611,,113.98577704859403,0.0023612759921914487,59.82188808803793,76.87362220229899,59.34152893869939,30.733957540458928,30.350124883873946,0.0,0.00018893599776898537,77.17642512077286,58.72745410628013,55.80303381642506,40.255028985507195,48.54767632850236,34.889091787439575,28.67203381642509,22.400367149758427,22.400367149758427
1164.0,102.02608255601787,92.80028203617394,106.18222675490883,89.59131873567432,102.6133335692703,97.74501913925289,,113.24814660384574,0.0010847451425067183,59.839930460395195,76.7979203504164,59.31171017998108,30.801955853868783,30.39260077899237,0.0,0.00042372889445564546,77.22977777777768,58.76783574879221,55.8703091787439,40.28320772946855,48.585613526569986,34.90750241545889,28.682975845410596,22.393903381642485,22.393903381642485
1166.0,101.68286357984094,92.90021797825261,106.26740446814871,89.66645097255545,102.7035286262542,97.80894498237714,,112.52044346676777,0.0021485002239999998,59.755599106816,76.61689503488,59.177611105024,30.802439960959997,30.369933765760003,0.0,0.0,77.28363768115933,58.821966183574816,55.92950241545888,40.307801932367106,48.614792270531346,34.926202898550684,28.69279227053137,22.37982125603862,22.37982125603862
1168.0,101.34869260251949,92.98583562558258,106.33952588976624,89.7395570290804,102.80644688053007,97.87908916761157,,111.8234423333639,0.004223617343158241,59.79107781625638,76.50983583844476,59.339915440782974,30.873675059690434,30.411404277642845,0.0,0.00018341686563477688,77.34045893719798,58.8874009661835,55.979560386473366,40.329874396135224,48.63533333333328,34.94565217391301,28.701555555555522,22.35955555555553,22.35955555555553
1170.0,101.02403953526061,93.07884609801779,106.41678179809655,89.81281314793853,102.91031226001687,97.94745240466857,,111.17496898172499,0.002380268719564134,60.20917921831628,77.01844615896792,59.29566471035273,30.760831471115633,30.390753385972122,0.0,0.00023139018291940937,77.3978695652173,58.96475845410621,56.02298550724632,40.34931400966179,48.64729468599029,34.96692753623184,28.711734299516873,22.341014492753594,22.341014492753594
1172.0,100.70825896672415,93.16746924019044,106.48925285387631,89.88091046083498,103.00884192421776,98.02172232004159,,110.54475246120222,0.0021168364408163266,59.973100032,76.34168675761633,59.346560631771425,30.663075671183673,30.523636187493878,0.0,0.00016479595102040817,77.45406763285014,59.048004830917804,56.06405797101443,40.36357971014488,48.65795652173908,34.9881062801932,28.722193236714944,22.328420289855046,22.328420289855046
1174.0,100.40133473065698,93.25725952125795,106.55716162294125,89.952725256813,103.10766371294513,98.09203223681506,,109.9348502877055,0.001538462523076923,60.01049635790769,76.76707091150769,59.44915307396923,30.79630049686154,30.314261604676922,0.0,0.0002663460923076923,77.51142512077286,59.12977294685984,56.10528019323666,40.37674879227049,48.66799516908207,35.00786956521735,28.72940096618354,22.31634299516906,22.31634299516906
1176.0,100.10304611111026,93.34395390232812,106.62928874690883,90.01510611973039,103.2153518791653,98.16258506057972,,109.34786986274928,0.0024279415215686276,59.916430820643136,76.64315726180392,59.47067053251765,30.85403377869804,30.433555896909805,0.0,0.00036470600784313723,77.57109178743953,59.21820289855066,56.14559903381637,40.39112077294681,48.676961352656946,35.02972463768112,28.735256038647314,22.30173429951688,22.30173429951688
1178.0,99.81430092737183,93.43036444658821,106.70476509563008,90.09481761250296,103.29355547506118,98.2332056372217,,108.77962624261167,0.0029341858648538064,60.079741906785316,76.83469474040055,59.427208561782464,30.934459376388034,30.41306711043671,0.0,6.32477884432347e-05,77.63304347826077,59.31525603864728,56.18400966183569,40.4024251207729,48.68505797101444,35.054178743961316,28.743483091787407,22.289927536231858,22.289927536231858
1180.0,99.53229876950057,93.52428248080838,106.78267357503859,90.16581700593719,103.3881272418459,98.30125303987255,,108.22930890927641,0.001320587686089552,59.83820586662089,76.69414123681223,59.32938820110171,30.967735314473646,30.41519704078836,0.0,0.000367647147404911,77.69608212560378,59.4228937198067,56.22193719806757,40.411869565217344,48.692487922705254,35.07996135265696,28.75180676328499,22.280159420289827,22.280159420289827
1182.0,99.25688469181779,93.61637938814802,106.86423047920235,90.23483442448541,103.47993630813755,98.36854270466102,,107.69712886126207,0.0020294123552472404,59.88620393637153,76.80389030765137,59.36759123652865,30.98393433583142,30.356316156716982,0.0,0.0,77.7614541062801,59.54439613526563,56.260806763284954,40.42371014492749,48.70245410628014,35.10824637681155,28.759173913043448,22.274062801932345,22.274062801932345
1184.0,98.98845849090836,93.70911756560334,106.93727637775953,90.3064898563644,103.57145984535137,98.44076190847653,,107.18051406330382,0.002278894286184752,60.00815175778034,76.75357175613371,59.392191980899064,30.908826372879957,30.468223143421703,0.0,3.567841264613865e-05,77.8298502415458,59.677821256038584,56.303884057970954,40.43680676328497,48.715111111111064,35.13903381642508,28.766927536231847,22.27449275362316,22.27449275362316
1186.0,98.72708090097552,93.79770545117242,107.01688563012905,90.37084642758255,103.65824167476883,98.5006644278676,,106.67909869313864,0.0012023364200890738,60.232754171187544,76.76746632545276,59.51472332556161,30.897877800958682,30.47281589497773,0.0,0.00010233642008907369,77.90021739130425,59.81484541062795,56.3521014492753,40.45124154589368,48.73178743961347,35.16992753623184,28.775188405797067,22.27708212560384,22.27708212560384
1188.0,98.4709401990279,93.88436247609208,107.09586375083751,90.43909573139248,103.74983966422535,98.56181021640094,,106.19402063533434,0.0015005182336813427,59.86015286408005,76.92816891552937,59.42589689378133,30.826017357379623,30.373699480174608,0.0,0.0,77.96850241545886,59.94006763285017,56.40471014492747,40.470111111111066,48.755589371980626,35.19970531400962,28.78468115942026,22.282289855072438,22.282289855072438
1190.0,98.2213806550355,93.97173171872099,107.17316935706125,90.49640235089417,103.83577493294315,98.62328389283684,,105.72192677261806,0.0019731342903393846,60.12034926288628,76.9607059631386,59.138919399814306,31.017502987682718,30.41603581105435,0.0,0.0,78.03482608695643,60.04834782608689,56.464154589371915,40.492289855072414,48.786574879227,35.23131884057966,28.7973526570048,22.29479710144925,22.29479710144925
1192.0,97.97791888057151,94.05478506570864,107.24932197430974,90.56282541918007,103.90611602196189,98.6895988495178,,105.26468184513382,0.0010780490546104366,60.177392167896095,76.82442342438195,59.42677853645379,30.950544132103534,30.61468318360451,0.0,6.487803781558255e-05,78.10103864734292,60.145913043478195,56.52702415458931,40.517256038647304,48.82232367149753,35.2646714975845,28.811545893719774,22.312681159420265,22.312681159420265
1194.0,97.73972039561887,94.14104378727511,107.32775079545137,90.63662969958348,103.99170328358194,98.76915988526056,,104.82054085308447,0.0027,60.10007523240389,77.19625601845267,59.12776109733424,30.938363114949098,30.436302274907618,0.0,6.414140499949577e-05,78.1665120772946,60.234700483091714,56.59005314009655,40.545057971014444,48.86271497584536,35.29661835748788,28.82499999999997,22.332241545893694,22.332241545893694
1196.0,97.50825423924725,94.23851394139412,107.41485411966283,90.70740887421849,104.0662206691206,98.82872773403082,,104.39035152693822,0.0024112066206896554,60.174373622620685,76.9717134643862,59.327095689268965,31.01772974212414,30.483155632110346,0.0,2.8879337931034486e-05,78.23179227053132,60.31610628019316,56.65307246376805,40.57386956521734,48.90991304347821,35.32818840579706,28.838454106280157,22.354603864734273,22.354603864734273
1198.0,97.28040709655994,94.32434588495653,107.4969927971326,90.78341512918323,104.14896020378625,98.89399127283208,,103.97233440478352,0.0025108104461657147,60.084145866817956,76.60412323922466,59.315877012623545,30.913100642766455,30.404108061737407,0.0,0.0001,78.29498067632842,60.38743478260862,56.7135169082125,40.60359420289851,48.966589371980625,35.36036231884054,28.85020289855069,22.37906763285022,22.37906763285022
1200.0,97.0585962645924,94.41837720401911,107.57695730054357,90.85027998558336,104.23329188950315,98.95844626099041,,103.56539164764614,0.002330541673129719,60.21088329442891,76.82421487599137,59.62617688219842,30.891764494955037,30.381190381654264,0.0,0.0,78.36083091787431,60.450995169082056,56.771821256038585,40.635864734299474,49.031714975845354,35.39167632850238,28.86031884057968,22.40432850241543,22.40432850241543
1202.0,96.84139948148929,94.51054879154366,107.65458319605004,90.91762923237793,104.31215449789667,99.02413894879177,,103.17016057493711,0.0016263677536693345,60.30469305615699,77.28423635099267,59.540508999994906,30.996923877038448,30.535954255205336,0.0,0.0,78.4280966183574,60.50749275362312,56.82716425120767,40.67348792270527,49.103560386473376,35.42184057971011,28.870048309178713,22.42785990338162,22.42785990338162
1204.0,96.62883772550475,94.59482367661822,107.72946684797618,90.99353710133188,104.39274954987589,99.09443462971373,,102.78653652080735,0.0029421278932077227,60.061534054526895,77.0279923977825,59.55463610829995,30.965736197518652,30.552787883087557,0.0,2.8510657767310227e-05,78.49010144927529,60.54514009661829,56.87807246376805,40.71506280193232,49.180869565217336,35.45173913043474,28.880637681159385,22.447086956521712,22.447086956521712
1206.0,96.42157882577347,94.69304457410117,107.80630272316371,91.06762698494762,104.48258276676161,99.16466348139771,,102.41161179128004,0.0035840491645451134,60.272819029273506,76.90843682189474,59.003251493358924,30.945910112859835,30.496383737802706,0.0,0.0001,78.55039130434774,60.56557004830911,56.924850241545826,40.756188405797054,49.257985507246325,35.481033816425075,28.892159420289822,22.461782608695625,22.461782608695625
1208.0,96.21789386390125,94.78111150030705,107.89076246493421,91.1377104007794,104.55605593102399,99.24174692098956,,102.04712319723536,0.0020288461538461536,60.212434615384616,77.34643076923078,59.67359807692308,31.029229807692307,30.489438461538462,0.0,0.00024615384615384614,78.61128985507237,60.57413526570041,56.96840579710138,40.79484541062798,49.33328019323667,35.51060869565214,28.902908212560355,22.47349758454104,22.47349758454104
1210.0,96.01914457386853,94.86108700261084,107.97172194522818,91.21327606888222,104.65415856774297,99.31879910027118,,101.6934933998049,0.0026351219621844175,60.35135899328281,77.25705214496847,59.67889413547525,31.108468061867104,30.60971779568946,0.0,3.5121962184417466e-05,78.66972463768107,60.57388888888882,57.009695652173846,40.83196618357483,49.4061400966183,35.54017391304344,28.914227053140063,22.477115942028963,22.477115942028963
1212.0,95.82473770665277,94.96518091400283,108.04361186042479,91.2799660287477,104.7364295317225,99.39407525738547,,101.34915030411261,0.002633165796823281,60.12932116748977,77.20014690349048,59.638695946962926,31.028007577735952,30.596951311197245,0.0,0.0,78.72810144927527,60.572855072463696,57.04489855072457,40.86843478260865,49.47884057971009,35.56886956521735,28.925062801932334,22.469251207729446,22.469251207729446
1214.0,95.63461718671272,95.04846310945112,108.12013520274861,91.35374466863315,104.81874899624408,99.46172786530218,,101.01267403375151,0.0014776118376475503,60.36937759044063,77.05816113638564,59.57896556404078,31.01826718817662,30.5118089546536,0.0,0.00042238816235244973,78.78827053140087,60.57621739130428,57.07324154589366,40.90391304347822,49.55421256038642,35.59766183574875,28.933140096618327,22.45607246376809,22.45607246376809
1216.0,95.4485622577352,95.13186528919778,108.18597055015134,91.41681028323325,104.91303210005105,99.53647258617661,,100.68525191170468,0.002287755102040816,60.24161632653061,76.91615306122449,59.457136734693876,30.937048979591836,30.405285714285714,0.0,0.0001653061224489796,78.847304347826,60.58211111111105,57.09760386473423,40.938062801932325,49.628434782608636,35.628739130434745,28.942183574879195,22.446178743961326,22.446178743961326
1218.0,95.26609669770585,95.22542497705487,108.26059227214833,91.48386221484724,105.00503549522507,99.61317290123657,,100.36655775739831,0.002385863979605787,60.348201553691624,77.2039848342166,59.67135186692293,30.9804775072578,30.50821568971202,0.0,0.0001,78.90714975845403,60.5821014492753,57.12034299516902,40.97114975845406,49.70495652173908,35.66190821256035,28.955314009661805,22.444140096618334,22.444140096618334
1220.0,95.08705118369171,95.30854575302963,108.32941796956004,91.54210744167219,105.09367863652604,99.68907045049284,,100.05666646678213,0.0035144919452778528,60.46840576358469,77.06608266163242,59.68917394007376,31.23587678105452,30.469620302463287,0.0,0.00035507238490515636,78.96797584541054,60.576690821255966,57.141516908212495,41.00526570048305,49.78487922705309,35.69337198067629,28.96722222222219,22.44328985507244,22.44328985507244
1222.0,94.91249226712006,95.39276653860591,108.3950977708258,91.61363363732316,105.18788121749571,99.76604522784513,,99.75382977736405,0.0022691173647058824,60.32075591943529,77.39831612084706,59.60577337374118,31.176444155231373,30.53146770817255,0.0,0.0001,79.02877777777769,60.57463285024148,57.16128019323666,41.041946859903334,49.86274879227048,35.72293719806759,28.975599033816394,22.43829468599031,22.43829468599031
1224.0,94.74151951744211,95.47078246375953,108.45152414624943,91.67829911491215,105.2824013023969,99.84051661559637,,99.45831304917937,0.002646267493338903,60.424710736210386,77.39558038657286,59.60491798878185,31.063817494867262,30.711759074629754,0.0,7.064685234526643e-05,79.08977294685982,60.58639613526564,57.18045410628013,41.07734782608691,49.93799999999995,35.75401449275358,28.98473913043475,22.43231400966181,22.43231400966181
1226.0,94.57407822917001,95.56589983148113,108.52246505771988,91.74573078694146,105.369287238408,99.9177780926419,,99.16997286563632,0.0036333333333333335,60.29996666666667,77.4569,59.6195,31.01095,30.65345,0.0,0.0001,79.15057487922697,60.61217874396129,57.19563768115936,41.10701932367145,50.010115942028925,35.78396618357484,28.99471497584538,22.42676328502413,22.42676328502413
1228.0,94.41004537325372,95.65772708698711,108.58319020460571,91.81052999542192,105.45513006117467,99.9919806542265,,98.88822115476945,0.0021,60.079233333333335,77.14216666666667,59.7911,31.0464,30.50415,0.0,0.0,79.21079710144919,60.65031884057964,57.210637681159355,41.13371980676323,50.079280193236656,35.81315458937194,29.00259903381639,22.421980676328474,22.421980676328474
1230.0,94.24956554063613,95.74964592848332,108.65741889728015,91.87670328516704,105.55837454524959,100.06894932866501,,98.61367091320396,0.001240096760549794,60.287185039958246,77.28790726124606,59.71278978547949,31.064045437512522,30.662218853590307,0.0,0.0,79.27065700483082,60.70200966183568,57.231038647342935,41.160811594202855,50.14459903381637,35.843115942028945,29.010289855072433,22.417845410627994,22.417845410627994
1232.0,94.09230578968503,95.83423914884119,108.72503060292836,91.94355733784153,105.65357159050534,100.1293335755088,,98.34450689303442,0.0023679609587330228,60.365554388600785,77.33821154473726,59.54020203470418,31.103983510172277,30.533901475853344,0.0,0.0,79.3273236714975,60.76088405797094,57.25759903381636,41.18749758454102,50.20532367149753,35.87051207729465,29.019685990338132,22.412555555555528,22.412555555555528
1234.0,93.93863374787037,95.91087932789696,108.79227570684333,92.0077296843599,105.73623482690526,100.2018333139629,,98.08154079693466,0.0023548222228864076,60.58769491781357,77.03340969083767,59.754772148490446,31.20652435671857,30.473836552198676,0.0,3.4517777711359256e-05,79.38153623188398,60.82126570048302,57.288647342995105,41.21490338164246,50.26085024154584,35.898004830917834,29.029082125603832,22.403801932367127,22.403801932367127
1236.0,93.78733719897012,95.9964999121488,108.8569461606324,92.07648406359988,105.82734484266203,100.26956022566048,,97.82516319361346,0.0016169150883199156,60.30982575433958,77.25397585196336,59.78797520470428,31.02245204035626,30.624776612702938,0.0,3.4825901061825854e-05,79.43581159420282,60.88465700483084,57.32303381642506,41.243077294685946,50.31194202898545,35.92703381642508,29.038599033816396,22.39175362318838,22.39175362318838
1238.0,93.63970893693664,96.08059775079572,108.92352097145765,92.14408265528878,105.90728100954001,100.33699847405518,,97.57361006389054,0.0026392158117647057,60.37941366889412,77.47731987162352,59.798754427858825,31.140858138541176,30.575934523294116,0.0,0.0002392158117647059,79.49027053140087,60.96653623188399,57.360685990338105,41.26795652173909,50.357729468598976,35.95786473429948,29.048961352656974,22.377835748792243,22.377835748792243
1240.0,93.49491830636042,96.1606004264261,108.99064097519822,92.22233790267765,105.99471294563328,100.41740945212445,,97.32770471830398,0.0019392666339630128,60.442206252295286,77.38887649491888,59.86829735019984,31.242997098086835,30.719415697217777,0.0,0.00036806273740306184,79.54568599033809,61.073159420289784,57.39833816425114,41.290400966183526,50.39631400966178,35.98776328502411,29.060289855072433,22.359869565217366,22.359869565217366
1242.0,93.35267307034606,96.2361228429303,109.05384441135773,92.28758694225498,106.08365935913275,100.4804311629373,,97.08730239005804,0.0012298503736837012,60.450149412346086,77.35718071618889,59.79859407557225,31.24562611149886,30.66564483975159,0.0,6.716423233089985e-05,79.60287922705305,61.19937198067627,57.43735748792265,41.30952657004826,50.42776811594197,36.01699516908209,29.07210144927533,22.33929468599031,22.33929468599031
1244.0,93.21310078240533,96.32493597114053,109.1304276783865,92.36760855223015,106.1715994485945,100.53833642526307,,96.85231583354036,0.002624999936,60.49493733824,77.402112509056,59.73877500544,31.166112523264,30.521700020224,0.0,0.0001,79.66028985507238,61.34309661835742,57.480743961352594,41.324497584541014,50.45353140096613,36.04882608695648,29.08269082125601,22.316328502415434,22.316328502415434
1246.0,93.07557910040053,96.39973115785699,109.19162045779643,92.4473911004078,106.25354957932338,100.60992967467152,,96.62152570198157,0.001151612385670147,60.48317088551148,77.19631935429071,59.540996722377095,31.18260483291001,30.581537055141407,0.0,0.0012935495135414444,79.71513526570041,61.49007729468592,57.52835265700476,41.33752657004826,50.47401449275356,36.08047342995165,29.092130434782575,22.290570048309153,22.290570048309153
1248.0,92.94181153801556,96.48914020583351,109.26350017694278,92.51603256900637,106.33956388305633,100.68151609190419,,96.39501374841807,0.0014507383012450675,60.49743844160364,77.20552087332544,59.87398174695354,31.173926837429963,30.569744598275594,0.0,0.0,79.77245893719798,61.64337681159413,57.58114975845404,41.34965217391299,50.48615458937192,36.11215458937194,29.103492753623158,22.262792270531374,22.262792270531374
1250.0,92.80955832718172,96.57025954669507,109.33939160312806,92.59519718831582,106.42717036508009,100.74731158461923,,96.17296328680806,0.0017,60.55902019960048,77.13832069860169,59.94122127824954,31.302395618419272,30.531380316378964,0.0,0.0,79.83187439613518,61.81686473429945,57.63938647342989,41.36318357487918,50.49303381642507,36.1470869565217,29.115628019323644,22.230671497584517,22.230671497584517
1252.0,92.6798114559376,96.64273138762306,109.4139442970695,92.67186311503811,106.51838025641399,100.81172278908632,,95.9557217676769,0.0017300492200830046,60.484315324810936,77.51931077431779,59.926422603784005,31.067574372264236,30.77218003465457,0.0,3.4975389958497754e-05,79.88999516908204,61.98765700483085,57.70256521739124,41.3750483091787,50.49600483091781,36.18366183574875,29.127386473429922,22.1959951690821,22.1959951690821
1254.0,92.55190293610049,96.72452911002505,109.49103298418746,92.74464514576668,106.60243510053323,100.8848674294419,,95.74282932132206,0.002590950339460732,60.45105938912127,77.86040489933174,59.870159667709586,31.161728618607384,30.73164360185154,0.0,3.0316779820243935e-05,79.94764251207721,62.144381642512,57.77121739130429,41.38157004830913,50.492246376811536,36.22027053140093,29.138792270531372,22.161009661835724,22.161009661835724
1256.0,92.42586190202212,96.79134335372672,109.56275392882269,92.81597144843853,106.68266698951672,100.95584414742022,,95.53342228521765,0.0022039209411764704,60.5734489445647,77.28090654832941,59.780203920941176,31.273926187294116,30.602719152188236,0.0,3.4803952941176475e-05,80.00558937198059,62.29494202898544,57.84690338164245,41.38445410628015,50.4837632850241,36.25830434782605,29.149821256038614,22.125990338164225,22.125990338164225
1258.0,92.30288760338405,96.87367260866083,109.63080767886682,92.8903331785852,106.77401522526465,101.03569496481317,,95.32874955966992,0.0012823529411764706,60.595194117647054,77.30848235294117,59.720000000000006,31.21935294117647,30.695588235294117,0.0,6.470588235294117e-05,80.06335265700473,62.442512077294616,57.930434782608636,41.387787439613476,50.47373429951685,36.296724637681116,29.16284541062799,22.094685990338142,22.094685990338142
1260.0,92.18157347409107,96.96612781656668,109.68967337753502,92.96248912130693,106.84896007504106,101.09944682018188,,95.12683706254292,0.0025040611749234274,60.76043405736741,77.23197977131525,59.91697411215403,31.123788317689606,30.7126760955699,0.0,0.0003329949020897144,80.12344927536223,62.59001449275356,58.02131884057964,41.393275362318796,50.46533816425114,36.33571497584537,29.175410628019293,22.070748792270507,22.070748792270507
1262.0,92.06188971519185,97.03918292731105,109.77123597071726,93.03811061990544,106.94171354369068,101.17083128268682,,94.92798561487812,0.0023666670976433763,60.8589605854129,77.6037515294717,59.76177564740244,31.19870761859078,30.773227290005522,0.0,6.969695010711926e-05,80.1847777777777,62.71959903381635,58.11963285024147,41.3990676328502,50.46057971014487,36.376111111111065,29.187492753623157,22.05721256038645,22.05721256038645
1264.0,91.94404649250713,97.12255883145997,109.84280786483093,93.10269582629705,107.04708711259852,101.25010540633158,,94.73384649515833,0.0012705879843137255,60.579601421427455,77.52387208407843,59.92057638462745,31.2801095539451,30.749561009505882,0.0,6.617650196078431e-05,80.24441062801924,62.82324637681152,58.22123188405791,41.40396618357484,50.4596859903381,36.41884541062798,29.202719806763252,22.05533333333331,22.05533333333331
1266.0,91.82728784157872,97.2152981190708,109.92074633045722,93.18325388633197,107.14223718335568,101.31854744540574,,94.54315321962524,0.0024029124367611256,60.55134956424051,77.58086691421633,59.762033018179736,31.203087872241007,30.707408236059486,0.0,0.00023203891699505522,80.3066425120772,62.90684057971007,58.32135265700476,41.4098212560386,50.46410628019318,36.460120772946816,29.219942028985475,22.06093719806761,22.06093719806761
1268.0,91.7131083615215,97.29821168501415,109.98381582436288,93.25724612639165,107.23843394053591,101.38718830605572,,94.35581033991048,0.0023386139492207205,60.51200546953218,77.40977373083484,59.74201235720387,31.1611641066228,30.74276064327011,0.0,6.386139492207203e-05,80.36849758454098,62.97885507246369,58.41878743961346,41.41608695652169,50.47224154589367,36.496188405797064,29.23440579710142,22.070975845410604,22.070975845410604
1270.0,91.60054981019353,97.37793946569747,110.05350597184803,93.33770672167431,107.3396278095269,101.45681065143556,,94.17104097712927,0.002368398748149265,60.80390998200243,77.6630276497655,59.9425575248464,31.321228577128014,30.777772270442313,0.0,0.00022294379970388235,80.43366666666657,63.03546859903374,58.515280193236656,41.4228212560386,50.48544444444439,36.530570048309144,29.248579710144895,22.090748792270507,22.090748792270507
1272.0,91.4886895016491,97.46476588342502,110.11926149614224,93.40232389575331,107.43448231734288,101.53115767340128,,93.99043794807287,0.0017772222577777778,60.779224414435554,77.69796722929777,59.993428463786664,31.288514212693336,30.77177534478222,0.0,2.2777742222222223e-05,80.50106280193226,63.07329468599026,58.60952657004824,41.430652173912996,50.506193236714914,36.56383574879223,29.263710144927504,22.120077294685967,22.120077294685967
1274.0,91.37893785178018,97.54821466731335,110.18639760638523,93.47647980511998,107.53365725448474,101.6034462507196,,93.81320916043398,0.002763819060569144,60.520124624264966,77.69544573026322,59.943844720670285,31.2600693468649,30.63099020297346,0.0,3.467336812706875e-05,80.56480676328493,63.092333333333265,58.69839613526564,41.439555555555515,50.53204347826082,36.592429951690775,29.276821256038616,22.151512077294665,22.151512077294665
1276.0,91.27107117494204,97.63693344836048,110.24646341374553,93.54514215928522,107.61196353823829,101.65690715393349,,93.6377342685489,0.0040871272636025255,60.63646738739492,77.53532965580695,59.896117581866086,31.15503518673414,30.726397534607504,0.0,0.0005,80.62806763285015,63.08925603864727,58.78663285024148,41.450062801932326,50.56467632850236,36.617719806763255,29.289159420289824,22.185985507246354,22.185985507246354
1278.0,91.16476018469157,97.72333693009473,110.30928372526125,93.61053787052383,107.71679191651593,101.72583618581339,,93.46509568937157,0.0034113925308549963,60.51523166036929,77.65676578913826,59.854644306975075,31.102623451201257,30.755661384753648,0.0,0.0,80.68791787439605,63.06518357487916,58.87363285024148,41.46508695652169,50.60507246376805,36.638724637681115,29.301971014492718,22.221285024154568,22.221285024154568
1280.0,91.0606299571602,97.80852308521642,110.37882251655579,93.68425092115055,107.79319946785357,101.78577809630812,,93.2952405795446,0.005245451054545454,60.77931001192727,77.51119212334545,60.082073857163635,31.297514215854545,30.9326249344,0.0,0.00024772712727272724,80.7455893719806,63.02197101449268,58.95711111111104,41.48388888888885,50.65111594202892,36.65451207729465,29.3141062801932,22.256275362318817,22.256275362318817
1282.0,90.95874668542398,97.89066349606307,110.44896989943035,93.75268252262472,107.87315559379249,101.85783527344172,,93.12831038403694,0.0025713568252922776,60.83702211839289,77.42507493825127,60.05165924995883,31.20811529927548,30.74613896961963,0.0,0.0003216079367693068,80.80771014492746,62.97492270531394,59.03487922705307,41.504473429951645,50.70242028985501,36.66842028985503,29.324415458937168,22.289676328502395,22.289676328502395
1284.0,90.8579273070789,97.9757243037076,110.51738935646388,93.82099602667174,107.96395096084832,101.92583638036264,,92.96433671353225,0.0015094528985322663,60.65529805388993,77.54438517797738,59.87466712908008,31.31787633311087,30.821588527630176,0.0,0.0003184080615826664,80.87187439613518,62.93541062801925,59.10540096618352,41.527797101449224,50.75850241545887,36.67900966183571,29.33536714975842,22.321285024154566,22.321285024154566
1286.0,90.7583004378602,98.05838598256958,110.58931181154493,93.89163013165741,108.04775068734224,101.99188142294179,,92.80248217369319,0.0019458875994077646,60.818067533446225,77.14365202893796,59.98051474559591,31.388132296773737,30.79363572030179,0.0,0.00027705620029611766,80.93328019323663,62.89699999999993,59.170188405797035,41.55049758454102,50.81573429951685,36.68611111111107,29.34642995169079,22.352628019323646,22.352628019323646
1288.0,90.65996538035016,98.1424622238302,110.65548833914993,93.9636659177669,108.14004213779353,102.0668776542907,,92.64304236368183,0.0025,61.128178599040005,77.63403315872,60.11870871616,31.34306148944,30.744316186240003,0.0,0.00074499968,80.99250724637672,62.8508743961352,59.22897584541056,41.57211594202894,50.87334299516903,36.688381642512034,29.356502415458905,22.381565217391277,22.381565217391277
1290.0,90.5623063994551,98.23381870876278,110.72726464942811,94.0268826685712,108.2159235081831,102.13068466276988,,92.48614468835828,0.002889690860410154,60.774020636225565,77.74646083783202,60.05632579752525,31.45006649080974,30.76504228160509,0.0,0.0,81.05430917874389,62.813405797101375,59.283371980676264,41.595096618357445,50.93341062801926,36.68935265700479,29.36570531400963,22.41017874396133,22.41017874396133
1292.0,90.46607450647149,98.31590458289477,110.80103854035004,94.11153713911555,108.30027095378092,102.19701584342846,,92.3319854856479,0.0017353234261726332,60.93892395039967,77.8660732679875,60.038877063411604,31.352734309614902,30.732247818522687,0.0,0.0001,81.11678743961343,62.7942318840579,59.335082125603805,41.62061352657,50.99487439613521,36.690826086956484,29.373555555555523,22.43512077294684,22.43512077294684
1294.0,90.37127145837907,98.39861912990109,110.86620450791123,94.17937565890999,108.38480633833943,102.28720154993127,,92.1796872991148,0.0020851486955397675,60.625446459467064,77.8162177542449,60.12248905916139,31.364884068172085,30.79307171439,0.0,0.0004,81.179265700483,62.78124154589365,59.382304347826015,41.649840579710094,51.05474879227047,36.688652173913,29.380173913043443,22.453647342995147,22.453647342995147
1296.0,90.27802015363677,98.48994348992015,110.94412989680538,94.24727611001376,108.47299128658071,102.35509290351875,,92.02970567270931,0.00266750016,60.91480901728,77.78485652639999,60.1275127328,31.35863823312,30.695052532480002,0.0,8.375008000000001e-05,81.24594202898541,62.78400966183568,59.42333333333326,41.68339613526565,51.1129516908212,36.68538164251204,29.386285024154557,22.467222222222198,22.467222222222198
1298.0,90.18547025597124,98.5641918540797,111.01084134366108,94.32570818361418,108.55350163187806,102.43044578282735,,91.88145047308413,0.002763265306122449,61.03284489795918,78.03093265306123,60.42730204081633,31.33453469387755,30.837421428571428,0.0,0.0,81.31323671497576,62.815714975845346,59.46199033816419,41.71650241545889,51.17173429951685,36.68361352657001,29.392009661835715,22.47426086956519,22.47426086956519
1300.0,90.09374577985565,98.63799129543742,111.07566997692167,94.39624485888035,108.64504036325057,102.50603412707868,,91.73566670297015,0.0016402982337268008,60.69913886514272,77.71021639139228,60.087699957205956,31.248494787023215,30.841209687246867,0.0,0.0001,81.37823671497576,62.86057487922699,59.49979710144922,41.74676328502411,51.229077294685936,36.681169082125564,29.397468599033783,22.478004830917847,22.478004830917847
1302.0,90.00366832493418,98.72143649902567,111.14284986522892,94.47009522306884,108.73364591114901,102.59236403946582,,91.59215374220453,0.0020012147041387003,60.94900126486769,78.01736998105393,60.08359511382151,31.505366840649888,30.777944737802173,0.0,8.623487320230006e-05,81.44290338164241,62.91300966183567,59.53842028985501,41.77835265700479,51.28413526570042,36.68014009661832,29.40460869565214,22.483570048309154,22.483570048309154
1304.0,89.91464893998568,98.80435276155585,111.21024300061538,94.53861285455163,108.8261734744705,102.67663309740873,,91.44946794966265,0.0033617833231694393,61.17555282757361,77.80419942701727,60.24827707155925,31.60501019041811,30.821567816273753,0.0,0.0004382166768305608,81.50623188405788,62.978173913043406,59.57967149758447,41.811792270531356,51.33966666666661,36.682666666666634,29.414821256038614,22.49261352657002,22.49261352657002
1306.0,89.82634125793426,98.89596223074571,111.27501873229808,94.60550447563624,108.92286014415826,102.75719132689183,,91.3091198406705,0.0031535540918129767,60.91304684883508,77.68305875355944,60.30894310565517,31.219955205655292,30.8542217707915,0.0,0.0001,81.56664734299508,63.054492753623116,59.624903381642454,41.84581159420285,51.39725603864728,36.685492753623144,29.425323671497548,22.50398550724635,22.50398550724635
1308.0,89.7394682301924,98.98683715118995,111.34684579542953,94.68255205414701,109.01271176774432,102.83534507856258,,91.17045620599546,0.0027,61.141260506584615,77.79957834707692,60.344120520615384,31.5190749888,30.86117427556923,0.0,0.0001,81.62619323671487,63.14154589371973,59.67440579710138,41.880966183574834,51.45615458937193,36.689584541062764,29.4333333333333,22.51490338164249,22.51490338164249
1310.0,89.65374617722212,99.07986631953729,111.4207484051954,94.75198964819526,109.10995568144594,102.92077384131937,,91.03368622735118,0.002321227713207547,60.97920655710189,78.03720665950189,60.1539480666566,31.444158516045285,30.884360546656605,0.0,0.0001768869433962264,81.68203864734289,63.22731884057964,59.72435748792264,41.913555555555504,51.513884057970955,36.69525603864731,29.44146376811591,22.52512560386471,22.52512560386471
1312.0,89.56906329452302,99.17391157978969,111.49196293906955,94.81532039863386,109.22178840121995,102.99226881640439,,90.89833369202799,0.0021224398431031704,60.72715198312647,77.86246909979133,60.3156241815178,31.343662678372738,30.89495686030263,0.0,3.609750980605184e-05,81.73673429951683,63.31843478260863,59.77282608695646,41.94405314009658,51.56984057971008,36.70277294685986,29.451106280193205,22.53206280193234,22.53206280193234
1314.0,89.4865467983314,99.26815943389677,111.56454275011366,94.88569693367297,109.30579365166477,103.04593997869819,,90.76433179693827,0.004053659240166787,60.916149740940405,77.88194781269785,60.09740284497259,31.323832939342967,30.912781699678188,0.0,0.0001,81.79522705314,63.41914009661829,59.820371980676256,41.97471014492749,51.622246376811525,36.71174879227049,29.460652173913008,22.53495169082123,22.53495169082123
1316.0,89.40528332551865,99.34874747789023,111.62581101687162,94.94804600910233,109.39559146420152,103.10869165922949,,90.63184382577101,0.0008721390398850674,61.20905765987906,77.74137264085098,60.19524422509667,31.442287297556152,30.87511617844097,0.0,3.631838768346673e-05,81.85525603864725,63.51198067632843,59.867082125603794,42.00172946859899,51.66870531400959,36.722971014492714,29.468492753623153,22.538473429951665,22.538473429951665
1318.0,89.32451439507835,99.43712623731062,111.69672775247669,95.01354375984896,109.49644887586109,103.18139409180581,,90.50149737900654,0.0017,61.51351558990769,78.2287154107077,60.173516401476924,31.312470095753845,30.853575384984616,0.0,3.557686153846154e-05,81.91399033816415,63.592024154589296,59.91139613526563,42.02796618357483,51.71342512077289,36.73538647342991,29.476623188405767,22.544357487922678,22.544357487922678
1320.0,89.24504987437143,99.5210677719924,111.75904807765811,95.07348658750279,109.59075101375524,103.2510731101049,,90.37269556702428,0.0014620250361586597,61.10517885752678,78.09892485803877,60.19709695511141,31.36743118572319,30.90351817951546,0.0,0.00027679332369102413,81.96855072463758,63.663096618357415,59.951898550724565,42.05387922705309,51.758787439613464,36.74544927536228,29.485212560386444,22.545333333333307,22.545333333333307
1322.0,89.16724389277712,99.6095159668067,111.81328147584537,95.14154027208421,109.67055652485207,103.31747265929621,,90.24477101280378,0.0024410521323438264,61.03024634728667,78.12972836963142,60.062429450220165,31.345745368019962,30.731553284881997,0.0,0.0005715786296733443,82.02202415458927,63.7264009661835,59.989714975845345,42.07814975845406,51.80357004830912,36.75491304347822,29.493826086956485,22.538304347826063,22.538304347826063
1324.0,89.09104090303033,99.70300455617665,111.88852717990146,95.19373950643957,109.75686034179404,103.37487892967219,,90.11838456001587,0.0025702970485246427,61.17088808764319,77.79285692131046,60.16088115777828,31.426203473486908,30.816306695472985,0.0,3.5148524262321255e-05,82.07932367149749,63.776995169082056,60.02428985507239,42.10312560386469,51.84959903381637,36.765386473429906,29.50263285024151,22.53095169082123,22.53095169082123
1326.0,89.01608671633025,99.78266322776169,111.9647012891992,95.25112532838183,109.8569117624521,103.45230599547803,,89.9936415244399,0.00235999872,61.25703494912,78.306087895296,60.213688953088,31.505360925312,30.866155485056,0.0,0.0001,82.13518840579701,63.81470048309172,60.05094202898544,42.12698067632845,51.89570048309172,36.77838164251204,29.510579710144896,22.526130434782583,22.526130434782583
1328.0,88.94231663828988,99.87489881547536,112.03190559549184,95.31638693818994,109.92624862700427,103.51290121006113,,89.87039244520288,0.0009,61.037561145885014,78.26832727604507,60.27810451194472,31.60233218002926,30.7385256592261,0.0,3.099174559114283e-05,82.18988405797091,63.84476811594196,60.068642512077226,42.149144927536184,51.93887439613521,36.79536231884054,29.51900966183571,22.520743961352633,22.520743961352633
1330.0,88.86969239363054,99.96503333950561,112.09933516917104,95.3782898812444,110.01322840672606,103.58428791285199,,89.7485799493793,0.00229428578951834,60.9699199638967,77.77592568337347,60.180905675005924,31.632740046869927,31.004150009654854,0.0,2.285713449796224e-05,82.24675845410619,63.86953140096611,60.0781400966183,42.17149275362314,51.9821207729468,36.81657004830914,29.529265700483055,22.515396135265675,22.515396135265675
1332.0,88.79756385098968,100.044986876771,112.16921110318785,95.43406713635937,110.10365917539409,103.65440028755467,,89.62837025353976,0.0017,61.26380493464615,78.10142793870769,60.183763291569235,31.570837951384615,30.88229224344615,0.0,6.442313846153846e-05,82.30195169082117,63.87991304347819,60.08196135265694,42.19473913043473,52.02661352656999,36.84164251207725,29.540294685990304,22.511961352656982,22.511961352656982
1334.0,88.72667226726256,100.13606621091078,112.24074242251048,95.4974423918755,110.18075224427417,103.70965917375108,,89.50943055682393,0.0017808069942257816,61.23644538721914,78.00132231232497,60.441042495455356,31.46368427243037,30.857471782095008,0.0,6.464642285483775e-05,82.35584057971006,63.876391304347756,60.082014492753565,42.216647342995124,52.06930434782602,36.86839130434778,29.54921739130431,22.506314009661814,22.506314009661814
1336.0,88.6559644608973,100.21595119557307,112.30711564883478,95.56423761666561,110.2588987115443,103.77167888398884,,89.39195334424159,0.0017691304241361117,61.26487651190177,78.08258602752778,60.71197820795648,31.59145736066373,30.86886739886336,0.0,3.086957586388822e-05,82.41000966183566,63.878062801932295,60.07898550724631,42.236236714975796,52.113797101449215,36.895183574879184,29.558550724637644,22.49915458937196,22.49915458937196
1338.0,88.5867384319359,100.29019563034028,112.37406858337465,95.63312039937226,110.34253280465991,103.841525842178,,89.27591560792399,0.0026613755467091798,61.151574563614666,78.21864879822182,60.285304257457526,31.40479724969219,31.06296515229296,0.0,6.931222664541008e-05,82.4660772946859,63.89634299516901,60.075956521739066,42.25617874396131,52.161917874396075,36.92516425120769,29.56958937198064,22.494183574879205,22.494183574879205
1340.0,88.51855463120536,100.36442715622756,112.44209804124466,95.70812644722369,110.42067507430777,103.90582453436606,,89.16085167096213,0.0012985074322715076,61.11334328981337,78.36819104917869,60.36636269039186,31.56504551885801,30.97307910239608,0.0,3.7313429033938435e-05,82.52328019323663,63.92368115942021,60.07418357487916,42.2767632850241,52.21071497584535,36.95782608695648,29.580628019323637,22.49089371980674,22.49089371980674
1342.0,88.45149571301022,100.43090827865802,112.50582844399356,95.77662906993592,110.50322259426204,103.98017938008587,,89.04757355171706,0.0029124992,61.08736552053333,78.0408533392,60.014162525866666,31.504931188266667,30.96715316,0.0,0.0003749994666666666,82.5814734299516,63.94790821256032,60.07309661835742,42.29772463768111,52.26150724637675,36.990231884057934,29.591183574879196,22.48639613526568,22.48639613526568
1344.0,88.38514101311061,100.49906965511755,112.58590400909951,95.84389043851951,110.59012698408958,104.04459813326687,,88.93547899871359,0.002006508603256498,61.24825144033919,78.22348807980525,60.348031946037075,31.515179305680316,30.842977235642433,0.0,0.0001,82.64051207729459,63.978033816425054,60.07574396135258,42.31579710144923,52.31505797101444,37.02427053140093,29.601376811594168,22.480835748792245,22.480835748792245
1346.0,88.32024271387749,100.56611357945735,112.64800894738528,95.91346449871982,110.67414723611351,104.11992202918827,,88.82455451611523,0.002474500608,61.258130586111996,78.393148461824,60.27240242816,31.351141829632,31.025464461568,0.0,3.5500031999999996e-05,82.69842512077285,64.02254589371974,60.08339613526563,42.32888888888885,52.36917874396129,37.05821256038643,29.611932367149727,22.4767874396135,22.4767874396135
1348.0,88.25605855233826,100.64344729147328,112.71666781143273,95.98523966838884,110.76826765599125,104.19180052808402,,88.71575414228798,0.0019720815665645697,61.28674619372059,78.43713295630715,60.475077817917665,31.449953551383896,30.933195679641237,0.0,0.0004,82.75441545893712,64.07194685990332,60.096198067632784,42.34151207729464,52.42233333333328,37.09032850241542,29.62419323671494,22.47504830917872,22.47504830917872
1350.0,88.19293892800886,100.72098173006515,112.79491393459082,96.05526603645933,110.85640782643125,104.27145137326775,,88.60726716173589,0.0023834168656347767,61.41124369352565,78.10273614062757,60.38402561337065,31.458212547340686,31.09433019081642,0.0,0.00037336674625391075,82.80763768115932,64.11914975845403,60.11561352656997,42.3563864734299,52.47603381642506,37.12188888888885,29.637724637681128,22.476463768115917,22.476463768115917
1352.0,88.12995875244177,100.79607629978425,112.87092257336553,96.12639365455422,110.94671367098209,104.34155945419633,,88.49916911943612,0.001911881560787922,61.700367951988625,78.45531184392121,60.50896939902137,31.746765298398227,30.939573275898123,0.0,3.465350675421354e-05,82.85597584541053,64.16597101449268,60.140202898550655,42.36962801932363,52.53123671497578,37.15111594202894,29.64969565217388,22.47705314009659,22.47705314009659
1354.0,88.06726424604358,100.86394825812823,112.93367428586467,96.19435958765533,111.02554693541141,104.41089535276446,,88.39360969207327,0.0014378639147892287,60.91487573901405,77.8643417848182,60.68452083741877,31.569556533223476,31.001625974633615,0.0,3.5436884154957145e-05,82.90269565217382,64.21283091787433,60.17167149758447,42.37974879227048,52.58716908212555,37.17740579710141,29.659671497584505,22.475183574879203,22.475183574879203
1356.0,88.00574233408173,100.95041030152069,113.01579000063015,96.26778719596336,111.11884371900184,104.4870384631903,,88.2896525220078,0.0008764398004002182,61.3042005233932,78.5092329815452,60.255239266820624,31.727184035971387,31.117405763088517,0.0,0.00022774868548558963,82.95044444444436,64.25992753623181,60.209439613526506,42.391864734299475,52.64010628019318,37.20253623188401,29.66899516908209,22.473347826086933,22.473347826086933
1358.0,87.94467696064743,101.03762530822043,113.0789844751677,96.33103764337073,111.2045312902776,104.55809885202106,,88.18593789266377,0.00163582090692805,61.40145672019319,78.39091784588031,60.471559698709555,31.710481347018938,30.97352836429958,0.0,3.582090692804997e-05,82.99704347826079,64.30346859903375,60.24819806763279,42.40626570048304,52.68754589371975,37.22706280193233,29.67839130434779,22.472164251207705,22.472164251207705
1360.0,87.88488306267419,101.10863753031717,113.1520497339114,96.39710687827943,111.29630069418913,104.62158865877967,,88.08134949829397,0.003325396292197686,61.59465272138928,78.10600935985079,60.43074711905088,31.787812958141952,30.98580072120236,0.0,3.121697565019281e-05,83.04758454106272,64.34641545893713,60.28506763285017,42.4214637681159,52.72998550724632,37.25093719806759,29.68798067632847,22.469202898550698,22.469202898550698
1362.0,87.82648502592416,101.18081379711278,113.21941289450024,96.46963802211523,111.37979428116014,104.68468009435081,,87.97758593898239,0.0023029554749302936,61.38151967315242,78.2203167691297,60.699926121702106,31.507642850098804,30.940299505277004,0.0,0.0006029554749302936,83.10298550724629,64.40035748792263,60.31889855072457,42.43779710144923,52.76792270531395,37.274111111111075,29.69728019323668,22.465019323671473,22.465019323671473
1364.0,87.76912183655261,101.25577173172778,113.28219807167072,96.54463572869874,111.47714467714687,104.75804739838043,,87.87485274051687,0.002535533025267305,61.26462852564936,78.35562251420343,60.75631518403393,31.69342426695706,31.08192259581148,0.0,0.0001,83.15878260869557,64.46395652173905,60.347792270531336,42.45499999999995,52.801903381642454,37.29593236714972,29.70580676328499,22.462550724637655,22.462550724637655
1366.0,87.71180942182325,101.34046467655516,113.34770523969866,96.61319295897333,111.57581749070125,104.83944816772389,,87.7728329888998,0.002848990222875007,61.68742321970216,78.42493476852701,60.624877284669225,31.70519771171057,30.99726615953703,0.0,6.616160571370945e-05,83.21413043478252,64.54065217391297,60.3727053140096,42.47280676328497,52.832555555555494,37.31392270531396,29.71490338164248,22.46047826086954,22.46047826086954
1368.0,87.65444760738255,101.40876941799459,113.41096034615965,96.6817095049625,111.65312318641682,104.9113960360165,,87.67147971917078,0.00248627490349816,61.34718726200814,78.47065398556363,60.57261862046291,31.521350992124248,31.103613695982812,0.0,0.0001,83.27361352656996,64.63091787439606,60.39383091787433,42.49155555555551,52.86120772946854,37.32981159420286,29.72351690821253,22.458053140096595,22.458053140096595
1370.0,87.59716428077975,101.49134726546652,113.46925690842322,96.751346812329,111.72637368977249,104.99116017276246,,87.5713751482036,0.0038420021760000003,61.296193058304,78.33339995520001,60.522271148288,31.6973125632,31.0381874624,0.0,3.6999935999999996e-05,83.33642028985498,64.72805314009655,60.41182125603857,42.51280676328497,52.888077294685935,37.347758454106234,29.73181642512074,22.458130434782582,22.458130434782582
1372.0,87.53939557695458,101.57749373054048,113.53782097078751,96.81304640415233,111.82966175774015,105.0649753511334,,87.47287522063296,0.0026,61.67478083101791,78.34143131489702,60.488974738731144,31.581107285596627,31.095008571350995,0.0,6.313132162024833e-05,83.39935748792261,64.82470531400959,60.42657971014486,42.53634299516903,52.91287439613521,37.368367149758406,29.739367149758422,22.4629951690821,22.4629951690821
1374.0,87.48184182971187,101.66377159568835,113.60365502305609,96.88938462616069,111.91505224520425,105.14238591769846,,87.3747895656966,0.0025,61.74777992793409,78.21056941482793,60.794782972918036,31.632983416029454,31.11793220105899,0.0,3.366836304133048e-05,83.45980193236706,64.9236473429951,60.436038647342926,42.55712077294681,52.934183574879164,37.390512077294645,29.746338164251174,22.468932367149733,22.468932367149733
1376.0,87.4251333813683,101.75815328963463,113.65491783195397,96.95966519634798,111.991531875544,105.21054708573776,,87.27759977583871,0.0014535716571428571,61.65111028884898,78.30839948747754,60.59601531807347,31.631988987167347,31.086840076212244,0.0,0.0003168364408163265,83.519304347826,65.02755555555548,60.44341545893713,42.57792270531396,52.952463768115884,37.413115942028945,29.754724637681125,22.472797101449252,22.472797101449252
1378.0,87.36917591763485,101.84726522473491,113.7185456489417,97.02766239692615,112.09097757798868,105.28248084048671,,87.18101715224935,0.001668717991805377,61.732303001369274,78.3827775040402,60.6692765007831,31.671871803381563,30.994006143472856,0.0,0.00029692301229193444,83.5787971014492,65.12696135265692,60.452434782608634,42.60213526570044,52.96882608695647,37.437545893719765,29.76169565217388,22.477396135265675,22.477396135265675
1380.0,87.3140282471487,101.9221817301175,113.78258288208407,97.09560620143725,112.18402101725573,105.34830785129678,,87.08571995536593,0.0016631579372853472,61.256247335509784,78.54897369180544,60.68191572743796,31.494586846104824,31.160294739129085,0.0,0.00019473690592802085,83.63742028985497,65.22744444444437,60.46255072463762,42.626541062801884,52.98320772946854,37.46339130434779,29.76742028985504,22.48548792270529,22.48548792270529
1382.0,87.25943081852438,102.01199153720374,113.838534808392,97.17295223402553,112.27242231238934,105.41056693569026,,86.99155525147677,0.0015932644122742094,61.56735184412911,78.43520099773711,60.756831583247774,31.94927250804477,31.080349203216315,0.0,3.523317230530066e-05,83.69431400966175,65.33828502415452,60.47377294685984,42.64854106280188,52.996164251207674,37.487241545893674,29.773845410627985,22.495623188405773,22.495623188405773
1384.0,87.20523596119682,102.08837044620842,113.89972474097071,97.24407015680737,112.36695984958557,105.48054495544397,,86.89805627033601,0.0012646158228953196,61.675603123067695,78.47057633458007,60.68935386211976,31.56517896494639,31.093703603559845,0.0,3.641027728072951e-05,83.74796618357479,65.45754589371973,60.490888888888826,42.66731400966179,53.010077294685935,37.51051207729465,29.78169565217388,22.50700483091785,22.50700483091785
1386.0,87.15252997784339,102.16318424602946,113.95543634625845,97.30695479367898,112.46452454828763,105.55816178807977,,86.80551378484492,0.000934499968,61.330199449728006,78.462821453696,60.749024467328,31.719354750784,31.057248521984,0.0,3.4499968e-05,83.80286473429942,65.5726086956521,60.51685990338158,42.686246376811546,53.024932367149695,37.535222222222174,29.79109178743958,22.520091787439586,22.520091787439586
1388.0,87.09990769167159,102.24812306825568,114.01862894459013,97.38235759586973,112.54076392928086,105.61825851554345,,86.71425530220509,0.002116,61.788364,78.50553599999999,60.540912,31.5547,31.15558,0.0,6.400000000000001e-05,83.85927536231874,65.68293236714969,60.55104347826081,42.70450241545889,53.040111111111045,37.56039130434778,29.80155072463765,22.53234299516906,22.53234299516906
1390.0,87.04861995775487,102.32762302353105,114.08573899535205,97.44451954587171,112.62867779022646,105.6822047376319,,86.62423594927982,0.0015572144169892137,61.622847776431975,78.43069766046791,60.631166621834865,31.86159833237174,31.016088136894915,0.0,0.00020447770318547757,83.91568599033809,65.78851207729461,60.594019323671425,42.72064251207725,53.059217391304294,37.58565700483087,29.81136714975842,22.54056521739128,22.54056521739128
1392.0,86.99837483883816,102.41441697648683,114.1651716032246,97.50815211425395,112.72179969810323,105.74760490712262,,86.53503479457466,0.002474256935124318,61.69304753245305,78.76103758039599,60.589942612440325,31.710859395637613,31.15854606355893,0.0,0.00020099003501621544,83.97180676328493,65.88755072463759,60.64636714975839,42.73440096618352,53.079806763284964,37.610053140096575,29.82183574879224,22.545690821256013,22.545690821256013
1394.0,86.94973489145423,102.50365529229141,114.23596584502079,97.57856850865736,112.81306679309569,105.80777459935881,,86.44679465730755,0.0015303036571774338,61.508117283091856,78.56629278778648,60.72775227258035,31.740523199015303,31.202172161310926,0.0,3.5353577145162254e-05,84.02612560386464,65.981381642512,60.705014492753556,42.74728985507242,53.09816425120767,37.632613526570005,29.834251207729434,22.552207729468574,22.552207729468574
1396.0,86.90134267490646,102.59192680114927,114.30626372375268,97.65232535984664,112.90943225647645,105.86928723756122,,86.35939490502726,0.0021786800011955334,61.63179289554287,78.77792632707454,60.887664486550904,31.769099472340944,31.133163196674335,0.0,0.000261928889154563,84.0789082125603,66.0624009661835,60.77045893719799,42.763265700483046,53.11952657004825,37.65297584541059,29.847512077294652,22.562222222222196,22.562222222222196
1398.0,86.85329819673912,102.67297270721573,114.38170816594622,97.72422612055257,112.99874026567377,105.92702946483959,,86.27232210796744,0.001993969465256051,61.76883627660341,78.58620154371809,60.71967977086078,31.676106068741767,31.106687468225136,0.0,0.0003020101782479829,84.13159420289846,66.12792753623181,60.84499033816418,42.78217391304343,53.14725603864728,37.67138164251203,29.85991304347823,22.57372946859901,22.57372946859901
1400.0,86.80619395312593,102.75178794647687,114.45236405193891,97.79382098090825,113.08180058964186,105.990078633901,,86.1868587764277,0.0024234451976100128,61.670126761439775,78.34718282472201,61.0731238849298,31.757840210508007,31.157854312560172,0.0,0.0001,84.18379710144919,66.17531400966176,60.92491304347819,42.79978260869561,53.17988888888883,37.6892946859903,29.8721449275362,22.58242512077292,22.58242512077292
1402.0,86.76002663583736,102.84140476913147,114.52436386869238,97.85475971444822,113.15769397995726,106.05885782134433,,86.1026114650029,0.002376063182978723,61.79136812051063,78.56612440360851,60.783197326842554,31.875866723131914,31.18753341746383,0.0,3.0319114893617023e-05,84.23695652173905,66.19456521739124,61.0066280193236,42.815608695652124,53.215357487922645,37.70640096618354,29.885502415458905,22.587086956521713,22.587086956521713
1404.0,86.71491426421349,102.9314708108501,114.59801509867113,97.92606348253541,113.25741511527202,106.12870886053479,,86.01857942302719,0.0017,61.73396070931928,78.46936163502082,60.869999055657665,31.75983301264964,31.122804347404642,0.0,3.5436884154957145e-05,84.2901159420289,66.1978164251207,61.085410628019254,42.83109178743957,53.251545893719744,37.72243478260865,29.89828019323668,22.588922705313987,22.588922705313987
1406.0,86.67039085493516,103.00864733146072,114.66430747680238,97.99240867966607,113.33862397881582,106.18649051805404,,85.93373843933061,0.0008359605936179013,61.57645271587252,78.95994384086117,60.71505763460821,31.714394577839204,31.203317736150765,0.0,3.596059361790135e-05,84.34536714975836,66.20493236714968,61.15598067632843,42.843545893719764,53.2898937198067,37.739004830917835,29.910599033816393,22.589758454106253,22.589758454106253
1408.0,86.62723807010042,103.08513031251596,114.74419588813265,98.05824761424049,113.41763613889349,106.2473507143432,,85.8491742527239,0.0015108903851783696,61.846000942637026,78.73675546781436,61.02485737463295,31.815287105845794,31.197339115000958,0.0,0.0003029701050486463,84.4042463768115,66.21895169082119,61.217932367149686,42.85155555555551,53.331792270531345,37.75354589371977,29.924405797101418,22.589657004830894,22.589657004830894
1410.0,86.58441860693101,103.15860119228338,114.82487393257837,98.12161351016196,113.50994246840068,106.30521834612267,,85.76614393598342,0.0032940297214821006,61.763030841386936,78.80082682078466,60.934619910310815,31.902713181839022,31.12384626641075,0.0,6.61691434568417e-05,84.45984541062793,66.24610628019316,61.27094202898544,42.856753623188354,53.37680676328497,37.76531884057967,29.938043478260838,22.58572946859901,22.58572946859901
1412.0,86.5413748116887,103.23673440326147,114.89903465888085,98.18569753758568,113.59105570445537,106.36479948809051,,85.68356007689069,0.003005881732871194,61.77073442225496,78.48043234689548,60.903652004206435,31.865751952378922,31.185059319039144,0.0,3.62744925797554e-05,84.51241545893711,66.28976811594195,61.312990338164184,42.858376811594155,53.42145410628013,37.77536231884054,29.94863285024151,22.577550724637653,22.577550724637653
1414.0,86.49713825741044,103.31495663267675,114.9684076756961,98.24464940220784,113.66711505767923,106.43415004169512,,85.60150169457216,0.0012120603131436187,61.802989951154125,78.75063065635119,61.1691648247942,31.885753009996872,31.16959447180974,0.0,0.0,84.56995169082117,66.34195652173905,61.34398067632843,42.856884057970966,53.46398067632845,37.78406280193233,29.959294685990304,22.567125603864707,22.567125603864707
1416.0,86.45356982804346,103.38022612501084,115.04551821420301,98.31226807616275,113.746022164469,106.49538375950246,,85.52009293668141,0.001738766734444621,61.848521594326954,78.46004403243869,60.82194313790502,31.855944083187573,31.21273303447879,0.0,0.0003171805273147412,84.63258937198059,66.39956521739123,61.36269082125597,42.855178743961304,53.50796618357482,37.79298067632846,29.970719806763253,22.555251207729444,22.555251207729444
1418.0,86.41044102068918,103.46330189404455,115.12343020727097,98.38484678182634,113.83633405231285,106.56068720613355,,85.44007875886687,0.0025,61.90000206383642,78.58183300238055,60.99074331945126,31.96774355816482,31.288181428639295,0.0,3.350514375597114e-05,84.6975120772946,66.46982125603857,61.370376811594134,42.85076811594198,53.55267149758448,37.803057971014454,29.981202898550695,22.540898550724613,22.540898550724613
1420.0,86.36746423010783,103.53730027956992,115.1975387113946,98.45312855655995,113.92997453963014,106.62195638637631,,85.3606015060989,0.0031099993600000003,61.515999093504,78.379869497472,61.070302937088,31.640676792768,31.340266691008,0.0,2.9500032e-05,84.76377777777769,66.5498888888888,61.36894685990331,42.84176328502411,53.59665700483086,37.814014492753586,29.990864734299482,22.524816425120747,22.524816425120747
1422.0,86.3258621964057,103.60778680115698,115.27623135074447,98.52427436864814,114.01220574161549,106.68790542771305,,85.28132835898462,0.002846341451231421,61.80245561114011,78.39725609241965,60.76385560989133,31.884496824603946,31.163113901286494,0.0,0.00013853658049256854,84.8304927536231,66.63236714975838,61.35975362318834,42.83044927536227,53.638338164251145,37.82491787439609,29.99922222222219,22.50892753623186,22.50892753623186
1424.0,86.28463664115493,103.68370342309018,115.34179990380916,98.58100765975257,114.10709256473271,106.75427562573459,,85.2025450078011,0.0018707627389830507,61.95211354771525,78.9631738893017,60.97449024997966,31.720371785654237,31.301501106115253,0.0,0.00011694904406779661,84.89681159420282,66.71730434782602,61.345420289855,42.819062801932326,53.67958937198062,37.837787439613486,30.005173913043446,22.495154589371957,22.495154589371957
1426.0,86.24421731141254,103.75231261307077,115.406799277733,98.6614874966667,114.1921058013059,106.83152731531477,,85.124464438836,0.0003632256977648732,61.77665935398839,78.86516971752476,61.15634583174366,32.1065145169282,31.320237736779255,0.0,0.0001,84.95766666666658,66.80185990338157,61.32622222222216,42.80861835748787,53.72336231884052,37.853371980676286,30.009396135265668,22.483024154589348,22.483024154589348
1428.0,86.20397454509401,103.81844307897279,115.48069292580897,98.73172321091839,114.2844770590287,106.90569125867741,,85.04697138779754,0.0011783920632306931,62.03904318294089,78.84583111312367,60.877429079532355,32.06883894080356,31.337983165239585,0.0,0.0001,85.01581642512068,66.88327536231876,61.30248309178737,42.79830434782604,53.77073429951684,37.870545893719765,30.014961352656968,22.473888888888865,22.473888888888865
1430.0,86.16393969145173,103.89393903702394,115.5466948203074,98.80318085244105,114.3787961006076,106.98189934999228,,84.9702104125107,0.002081000192,61.826990564096,78.78401137356799,61.167269543424,31.923073183744,31.248085543936,0.0,3.6499968e-05,85.0740193236714,66.95999999999992,61.276352657004765,42.787260869565166,53.82033816425115,37.89053140096614,30.020719806763253,22.466671497584517,22.466671497584517
1432.0,86.123945494797,103.96283003216591,115.61231422507801,98.86760433679635,114.46172515717879,107.05170672365144,,84.89326235314704,0.001179611476746267,61.98965628616308,78.61756015747719,60.80060482174458,31.96972329151174,31.279935449267292,0.0,6.893205813930368e-05,85.12963768115932,67.03468599033809,61.25241062801925,42.78002415458932,53.87198067632844,37.915724637681116,30.027347826086924,22.459038647342968,22.459038647342968
1434.0,86.08478260853705,104.04019141802647,115.67887057752708,98.94154413490284,114.55173606774835,107.1236400240609,,84.81689248228354,0.0019762887414177376,61.988961303118316,78.9313288424717,60.84066700069806,31.849680164367726,31.241961875423094,0.0,0.0001,85.18368599033808,67.10882608695646,61.23223671497578,42.77752657004826,53.92542028985502,37.94429951690817,30.036743961352624,22.45343478260867,22.45343478260867
1436.0,86.0456666168092,104.11928048750802,115.75452294816127,99.02071226983493,114.6358345470635,107.18601270773506,,84.74116640238574,0.0026666665804713245,61.863366508843,78.4767997112887,61.05443328933061,31.778999940460565,31.349983325274067,0.0,0.0001,85.23657487922696,67.18042512077288,61.218028985507175,42.777130434782556,53.98097101449269,37.9762560386473,30.04720289855069,22.44985990338162,22.44985990338162
1438.0,86.00744227500074,104.19211132849048,115.82949476727546,99.07942712226568,114.73805901978807,107.24510809038739,,84.66593164034423,0.002567336726082661,61.78253604736127,79.12249907557015,61.12924067002511,31.912705275656595,31.184570063575457,0.0,6.733672608266096e-05,85.2868888888888,67.2439661835748,61.212603864734234,42.78107246376806,54.041342995169025,38.01159420289851,30.058241545893686,22.45014009661833,22.45014009661833
1440.0,85.96976417848029,104.25911470810406,115.90773143268576,99.14669784788121,114.83546004663413,107.31764016030847,,84.59160603995936,0.0019623768474467153,61.95399207945637,78.44588321475372,61.0400960363064,31.85221577721396,31.28438661512023,0.0,0.0,85.33376811594192,67.29512077294679,61.21333333333325,42.78858937198062,54.10259420289849,38.047265700483045,30.071202898550695,22.452483091787414,22.452483091787414
1442.0,85.93222332027979,104.34533831345995,115.9805691377986,99.21562440563156,114.9363609308621,107.38761329713215,,84.5177218225825,0.0010779404549019608,61.85650288338823,78.53514561305097,61.194785346258826,31.76834264859608,31.23591978447059,0.0,0.0001,85.38052657004822,67.33428985507238,61.2241932367149,42.80074396135261,54.16560869565212,38.08317391304343,30.084429951690787,22.458700483091764,22.458700483091764
1444.0,85.89523437829622,104.42307728691422,116.0473010799374,99.29035398280725,115.02275401034295,107.45714080095165,,84.44423784566419,0.0012547470821016018,62.09695528954448,78.96740173951223,61.18581519910071,31.996474729305124,31.20710086174718,0.0,0.0001754188601854355,85.42742995169073,67.35811111111103,61.249729468598964,42.8198212560386,54.23370048309173,38.12034782608691,30.097487922705277,22.471173913043454,22.471173913043454
1446.0,85.85837308012671,104.49848641485326,116.11854516884128,99.35698921185697,115.12012824685104,107.53679925552997,,84.37178463576718,0.0032111106514032153,62.181838481171084,78.89117692924319,60.98617276601357,31.919980995244607,31.329203508878543,0.0,3.5353577145162254e-05,85.47657004830909,67.36914009661828,61.287835748792205,42.83962801932362,54.30296135265694,38.159768115941986,30.110545893719774,22.48193236714973,22.48193236714973
1448.0,85.82250524158529,104.57502466029317,116.190532053335,99.41738963924466,115.20265605856994,107.6148801182321,,84.29916282205411,0.0032390249019394815,62.20028154027131,78.88849657247113,61.122307998816154,31.947621324182265,31.341768038265144,0.0,6.390249019394816e-05,85.52887922705304,67.36928019323665,61.33270531400959,42.85749275362314,54.37310144927529,38.19997101449271,30.122550724637648,22.491304347826063,22.491304347826063
1450.0,85.78649370492876,104.65294560024313,116.26212606965123,99.47861211870139,115.29757119570593,107.69576505398051,,84.22698814718663,0.0028245901639344265,62.058781967213115,78.97039344262295,61.39185901639344,31.997281967213112,31.02433606557377,0.0,2.9508196721311474e-05,85.57928985507236,67.35686473429945,61.381956521739056,42.87664734299512,54.44440096618351,38.24066666666662,30.133623188405764,22.504917874396106,22.504917874396106
1452.0,85.75094669043175,104.72116226925748,116.33042035147238,99.5432822580401,115.39604044082016,107.76115836812629,,84.1557702484669,0.0035660360589540394,62.05622844303761,78.54829271865451,61.032732168721644,32.01877831938482,31.232606721848867,0.0,1.886799743678091e-05,85.62938647342986,67.34369565217385,61.43718840579703,42.896004830917825,54.51531400966177,38.280913043478215,30.143835748792238,22.521734299516883,22.521734299516883
1454.0,85.71553692874514,104.79496412967859,116.40326339705011,99.60461564044861,115.47125217798715,107.82250557218399,,84.08508689091371,0.0023900493659858675,61.89241845289344,78.9947428500833,61.158117335153776,32.03480866146345,31.311794049590144,0.0,6.368161231653328e-05,85.68075362318831,67.3364396135265,61.496758454106214,42.91320772946855,54.58612077294679,38.31849758454102,30.154434782608664,22.540748792270506,22.540748792270506
1456.0,85.68055158708056,104.8800944527769,116.48734321537681,99.66651003289971,115.55086110885378,107.90233996073624,,84.01508087847077,0.002006220434440707,62.10330433656784,79.16094027750898,61.21688333917193,31.970938065496824,31.282695688419732,0.0,3.492820973878193e-05,85.7307536231883,67.33119323671491,61.558830917874324,42.92823188405792,54.655927536231815,38.352937198067586,30.165444444444407,22.560352657004806,22.560352657004806
1458.0,85.64624622487894,104.95795513847713,116.56143464993973,99.72982491358624,115.64485202195813,107.96692831350228,,83.94532588729304,0.0017860014079999998,61.982460663808,78.724743960832,60.825448969472,32.051641434112,31.335016413312,0.0,6.3000064e-05,85.77792270531391,67.33269082125597,61.620154589371914,42.944004830917834,54.7220628019323,38.386700483091744,30.175666666666633,22.575855072463742,22.575855072463742
1460.0,85.61200056110826,105.04222571658855,116.62325026580363,99.79206027546307,115.73364146967452,108.04586864642594,,83.87597261314755,0.0018921789882711997,62.27383570040288,79.02206866246483,60.96489829280955,32.0528954669424,31.351371821489405,0.0,2.402237353389997e-05,85.83044927536223,67.3427004830917,61.680888888888816,42.9598019323671,54.781855072463706,38.4222560386473,30.18629951690818,22.588516908212537,22.588516908212537
1462.0,85.57897759326465,105.11774635124846,116.69101070788761,99.85873062011986,115.83338757164265,108.11284949811349,,83.80737136291923,0.001564,62.047592,79.05125600000001,60.861576,31.848408,31.226378,0.0,3.2e-05,85.89544444444435,67.35870048309171,61.74404830917867,42.97672463768111,54.83745893719801,38.460342995169036,30.200367149758417,22.60258454106278,22.60258454106278
1464.0,85.54673890724607,105.1891385012355,116.76508724820187,99.92234713286341,115.92755806146884,108.18848892045344,,83.73936289614873,0.0014928910884121818,61.974026022331444,78.9262435537157,61.30700095047554,32.02592250718559,31.246344579535293,0.0,6.587678760135352e-05,85.96208212560377,67.38954589371973,61.80772463768109,42.99409661835744,54.88985507246371,38.49697101449271,30.214893719806724,22.61690821256036,22.61690821256036
1466.0,85.51474167460448,105.25994472617205,116.83112457376211,99.99217024626127,116.02520480399616,108.26203941914298,,83.67256185759261,0.002312182729243228,61.999875129559264,79.05580963728605,61.269837558152226,32.058556090844824,31.268512435610216,0.0,3.197969675075241e-05,86.02380676328492,67.43499516908206,61.87056521739124,43.00763768115937,54.937676328502356,38.530024154589334,30.227521739130403,22.63100483091785,22.63100483091785
1468.0,85.4831472157464,105.32665838822281,116.89544388344395,100.05325309168163,116.11999994992401,108.33963424260433,,83.60581010257314,0.0029054192534638808,62.12743448911622,79.0086666657839,61.26965969855064,32.0882452883404,31.331781065148828,0.0,3.0541925346388074e-05,86.08361835748781,67.48145410628013,61.934821256038575,43.01849758454102,54.98020772946854,38.56226086956517,30.240719806763252,22.645661835748765,22.645661835748765
1470.0,85.45175609466878,105.4104388108591,116.9681209569668,100.11706680914861,116.21979892370157,108.4176613396184,,83.53917610387036,0.0026,62.091663874048,79.18823250944,61.234093995008,32.049194506624005,31.327500454016,0.0,0.0001,86.14381642512068,67.52719806763277,61.99974396135259,43.02903381642507,55.018560386473375,38.59226570048305,30.252734299516874,22.659318840579683,22.659318840579683
1472.0,85.42069920060236,105.4805697923081,117.01769302213994,100.17790343126566,116.31456070368573,108.4843214643803,,83.47267315156996,0.002314018520534442,62.005286954280045,79.16140270690255,61.40853360133598,32.03816540552697,31.26456543501484,0.0,0.0001,86.20182608695643,67.57689855072456,62.06158454106273,43.03982608695647,55.05811594202893,38.62049758454102,30.263033816425086,22.670463768115916,22.670463768115916
1474.0,85.39017796506984,105.54600603625954,117.07805546294419,100.25547664305853,116.40355876619918,108.56983289091463,,83.40638424398684,0.001850248867740933,62.09937312024617,79.15909054710147,61.42190049569767,32.056507197805274,31.265018392777996,0.0,6.815919384173336e-05,86.25440579710136,67.63390821256031,62.11959420289848,43.05089855072458,55.09952657004825,38.6474637681159,30.273516908212528,22.677584541062775,22.677584541062775
1476.0,85.35936116442342,105.61380463065228,117.14387618713461,100.32635617309279,116.49487183392222,108.64076692135497,,83.34065792544851,0.0015,62.12443255341887,79.35291969992453,61.062723519033966,31.98927290735094,31.399673216845283,0.0,6.65094037735849e-05,86.30669565217383,67.69494202898542,62.1760241545893,43.06110144927532,55.13871497584535,38.673719806763245,30.283685990338128,22.682772946859878,22.682772946859878
1478.0,85.32886656539243,105.69036012469276,117.20037698100984,100.39677133255564,116.59357626242776,108.70516804374836,,83.27509534194854,0.0025,62.339488114130305,79.00334258760074,61.34236927849867,31.985321052184677,31.44558018719671,0.0,0.0,86.35896135265692,67.75795652173906,62.22890338164244,43.06988888888884,55.17465217391298,38.69986956521734,30.29243961352654,22.68689855072461,22.68689855072461
1480.0,85.29850487548119,105.76313170771212,117.2591370551501,100.46632196373749,116.6843246790339,108.76950667082262,,83.20987203544333,0.0017,62.12752127659574,79.3386255319149,61.31009361702127,32.0532829787234,31.3920585106383,0.0,0.0001,86.4102608695651,67.82881642512069,62.28113526570041,43.08154106280188,55.2099130434782,38.724739130434735,30.30167632850238,22.690227053140067,22.690227053140067
1482.0,85.26909483380577,105.8378579543822,117.32623148400809,100.53712442822254,116.78460638754417,108.84082584886741,,83.14533071074511,0.0014214292618066786,62.296649972440854,79.08415007510195,61.318185641292224,32.345560658075875,31.45286790573988,0.0,6.428569562684653e-05,86.46147826086947,67.90076328502408,62.333893719806696,43.09430434782604,55.24524637681154,38.746550724637636,30.312072463768086,22.692420289855043,22.692420289855043
1484.0,85.23935188472196,105.9129166048179,117.39302986786846,100.61297052403046,116.88787933282609,108.89651094812142,,83.08147045107519,0.002000985410526767,62.15726549146309,79.58130246113025,61.2155896460013,32.09170219920325,31.381170176955216,0.0,6.256158815792295e-05,86.51048309178734,67.96705314009655,62.385449275362255,43.107661835748736,55.282623188405736,38.76530434782604,30.321256038647313,22.690695652173883,22.690695652173883
1486.0,85.20989240030303,105.98040142119982,117.4490995417724,100.67645202333466,116.98020360187815,108.96256994530837,,83.01809436589522,0.0012333330316496366,62.355166810483595,79.07373335539934,61.40783331816295,32.149233343762965,31.125599932702986,0.0,0.000633333678114701,86.5557004830917,68.032420289855,62.434169082125536,43.12174879227047,55.3240628019323,38.781555555555514,30.33225120772944,22.68827053140094,22.68827053140094
1488.0,85.18106831587612,106.05395036016435,117.51386663065693,100.7431955272658,117.05739971459238,109.0373277485998,,82.95500066462112,0.0025362245224489796,62.09933626292245,79.39873865952653,61.37181632483265,32.02702089639184,31.383736141322448,0.0,3.622452244897959e-05,86.60150724637673,68.09380676328496,62.477864734299445,43.13313043478256,55.36742512077289,38.79703381642507,30.34442995169079,22.685932367149732,22.685932367149732
1490.0,85.15181565207942,106.14035722524746,117.57795246105553,100.81687042667599,117.1633494679094,109.10205777648574,,82.8923224854004,0.002960999424,62.130085496832,79.558983872256,61.623989587968,32.140081000704,31.44278251328,0.0,0.00014200012799999999,86.6534541062801,68.1439661835748,62.52349275362312,43.14324637681154,55.41184057971008,38.81346859903377,30.355942028985474,22.686342995169056,22.686342995169056
1492.0,85.12312549065722,106.21731438836535,117.6469645649239,100.89121021494519,117.24533480955488,109.16738734239772,,82.82937135727279,0.0012214287393583813,62.210256161624606,79.2896060922696,61.322710239202955,31.93285115487196,31.362805174850383,0.0,0.00030510196884640805,86.7086618357487,68.18524154589365,62.570328502415386,43.15236231884053,55.45709178743955,38.83141545893715,30.3679371980676,22.688642512077266,22.688642512077266
1494.0,85.09418777283368,106.28946935042828,117.71685326717012,100.9613907099991,117.34429168556642,109.23950085468599,,82.76747185538962,0.002689000192,62.253201078528,79.19856969216,61.351673145343995,32.264098327808,31.3731250144,0.0,6.3000064e-05,86.77096618357479,68.22592753623181,62.61363285024147,43.15896618357483,55.50300966183568,38.849652173913,30.37851690821253,22.68901932367147,22.68901932367147
1496.0,85.06548001349088,106.36259019384565,117.79507976634706,101.02987826739255,117.42298672510404,109.29814171873029,,82.70489010776849,0.0036,62.4375509548555,79.27952338044209,61.47973597192615,32.276514935078914,31.524709568353156,0.0,0.00029485978625209047,86.83520289855062,68.2603623188405,62.653082125603795,43.164594202898506,55.551299516908145,38.866956521739084,30.389386473429916,22.69398067632848,22.69398067632848
1498.0,85.03654769219307,106.43219655040645,117.87230808105441,101.09371249627993,117.51672775510691,109.3642615436452,,82.64297947745487,0.0032333333333333333,62.4418,78.94919999999999,61.4401,32.30058333333333,31.49285,0.0,6.666666666666667e-05,86.89498550724628,68.28518357487916,62.690371980676254,43.168386473429905,55.60193719806756,38.88693236714971,30.402251207729435,22.702256038647317,22.702256038647317
1500.0,85.0083225274816,106.50518797963687,117.9477590840368,101.163952057372,117.60082934735476,109.41024115341074,,82.58202943120189,0.0017,62.42631494148934,79.25492090463551,61.20403433203084,32.24639625488438,31.50575223789922,0.0,0.0,86.9565314009661,68.29799516908204,62.7244396135265,43.16948309178739,55.65012077294679,38.908357487922665,30.415816425120738,22.70719323671495,22.70719323671495
1502.0,84.98028168944042,106.58020819632691,118.02637146203675,101.22697716482082,117.67378855458949,109.46902844929468,,82.52129137285512,0.002257425452720505,62.3005060934298,79.46654167537953,61.333195039939774,32.144207852034626,31.469478587261094,0.0,0.0002960394797373594,87.01873913043468,68.29968599033809,62.75146376811586,43.1681980676328,55.6958743961352,38.930009661835705,30.429391304347792,22.711188405797078,22.711188405797078
1504.0,84.9528088127455,106.67535485888031,118.11937545792686,101.28949334796127,117.7819207320538,109.54422915783874,,82.46103036856219,0.002044,62.620676,79.38397599999999,61.375048,32.326294,31.619858,0.0,0.0,87.08412560386463,68.30228502415451,62.76964251207722,43.16540096618353,55.74039613526563,38.95549275362315,30.44345893719803,22.71601932367147,22.71601932367147
1506.0,84.92640107464749,106.74089726657434,118.20478781327367,101.35370777550277,117.87638779233599,109.60629982897093,,82.40088206706798,0.0009005074519415073,62.48143504212306,79.38892866239307,61.25470454575579,32.25166440910113,31.523490433004,0.0,3.350248398050241e-05,87.15587439613518,68.31460869565208,62.776700483091716,43.16434299516903,55.78305797101443,38.98541062801928,30.459676328502383,22.72046376811592,22.72046376811592
1508.0,84.89983669705823,106.81215908434974,118.29214089486713,101.42011740960166,117.96424286946338,109.67722365443274,,82.34137184464194,0.0023974227151025386,62.28260615811552,79.60241385632075,61.44739584897593,32.32838248545485,31.427938648056973,0.0,0.00027010304652994873,87.23004347826077,68.3400434782608,62.7746666666666,43.16462318840575,55.82323188405791,39.01736714975841,30.478478260869533,22.725743961352627,22.725743961352627
1510.0,84.87401427188543,106.87930491399206,118.37888266327164,101.48460308146947,118.06802838637185,109.73224135683843,,82.28147735234504,0.00294499968,62.372199571328004,79.20136881433599,61.533444007936005,32.3160875328,31.51291625504,0.0,0.0,87.30339130434773,68.3845507246376,62.766222222222154,43.167632850241496,55.86211594202892,39.05258454106276,30.500917874396105,22.732526570048286,22.732526570048286
1512.0,84.84831401054862,106.95228859236424,118.45340360198449,101.54180494280958,118.16135316865918,109.7997199665063,,82.22206255039612,0.002532019703191049,62.5912044334702,79.50825172163316,61.48772167502346,32.26510911411305,31.48657980195922,0.0,3.201970319104932e-05,87.37024637681151,68.44829951690814,62.75044444444437,43.17293719806759,55.89913043478255,39.089251207729426,30.52444444444441,22.739748792270504,22.739748792270504
1514.0,84.82291826533236,107.01488231800806,118.52373818622894,101.60612582208535,118.25964752891666,109.86118380012181,,82.16363678711684,0.0019955219090219013,62.41013599947017,79.3910579049259,61.43560451018651,32.21453132345674,31.51906343962219,0.0,0.0,87.43211111111101,68.52263285024146,62.73002898550718,43.17949758454102,55.934362318840506,39.12433333333328,30.54711111111108,22.74399999999997,22.74399999999997
1516.0,84.79793028645824,107.08295949470013,118.58451860630562,101.65787567527575,118.35545254525465,109.9308699113436,,82.1051851489665,0.002360098440166009,62.34832861007177,79.59457580725098,61.191098452650735,32.41885757501239,31.35703400347302,0.0,0.0,87.4946956521738,68.6008164251207,62.70889371980669,43.18749758454102,55.967995169082066,39.15900483091784,30.568748792270494,22.742473429951666,22.742473429951666
1518.0,84.77307729964802,107.14860647318534,118.64428488980695,101.7211959650304,118.44878092066074,109.99894148489197,,82.0473906475048,0.0032616160571370943,62.44935603694155,79.37427830168676,61.32306415239489,32.295807087058044,31.400024242925742,0.0,0.0001,87.55653623188397,68.68275362318833,62.6874009661835,43.19655072463763,55.99973913043472,39.19261352657001,30.589140096618326,22.737758454106253,22.737758454106253
1520.0,84.74911742175945,107.20313669920725,118.68322340692247,101.77994171855647,118.52824703389162,110.06199173642212,,81.99020923204516,0.0014440592754435013,62.45775988971716,79.65997972795547,61.3652786798756,32.27338439355843,31.522077219280614,0.0,0.0001,87.61261352656996,68.77257004830909,62.664183574879154,43.20814492753618,56.03127536231878,39.22328502415454,30.608019323671463,22.73306280193234,22.73306280193234
1522.0,84.72488276551648,107.27696266227125,118.74339565121964,101.85077391856349,118.63095756452068,110.13311615589983,,81.93303934139493,0.0026,62.466678565485715,79.43264154187754,61.48492605596735,32.35635936169796,31.567340808293878,0.0,0.0001,87.66273429951681,68.86839130434774,62.64035265700476,43.22021256038642,56.06022222222216,39.25152657004827,30.625072463768085,22.726864734299493,22.726864734299493
1524.0,84.7013917502802,107.34105399928308,118.79926853385648,101.9225604661725,118.7045772420883,110.19928496858434,,81.87718560011132,0.0012137922163413702,62.84608622896986,79.73461728150785,61.44461378313654,32.45375855146922,31.444432816099997,0.0,0.00013793124321379526,87.71335748792261,68.95129468599025,62.62011594202891,43.23073429951686,56.086183574879165,39.279019323671456,30.641763285024123,22.717169082125576,22.717169082125576
1526.0,84.67794519285654,107.41724177091746,118.83854447013738,101.98297347600597,118.80937215982895,110.26998520311491,,81.82123462400641,0.0025666667097643376,62.60343333561751,79.83780012088896,61.467499764686714,32.335016638588534,31.501083390049867,0.0,3.3333290235662375e-05,87.76194202898542,69.0267198067632,62.6035700483091,43.24256521739126,56.106512077294624,39.304396135265655,30.657111111111078,22.70328502415456,22.70328502415456
1528.0,84.65472765366165,107.49434180627556,118.8758290892196,102.04624397096161,118.89889856522142,110.34365376489436,,81.76573341761883,0.0031598980417942876,62.485639168142676,79.74750221069716,61.61797707655702,32.306819057127,31.570716715895784,0.0,6.598980417942877e-05,87.8047729468598,69.11238647342988,62.590956521739066,43.25743478260865,56.11929468599027,39.32928985507242,30.673135265700452,22.685173913043453,22.685173913043453
1530.0,84.63175036017022,107.56881895683124,118.90979288183578,102.11414300756984,119.00602073845454,110.41247189812191,,81.71049220651636,0.0012361806356001976,62.56614929606455,79.4513120739338,61.523667301992425,32.362179960480816,31.589518071793183,0.0,0.0,87.83986473429943,69.19980193236708,62.5814396135265,43.27294685990333,56.12814492753617,39.35228502415454,30.69002898550721,22.66279710144925,22.66279710144925
1532.0,84.60868058737948,107.64695075803081,118.93861933258866,102.18789335117482,119.13416049618107,110.47674037682762,,81.65548264434128,0.002876859622156894,62.64006069672162,79.46809750812695,61.733697075677576,32.32624995287275,31.539239257579236,0.0,0.0,87.86991304347816,69.29118357487914,62.574898550724576,43.28492753623184,56.133120772946796,39.373743961352616,30.70798550724634,22.63728985507244,22.63728985507244
1534.0,84.58570578093772,107.71272709063994,118.95664940644743,102.24869968991965,119.25405206382646,110.55550325166419,,81.60081367042828,0.0010294119684427533,62.58435997021367,79.7151882047336,61.891523448528226,32.26918209672878,31.420245626996234,0.0,2.294119684427532e-05,87.902342995169,69.39412560386465,62.57008695652166,43.29155072463763,56.1343285024154,39.39825120772942,30.73024637681156,22.6133913043478,22.6133913043478
1536.0,84.56304389573195,107.78457640947647,118.98625702124554,102.31298743300236,119.37457261725875,110.64093900869975,,81.54620791854308,0.002565174098938174,62.55499991441202,79.51425232138286,61.65704482593927,32.4190223824025,31.553146786820978,0.0,0.0001,87.94157971014484,69.48663285024146,62.56701449275355,43.295115942028936,56.1318743961352,39.424391304347786,30.75222705314006,22.591014492753597,22.591014492753597
1538.0,84.54006763236588,107.85705028797895,119.01155713833282,102.38215358688356,119.48410438098597,110.72007500126968,,81.49232054161052,0.0015646765738273668,62.52989559374188,79.54322181884874,61.57736964603213,32.45730894675708,31.5365990403181,0.0,6.76617130863166e-05,87.98854106280184,69.55433333333326,62.568739130434714,43.29542995169078,56.12521256038641,39.44957487922701,30.773565217391265,22.56764251207727,22.56764251207727
1540.0,84.51711693176108,107.92764332157566,119.0424752337461,102.45097017148353,119.55511773886326,110.79216412891878,,81.43808291495102,0.003089522107115349,62.624412135968456,79.625688456409,61.8158684174165,32.31132724964255,31.35226620994689,0.0,0.00023406142436651164,88.04003381642502,69.61623671497577,62.5716666666666,43.29407729468594,56.117971014492696,39.47543478260866,30.796898550724602,22.543710144927513,22.543710144927513
1542.0,84.4942763587666,107.99936401931748,119.06537183980167,102.50862959740833,119.60625769385838,110.86140720493358,,81.38486022733719,0.003315847093911399,62.6320912817342,79.74652788426566,61.44429452244126,32.35495901833127,31.58734919346039,0.0,0.0001,88.09413526570039,69.68747342995161,62.573328502415386,43.29326086956517,56.11317391304342,39.50299999999996,30.818816425120737,22.522603864734272,22.522603864734272
1544.0,84.47160616692064,108.06841722659195,119.08796440339937,102.57411721015698,119.614384095578,110.9319191207248,,81.33126239776452,0.00197738694501655,62.55305627863118,79.72356884206843,61.90375276602478,32.37259999884221,31.49960979972805,0.0,0.0,88.1483188405796,69.76816908212552,62.57533333333327,43.29285024154584,56.1102898550724,39.53029951690817,30.840734299516875,22.505265700483065,22.505265700483065
1546.0,84.44922559679745,108.1384074854127,119.10597744337397,102.63300489986786,119.58655904593702,111.00952333405449,,81.27823390210138,0.001296923270816759,62.622689267156616,79.76081095339745,61.57245077863461,32.343538401350635,31.589693013293633,0.0,3.3846121530540176e-05,88.20428019323663,69.85205314009653,62.577318840579636,43.28858937198063,56.10643961352651,39.55779227053136,30.862845410627987,22.48836714975843,22.48836714975843
1548.0,84.42707960318107,108.2140478708872,119.12602302603295,102.70113427191112,119.50620056783877,111.07511799621786,,81.225608420952,0.0025113920030763216,62.64521772190183,79.48755064675123,61.95207600112769,32.37323606106628,31.677918339920563,0.0,7.088609509160374e-05,88.26252657004821,69.93001932367142,62.57695169082119,43.280526570048266,56.100570048309116,39.58593719806758,30.882294685990306,22.472705314009637,22.472705314009637
1550.0,84.40503415970554,108.28421201786186,119.15971809121922,102.75803390368209,119.37956193329451,111.15596132642237,,81.17264247771936,0.0019102850522386096,62.61497369023134,79.59144570490672,61.766708566049445,32.34101915208442,31.661901364918357,0.0,0.0,88.32299516908203,70.00695169082118,62.57292753623181,43.269362318840535,56.09767632850235,39.61581159420285,30.902227053140063,22.463202898550698,22.463202898550698
1552.0,84.38351551111657,108.36630403552918,119.18951524320384,102.8249608687678,119.2172487391549,111.23487275120263,,81.11973149485966,0.0018823529411764706,62.500576470588236,79.70134117647058,61.674776470588235,0.0002,31.557908823529413,0.0,0.0,88.38684541062793,70.1024541062801,62.56435265700476,43.254623188405745,56.09857971014486,39.647318840579665,30.924565217391272,22.461130434782582,22.461130434782582
1554.0,84.36251583024553,108.42925806682405,119.22288763990701,102.90239166427305,118.98325458798949,111.30082842734687,,81.06680085026099,0.0016,62.778627471484455,79.37792343462047,61.48430934414621,0.0002754386805375699,31.654936753352327,0.0,0.00029941509261657357,88.45280676328494,70.21178260869556,62.55379227053134,43.239487922705266,56.10237198067626,39.67918840579706,30.94823188405794,22.464758454106256,22.464758454106256
1556.0,84.34101882082989,108.49420667521923,119.24987311583837,102.9647272698814,118.70845495172225,111.37751910524514,,81.01404004331076,0.0019024196129032258,62.72255318668387,79.60376731282581,61.74050448609032,1.5120980645161293e-05,31.687105455329032,0.0,0.0001,88.51774879227042,70.3221159420289,62.544318840579635,43.22596135265696,56.109415458937136,39.7125942028985,30.974594202898516,22.47296135265698,22.47296135265698
1558.0,84.31994126065923,108.55792759800894,119.26617736433806,103.02577358503173,118.40435431716392,111.44683352008614,,80.96138958639467,0.0009,62.714937264828315,79.76294854170833,61.76216214258448,0.00013195267482231474,31.735812712677003,0.0,0.0001,88.58149275362308,70.43227053140087,62.537164251207656,43.21549275362314,56.121342995169016,39.74875845410624,31.002019323671462,22.485787439613503,22.485787439613503
1560.0,84.29929995072175,108.63574436308926,119.2838105380175,103.09092081290522,118.04696233663194,111.51667108821358,,80.90970735961697,0.002825499392,62.732508478464,79.616729236736,61.683833444864,7.100006399999999e-05,31.665782025088,0.0,0.0001,88.64379710144918,70.54050724637672,62.53538647342988,43.20714975845406,56.13683574879221,39.78290338164248,31.027048309178706,22.50202898550722,22.50202898550722
1562.0,84.27874841286956,108.7001566225266,119.30498745740566,103.15744432263811,117.65463314049758,111.58839973162881,,80.85845999442935,0.0016,62.80404444214531,79.74230285605897,61.78002076651466,0.00014870474568447526,31.5776441661162,0.0,6.580316378965017e-05,88.7037536231883,70.64027536231875,62.540265700483026,43.20122222222217,56.153400966183504,39.8114251207729,31.050396135265665,22.51860386473427,22.51860386473427
1564.0,84.25881154106678,108.77103854785548,119.32185769934972,103.2261659914344,117.23302216713158,111.65628515230364,,80.80731736671314,0.002124999111111111,62.75390012681482,79.78409985943703,61.76174983988148,3.749997037037037e-05,31.731549953896298,0.0,7.499994074074074e-05,88.76462801932358,70.72803864734291,62.55130434782602,43.19617391304343,56.16971980676322,39.83849758454102,31.072111111111074,22.539033816425096,22.539033816425096
1566.0,84.2391980589909,108.84195099012673,119.34906480087514,103.2990004517262,116.78544374911199,111.71293442722637,,80.7563834960143,0.004425,62.762100000000004,79.65965,61.8125,0.00016250000000000002,31.632262500000003,0.0,0.0001,88.82665217391295,70.80329468599027,62.56862318840573,43.191642512077244,56.18437681159414,39.86524637681155,31.09524154589369,22.56444444444442,22.56444444444442
1568.0,84.22034949161137,108.91501525830701,119.39298722686254,103.36094660999308,116.32054278887462,111.77067264046657,,80.70590855040568,0.001633664021331657,62.50245049945378,79.65862864667162,61.79867038863866,0.00013564358694247093,31.777694555053976,0.0,3.564358694247094e-05,88.88767632850231,70.85889371980669,62.58991304347818,43.18904347826083,56.20068599033811,39.88797101449271,31.119231884057935,22.58873913043476,22.58873913043476
1570.0,84.20107114322514,108.97950008580422,119.47142420613741,103.44062720586669,115.85535620442977,111.82227923554073,,80.65567530139064,0.0018331683274972973,62.798484168057556,79.62196732884446,61.64108470616415,3.341583625135129e-05,31.661812843524533,0.0,0.0,88.94620289855062,70.89301932367142,62.61586473429945,43.18796618357484,56.21703864734293,39.90962318840575,31.142352657004796,22.608169082125578,22.608169082125578
1572.0,84.18226316645915,109.04337457584408,119.56419867480349,103.51101537443567,115.37322424364062,111.87870710822727,,80.60640941950919,0.001993103448275862,62.59911724137931,79.9212,61.644131034482754,0.00011379310344827585,31.691789655172414,0.0,0.00032758620689655175,89.00199033816415,70.91032850241538,62.64777294685983,43.186173913043426,56.23112560386467,39.93075845410623,31.164700483091757,22.62245893719804,22.62245893719804
1574.0,84.16333136631694,109.11953198264317,119.65484875311961,103.56638025115912,114.92463557482318,111.9391841746243,,80.55724714591005,0.0031837523200000002,62.63032719232,79.24055496704,61.943571400319996,7.875008000000001e-05,31.73975681248,0.0,0.0001,89.0530193236714,70.93548309178736,62.68210628019317,43.185033816425076,56.241111111111046,39.95137681159416,31.1863719806763,22.63423671497582,22.63423671497582
1576.0,84.14540702817257,109.18179086150312,119.74604114866386,103.62815588789819,114.48635071058206,111.99835512980519,,80.5077810647133,0.002373267533771068,63.0771108702347,79.8468846977998,61.83130496918497,6.757426213116064e-05,31.652674487018146,0.0,0.0001,89.10093719806756,70.96938647342988,62.713458937198,43.184086956521696,56.248062801932306,39.97397101449271,31.210512077294652,22.644908212560356,22.644908212560356
1578.0,84.12767642581193,109.23733413225416,119.81667192445136,103.69111206386746,114.08373741804954,112.06103586963964,,80.45878267440244,0.0016,63.0730943330121,79.8668283431154,61.863684270861675,0.00013926708868733522,31.71284608862434,0.0,0.00012146582262532957,89.14442512077285,70.99829468599026,62.742932367149685,43.1810483091787,56.25358937198061,39.9938599033816,31.234265700483057,22.6559758454106,22.6559758454106
1580.0,84.11023291404365,109.29521394313606,119.85870438991357,103.75721245742551,113.70007493197384,112.11982253040453,,80.40978871395671,0.0013970212469279974,63.03327021334077,79.65948127995748,62.02167064429261,3.446808603350008e-05,31.712059152606628,0.0,3.1063827932999845e-05,89.18340579710136,71.02867632850234,62.77270531400959,43.17601449275358,56.256236714975785,40.0118405797101,31.256603864734267,22.663642512077267,22.663642512077267
1582.0,84.09231991635707,109.35714353566044,119.85491457319999,103.82112484803307,113.32484877443814,112.19034952070922,,80.3612727682688,0.005423074546016396,62.67930780724556,79.62248466544271,62.031292301213654,0.0007769227273553524,31.640092354534385,0.0,0.0007153842425123759,89.22445410628009,71.0501739130434,62.80065217391297,43.17146376811589,56.259946859903316,40.030536231884014,31.27949758454103,22.66419323671495,22.66419323671495
1584.0,84.07503620993431,109.42307196891961,119.80321999845638,103.87644551636409,112.96179153719369,112.26202277060892,,80.31320942396343,0.0017339805415024724,63.0327155456718,79.82475532151011,62.057947643742224,4.95145938731457e-05,31.774302443931617,0.0,6.69902707512362e-05,89.26933333333324,71.05598067632843,62.82764734299509,43.168652173912996,56.265613526569986,40.04836231884053,31.301265700483057,22.660565217391277,22.660565217391277
1586.0,84.05794947127808,109.48978556495669,119.68727860782279,103.94259595512122,112.61057995886544,112.31886361018725,,80.26553643444086,0.0015306124154937672,62.81938265832837,79.61242139379121,61.890182721022335,9.948982790508133e-05,31.721525987429864,0.0,3.36734480632791e-05,89.31804347826078,71.05790821256032,62.853995169082054,43.16578743961348,56.273512077294626,40.06617874396131,31.32322705314006,22.653265700483065,22.653265700483065
1588.0,84.04101150824563,109.57468210570737,119.50781990093657,103.995868155341,112.2699939198075,112.37699569942161,,80.21821400131351,0.0017072961118753268,63.12597467401193,79.71188580089567,61.85063560928017,0.0,31.68381327245,0.0,0.00012360518416623084,89.36942512077285,71.07093719806755,62.875826086956444,43.16707729468594,56.284473429951625,40.08549758454102,31.346700483091755,22.642801932367124,22.642801932367124
1590.0,84.02446774698144,109.65579053456003,119.24630123570904,104.04677644949123,111.9380013349244,112.44301825643122,,80.17073571797097,0.001508670843556058,62.85109136851825,80.12330685339354,61.77488032205652,4.50867291523006e-05,31.679193351110268,0.0,0.0001,89.4180966183574,71.09530917874389,62.88925603864727,43.171855072463714,56.298009661835685,40.102434782608654,31.366956521739095,22.629062801932342,22.629062801932342
1592.0,84.00781968267624,109.72707757768575,118.91389618357998,104.11169368378133,111.61717083305582,112.52273259017109,,80.12373455039878,0.0029345181675592014,62.873108584839336,0.0001,61.96223243118211,7.005071920429456e-05,31.770725875110944,0.0,3.502535960214728e-05,89.46588405797092,71.12794685990332,62.899386473429885,43.1781980676328,56.314057971014435,40.116106280193186,31.385869565217355,22.611888888888863,22.611888888888863
1594.0,83.99117325846103,109.81069649962176,118.50831301185507,104.16813847252173,111.30427933151489,112.60041579147372,,80.07683045422142,0.002931632326530612,62.95169881939592,9.948969795918366e-05,61.88916681116734,0.0003339286857142857,31.78187449129796,0.0,0.0002673470693877551,89.5139613526569,71.1653236714975,62.90884057971007,43.18410144927531,56.33415458937191,40.13102415458933,31.40648792270528,22.595294685990314,22.595294685990314
1596.0,83.97452908165809,109.8864924607463,118.02741025366898,104.22896548340985,111.00035585894783,112.67656437244658,,80.02997680395191,0.0018217394207941124,62.87675001252175,0.00011304342986764794,61.848719519788254,0.00015760871379963203,31.86207610745105,0.0,7.173914253308802e-05,89.55985024154579,71.19914975845403,62.91781159420283,43.18806763285019,56.36146859903375,40.148700483091744,31.427033816425087,22.58329468599031,22.58329468599031
1598.0,83.95797797570539,109.95980198732637,117.4795272578335,104.28613266092103,110.7052539111683,112.75051502195801,,79.98287736809273,0.0018,63.068294499714874,0.0,62.091497834949074,6.551737531492373e-06,31.75118998679395,0.0,0.00034758609974806104,89.60528019323662,71.2271739130434,62.9252705314009,43.191536231884015,56.39540579710139,40.166473429951644,31.44815942028982,22.574507246376786,22.574507246376786
1600.0,83.94167549560252,110.02991335349874,116.85911866633263,104.34765258899057,110.41875492192828,112.82488948247656,,79.93638586336522,0.0019185369033481064,63.0722385247652,0.00010536588655325238,61.925515625995125,0.00013512196218441746,31.807877801983313,0.0,0.0,89.6525845410627,71.25126086956514,62.931966183574815,43.19589855072459,56.43644927536226,40.18290338164247,31.470516908212527,22.567550724637655,22.567550724637655
1602.0,83.92511983852826,110.09004114971975,116.18837167930312,104.40841221746824,110.13954879852231,112.91757187618116,,79.89012579400227,0.0015866665366348414,63.20018475701928,3.476189547391725e-05,61.8268486010201,6.738094773695862e-05,31.707143336194033,0.0,0.0,89.70598550724628,71.28404830917866,62.9416473429951,43.20376811594198,56.48433333333327,40.20077294685986,31.49537681159417,22.564009661835723,22.564009661835723
1604.0,83.90900151084053,110.15575670296415,115.46175906304529,104.46134764587138,109.86913020860375,112.99380653668743,,79.84357782921732,0.0022609448699510083,63.03073743562924,0.0003,61.8427558754149,0.0007060092929022135,31.896050823813916,0.0,0.0,89.76137198067624,71.31759420289848,62.954458937198,43.214806763284976,56.53986956521733,40.21864251207725,31.521009661835713,22.564816425120746,22.564816425120746
1606.0,83.89302357818276,110.24477478623187,114.6913368113289,104.52247797341855,109.60665949832371,113.06929458083113,,79.7976958754872,0.004562264588394975,62.84548423247404,0.0007358492206481155,61.773836506932135,0.00017264153677468591,31.710506884154224,0.0,0.00015471692645062818,89.81228502415449,71.33348309178736,62.96999033816418,43.22755072463763,56.60316908212553,40.23262801932363,31.54568599033813,22.571507246376786,22.571507246376786
1608.0,83.87706058074669,110.33161369836947,113.89794335164837,104.59614922330026,109.3495181649394,113.13895764731642,,79.75164640928197,0.0022649485624402885,63.051867025066905,0.0001005154312679134,61.809357179089275,8.324742812201444e-05,31.668806133447347,0.0,3.350514375597114e-05,89.86191787439603,71.33995169082118,62.987260869565155,43.24180676328498,56.671864734299454,40.24479710144923,31.5718985507246,22.58384057971012,22.58384057971012
1610.0,83.8613163012666,110.3990545195455,113.08943578120243,104.66908598145186,109.0970601769085,113.20758697782406,,79.70574454382329,0.001936734480632791,63.27136635998871,0.00033265310387344183,61.91397350239804,3.316327596836045e-05,31.76596173918268,0.0,0.00030306103256951195,89.9110193236714,71.34390821256031,63.00589371980669,43.25804830917869,56.74598550724632,40.25956521739126,31.597917874396103,22.597971014492728,22.597971014492728
1612.0,83.8453974375527,110.46976318702121,112.28512055775693,104.73620334440268,108.85140120473953,113.26921498846193,,79.66027686363587,0.0012456691675367974,63.109313385971205,0.0,62.07969918160671,0.00015570864594209967,31.85663581135833,0.0,0.0001,89.9615458937197,71.35521739130427,63.02546376811587,43.273797101449226,56.82071980676322,40.27834782608691,31.622618357487887,22.613657004830895,22.613657004830895
1614.0,83.83026339747553,110.53040428228226,111.50352120453582,104.80210852933352,108.6122923118415,113.32821058943787,,79.61499901580218,0.004454545242975125,63.13995268497559,2.181819028099502e-05,62.257396334854334,5e-05,31.925820911096594,0.0,0.00031272723887601993,90.01485024154579,71.39303381642505,63.047275362318764,43.28600483091782,56.89424154589366,40.29838647342991,31.649700483091753,22.63060869565215,22.63060869565215
1616.0,83.81541657082178,110.59364167840408,110.76525377051274,104.87058154625782,108.3782797967896,113.38187242718715,,79.57029075528357,0.0025,63.2518841812177,0.00019158418476621607,62.00132474102162,0.00012772278984414406,31.815291347828182,0.0,6.386139492207203e-05,90.06864734299506,71.4633623188405,63.07071014492747,43.29767149758449,56.96828019323665,40.31814492753619,31.67743478260866,22.64788405797099,22.64788405797099
1618.0,83.80011315174661,110.64345358256759,110.05543136154901,104.93772119302267,108.14928918192578,113.43434809477668,,79.52567842391512,0.0015388343542271717,63.18883982007911,0.0003,61.92978633518374,9.611656457728283e-05,31.66908540892297,0.0,0.0,90.12122222222212,71.55278743961344,63.09622705314002,43.30819323671493,57.041468599033756,40.34030917874392,31.70226570048306,22.668144927536204,22.668144927536204
1620.0,83.7852806325989,110.7212059654466,109.37131140449715,105.00101858695741,107.92676536067056,113.50635647156992,,79.4813652272078,0.0016673266900108102,63.23930702504109,0.00036633665499459484,62.130701956371034,3.3168327497297434e-05,31.75011635712231,0.0,3.3663345005405144e-05,90.17263768115933,71.65630434782601,63.124140096618284,43.313966183574834,57.114787439613465,40.36456521739126,31.727241545893683,22.69165700483089,22.69165700483089
1622.0,83.77122048228586,110.78984787250982,108.71038092720848,105.0681932791727,107.70912725966124,113.57612942089231,,79.4372701864292,0.0026343434565452646,62.981719226776065,0.00023131308690947032,62.12528585974035,0.00022020209790842693,31.822211114285974,0.0,0.0,90.22233816425111,71.77912077294677,63.154618357487855,43.316212560386425,57.1861207729468,40.39186956521735,31.753584541062768,22.718130434782587,22.718130434782587
1624.0,83.75749952076632,110.85232276798298,108.07143093541933,105.13450040311679,107.49660194408229,113.62861957792197,,79.39288558860704,0.0023924240759105138,63.146150006787884,6.515152494644038e-05,61.999500016161626,0.0004325757624732202,31.913845474292025,0.0,0.0,90.26732367149748,71.89914492753614,63.19013043478254,43.31371014492749,57.25203381642506,40.419623188405744,31.779516908212525,22.744893719806736,22.744893719806736
1626.0,83.74327943299889,110.90527998136888,107.45221143682578,105.20378713063273,107.28858530616274,113.68447695350737,,79.3487746064718,0.0019674995200000002,63.154055539712,0.0006485002240000001,62.092845679872,0.0,31.88757126976,0.0,0.0001,90.30571980676318,71.99933816425113,63.23309661835742,43.305188405797054,57.311946859903315,40.44344927536227,31.803260869565182,22.767449275362296,22.767449275362296
1628.0,83.72922573893642,110.96261390356389,106.8510549183642,105.27348620795229,107.08564090967266,113.7343731310354,,79.30491332225407,0.002564251236406944,63.40775804156108,0.0,62.05285216023389,5.3623145389584125e-05,31.7833775519328,0.0,0.0001,90.34220772946848,72.0867777777777,63.28109661835742,43.29232850241541,57.36873913043472,40.46440096618353,31.82603864734296,22.781202898550703,22.781202898550703
1630.0,83.71482311768331,111.03523686773599,106.26910247275954,105.3345921407234,106.88730493342526,113.79587473499129,,79.26134079746338,0.0019434345654526484,63.18325351967904,0.0001030303696357945,62.14028802358822,0.0,31.829732313685536,0.0,3.4343456545264836e-05,90.38572463768105,72.16304830917866,63.33166183574872,43.27858937198063,57.425797101449206,40.48473913043473,31.849676328502383,22.788067632850215,22.788067632850215
1632.0,83.70120632507454,111.1017975128983,105.70559358346678,105.39098935016733,106.69358001558072,113.84666981000326,,79.21804970558803,0.002213658415971408,63.06236586857081,0.00016487803781558254,62.042854139521296,0.00016219509453895635,31.85677293023935,0.0,0.0002053658865532524,90.43447826086947,72.23649758454098,63.384019323671424,43.263207729468554,57.479806763284955,40.504946859903335,31.87177777777774,22.796560386473402,22.796560386473402
1634.0,83.68794858395106,111.16262944895,105.15791235080073,105.44378327249356,106.50520076257038,113.8933339201679,,79.17494024302286,0.003533333333333333,62.98406666666666,3.3333333333333335e-05,61.9319,8.333333333333333e-05,31.891033333333333,0.0,0.00030000000000000003,90.48439130434772,72.30669565217384,63.436647342995094,43.247246376811546,57.531628019323605,40.52312560386469,31.89416908212557,22.80442028985505,22.80442028985505
1636.0,83.67479615717583,111.23429011413603,104.62322322276388,105.48796721228763,106.31995475241733,113.95978352045243,,79.13184081476216,0.0016636816123165332,63.05078800544096,0.00022736322463306653,62.1543766675667,0.00012263677536693347,31.866235618654127,0.0,3.631838768346673e-05,90.5338309178743,72.36575362318833,63.48910144927529,43.23481642512073,57.58389855072458,40.53737681159415,31.91807246376808,22.806483091787413,22.806483091787413
1638.0,83.66180010733683,111.30820709956042,104.10462052415744,105.5469094489633,106.13825138217533,114.01576863645924,,79.08889721321114,0.0025088372469616346,63.05097069607057,0.00013581395570362557,62.01274511283656,1.604651107409361e-05,31.96973232324375,0.0,6.790697785181278e-05,90.58051207729459,72.40674396135257,63.542062801932296,43.224028985507196,57.6380821256038,40.54757971014488,31.9411062801932,22.804285024154566,22.804285024154566
1640.0,83.64836986224034,111.37776947639645,103.6015535560231,105.61707419179194,105.96077315075675,114.08652067548172,,79.04690626686289,0.001,62.967532812016906,3.5265658661825346e-05,62.29998792224528,8.236717066908733e-05,31.777060297875078,0.0,0.000294203024014524,90.62875362318832,72.41865217391296,63.60046859903374,43.21726570048304,57.69634299516902,40.5572173913043,31.9645410628019,22.8000144927536,22.8000144927536
1642.0,83.63528812408225,111.44533447387519,103.11108324111963,105.67416504447658,105.78702638658811,114.1534340852553,,79.00469028177898,0.001635748763593056,63.20604104054821,6.425123640694391e-05,62.11465022353644,0.00021787438179652805,31.899315681498603,0.0,6.425123640694391e-05,90.68170048309169,72.40240096618349,63.662734299516835,43.214526570048264,57.759164251207665,40.56737681159416,31.989077294685952,22.79717874396133,22.79717874396133
1644.0,83.62194466817326,111.5115908506405,102.63353023472447,105.72867913640835,105.6165203280907,114.21498609879553,,78.96266955372674,0.0019030152673719745,63.31147232396468,0.0008623112804627038,62.22251756571093,3.316581847933476e-05,31.919570078433743,0.0,0.0,90.73411594202888,72.35490338164244,63.72376811594196,43.21220772946855,57.82596618357482,40.57554106280189,32.01181159420287,22.79277777777775,22.79277777777775
1646.0,83.60896915173409,111.57526456505035,102.17020395134911,105.78463774622671,105.44980143463877,114.26589098159039,,78.92073898599217,0.0016,63.180547824054436,0.0,62.28829998898087,0.00031086954344044154,31.944047785487466,0.0,2.6086971039705625e-05,90.78563768115932,72.2804782608695,63.78274879227046,43.214579710144875,57.89571014492747,40.58158937198063,32.03406280193233,22.78390821256036,22.78390821256036
1648.0,83.59632958003591,111.63095581112812,101.71901338123357,105.84378921441696,105.28653262792137,114.33307276499525,,78.8795102990334,0.0025,63.216246905558044,0.0002604937959457153,62.10583954286581,0.00015987655101357115,31.979913573067517,0.0,0.0003209875918914306,90.84077777777766,72.19582608695644,63.839458937197996,43.221739130434734,57.9693285024154,40.58717874396131,32.05897584541059,22.77558937198065,22.77558937198065
1650.0,83.58406370989208,111.70366603560218,101.28076847762814,105.90153098610507,105.12619809250612,114.40933811757733,,78.8383416609345,0.00173367873448414,63.40164661854396,0.00016683936724206999,62.362189094396385,3.316063275793004e-05,31.832592226351824,0.0,3.316063275793004e-05,90.89504830917865,72.11828502415452,63.893062801932295,43.22960869565213,58.04367632850235,40.59152173913039,32.08369565217388,22.767492753623163,22.767492753623163
1652.0,83.57197140962879,111.78256787827354,100.85516024814773,105.96448450168886,104.96945178339553,114.45673038957088,,78.79715919847867,0.003444444324044639,63.35024441615049,0.00011851855865178705,62.310729626659764,0.00017592590084263308,31.92017035749261,0.0,0.0,90.94213526570037,72.02969565217384,63.943898550724576,43.235888888888844,58.117531400966115,40.59500483091783,32.10658937198064,22.756338164251183,22.756338164251183
1654.0,83.55945235193151,111.85340624954704,100.4410148198476,106.02232166247018,104.81522475913125,114.52965168262243,,78.7566489330435,0.0025,63.27488096131419,0.0001317460424960144,62.368831767037214,0.0001182539575039856,31.755792075510545,0.0,6.825395750398562e-05,90.98162801932358,71.92757971014485,63.99104830917867,43.24118357487918,58.19094202898545,40.59918840579705,32.12902415458934,22.741845410627995,22.741845410627995
1656.0,83.54717990997246,111.92279935224799,100.03855148500902,106.08370166426697,104.6633603207107,114.57843541642859,,78.71612947559456,0.0036591836201581977,63.153373479410256,0.0001,62.21397963491218,1.479590503954944e-05,31.865983181431094,0.0,7.040818992090113e-05,91.02022705313999,71.84329468599026,64.03416425120766,43.25022222222217,58.264019323671434,40.6068405797101,32.1511449275362,22.72668599033814,22.72668599033814
1658.0,83.53535658125124,111.98268121784794,99.64694861234146,106.1399730919326,104.51446867121138,114.62985420564927,,78.67569094164665,0.001028999936,63.296507148288,0.0001,62.201475739391995,8.5500032e-05,31.876117778816,0.0,0.000206500096,91.06220289855064,71.78311111111103,64.07716908212554,43.262256038647294,58.333937198067574,40.61833333333329,32.17127053140093,22.70983091787437,22.70983091787437
1660.0,83.52368798537037,112.05455818563786,99.2660117634096,106.19403139160814,104.36859543509716,114.68526932595863,,78.63547172279087,0.0022934993920000002,63.368925970432,0.00040149964800000005,62.354108179456,0.000109499904,31.870369241216,0.0,6.3500032e-05,91.10649275362307,71.76527536231876,64.11930434782602,43.27166183574874,58.39431400966177,40.63160869565213,32.18949758454102,22.691980676328473,22.691980676328473
1662.0,83.51305140386003,112.11420764249685,98.89483537953221,106.25512285815115,104.22572903984371,114.74404852447398,,78.59555548268119,0.0014278353998089237,63.2344402141956,0.00036391769990446176,62.31959184177606,0.00013402057502388454,31.895795862826137,0.0,6.701028751194227e-05,91.15216425120764,71.7927971014492,64.1576086956521,43.279371980676274,58.44607246376805,40.64573429951686,32.209526570048276,22.677391304347797,22.677391304347797
1664.0,83.50232090848951,112.18738717312743,98.53318518428945,106.312429286027,104.08507074296395,114.8004094532662,,78.55552325389833,0.002384,63.438948,0.00026399999999999997,62.318452,0.00012800000000000002,31.812732,0.0,3.6e-05,91.19593719806754,71.83680676328495,64.18929951690815,43.28987439613521,58.490217391304284,40.66328502415454,32.230231884057936,22.667888888888864,22.667888888888864
1666.0,83.49128256652251,112.26511313525062,98.17824084651447,106.3614537863471,103.94753601640564,114.87341114029606,,78.51584692527372,0.003494554427213036,63.4918381209105,0.0003891088544260724,62.29054404667308,0.00013242573786883936,31.891779705802957,0.0,6.485147573767875e-05,91.238149758454,71.88183574879218,64.21534299516902,43.2997826086956,58.52667632850235,40.68551690821252,32.24988405797098,22.66291787439611,22.66291787439611
1668.0,83.48047567038746,112.34394084907501,97.83264250679504,106.4217452381364,103.81300715920783,114.93092919815253,,78.47666807405507,0.002395811514114192,63.32270627937804,0.0001319371713713974,62.3243691133679,3.40314143143013e-05,31.958888218425855,0.0,6.80628286286026e-05,91.27971014492742,71.94423188405788,64.23802415458931,43.308106280193186,58.553077294685934,40.711763285024105,32.27157971014489,22.660748792270503,22.660748792270503
1670.0,83.47006313468879,112.41505007805375,97.49513908520896,106.48913164982059,103.68046521354516,114.99626841245757,,78.43746093588389,0.0019174604249601439,63.38664601405156,0.0001634920849920288,62.40428574350416,3.412697875199281e-05,31.84252936578349,0.0,3.174604249601439e-05,91.31970048309168,72.02520772946852,64.2567246376811,43.31563285024149,58.56770048309172,40.74487922705309,32.29419323671494,22.662700483091765,22.662700483091765
1672.0,83.45968297648805,112.47880016103633,97.1655445542283,106.5495837100874,103.55000717799656,115.05253677935893,,78.39839716412456,0.0023292370440677963,63.757761839403386,0.0001,62.418434756881354,0.0,32.03482431620339,0.0,0.0001,91.36025120772936,72.11464734299508,64.27152657004824,43.32192753623183,58.5748743961352,40.78341545893716,32.31599516908209,22.66526570048307,22.66526570048307
1674.0,83.44909844834181,112.52512999933587,96.85197730416172,106.60251357363708,103.42196819534284,115.12067774865405,,78.35921162097137,0.0023640454932461973,63.614225889672554,0.000305618197298479,62.049037111397475,3.539317601307039e-05,31.729824622759278,0.0,0.0004,91.40114492753612,72.22266666666658,64.27951207729463,43.32838164251203,58.57653140096611,40.82527053140092,32.33825603864731,22.66793719806761,22.66793719806761
1676.0,83.43895938206389,112.58897632315698,96.54153298783466,106.65560133447404,103.29715299117387,115.17227334169972,,78.32058639376527,0.0018760207673469388,63.50196122684081,0.0,62.34140396786939,3.2908146938775516e-05,31.853991615869386,0.0,0.0001,91.44164251207718,72.3545893719806,64.28315942028979,43.335212560386424,58.5764782608695,40.870120772946805,32.36346859903378,22.673207729468576,22.673207729468576
1678.0,83.42887840163988,112.65667256748476,96.23605504735521,106.70774467564911,103.17483891010544,115.22562777227981,,78.28184120332557,0.001956435869424709,63.24835946680996,0.00034950510859729653,62.328070242642525,0.00017475255429864826,32.00436186256593,0.0,0.0,91.48287922705303,72.50284057971007,64.28794685990331,43.341463768115894,58.57801449275356,40.918246376811545,32.389347826086926,22.68117391304345,22.68117391304345
1680.0,83.4189468222085,112.71832918560062,95.93408468474891,106.75948132381772,103.05497260060731,115.27461932050693,,78.24333618144907,0.0034186437423728813,63.58081654258983,0.00023644062372881353,62.29802555943051,0.00040466093559322035,32.056523540393215,0.0,0.000286017193220339,91.52116425120761,72.65116908212552,64.29395652173906,43.3461787439613,58.579710144927475,40.96753140096614,32.41303864734295,22.693806763285,22.693806763285
1682.0,83.40942426597552,112.78358417231898,95.63647117193635,106.8128709220374,102.93768720076905,115.32004146485237,,78.20540618912273,0.002221142666553539,63.56869028048813,0.0004274285613975547,62.56800577126189,1.3714280698777345e-05,31.89513771624678,0.0,2.742856139755469e-05,91.55698067632838,72.78645410628012,64.30131884057964,43.351400966183526,58.5832318840579,41.015859903381596,32.43833816425117,22.705869565217366,22.705869565217366
1684.0,83.3994804886877,112.86612663003051,95.34309729682485,106.8783291047656,102.82234683146783,115.39136933892185,,78.16766112554306,0.002139593935015048,63.4600634468742,0.0001,62.37127005296726,0.00018197969675075242,31.974707354080145,0.0,0.000719796967507524,91.59498550724628,72.90023671497576,64.31383091787433,43.3579516908212,58.59151690821249,41.06351207729463,32.462995169082085,22.715743961352633,22.715743961352633
1686.0,83.38982248104337,112.94128531958822,95.05496854023544,106.94219548298611,102.70914300461862,115.42424894618036,,78.12988563052669,0.001497073357135097,63.73464291135779,0.00016487803781558254,62.50603261528433,0.00015804882982987857,31.97987756502714,0.0,0.0002595121512623302,91.63500966183565,72.98863768115935,64.33235265700476,43.366048309178694,58.60394685990331,41.11076811594198,32.48715458937194,22.72419323671495,22.72419323671495
1688.0,83.37967748722369,113.01883379222411,94.77102820802169,107.00872804990837,102.59803543041737,115.47460608029873,,78.09196384480175,0.001096459948437493,63.4451788673013,3.274332473958215e-05,62.545487553861975,3.3628337630208924e-05,32.00788677215534,0.0,0.0,91.67693236714966,73.04882608695644,64.35363285024148,43.37713043478256,58.618729468598964,41.15795652173909,32.51153140096615,22.73014009661833,22.73014009661833
1690.0,83.37018954002326,113.10147727734741,94.49096143766775,107.0638226356553,102.48897021124519,115.5216506178048,,78.05371430870268,0.002532085550516175,63.58480316604812,0.0002716577979352991,62.59579732911322,0.0,31.915313365728046,0.0,0.0,91.7219033816424,73.08886956521731,64.37451690821248,43.38963768115937,58.63889855072457,41.20367632850237,32.53561835748788,22.735507246376788,22.735507246376788
1692.0,83.36058320461855,113.17724016937163,94.21626159982733,107.12972571970279,102.38172874829125,115.5649510524063,,78.01586695174235,0.0019502535960214727,63.58970103933435,0.00022994928079570542,62.66617062860366,0.0005197971231828218,31.943459405923868,0.0,3.502535960214728e-05,91.76569082125593,73.11704830917867,64.39128019323664,43.4014057971014,58.66628019323665,41.245400966183524,32.560734299516874,22.735516908212535,22.735516908212535
1694.0,83.35135730585412,113.24335825073602,93.94697347285954,107.19325236148217,102.27661628922696,115.61525345009346,,77.97835616889094,0.002660396267973873,63.564739132793115,0.0005108911593765763,62.71616931673304,0.00021262372285067588,32.03339036514241,0.0,0.0002554455796882881,91.80833333333321,73.13107246376804,64.40440579710138,43.414492753623136,58.69849275362312,41.282478260869524,32.586420289855035,22.731342995169054,22.731342995169054
1696.0,83.34185118549755,113.31339116458662,93.68250580621994,107.25687899110905,102.17282919253674,115.66905936306767,,77.94087094446998,0.0006241379310344828,63.48622413793103,0.0,62.62618965517241,3.4482758620689657e-05,31.951844827586207,0.0,6.896551724137931e-05,91.85052173913033,73.13560869565208,64.41493236714969,43.42613043478255,58.731932367149696,41.31430434782604,32.611043478260825,22.72955555555553,22.72955555555553
1698.0,83.33254957587476,113.39218934654323,93.42340978514198,107.32334083837827,102.07083441613507,115.72207848399611,,77.90346375026056,0.0017250004210526315,63.80576239578947,0.00022500008421052632,62.25559998955789,0.0,31.89073130736842,0.0,8.749995789473685e-05,91.88572463768107,73.13200966183567,64.42445410628012,43.434772946859844,58.7653285024154,41.34032367149754,32.63297101449272,22.726516908212535,22.726516908212535
1700.0,83.32316085999166,113.46224468420245,93.16911583668217,107.38683520210132,101.97087091660613,115.752573116714,,77.86649576869077,0.0023531237333333332,63.6561154256,0.0,62.48688131306666,6.874986666666667e-05,31.895212359466665,0.0,3.4374933333333335e-05,91.91584057971004,73.10916908212552,64.43816908212554,43.44252657004826,58.80336231884051,41.36185507246372,32.652347826086924,22.71562318840577,22.71562318840577
1702.0,83.31363860163336,113.53359631338627,92.9219296666788,107.44615638584344,101.87259698735332,115.8081001383622,,77.82968161851454,0.001383414941163689,63.76240401158369,0.00018048754903025923,62.417336545197756,0.00012219501961210368,32.0191663507251,0.0,0.0002917074705818445,91.94514975845401,73.06568115942021,64.45889371980668,43.44975362318836,58.8476666666666,41.37726570048304,32.668652173913,22.698685990338138,22.698685990338138
1704.0,83.30458266341043,113.59525430814287,92.678404488509,107.50960014103534,101.77604553945059,115.8363979038631,,77.79281972508709,0.0033136725955132144,63.79334943515867,0.0,62.50718622675486,3.418805288919132e-05,32.15848675221155,0.0,3.162389422161735e-05,91.9730917874395,73.01401449275355,64.48650724637673,43.45629468599029,58.8968743961352,41.38619323671493,32.68553623188402,22.68229468599031,22.68229468599031
1706.0,83.2953560091445,113.65997833250312,92.44067202540252,107.5798043494205,101.68124245238288,115.88817711274756,,77.75594093967126,0.001667204312914796,63.6620064737765,0.00020161293874438794,62.593962367698836,0.00010080646937219397,31.999398367241888,0.0,0.00013118274834081605,92.00148792270521,72.95585990338157,64.5197777777777,43.46143478260865,58.949632850241485,41.39137198067628,32.704222222222185,22.668830917874367,22.668830917874367
1708.0,83.28670787207429,113.72419426006041,92.20862124110884,107.64830214489953,101.58855777954679,115.93839697394839,,77.71926833643282,0.0032461542904929507,63.81139839008873,0.0,62.49600602663187,0.0,32.04985228923002,0.0,6.461542904929508e-05,92.02842512077284,72.90040579710137,64.55209178743954,43.463251207729414,59.00155555555549,41.3926328502415,32.72415458937194,22.658342995169054,22.658342995169054
1710.0,83.27806347729395,113.78888119101441,91.98288690840616,107.713011914806,101.49825920881644,115.98194894302556,,77.68261144989141,0.0022716423233089984,63.657352226563894,0.0,62.52676117917968,5e-05,32.04954997147064,0.0,6.716423233089985e-05,92.05485990338155,72.84809661835742,64.57800966183568,43.4634251207729,59.04881159420283,41.38995169082121,32.74542995169078,22.65035748792268,22.65035748792268
1712.0,83.26908006528527,113.8539951520776,91.7618291088254,107.77130787996026,101.4094439095702,116.0281691257018,,77.64636460905781,0.0021322038237288135,63.4976491208678,7.076273898305086e-05,62.763964912813556,0.0003415254779661017,32.083010168786444,0.0,0.0002830509559322034,92.08525603864723,72.79058454106271,64.59986956521732,43.46424154589367,59.09050724637674,41.385275362318794,32.76697101449272,22.646275362318814,22.646275362318814
1714.0,83.25993260735792,113.92152946966777,91.54723369541088,107.82550518837395,101.32231504815809,116.0774970417924,,77.61041427835815,0.003325,63.737075000000004,0.0001,62.575275000000005,0.0,32.1338125,0.0,0.0,92.1252995169081,72.73476811594196,64.61939130434774,43.46438164251202,59.12503381642505,41.378299516908164,32.79014492753619,22.645734299516885,22.645734299516885
1716.0,83.25119550687184,113.97150894679832,91.33890779442078,107.88767993605168,101.23732879866974,116.1258549322729,,77.57463814523511,0.002259898041794288,63.76137466482832,0.0002639592167177151,62.66783918529598,6.598980417942877e-05,32.09490027204882,0.0,6.598980417942877e-05,92.17234299516898,72.68210628019315,64.6359468599033,43.46374879227048,59.1536859903381,41.37069082125599,32.813318840579676,22.647212560386446,22.647212560386446
1718.0,83.24263780945313,114.04065563553323,91.13688575171736,107.96143504175127,101.1528754830854,116.17914985396808,,77.53888157764975,0.0026,63.87264508221448,6.619717294187357e-05,62.57435353598604,5e-05,32.04950141244737,0.0,6.619717294187357e-05,92.22083574879217,72.63567632850233,64.64595652173905,43.46346859903377,59.18315458937191,41.363038647342954,32.83546376811591,22.64984057971012,22.64984057971012
1720.0,83.23403012604336,114.08664659478947,90.9415997654276,108.01313868166206,101.07021661935882,116.22845652443844,,77.50327848604833,0.0025302520845703075,63.96515883457676,0.0001394958308593851,62.49693271484627,0.0005558822959960761,32.06853359998193,0.0,0.0007487395771484627,92.27376811594192,72.60905797101441,64.64949275362312,43.464111111111066,59.214178743961284,41.35298067632846,32.858550724637645,22.649130434782585,22.649130434782585
1722.0,83.22558095175445,114.13057769615811,90.75300084400548,108.05730904603104,100.9894117669593,116.26542266076423,,77.46809638134054,0.0043796165548638305,63.54878793670775,0.0005853499695083176,62.53441221852263,9.04458307923598e-05,32.09541342057977,0.0,0.0003426749847541588,92.323304347826,72.60755072463759,64.64905797101441,43.46329468599029,59.242198067632785,41.34177294685986,32.88272463768112,22.647198067632825,22.647198067632825
1724.0,83.21735317777389,114.20324203001216,90.55948158110643,108.11192861844343,100.91092488721677,116.30393082726334,,77.43328999176475,0.0021249984,63.94916387970612,0.0001,62.84633469792653,1.760202448979592e-05,32.093645713959184,0.0,0.0,92.3676425120772,72.62631400966175,64.64902898550716,43.460512077294645,59.269400966183504,41.331241545893675,32.90813043478257,22.646111111111086,22.646111111111086
1726.0,83.20968053848023,114.26576591361582,90.3694550651881,108.15721602729505,100.83310960253482,116.34311908183038,,77.39900101671824,0.0015350515232649745,63.807151612996876,6.494847673502567e-05,62.87114749113567,0.00012989695347005134,32.06177577845722,0.0,0.0,92.41280676328493,72.670304347826,64.64905314009654,43.455304347826036,59.29624637681153,41.321386473429904,32.93126086956518,22.644285024154563,22.644285024154563
1728.0,83.20195983729074,114.33412263977155,90.18255429591144,108.20966466814697,100.7564454532159,116.384133755828,,77.36480823751465,0.0009293388539034161,63.86195577147463,2.9338853903416118e-05,62.83714090031556,0.00014132229219316776,31.995599990743806,0.0,2.9338853903416118e-05,92.45821739130425,72.73569082125596,64.64704830917867,43.44908695652169,59.319637681159364,41.312207729468554,32.95156038647339,22.643135265700458,22.643135265700458
1730.0,83.19455861749788,114.40452066101072,89.99867283681334,108.25446376617681,100.68068222704993,116.41799824753838,,77.33120011829243,0.005298224359090881,63.58672245257181,0.0001,62.871357382951906,0.00022189346154545287,32.103455640636454,0.0,0.0003218934615454529,92.50521739130424,72.82157971014485,64.64580676328495,43.44337198067628,59.33890821256032,41.30553140096614,32.973855072463735,22.64102898550722,22.64102898550722
1732.0,83.18693795492783,114.47468904625724,89.8177296017811,108.29404370455882,100.60642151718804,116.46178449155694,,77.29723373901624,0.00195250048,63.888588511232,0.000590500096,62.73794252416,0.0,32.0428186944,0.0,3.6499968e-05,92.55162801932357,72.93024154589364,64.64572463768108,43.43676811594198,59.356995169082055,41.3020096618357,32.99692270531398,22.636285024154564,22.636285024154564
1734.0,83.17971597608711,114.53296569885816,89.63973852771629,108.34144380296719,100.53326541725085,116.48707577409692,,77.26312433690228,0.0026,63.645906537348125,0.0001350710612968899,62.869039340805465,0.00022274871453911466,32.09693979432626,0.0,0.0,92.59409661835737,73.04420289855065,64.64537198067626,43.42736231884054,59.37440579710138,41.29929468599029,33.022589371980644,22.627729468599007,22.627729468599007
1736.0,83.172178590248,114.61574393369433,89.46471308722685,108.38057879650252,100.46046889500654,116.54096327533672,,77.22959884962496,0.00134255224582992,63.74306676746902,0.00033702089833196795,62.779864640597495,8.425522458299199e-05,31.99551017638959,0.0,0.0,92.63588888888879,73.14776811594194,64.64201449275355,43.415067632850196,59.38982125603859,41.296816425120724,33.04968115942025,22.621362318840553,22.621362318840553
1738.0,83.16514697675045,114.6686389848641,89.29306310228574,108.4249222341031,100.38907996092414,116.59426267825508,,77.19597184727584,0.0008496930357033479,63.715207482735714,4.294484694190059e-05,62.5749007697273,0.00023926378826452486,32.12392796390559,0.0,0.0001,92.67784057971004,73.25101932367141,64.6388357487922,43.403415458937154,59.406130434782554,41.295130434782564,33.076420289855044,22.62080193236713,22.62080193236713
1740.0,83.15812469291933,114.72355618453251,89.12362019639058,108.4755410384688,100.31865956292853,116.64201693053637,,77.16295758683378,0.0025333333739682292,63.79716684875163,0.0,62.85729991210672,0.0,32.1055167906031,0.0,0.0001,92.71718357487913,73.3579275362318,64.6389855072463,43.39599999999995,59.42377777777771,41.29409178743956,33.104028985507206,22.619492753623163,22.619492753623163
1742.0,83.15112783298099,114.78077866287076,88.95721424749406,108.5185962130658,100.24936867374328,116.69294115707633,,77.12975971120136,0.0025,64.02227856506046,0.00014767449302325583,62.68832727590698,7.61627534883721e-05,32.074605239590696,0.0,0.0001,92.75237198067622,73.45495652173905,64.64026570048303,43.38868599033812,59.44317391304341,41.295285024154545,33.130681159420256,22.616961352656983,22.616961352656983
1744.0,83.14420125081296,114.84955050627376,88.79425626747985,108.5635801325685,100.18076243999327,116.73593438514767,,77.09671366878865,0.001,63.81543050847458,3.0508474576271185e-05,62.78974406779661,9.576271186440679e-05,32.01413728813559,0.0,0.0,92.78063768115933,73.53317391304338,64.64121256038639,43.37803864734295,59.464695652173845,41.30024637681154,33.15694685990334,22.61511594202896,22.61511594202896
1746.0,83.13753993392334,114.92102548486733,88.63384360761717,108.61690672612069,100.11355959622487,116.78473792951048,,77.06374034155905,0.001093506571226241,63.86445581935029,1.5584428537706838e-05,62.865255859246425,0.001062986857547518,32.190562350680395,0.0,0.0,92.79976811594193,73.59335748792262,64.64044444444437,43.364893719806716,59.49054589371974,41.307463768115895,33.182173913043435,22.609734299516884,22.609734299516884
1748.0,83.13083097487599,114.97551217024478,88.47467449364467,108.66399770964324,100.04733709549456,116.83498679034683,,77.03119904722715,0.002048743928042154,63.8202467129096,0.00013618089288654702,62.935880365449535,0.0,32.23981909321999,0.0,6.381910711345299e-05,92.81415458937188,73.65322705314001,64.6408357487922,43.34464251207725,59.522405797101385,41.317202898550676,33.2063140096618,22.599463768115918,22.599463768115918
1750.0,83.12421328197875,115.04286130686643,88.3184611140409,108.72317005570498,99.98223637512845,116.89696243367155,,76.99834781072643,0.0023,63.6876874688,6.770826666666668e-05,62.568652065066665,3.385413333333334e-05,32.228085272533335,0.0,0.00019687520000000002,92.82823671497574,73.72787439613519,64.64526086956515,43.31805797101445,59.55722705314003,41.33090338164247,33.23236714975842,22.593111111111085,22.593111111111085
1752.0,83.11840689319315,115.09419714334223,88.16385679748265,108.78156264112502,99.91845884871917,116.92185722512535,,76.96541648622618,0.0026,63.87032609408,2.9583360000000003e-05,62.7052750464,5.9166720000000005e-05,32.16507068992,0.0,0.0001,92.83994685990326,73.81999516908205,64.65111594202892,43.28764251207725,59.59323188405791,41.34695652173909,33.26098550724634,22.594690821256016,22.594690821256016
1754.0,83.1121054145376,115.1598515108588,88.01280981521545,108.83557360608573,99.85566572713812,116.9722318303589,,76.93232566782802,0.00412000256,64.06788972672,0.00033625024000000003,62.627220968319996,8.937504000000001e-05,32.14768822688,0.0,0.00031500032000000004,92.8503961352656,73.91835265700475,64.65809661835742,43.256454106280145,59.62924637681153,41.36675362318836,33.288647342995134,22.60048792270529,22.60048792270529
1756.0,83.10613332746726,115.2331001424228,87.8640076122782,108.88177826242249,99.7944174594374,117.01338949404658,,76.89924532091985,0.0016,63.889936880840416,0.0009261542985724376,62.643516943015655,0.00016538469617364957,32.262174696803804,0.0,0.0,92.8602077294685,74.01474879227044,64.66754589371975,43.22572463768111,59.66099999999994,41.3892560386473,33.31667149758451,22.60867632850239,22.60867632850239
1758.0,83.09965703569294,115.3072148322283,87.71812763996186,108.93068874401415,99.73333488177504,117.04895734825072,,76.8661727876109,0.001461500416,64.2301748992,6.4499968e-05,62.587996512256,0.0,32.05833876608,0.0,0.000206500096,92.87371980676318,74.08634299516899,64.68250241545887,43.19730434782604,59.68829951690815,41.4128212560386,33.34639130434779,22.61927053140094,22.61927053140094
1760.0,83.09331036623665,115.36194474479208,87.57238028957146,108.9748552701883,99.67325952990282,117.09170461600365,,76.83339054363044,0.0019809756974753395,64.05962828938249,6.487803781558255e-05,62.82561459724944,0.0001026829432766262,32.12419245542789,0.0,0.0,92.89355555555545,74.12317391304339,64.7054009661835,43.17309178743957,59.7168550724637,41.43580676328498,33.373743961352616,22.631714975845387,22.631714975845387
1762.0,83.08710496838991,115.42689388559846,87.42933363855282,109.02102111890422,99.61462477287957,117.13011440866761,,76.80059170665156,0.00020247521741003876,64.16813314074179,0.0001,62.80849158709962,3.2920797098326874e-05,32.13635816760913,0.0,6.584159419665375e-05,92.91638647342984,74.14264734299509,64.73334299516901,43.15325603864729,59.749328502415395,41.455347826086914,33.39647826086953,22.64366183574877,22.64366183574877
1764.0,83.08096858662327,115.49584030915001,87.28850724379306,109.06824058685476,99.55711039053803,117.17103760026345,,76.76783582404084,0.0016659898041794287,63.96885921671772,0.0001,62.88487557291389,0.00029695411880742943,32.22015524988597,0.0,0.00013604078328228493,92.93828019323661,74.12622222222214,64.76052657004824,43.13745893719802,59.786033816425046,41.47218357487918,33.41651690821252,22.652111111111086,22.652111111111086
1766.0,83.07498081297462,115.55795912377583,87.15017023852698,109.1301849805906,99.5002094859567,117.19834580140787,,76.73548228038851,0.0025346532532890278,64.00190294551892,0.0002,62.77912574091042,1.8564360513672545e-05,32.1255502284355,0.0,0.00021138616308203527,92.96004830917865,74.07612077294678,64.78118357487917,43.123014492753576,59.824937198067566,41.48583091787435,33.43635265700479,22.655140096618332,22.655140096618332
1768.0,83.06896875208348,115.61874352598052,87.01334126050985,109.16600797713086,99.44464007069801,117.23940526328644,,76.70285290210066,0.0019380486050493207,64.13050341853764,0.0,62.85875174298591,0.00015,32.14723585643266,0.0,3.5121962184417466e-05,92.98545410628009,74.02003381642503,64.79553140096611,43.10906280193231,59.861574879226986,41.49763285024151,33.45608212560383,22.65550724637679,22.65550724637679
1770.0,83.06340008284798,115.68003703982606,86.87795844207736,109.21358934457338,99.38999153565561,117.27866271072305,,76.67085832293542,0.0020773876173225754,63.983420178196525,0.0,62.757987438508565,0.0,32.072929571592496,0.0,0.0003020101782479829,93.00978260869556,73.97444444444436,64.8061207729468,43.095314009661784,59.89744927536225,41.50836231884053,33.47340579710141,22.65647826086954,22.65647826086954
1772.0,83.05828691117715,115.76300418532986,86.74458200240954,109.27077441143345,99.33695951250142,117.32034141845794,,76.63901058351315,0.00195500032,63.796742950912,0.0005065000960000001,62.930221915648,0.0001,32.136580017920004,0.0,0.000257999872,93.03436714975837,73.93688405797093,64.81178743961345,43.083874396135215,59.936458937198005,41.517618357487876,33.490246376811555,22.657652173913018,22.657652173913018
1774.0,83.05307581981316,115.81633665902194,86.61345630962849,109.31864969958391,99.28391788073183,117.35058953965773,,76.60717253527453,0.0016668342031767186,64.10064731604966,3.316579682328136e-05,62.62761802318925,6.633159364656272e-05,32.207758064265064,0.0,6.683420317671864e-05,93.05995652173904,73.90079227053133,64.81304830917867,43.0714057971014,59.97532850241539,41.5268405797101,33.50792270531397,22.66346859903379,22.66346859903379
1776.0,83.04714412037781,115.87637325977092,86.48439410186313,109.3629597849632,99.23176255920671,117.3779488230181,,76.5753172915693,0.0015693877551020408,64.02913265306123,0.0002775510204081633,62.75012040816326,0.00013877551020408165,32.33869693877551,0.0,0.0004,93.08307729468589,73.87211111111102,64.81267149758447,43.05572946859899,60.00843478260863,41.53508695652169,33.52597584541059,22.674826086956497,22.674826086956497
1778.0,83.0409531653317,115.93552697043202,86.35683315036732,109.40810748087792,99.18056023872829,117.40656361763499,,76.54377615269095,0.002957213725679992,64.11409154282715,0.0001691542827157915,63.04344180710585,0.00016840799790105406,32.284987054292394,0.0,0.0001,93.10504830917864,73.84797584541055,64.81328019323665,43.04061835748787,60.03925120772941,41.54146376811589,33.54582125603861,22.689164251207703,22.689164251207703
1780.0,83.03490948023385,115.99198572149592,86.23186115745354,109.45759386070387,99.13050974661162,117.43978249129917,,76.51188881984815,0.0023666666666666667,64.30946666666667,0.00013333333333333334,62.988166666666665,0.0001,32.16515,0.0,0.00013333333333333334,93.12409178743951,73.83064251207722,64.81617874396129,43.02431884057967,60.0725700483091,41.54512560386468,33.56470048309175,22.700449275362296,22.700449275362296
1782.0,83.02879814817803,116.05097654352598,86.10882608278787,109.50363890751389,99.08167675860231,117.46826671384413,,76.48016293245641,0.0019719812415130464,63.880649877194244,3.381647650118601e-05,63.1514965577286,3.3091761749407e-05,32.057892267936694,0.0,0.0001,93.14381159420279,73.83198067632843,64.8244009661835,43.00925120772942,60.103106280193174,41.5452753623188,33.582903381642474,22.706333333333305,22.706333333333305
1784.0,83.02260773383543,116.110224944164,85.98725444737674,109.54415064029845,99.0323506449231,117.50196118920807,,76.44868518342196,0.002879187870030096,64.03931015214442,7.208121299699038e-05,62.81533350088106,1.8020303249247596e-05,32.20007283907622,0.0,0.0,93.16841545893709,73.83997101449269,64.84093236714968,43.000884057970964,60.12754589371974,41.54421256038643,33.600719806763244,22.71050241545891,22.71050241545891
1786.0,83.01682087221027,116.14721304284902,85.86719026372754,109.6003518827011,98.98440844285246,117.52025971756795,,76.4170326341823,0.0025695278611578675,64.06595046695293,0.00016952786115786745,63.11991445598337,4.570820826319883e-05,32.15091846013211,0.0,3.0472138842132557e-05,93.19672946859893,73.83562318840572,64.86815458937191,42.99511594202894,60.14749758454099,41.54071497584536,33.61843961352653,22.70994202898548,22.70994202898548
1788.0,83.01115985766671,116.21059259540802,85.74919064358592,109.64832329801109,98.93726612931786,117.54926533798384,,76.38576879702664,0.0022633725023255813,64.23095529421396,0.0,63.028816412576745,0.0001784884093023256,32.21357331259535,0.0,0.0001,93.22764251207718,73.81315942028978,64.9011932367149,42.98971980676324,60.16649275362312,41.53426086956517,33.63635265700479,22.70395169082123,22.70395169082123
1790.0,83.00532118969684,116.25970680308778,85.6337522164582,109.69346750018292,98.8901586760856,117.58377486967464,,76.35429072689817,0.002535148524262321,64.47502077058486,3.5148524262321255e-05,62.91009459244699,8.514852426232126e-05,32.19399232133556,0.0,0.0,93.25704347826077,73.7827971014492,64.93082125603857,42.981830917874355,60.183985507246305,41.52559903381638,33.654748792270496,22.695956521739106,22.695956521739106
1792.0,82.99957933416006,116.32637902553398,85.51972585974201,109.73881959995057,98.8444524960167,117.62139505073056,,76.32324709565242,0.0019832534302785623,64.1059359034598,6.555022868523749e-05,62.86121195018165,0.00018110045737047497,32.258050022047854,0.0,0.0001,93.28075845410618,73.76856038647335,64.9596666666666,42.97215458937193,60.1940821256038,41.515526570048266,33.673917874396096,22.689367149758425,22.689367149758425
1794.0,82.99376473132521,116.39567704018357,85.40541690150668,109.79441717141948,98.7999273540361,117.65218734140784,,76.29194823980346,0.0018188525312551147,64.26847468241279,5.4098312496590165e-05,62.97851554802943,0.0,32.22535333681662,0.0,0.00024344240623465571,93.3041690821255,73.77301932367142,64.98954589371974,42.958333333333286,60.19811111111105,41.50428502415455,33.69232367149755,22.682801932367123,22.682801932367123
1796.0,82.98850017212347,116.45053994303541,85.29177643564869,109.84577054982367,98.7554419491427,117.68068616841695,,76.26137111341833,0.0017418914594594596,64.27147161530812,1.4189145945945947e-05,62.788177119135135,0.0003003379891891892,32.13823519887567,0.0,0.0003574325621621622,93.33200483091777,73.79731400966176,65.02094202898543,42.93856521739126,60.19914492753617,41.490942028985465,33.71265217391301,22.67914975845408,22.67914975845408
1798.0,82.98371386016565,116.53101249838424,85.18028370331704,109.89537566967729,98.71244816943002,117.70702807375389,,76.23036911008903,0.0021792077175177616,64.11791291736263,0.0,62.987315831962505,3.217820652876453e-05,32.130637146510665,0.0,0.0,93.36239130434772,73.85369565217383,65.05849758454099,42.918874396135216,60.19538164251201,41.47699516908208,33.73336714975841,22.682584541062774,22.682584541062774
1800.0,82.9788080305403,116.59054534981063,85.06951910577638,109.93694038663642,98.66975288842771,117.72723140771134,,76.19945333021161,0.0029546796911354666,64.16168919125464,7.093593822709337e-05,63.06173305085066,0.00014679804632968,32.36631824964154,0.0,6.453203088645332e-05,93.39351690821246,73.92483091787432,65.10198067632844,42.89866666666662,60.188019323671426,41.463338164251155,33.752932367149725,22.687724637681132,22.687724637681132
1802.0,82.97349710138782,116.66336173246091,84.96025565831101,109.97584173420364,98.62823881924973,117.76172859483302,,76.16880000316459,0.0021940890501394128,64.37712187071625,0.0001,62.77656251253202,5e-05,32.196252613784395,0.0,3.399010554006525e-05,93.41996618357477,73.99061835748783,65.15415942028979,42.8804444444444,60.179478260869494,41.45208695652169,33.77403381642508,22.68984057971012,22.68984057971012
1804.0,82.9688235926112,116.74016475449015,84.85239853504403,110.022931450461,98.58716309624062,117.80417681069747,,76.13868921658498,0.002060317277567755,64.3880952300005,0.0004682539575039856,63.08843965901872,5e-05,32.2144793576565,0.0,0.0001,93.4429613526569,74.05566183574871,65.21657971014486,42.86498067632845,60.17105314009656,41.44235748792266,33.79696135265696,22.690806763284996,22.690806763284996
1806.0,82.96398566977918,116.81363446730556,84.74557063383344,110.06250708914143,98.54634392140434,117.83090689985029,,76.10860831187297,0.00201456291133955,64.0449116333287,0.00016504856540671664,63.01373396670511,0.00029271854433022485,32.194130082591016,0.0,6.504856540671665e-05,93.4685845410627,74.11972463768107,65.28591304347819,42.85009661835744,60.164787439613455,41.43143961352653,33.817782608695616,22.68940096618355,22.68940096618355
1808.0,82.95944032254639,116.87908115777448,84.63951000878075,110.0968725733283,98.50715577355479,117.86713145743516,,76.07881995470053,0.0023599999999999997,64.30697333333333,0.0005133333333333333,62.858,0.0,32.074936666666666,0.0,0.0,93.49331400966173,74.1718695652173,65.35930434782601,42.83483574879222,60.1592512077294,41.419574879227014,33.83430917874392,22.682478260869537,22.682478260869537
1810.0,82.9546841322309,116.94334729735938,84.53482381370088,110.14065751919793,98.4684326908509,117.90649584886827,,76.04935121945564,0.002887629649570078,64.33668545813474,0.00029793827492834634,62.884461986878016,0.00014896913746417317,32.28160978369305,0.0,6.597942497611546e-05,93.51546859903371,74.20917874396127,65.43367149758447,42.820637681159376,60.153111111111045,41.408130434782564,33.85152657004827,22.67462318840577,22.67462318840577
1812.0,82.95004922951627,117.01689768249935,84.4312043566609,110.18463033035411,98.42986621424399,117.94730719025843,,76.0200057563188,0.002231067731925581,64.53097674052147,0.0002737864536148838,63.162526227713386,0.00014199023968325573,32.20718859183757,0.0,0.0001,93.53819323671487,74.2294347826086,65.50443478260863,42.8040676328502,60.14809661835742,41.399647342995124,33.872628019323635,22.6703719806763,22.6703719806763
1814.0,82.94578069550838,117.07873074217986,84.328745083677,110.2289237504604,98.39172979384051,117.98422649172666,,75.9909857647199,0.0017,64.35935738608009,7.004219135822472e-05,63.190427006357865,5e-05,32.285993247114334,0.0,0.0001,93.56223671497574,74.24885990338156,65.57277294685983,42.78342028985503,60.145381642512014,41.39366666666662,33.89485507246373,22.67192753623186,22.67192753623186
1816.0,82.94125038172889,117.14559387187748,84.22715434303271,110.26544808507168,98.35453558356988,118.04345898010438,,75.96210170968915,0.001130120582261654,64.4876023741705,7.831323628972438e-05,63.09807586272837,4.337352742055126e-05,32.21317890365602,0.0,7.831323628972438e-05,93.58534782608686,74.2967198067632,65.64332367149751,42.76354589371976,60.14561835748786,41.38855555555551,33.916115942028945,22.678637681159394,22.678637681159394
1818.0,82.93707352525759,117.21316365137649,84.126942499267,110.31690792218002,98.31773206211884,118.10393052387923,,75.93342120271467,0.004019797772929226,64.10775787330205,6.548222228864075e-05,63.362534482431506,0.0,32.25342539104987,0.0,6.548222228864075e-05,93.60644927536221,74.36336714975837,65.71528019323664,42.7438019323671,60.14649275362313,41.38572946859899,33.934922705313966,22.686376811594176,22.686376811594176
1820.0,82.93282781638543,117.28094284774959,84.02803571745243,110.35976751868638,98.28181954915155,118.14025064338834,,75.9046421825603,0.0015250000372093024,64.4734000244093,2.5000037209302325e-05,63.047324972353486,0.00020000022325581394,32.15032509149768,0.0,0.0002999998511627907,93.62376328502405,74.41527536231877,65.78671014492747,42.7222753623188,60.146246376811526,41.386652173913,33.95399516908209,22.697164251207706,22.697164251207706
1822.0,82.92805682706516,117.34192126292368,83.93091596388287,110.38487219173956,98.24544934909379,118.16995820318945,,75.87539092444287,0.0017,64.07356016978252,5.5421649586287446e-05,63.400841016865165,0.00019457835041371255,32.25888311705269,0.0,0.00018313247437943118,93.63963768115931,74.45010628019315,65.85942995169074,42.69935265700478,60.14721256038641,41.39166183574875,33.97544927536228,22.715560386473403,22.715560386473403
1824.0,82.92342637103908,117.41019665215356,83.83448201514356,110.41312773011745,98.2102106956304,118.2053393036761,,75.84651346141851,0.0015164556285210155,64.23925060638024,0.0009189880862688295,62.98683167710921,4.177218573949225e-05,32.14723355239174,0.0,0.0003506331144369535,93.65697584541053,74.48557971014483,65.93178260869558,42.68076811594198,60.15403864734293,41.397541062801885,33.99597101449272,22.731743961352635,22.731743961352635
1826.0,82.91897549268721,117.47243709939156,83.73937236531296,110.45600345247317,98.17580710452357,118.24525602178586,,75.81744277337313,0.0016658536280785533,64.38365853378322,0.0001,63.15497559385701,0.00010121955788217018,32.20384627638983,0.0,3.414637192144679e-05,93.67384057971005,74.52447826086949,66.00470048309171,42.67108212560381,60.16837198067626,41.40107246376807,34.015246376811554,22.738289855072438,22.738289855072438
1828.0,82.91522127862449,117.5295864586964,83.64591089604251,110.48864964006903,98.14119697731167,118.27297686178797,,75.78867925157707,0.0015416661333333332,64.35899317413333,6.770826666666666e-05,62.80733852853333,0.000546094,32.152292629866665,0.0,0.0004,93.69251690821247,74.56245410628011,66.0793236714975,42.66590338164246,60.18590821256032,41.4025942028985,34.032913043478224,22.733628019323646,22.733628019323646
1830.0,82.91130321310587,117.58560551197165,83.55307083607677,110.51752783462008,98.10699582006028,118.30054305947027,,75.75982646312382,0.0028578948464366995,64.15160287785734,9.760768539182709e-05,63.07940813137091,3.373205243469548e-05,32.278715780322536,0.0,0.00026985641947756386,93.71468599033805,74.5901739130434,66.15220772946853,42.663937198067586,60.20118357487916,41.403570048309135,34.04916425120769,22.720202898550696,22.720202898550696
1832.0,82.90741671884422,117.62937454371941,83.46169358961953,110.55363985857359,98.07255264651742,118.33037374041845,,75.73144579114796,0.0019089550356871756,64.46022683288416,0.00013134332540284987,62.86995819302152,6.865667459715013e-05,32.19012161296609,0.0,3.4328337298575064e-05,93.74085507246366,74.59356038647334,66.22075362318833,42.6614444444444,60.21111594202892,41.40358937198063,34.06597101449271,22.70395169082123,22.70395169082123
1834.0,82.90343875702581,117.68603440937991,83.37259381111474,110.58864394573618,98.03883906636871,118.34981647152954,,75.70298883317845,0.0009659898041794288,64.40328976987283,0.00037208156656456985,63.11163914241271,6.802039164114247e-05,32.3648443218012,0.0,3.401019582057123e-05,93.76975362318831,74.58023671497575,66.28011111111104,42.65576328502411,60.21494202898544,41.40036714975841,34.08470048309175,22.688367149758427,22.688367149758427
1836.0,82.89978671722656,117.74519744889606,83.28501704686686,110.62046180402577,98.0058270254947,118.39056132869719,,75.6749620118896,0.0015339901055400652,64.59683300065954,0.00010197031662019575,62.89221703231778,0.000314039577839739,32.25771327605493,0.0,0.0001,93.7995072463767,74.57263768115934,66.32730434782601,42.65557971014488,60.21296135265694,41.396396135265654,34.103719806763245,22.67638647342993,22.67638647342993
1838.0,82.89623146455848,117.78299870409168,83.19775137890706,110.64925630825368,97.97319110363541,118.43118068693825,,75.64663011411258,0.0011647617004261791,64.17735091867485,0.00016523810452608276,63.05770996742703,0.0,32.28314952262066,0.0,0.00026095241810433106,93.82758937198057,74.57472946859896,66.36235748792264,42.66048309178739,60.20650241545887,41.39294685990334,34.12322222222218,22.66556521739128,22.66556521739128
1840.0,82.8923376134408,117.84678051205344,83.11107306390748,110.67945291791925,97.94153245757484,118.4576807054202,,75.61875527750412,0.0022999997526570812,64.57558699718275,0.0001956522061751633,63.0064434794223,6.956519588322447e-05,32.35813264543145,0.0,0.0,93.85747342995158,74.58375362318833,66.38889855072456,42.6652367149758,60.19914492753617,41.38951207729463,34.143400966183535,22.65590338164249,22.65590338164249
1842.0,82.88875358427077,117.89309216085279,83.02520519366902,110.71366712045595,97.91058757560737,118.47354664380846,,75.59090721180765,0.0023985506941679013,64.3530521834196,0.00020144930583209866,63.22398212662968,1.642511569465022e-05,32.28812149243007,0.0,0.0,93.89266666666656,74.58102898550716,66.40633333333327,42.67122222222218,60.19924637681153,41.38441062801928,34.16444927536229,22.646178743961325,22.646178743961325
1844.0,82.88602245256006,117.94757026464073,82.9402987305652,110.74298881942585,97.87994511350857,118.50637328992745,,75.56316415924266,0.0013549995520000001,64.605770075648,0.000164999936,63.251590297856,0.0,32.38722492416,0.0,0.0001,93.93132850241535,74.56497584541054,66.41651207729461,42.6798212560386,60.20738647342988,41.37718357487918,34.18778260869561,22.64182125603862,22.64182125603862
1846.0,82.88314438564913,117.99863899354771,82.8563916554274,110.7754436358644,97.84989507064469,118.54284744184378,,75.53507263900492,0.0022515152494644035,64.54604546071626,0.00013030304989288075,62.88742272001469,0.0001628788123661009,32.34860983021242,0.0,3.484847505355963e-05,93.97168115942019,74.55109178743953,66.42315942028978,42.68762318840575,60.218811594202826,41.370420289855026,34.20999033816421,22.640434782608672,22.640434782608672
1848.0,82.87998906805566,118.04618659995053,82.77268715842656,110.80219707060672,97.82003412268716,118.5630054491931,,75.50735910918768,0.0026,64.40693003392,0.0,63.137258012672,5e-05,32.23874878592,0.0,3.5500031999999996e-05,94.01012077294675,74.52844444444436,66.42465217391297,42.6918212560386,60.232420289855,41.36314009661832,34.23126570048306,22.63414492753621,22.63414492753621
1850.0,82.87713810956625,118.09652796702312,82.69023297133002,110.83410240838607,97.79153936234579,118.58637097762676,,75.47965481426623,0.001976020767346939,64.33381989616326,3.418370612244898e-05,63.23887248248163,0.00026326517551020413,32.35137906546939,0.0,6.581629387755103e-05,94.0441690821255,74.50735265700474,66.42246376811586,42.69438647342991,60.245222222222154,41.35441062801928,34.25357971014489,22.62702898550722,22.62702898550722
1852.0,82.87433091002406,118.16044602214185,82.60867101982628,110.86512684155498,97.76363451762367,118.61455880661167,,75.45231065212965,0.0012782607835328979,64.42731739439076,0.0001,62.85773043678286,3.478259794161223e-05,32.3397369437567,0.0,0.00029565220617516335,94.0766956521738,74.50380676328494,66.41933816425113,42.69419323671493,60.25830434782602,41.34452173913039,34.27525120772943,22.62489371980674,22.62489371980674
1854.0,82.87127505107014,118.21847985062774,82.52776532168483,110.8945518681619,97.73627906705966,118.639401861339,,75.42457956397175,0.0017,64.54434521037857,0.00030149256962947493,62.962028367483654,5e-05,32.29033211298137,0.0,0.0002646765738273668,94.11117391304337,74.50399033816417,66.41506763285018,42.69124154589367,60.27317874396129,41.33498550724633,34.29759903381639,22.627545893719784,22.627545893719784
1856.0,82.86820293781685,118.26379067764898,82.44825114655761,110.92054497676284,97.70967778246421,118.6739294604259,,75.39695270361848,0.001840298233726801,64.43640450942233,0.0001925372792158501,63.32148062244955,3.2089546535975016e-05,32.365743281717265,0.0,0.0,94.14512560386463,74.48943478260861,66.41070048309172,42.68726086956517,60.28938647342988,41.327362318840535,34.32376811594199,22.63244444444442,22.63244444444442
1858.0,82.86459679815042,118.3207795289068,82.36915393451724,110.9585047817675,97.68364270480453,118.70732862297281,,75.36993062325647,0.0011222219780020867,64.47599794824917,0.0001,63.30159343786242,3.358586413631621e-05,32.33933284695457,0.0,0.00029545444554630824,94.17372463768105,74.48459903381635,66.41093719806756,42.681487922705266,60.30875362318834,41.32086473429947,34.35212560386469,22.642526570048283,22.642526570048283
1860.0,82.86149846902674,118.37598036247125,82.29174859916525,110.99031867427699,97.65743219496294,118.72828892683312,,75.3427522870078,0.0017581818181818182,64.58274181818182,0.00015454545454545454,63.08200545454545,3.454545454545455e-05,32.21260909090909,0.0,0.00030727272727272727,94.19757487922695,74.50642512077286,66.41809661835742,42.67550724637677,60.33239130434776,41.31475362318836,34.3804830917874,22.65895169082123,22.65895169082123
1862.0,82.858501627278,118.43367868650444,82.21567287106896,111.02906823749937,97.6311530771338,118.75780592286851,,75.31581687857194,0.0017,64.63689552169797,3.520404897959184e-05,63.31878911542857,0.00012959190204081634,32.2921865237551,0.0,6.479595102040817e-05,94.21845410628009,74.53069565217383,66.43516425120765,42.67269565217387,60.36132850241539,41.30890821256034,34.406652173913,22.67989371980674,22.67989371980674
1864.0,82.8552821468025,118.48901366674717,82.14064624215753,111.07053904373518,97.60617262988065,118.79514542514794,,75.28879411275672,0.0012428571428571428,64.49665714285715,0.00014285714285714287,63.215857142857146,0.00014285714285714287,32.19632142857143,0.0,7.142857142857143e-05,94.23631400966174,74.5473236714975,66.46279227053132,42.67225603864729,60.39351207729462,41.302603864734245,34.42899999999996,22.700492753623163,22.700492753623163
1866.0,82.85237639145643,118.5530977140305,82.06680678710329,111.09872379083608,97.58127963231254,118.81560991212068,,75.26181370953864,0.0026417582711266963,64.69351263740668,0.00014175827112669617,63.18000265325901,0.00010631870334502212,32.25930715316547,0.0,0.00018736259330995574,94.25415458937186,74.53261352656996,66.49747342995161,42.67104347826082,60.42622222222215,41.29571980676323,34.44884541062798,22.71639613526568,22.71639613526568
1868.0,82.84932274657172,118.60167083359299,81.99387125191578,111.12743769111404,97.55710157939046,118.83172945660384,,75.23467269659398,0.0014733010806672897,64.45019567546676,3.640777543594536e-05,63.15879562849204,5e-05,32.311533982736165,0.0,0.00039126220348756287,94.27324637681149,74.47720772946853,66.53814492753615,42.67078743961348,60.46699516908206,41.28813526570044,34.47050724637677,22.732188405797075,22.732188405797075
1870.0,82.84648429335927,118.67800136319605,81.92179936218805,111.15006236776358,97.53341845268191,118.85600723814986,,75.20760438428657,0.001851775691947433,64.73291816379069,0.0,63.21562693315799,0.0,32.2877129139047,0.0,0.0002020305874617137,94.29440096618347,74.39925120772938,66.58252173913036,42.67264734299513,60.51801932367143,41.27912560386469,34.492908212560344,22.74753140096616,22.74753140096616
1872.0,82.84386683981893,118.73345839664222,81.85021850529436,111.18415582464152,97.51040082907834,118.89629427799099,,75.18085906639362,0.0002120688551724138,64.25337458405517,0.0001,63.13846643310345,7.801721379310346e-05,32.39168854146207,0.0,0.00032413771034482756,94.3125265700482,74.32241062801924,66.62887439613519,42.67538647342991,60.57253140096612,41.26674396135261,34.51319323671493,22.757782608695628,22.757782608695628
1874.0,82.84179030044895,118.80159975505039,81.7793393305925,111.22903410741927,97.48713913669098,118.91576145327879,,75.1543153251576,0.0014607333660369873,64.64438471184596,0.00020157084764118197,63.33230260288918,0.000150785423820591,32.43185918074666,0.0,0.00011518334150924682,94.32378743961341,74.26192270531394,66.67902898550717,42.67833816425116,60.62433816425114,41.25204347826082,34.53395169082122,22.76791787439611,22.76791787439611
1876.0,82.83968028080339,118.87172104154939,81.7096856527159,111.26909453633247,97.46369351642993,118.94539125937659,,75.12808516905962,0.001253266250205829,64.4482718922382,7.236178577309403e-05,63.34958343513297,3.1909553556726494e-05,32.3200507633686,0.0,0.0,94.33460386473419,74.21526086956513,66.73111111111103,42.68197584541058,60.67494202898544,41.23668115942024,34.55477294685986,22.778739130434758,22.778739130434758
1878.0,82.83738861916126,118.93967272051418,81.64054062188782,111.3044085633612,97.44100395159553,118.96934750873785,,75.1018288329527,0.0020169148551370682,64.69732702443847,0.00022736322463306653,63.33787363632195,8.631838768346672e-05,32.286684327445755,0.0,3.631838768346673e-05,94.34229951690811,74.17790338164242,66.78256038647336,42.68734299516904,60.72693719806757,41.22052173913039,34.57285024154585,22.786352657004805,22.786352657004805
1880.0,82.83504017433543,118.99793360634833,81.57269197920282,111.34525193648354,97.41860627164247,119.00136395761409,,75.07570138194603,0.0026326180347105333,64.47776397441757,0.0,63.19977038287942,0.0003751073991711311,32.254425759100634,0.0,6.738196528946686e-05,94.347149758454,74.1486425120772,66.83256038647336,42.69308695652169,60.779328502415396,41.204652173913,34.59080676328499,22.7899951690821,22.7899951690821
1882.0,82.83290119646956,119.07256369669234,81.50545610130632,111.38644763680426,97.39687566502886,119.02526262586184,,75.04965834913888,0.002194,64.639262,0.0001,63.396266000000004,3.3e-05,32.251689999999996,0.0,0.000202,94.35355555555546,74.12144927536224,66.88029468599026,42.70215942028981,60.83131400966177,41.18955555555551,34.61066183574876,22.79138164251205,22.79138164251205
1884.0,82.83117828365914,119.14045898886181,81.43831953760336,111.42532307478803,97.3761744673438,119.0582213613604,,75.02397850216913,0.0016,64.60900157383854,6.390249019394816e-05,63.22262922147254,0.00010829252941815551,32.402119752029584,0.0,6.390249019394816e-05,94.36343961352647,74.08558937198059,66.92564734299509,42.7139903381642,60.877526570048246,41.17571497584536,34.629004830917836,22.79044927536229,22.79044927536229
1886.0,82.82912073358332,119.19650375951983,81.37152386259531,111.46800481697818,97.35512138645753,119.094759239816,,74.99807781318147,0.0010368158684388835,64.68766127368319,0.0,63.19049256428022,1.8407934219441744e-05,32.28278460395131,0.0,0.00025273652624446607,94.37812077294674,74.06277777777768,66.96563285024148,42.723231884057924,60.9170821256038,41.16361352657,34.64725120772943,22.785309178743937,22.785309178743937
1888.0,82.82688946862082,119.28991148290194,81.30548934022549,111.51465282243544,97.33448275985167,119.12673474366416,,74.9730009323478,0.0018887924965517242,64.72984215702068,0.0001646552275862069,63.40685602471724,0.0007323276137931034,32.431006876248276,0.0,6.767238620689655e-05,94.39714009661824,74.06990338164242,66.99984057971008,42.73237681159416,60.9498937198067,41.15190821256034,34.666816425120736,22.77946859903379,22.77946859903379
1890.0,82.82516881917908,119.39820660542605,81.2398197703946,111.5527732406331,97.31473920206967,119.15473542656302,,74.94769376300091,0.0025723164103290974,64.6846355475654,0.0001,63.21337462937839,7.768358967090247e-05,32.472474583095895,0.0,0.0001,94.41703864734289,74.09213043478253,67.0280048309178,42.74209178743957,60.97541545893713,41.14042995169078,34.68733816425117,22.774004830917846,22.774004830917846
1892.0,82.82385751735369,119.51607026181817,81.1743000318725,111.5912934883836,97.29496289904594,119.19484443812749,,74.92238742446564,0.001536999936,64.780009098752,3.6999935999999996e-05,63.342594444032,1.8499967999999998e-05,32.376920407424,0.0,0.0001,94.43918357487912,74.123381642512,67.0500048309178,42.746995169082076,60.990768115941954,41.1320096618357,34.70728019323668,22.768821256038624,22.768821256038624
1894.0,82.82218193619552,119.61073889448512,81.10855171958572,111.62994269238831,97.27501245647231,119.21618888929682,,74.89716565570673,0.0029243654584864567,64.62643806313449,3.604060649849519e-05,63.30307563298212,0.00014593909025225723,32.33533426524173,0.0,0.0001,94.46616425120762,74.1705314009661,67.06403864734293,42.74710144927531,60.994913043478185,41.12465217391299,34.725106280193195,22.76264734299514,22.76264734299514
1896.0,82.82044731396775,119.69443608873229,81.04304396554664,111.65972050003792,97.25570884791253,119.24347186037647,,74.8720327720349,0.0022420087694586246,64.72368814463177,0.0001689497807635344,63.21471918292772,5e-05,32.264683089919096,0.0,6.89497807635344e-05,94.495188405797,74.24393236714967,67.0684009661835,42.744202898550675,60.98681159420283,41.11636231884054,34.7435024154589,22.75543478260867,22.75543478260867
1898.0,82.81872597943989,119.74214647126531,80.97835136401402,111.69758085446608,97.23692169950552,119.28245933438998,,74.8468171732317,0.0008494788,64.8557618916,3.1770800000000004e-05,63.0563186288,0.0,32.3894205666,0.0,0.0002729168,94.52594202898541,74.34006280193229,67.06386473429944,42.73707729468594,60.968458937198,41.10874879227048,34.76275845410625,22.750787439613504,22.750787439613504
1900.0,82.8170203181999,119.76314279173491,80.91453619501107,111.72601486595389,97.21883298458415,119.31391865416404,,74.82205846264735,0.0016,64.65068694746684,3.478259794161223e-05,63.38473481104238,0.0,32.25115650165596,0.0,0.0,94.55754106280183,74.452381642512,67.0518550724637,42.72693236714971,60.94737681159414,41.10097584541058,34.78199033816421,22.749357487922676,22.749357487922676
1902.0,82.81534758464461,119.72284949498948,80.85148725858521,111.7599064560741,97.20098320720987,119.34163322452935,,74.79684112546592,0.0015608247681156168,64.7858824341889,0.00016958761594219155,63.245602550761205,0.00012603096014452114,32.48055668086982,0.0,0.0,94.58971980676318,74.5742318840579,67.0307971014492,42.7161980676328,60.92340579710138,41.09398550724633,34.80153623188402,22.747637681159397,22.747637681159397
1904.0,82.81357282469772,119.63996010587431,80.78880216079473,111.78589829413525,97.1836342589651,119.35950779716437,,74.77195164944423,0.0016708520550021008,64.92459099706805,0.0,63.44490393642936,1.4573972498949597e-05,32.369431565479736,0.0,2.9147944997899195e-05,94.61978260869556,74.70181159420282,67.00516425120766,42.70674879227048,60.89597584541056,41.089289855072415,34.82173429951687,22.74334299516906,22.74334299516906
1906.0,82.81193488360957,119.51152835904837,80.72650944951175,111.81840403215702,97.16701616917399,119.38217058643117,,74.74748675257133,0.0031941533214864763,64.99425618883511,0.000491813093122585,63.250951018684994,0.00013654952550193198,32.344260764197145,0.0,0.0007269009489961361,94.64376328502405,74.84336714975836,66.98374879227046,42.69872946859899,60.86588405797095,41.085971014492706,34.84231884057967,22.74206280193234,22.74206280193234
1908.0,82.8107509192052,119.32640810880179,80.66519018255359,111.85130296224955,97.15040364388753,119.41233587830455,,74.72255055699215,0.0011323385416401328,64.64130200520661,0.0,63.204235316803285,0.00013631838768346673,32.428011184783664,0.0,0.00019552241847479993,94.66790338164242,74.99527053140089,66.96588405797094,42.692985507246334,60.83467632850235,41.08249275362314,34.86242028985503,22.74465700483089,22.74465700483089
1910.0,82.80941143009647,119.10324298428331,80.60473801981234,111.88696280639995,97.13395183937904,119.44599567111109,,74.69809166526338,0.00225816293877551,64.92584631771429,0.0,63.5802499072,0.0,32.367290731493874,0.0,0.0,94.69544444444435,75.13913043478253,66.95054106280186,42.68863285024149,60.8046473429951,41.07970048309174,34.87994685990334,22.74608212560384,22.74608212560384
1912.0,82.80836303860985,118.83445383825422,80.54469797255496,111.90878661559337,97.11816563931617,119.47527478959395,,74.6736855802455,0.0029092309631241968,6.871799180537706e-05,0.0001,63.116594878688865,0.0003125640163892459,32.41899745404802,0.0,0.0,94.7218502415458,75.25373429951682,66.93383574879219,42.6818019323671,60.77153623188399,41.07778743961348,34.89641062801929,22.74316908212558,22.74316908212558
1914.0,82.80725315449324,118.51663812409377,80.48513443999695,111.93565734885094,97.10299776526892,119.50238357280384,,74.6493396674017,0.0021940890501394128,0.00046206926121954324,0.00043793073878045674,63.48968468073783,0.000135960422160261,32.318721468998156,0.0,0.0001,94.74745893719795,75.32987922705306,66.91498067632843,42.671623188405746,60.735304347826016,41.07629468599029,34.91514975845406,22.73697101449273,22.73697101449273
1916.0,82.80627178620688,118.15506974832464,80.42623272361303,111.9684914738834,97.08832654553079,119.52758848196419,,74.62517966761646,0.0024015151828588716,0.0009924240857056416,0.00010151518285887167,63.13900963477357,5e-05,32.3820967081395,0.0,0.0,94.77078260869554,75.39579710144919,66.89685507246368,42.659608695652125,60.70129468599027,41.07654106280189,34.9335024154589,22.73097101449273,22.73097101449273
1918.0,82.80581755393041,117.75649256380407,80.36776346420613,111.9877813716424,97.0745762526224,119.57176564219463,,74.60135312370095,0.003498507430370525,0.0004323382869136834,0.00010149256962947489,63.393570163763634,0.00019850743037052508,32.26428907000647,0.0,3.3830856543158307e-05,94.78845893719796,75.45527536231876,66.87878260869557,42.646048309178695,60.66875362318834,41.07679710144923,34.948806763284985,22.721415458937173,22.721415458937173
1920.0,82.80520181247302,117.31289473938146,80.30954267688449,112.03176900702678,97.06047836787783,119.61004398844555,,74.57737186751602,0.002224390438834088,0.0002497561755336353,0.0002312195219417044,63.27890829003186,0.00013756095611659118,32.49368022424358,0.0,0.00012487808776681764,94.80064734299506,75.4968888888888,66.86200966183567,42.63305797101445,60.63927536231878,41.076507246376764,34.96440096618353,22.710550724637656,22.710550724637656
1922.0,82.80450321403659,116.84886781032773,80.2521780899995,112.07548125022046,97.04652847707963,119.61505475338548,,74.55322176476747,0.0013931031351793071,6.55171891965512e-05,0.00023793124321379525,63.3456344782709,0.00011551718919655118,32.476751703786654,0.0,6.55171891965512e-05,94.80863285024144,75.51609178743952,66.84730917874388,42.62218357487918,60.61923188405791,41.07689371980672,34.98179710144923,22.699922705313984,22.699922705313984
1924.0,82.80357916122045,116.34926696030477,80.19571044471509,112.10798242400725,97.03329241758357,119.65754061783252,,74.52900132594942,0.0022632126551586007,0.0012642488586110205,0.0008409321586510786,63.66749473833608,0.0001494818982737901,32.30408164452863,0.0,0.00010103620345241979,94.81551207729458,75.50272946859894,66.8337584541062,42.61501932367145,60.61382125603858,41.07613043478256,34.99768115942025,22.684280193236688,22.684280193236688
1926.0,82.80310728872091,115.83441494047746,80.13971392327767,112.14323104202253,97.02030777478792,119.70171631837128,,74.50505741554772,0.0019564586737481106,3.397133289074309e-05,3.397133289074309e-05,63.04243494976764,3.397133289074309e-05,32.2714106513181,0.0,0.0001,94.82570048309168,75.447304347826,66.82230917874388,42.61139613526565,60.62046376811587,41.07539130434778,35.01173913043474,22.666019323671474,22.666019323671474
1928.0,82.80241906138737,115.3146088880439,80.08444472522525,112.18280982953443,97.00735445743865,119.76638546488499,,74.4809822730812,0.0024173265218702714,0.00036584159419665374,0.00016584159419665375,63.372903983463914,0.0,32.417979958038785,0.0,3.4158405803346256e-05,94.83959903381631,75.36807246376803,66.81026086956514,42.606937198067584,60.632323671497524,41.076454106280146,35.0284830917874,22.64856521739128,22.64856521739128
1930.0,82.80195276540321,114.80885423835839,80.02972177085616,112.21395545436746,96.99484565816147,119.82076906710192,,74.45754002134561,0.001955171972413793,0.0010887913931034484,0.0002362070068965517,63.65580507277241,3.405175172413793e-05,32.37682938251035,0.0,6.810350344827586e-05,94.85605797101438,75.29092270531392,66.79476811594195,42.600869565217344,60.64478260869559,41.07931884057967,35.04825120772943,22.63467632850239,22.63467632850239
1932.0,82.8012700156403,114.31322132497526,79.97481761529818,112.25158242526093,96.98201887229908,119.8761374730809,,74.43430874418821,0.0032683167250270257,0.00013366334500540517,0.0002,63.408920799353155,8.292081874324357e-05,32.41296880527918,0.0,0.0003004950175081077,94.8741690821255,75.2185120772946,66.7769661835748,42.59175362318836,60.653502415458874,41.08220772946856,35.06782608695648,22.624714975845382,22.624714975845382
1934.0,82.80048131683955,113.83463200488629,79.92030656047216,112.28138179172953,96.96954283680418,119.92357933575897,,74.41121597471812,0.002321392791505393,3.4825901061825854e-05,6.517409893817415e-05,63.40775571777365,6.965180212365171e-05,32.50777057416542,0.0,3.4825901061825854e-05,94.89200966183564,75.17048309178736,66.75709661835741,42.58170531400961,60.66288888888883,41.083946859903335,35.08581642512073,22.619091787439586,22.619091787439586
1936.0,82.79944842173353,113.40510282498852,79.8661347933016,112.31767298447475,96.95768672829492,119.93642958752316,,74.38823184322528,0.0017,0.00013333349587291683,0.0004333332520635416,63.709833295705415,0.0002666665041270832,32.46138327754162,0.0,3.333337396822921e-05,94.90719806763275,75.13691304347817,66.73754106280185,42.573396135265654,60.677140096618295,41.086362318840536,35.10321256038643,22.618869565217366,22.618869565217366
1938.0,82.79874980709756,112.99484031962305,79.81212262243668,112.34550833543739,96.94642359684744,119.91287201673295,,74.36472485911179,0.0022521188881355933,0.0006754234576271187,0.0001,63.38598695441356,0.00015148290169491525,32.339825413857625,0.0,2.7542345762711863e-05,94.92111594202888,75.10824154589363,66.72348792270525,42.56584541062797,60.69613526570041,41.089454106280144,35.12157487922702,22.622111111111085,22.622111111111085
1940.0,82.7980162168547,112.58521611539399,79.75839135980955,112.38803073504484,96.93517048349469,119.86073051762094,,74.34145347677999,0.002197660370466294,0.00010058490738342648,0.0,63.14113401565043,1.257311342292831e-05,32.321222559654714,0.0,2.514622684585662e-05,94.93351207729458,75.08885990338156,66.71821739130426,42.55864251207725,60.72092753623182,41.093222222222174,35.13881159420286,22.62744927536229,22.62744927536229
1942.0,82.79730156048234,112.18736469576278,79.70519946745188,112.41758068486885,96.92351293186468,119.76214385328213,,74.31815799508732,0.0015316831883933075,0.000136633623213385,6.83168116066925e-05,63.332148484656464,7.920797098326875e-05,32.318371763055374,0.0,3.16831883933075e-05,94.94193236714965,75.07403381642504,66.71835748792263,42.55193236714971,60.74952173913036,41.0958405797101,35.15521256038643,22.63524637681157,22.63524637681157
1944.0,82.79655637897777,111.7991640528143,79.65229321766581,112.44626777929284,96.91173465074306,119.62841728168272,,74.29497422750289,0.0012115939519709521,0.00019420302401452395,0.0001,63.36113245806919,3.236717066908733e-05,32.466644699812264,0.0,0.0,94.9447342995168,75.07284057971006,66.72114009661827,42.545811594202846,60.78109661835742,41.096657004830874,35.17284541062798,22.646371980676303,22.646371980676303
1946.0,82.79581941592339,111.42166988266892,79.60010657637696,112.47324544899453,96.90061098753216,119.43770324534692,,74.27153826535212,0.0023303327149701717,6.682459394893833e-05,3.317540605106167e-05,63.49394155400446,0.0,32.325023005111504,0.0,3.317540605106167e-05,94.93926086956512,75.09127536231875,66.7274009661835,42.539724637681104,60.816004830917805,41.096797101449226,35.19134782608692,22.662821256038622,22.662821256038622
1948.0,82.79518371958176,111.05417439516826,79.54846321168151,112.49520027805356,96.88971211546215,119.1935802255961,,74.24832489264287,0.0016639593935015048,0.0,0.0,63.561835534844555,1.8020303249247596e-05,0.001447208173279344,0.0,0.0001,94.92670048309168,75.13663285024147,66.73857971014485,42.53671980676323,60.85398067632843,41.094942028985464,35.21157971014489,22.68715942028983,22.68715942028983
1950.0,82.7945436449627,110.69744551807122,79.49699098660093,112.52159800024441,96.8786039420068,118.90472814174775,,74.22484203210351,0.0015209763967926311,0.00026926812699102503,3.2682968252243746e-05,63.36348049753928,8.365851587387812e-05,0.00010097554762163437,0.0,0.00013073187300897499,94.90730917874386,75.20738164251199,66.75371980676321,42.536227053140045,60.891710144927465,41.093376811594155,35.23200483091784,22.71652173913041,22.71652173913041
1952.0,82.79414037680245,110.35531654103607,79.44622602065539,112.54861148610078,96.86799538091769,118.57621208852366,,74.20175393480639,0.002988889075645463,0.0,6.313132162024833e-05,63.04308333361347,6.313132162024833e-05,0.00023686867837975167,0.0,0.0,94.87802898550714,75.29991304347817,66.77429468599026,42.53767632850237,60.9270048309178,41.09560869565213,35.25291304347822,22.746821256038626,22.746821256038626
1954.0,82.79369987025062,110.03500713669555,79.3960766376912,112.56339319611519,96.85778905599162,118.20628568560016,,74.17907776034559,0.001394117381315022,0.0,0.0,63.373000147146136,0.0002264704933267935,0.00012058819733071739,0.0,2.94118026692826e-05,94.83486956521729,75.4165120772946,66.80055555555548,42.539845410627976,60.95935748792264,41.09793719806759,35.27459420289851,22.779352657004807,22.779352657004807
1956.0,82.79319178015842,109.7283558730891,79.34642797862755,112.58934517186854,96.84793185196976,117.79864855309933,,74.156280783967,0.0009,8.645165978770177e-05,0.00021354834021229823,63.18365917330202,5e-05,0.00018645165978770176,0.0,1.3548340212298235e-05,94.78011594202887,75.52783091787431,66.82844927536225,42.54263768115937,60.98567149758447,41.097884057970965,35.295512077294646,22.812932367149735,22.812932367149735
1958.0,82.79302055226654,109.43364640291823,79.29747557669232,112.60703387134615,96.8382948676268,117.3473069934843,,74.1335263068153,0.0025,0.0,0.0001,63.46676606630901,0.0001468446737675643,0.0002031553262324357,0.0,6.456311584504285e-05,94.71751690821246,75.60566666666658,66.85739613526563,42.548908212560335,61.008086956521666,41.09962318840575,35.316526570048275,22.845739130434758,22.845739130434758
1960.0,82.79298120454916,109.15369623521478,79.24805656941196,112.62718097799986,96.82932470521433,116.86788335380476,,74.11122434312081,0.0030655168108715473,0.00016502461004150226,3.4975389958497754e-05,63.406021673482826,6.748769497924887e-05,6.502461004150225e-05,0.0,3.4975389958497754e-05,94.64325120772936,75.64476328502407,66.88662318840572,42.55663768115937,61.029772946859836,41.10315458937193,35.338497584541024,22.875951690821232,22.875951690821232
1962.0,82.79274242519644,108.87315139618639,79.19931566247853,112.653750285576,96.8211168959424,116.36490663414983,,74.0887364076703,0.0014413786482758621,0.0,0.00014224110344827586,63.50600694444138,7.155177931034483e-05,7.155177931034483e-05,0.0,2.8448220689655176e-05,94.55861352656994,75.66154106280185,66.9188164251207,42.56498067632845,61.04953140096611,41.10674879227049,35.361111111111065,22.900560386473405,22.900560386473405
1964.0,82.7926969286794,108.60016711062119,79.15116893620343,112.67550418237032,96.81249926799438,115.84595264006013,,74.0669351351391,0.0019168673026565377,2.4096366961837525e-05,7.590363303816248e-05,63.29816147943211,3.614455044275628e-05,0.00015180726607632496,0.0,0.0001722891008855126,94.46701449275352,75.6794541062801,66.95412077294678,42.57486956521735,61.070275362318775,41.10994685990334,35.38105314009658,22.917159420289828,22.917159420289828
1966.0,82.79270607711786,108.33455502085987,79.10332956337852,112.69855766973828,96.80434807930196,115.33300264146264,,74.04459068816226,0.0025340101958205713,0.0,0.0001,63.2866712077876,3.2994902089714386e-05,6.700509791028562e-05,0.0,0.0002639592167177151,94.36859903381632,75.67061835748784,66.99015458937191,42.58601449275358,61.097265700483014,41.11111594202894,35.399835748792235,22.93000966183572,22.93000966183572
1968.0,82.79239130343488,108.07704422925706,79.05627692271733,112.73342214458779,96.79560115420904,114.8031212630653,,74.02221328790267,0.0012748769497924889,0.0,0.0001,63.54922949875721,0.00017487694979248871,6.748769497924887e-05,0.0,0.000260098440166009,94.26450241545884,75.63784541062793,67.02500966183567,42.59690338164246,61.13033333333326,41.11044927536227,35.42079710144923,22.943516908212533,22.943516908212533
1970.0,82.79218479195819,107.82471165894411,79.01004690186126,112.75789595865238,96.78725317777645,114.28240226234912,,73.99991543038956,0.0025,0.0,0.0,63.39456636433117,3.3091761749407e-05,0.00015144942950355802,0.0,0.0001,94.15197584541052,75.60199516908204,67.05541062801925,42.6078019323671,61.16935748792264,41.10691787439608,35.44249758454102,22.951439613526546,22.951439613526546
1972.0,82.79210258479513,107.57954188676428,78.96450263744342,112.77569230940117,96.77890100386891,113.81067514836228,,73.9781025718865,0.0016564354177042897,0.00013514852426232127,0.0,63.636883186893826,0.0,0.0004297029514753575,0.0,3.5148524262321255e-05,94.03156038647333,75.54293236714966,67.08031884057964,42.62197584541058,61.212439613526506,41.101270531400914,35.46171980676325,22.951937198067608,22.951937198067608
1974.0,82.79008014756006,107.337330551145,78.91886654684039,112.81142880228326,96.77093441528406,113.35239829302725,,73.95523217731797,0.0017,0.00016133329389035915,0.0003773334122192817,63.51901078113018,0.00010400002958223062,3.4666676527410214e-05,0.0,3.066664694517958e-05,93.90886473429941,75.47313526570039,67.10275845410621,42.63664251207725,61.255855072463696,41.095429951690775,35.47885024154586,22.946251207729446,22.946251207729446
1976.0,82.79038192452752,107.09985120758975,78.87378781626462,112.83710688527388,96.76286267020635,112.91512688418851,,73.93383136251144,0.0030305414209130495,0.0,0.00019507383012450674,63.61867649088426,3.2512305020751126e-05,0.00024753691506225337,0.0,0.0,93.79013656633218,75.45817112597544,67.13641694537347,42.647687848383484,61.29966555183946,41.09151783723522,35.496141583054616,22.94070791527313,22.94070791527313
1978.0,82.79082104837609,106.86844903577426,78.82915317776919,112.86294722584535,96.75492611075992,112.48736906790633,,73.91263639137627,0.0026356435869424708,3.564358694247094e-05,0.0001,63.65164852673174,0.00011782179347123546,0.00017128717388494187,0.0,6.435641305752906e-05,93.6668366778149,75.44297101449271,67.17104626532888,42.65867001114825,61.34598160535116,41.08689687848383,35.512746376811585,22.931539576365658,22.931539576365658
1980.0,82.79139751910583,106.64312403569865,78.78496263135413,112.88894982399772,96.74712473694484,112.06912484418083,,73.89164726391249,0.002273076923076923,6.538461538461539e-05,0.00016730769230769232,63.26420769230769,1.6346153846153847e-05,3.365384615384615e-05,0.0,6.73076923076923e-05,93.53896506874764,75.42753493125228,67.2066464139725,42.66958900037159,61.394803232998875,41.08156707543663,35.528664622816784,22.918746191007056,22.918746191007056
1982.0,82.79211133671672,106.42387620736292,78.74121617701947,112.915114679731,96.7394585487611,111.660394213012,,73.87086398012012,0.0016288659984270506,0.000142268003145899,0.000142268003145899,63.534052637065656,0.000142268003145899,0.0005,0.0,0.0006690720125835959,93.40652173913038,75.41186287625413,67.24321739130434,42.68044481605349,61.44613043478259,41.075528428093634,35.54389632107022,22.90232775919732,22.90232775919732
1984.0,82.79296250120879,106.21070555076707,78.6979138147652,112.9414417930452,96.73192754620871,111.26117717439983,,73.85028653999916,0.001862105558160466,3.315790608309485e-05,0.00016631581216618968,63.58765159716945,0.00015026314087535772,0.00033421046958452576,0.0,6.684209391690516e-05,93.26950668896316,75.39595484949828,67.28075919732441,42.69123745819395,61.49996321070232,41.068780936454836,35.55844147157189,22.88228428093645,22.88228428093645
1986.0,82.79395101258203,106.0036120659111,78.65505554459132,112.9679311639403,96.72453172928765,110.87147372834433,,73.82991494354961,0.0022073894532944585,0.0,0.0001,63.354480380040556,4.876842445092362e-05,0.0003,0.0,0.0007374385851635879,93.12791991824595,75.37981085098471,67.3192718320327,42.701966926792984,61.55630156075806,41.06132460052023,35.572300074321795,22.858615756224445,22.858615756224445
1988.0,82.79507687083643,105.802595752795,78.61264136649783,112.99458279241632,96.71727109799792,110.4912838748455,,73.80974919077147,0.002428780528009531,7.12194719904693e-05,6.439026400476535e-05,63.44722192247318,5e-05,0.00022878052800953067,0.0,6.439026400476535e-05,92.98176142697875,75.36343088071344,67.3587552954292,42.71263322185058,61.6151454849498,41.05315942028983,35.58547212931993,22.831322185061307,22.831322185061307
1990.0,82.796340075972,105.60765661141878,78.57067128048473,113.02139667847325,96.71014565233955,110.12060761390333,,73.78978928166474,0.0022319801281559808,3.350248398050241e-05,0.0,63.37325499661482,3.32487580097488e-05,0.0003664975160194976,0.0,3.350248398050241e-05,92.83103121516159,75.34681493868445,67.39920958751392,42.72323634336674,61.67649498327755,41.04428539576363,35.597957636566306,22.800403567447038,22.800403567447038
1992.0,82.79774062798873,105.41879464178244,78.52914528655202,113.0483728221111,96.70315539231251,109.75944494551783,,73.7700352162294,0.001838234980392157,0.0,0.00023529399215686277,63.49661467294118,8.308825098039216e-05,0.000530147262745098,0.0,0.0,92.67572928279442,75.32996302489775,67.44063470828686,42.73377629134147,61.74035005574132,41.03470252694162,35.60975659606092,22.76585990338163,22.76585990338163
1994.0,82.79927852688662,105.23600984388597,78.4880633846997,113.07551122332985,96.69630031791682,109.407795869689,,73.75048699446549,0.0008100501193808662,0.0001708542164086942,0.0,63.66835780568191,5e-05,0.0002037687947678248,0.0,0.0,92.51585562987728,75.31287513935334,67.48303065774803,42.74425306577476,61.806710702341086,41.02441081382382,35.62086900780376,22.727691192865095,22.727691192865095
1996.0,82.8009537726657,105.05930221772938,78.44742557492778,113.10281188212953,96.68958042915247,109.06566038641684,,73.73114461637299,0.0023288703654907807,0.0001397489701090624,0.0001,63.64216112314346,8.01255149454688e-05,9.037654483640641e-05,0.0,3.01255149454688e-05,92.35141025641016,75.29555128205122,67.52639743589742,42.754666666666616,61.87557692307686,41.01341025641021,35.63129487179484,22.685897435897424,22.685897435897424
1998.0,82.80276636532594,104.88867176331267,78.40723185723624,113.13027479851011,96.68299572601946,108.73303849570135,,73.7120080819519,0.0,0.0,0.0,0.0,0.0,0.0,0.0,0.0,92.18239316239307,75.27799145299139,67.57073504273502,42.76501709401704,61.94694871794865,41.00170085470081,35.641034188034155,22.64047863247862,22.64047863247862
